Num_Acc;an;mois;jour;hrmn;lum;agg;int;atm;col;com;adr;gps;lat;long;dep
2,016E+11;16;11;8;1155;1;1;3;2;7;649;RD 1314;M;4967970;150475;760
2,016E+11;16;11;24;1745;3;1;1;1;6;535;route de rouvray;M;4959846;151421;760
2,016E+11;16;6;26;1000;1;2;1;1;3;25;;M;4954077;151571;760
2,016E+11;16;9;4;2200;3;1;1;2;6;263;;M;4943517;154123;760
2,016E+11;16;9;23;1400;1;2;1;1;3;312;54, COTE SAINT AUBIN;M;4948526;170272;760
2,016E+11;16;1;23;1545;1;1;2;8;3;55;;M;4963615;73549;760
2,016E+11;16;4;3;1745;1;1;2;1;2;758;;M;4961307;78127;760
2,016E+11;16;7;17;1030;1;1;1;1;3;55;;M;4964416;73368;760
2,016E+11;16;8;22;1530;1;2;3;1;3;758;31, R DES VICTOIRES;M;4961801;75264;760
2,016E+11;16;10;16;1515;1;1;1;2;1;718;RD 6015;M;4961517;68899;760
2,016E+11;16;10;28;1450;1;1;1;1;5;758;BD COMMANDANT SERGE BICH;M;4960517;76204;760
2,016E+11;16;7;9;2300;5;2;1;1;3;495;46, RTE DE SAINTE AUSTRE;M;4958850;96663;760
2,016E+11;16;7;16;315;3;1;1;1;6;385;;M;4961963;90284;760
2,016E+11;16;1;3;1100;1;1;1;2;6;566;;M;4959466;97530;760
2,016E+11;16;1;31;1800;3;1;1;2;1;495;;M;4957951;95404;760
2,016E+11;16;1;31;1115;1;2;1;2;1;495;R DES ACACIAC;M;4956403;95337;760
2,016E+11;16;3;5;1630;1;1;1;1;3;203;;M;4960265;85573;760
2,016E+11;16;7;10;1300;1;1;1;1;4;135;;M;4958021;89265;760
2,016E+11;16;8;27;1715;1;1;1;1;2;135;;M;4956886;91393;760
2,016E+11;16;10;2;1815;1;1;1;1;6;234;;M;4962776;96847;760
2,016E+11;16;12;1;735;2;1;3;1;5;433;;M;4958687;88164;760
2,016E+11;16;12;8;1710;2;1;1;1;6;444;;M;4958689;80073;760
2,016E+11;16;12;12;815;2;2;1;1;3;57;R AUGUSTE BADIN;M;4953751;94127;760
2,016E+11;16;1;16;1500;1;1;1;1;6;642;;M;4982368;88018;760
2,016E+11;16;5;23;1730;1;2;1;1;1;189;;M;4980514;70871;760
2,016E+11;16;1;31;845;1;1;1;2;6;663;;M;4977924;53182;760
2,016E+11;16;2;12;730;3;1;1;2;6;719;;M;4973208;51465;760
2,016E+11;16;3;23;1700;1;1;2;1;3;685;;M;4975725;51625;760
2,016E+11;16;5;21;1345;1;1;2;1;3;706;;M;4969960;40732;760
2,016E+11;16;9;24;1115;1;1;1;1;7;195;;M;4978091;56512;760
2,016E+11;16;9;20;645;3;1;1;1;1;91;;M;4971466;60423;760
2,016E+11;16;5;2;745;1;2;1;1;2;684;RD 67;M;4908885;128885;270
2,016E+11;16;11;18;1345;1;1;1;1;6;634;;M;4890115;117226;270
2,016E+11;16;1;13;730;3;2;2;2;7;165;RD 830;M;4895261;95125;270
2,016E+11;16;1;13;1745;3;2;1;1;1;20;;M;4899949;110799;270
2,016E+11;16;4;1;1500;1;2;1;1;1;20;41 B rue du Moussel;M;4899446;107753;270
2,016E+11;16;6;11;1830;1;2;2;1;2;165;rue des fontenelles;M;4897287;95262;270
2,016E+11;16;6;13;1745;1;1;1;1;1;165;;M;4895986;92666;270
2,016E+11;16;7;15;2100;1;1;1;1;6;165;;M;4896412;90699;270
2,016E+11;16;8;22;1245;1;2;1;1;2;602;Rue du General De Gaulle;M;4900917;109400;270
2,016E+11;16;9;1;815;1;1;1;1;7;161;;M;4905580;102447;270
2,016E+11;16;9;10;1300;1;1;1;1;1;20;;M;4898797;105816;270
2,016E+11;16;12;5;1230;2;1;1;8;3;618;;M;4896476;85820;270
2,016E+11;16;3;12;1615;1;1;1;1;3;17;;M;4899283;115602;270
2,016E+11;16;3;13;1815;1;1;1;1;7;306;;M;4897703;115854;270
2,016E+11;16;4;10;515;3;1;1;1;6;183;;M;4890690;137832;270
2,016E+11;16;5;5;2145;5;2;1;1;3;183;Allée des promenades;M;4889922;139307;270
2,016E+11;16;6;26;1530;1;1;1;1;7;421;;M;4891072;130543;270
2,016E+11;16;7;13;1830;1;1;3;1;3;306;route de saint andre;M;4899177;118533;270
2,016E+11;16;7;15;1430;1;1;1;1;3;301;;M;4893516;116505;270
2,016E+11;16;10;4;900;1;1;1;1;3;278;;M;4891801;140420;270
2,016E+11;16;10;8;430;5;2;4;1;6;183;RD163/RD551;M;4889060;140325;270
2,016E+11;16;9;27;830;1;2;1;1;6;183;04 rue d'Ezy;M;4889721;140638;270
2,016E+11;16;10;13;515;3;1;1;1;6;183;;M;4890677;137901;270
2,016E+11;16;12;22;2245;3;1;1;5;6;177;;M;4887239;125690;270
2,016E+11;16;7;18;1745;1;1;2;1;3;166;;M;4882818;98403;270
2,016E+11;16;8;12;715;1;1;2;1;3;2;;M;4877464;110551;270
2,016E+11;16;8;30;1745;1;1;1;1;3;416;;M;4881734;112946;270
2,016E+11;16;9;13;1800;1;1;1;7;1;491;;M;4882990;101848;270
2,016E+11;16;12;2;900;1;1;1;1;6;543;;M;4878313;135294;270
2,016E+11;16;4;24;730;1;1;2;1;3;123;;M;4901195;131348;270
2,016E+11;16;5;30;1615;1;1;3;1;3;4;;M;4900919;141530;270
2,016E+11;16;6;14;1445;1;1;1;2;1;448;;M;4901232;130131;270
2,016E+11;16;6;30;1830;1;1;1;1;1;119;;M;4893578;145556;270
2,016E+11;16;7;13;800;1;1;1;1;1;123;;M;4900050;131082;270
2,016E+11;16;8;9;2130;2;1;2;1;3;410;;M;4901323;127074;270
2,016E+11;16;10;21;1730;1;2;1;2;1;397;rue des hannebaux;M;4903043;136719;270
2,016E+11;16;11;6;1445;1;2;1;1;6;76;9 rue des Moulins;M;4896527;133495;270
2,016E+11;16;12;21;1600;1;2;8;1;3;114;RUE ALFRED DE VIGNY;M;4895992;141752;270
2,016E+11;16;12;23;1800;5;2;2;1;3;448;rue des Coteaux de Pacy;M;4901996;139238;270
2,016E+11;16;6;3;2300;5;1;1;1;3;17;;M;4899284;115600;270
2,016E+11;16;6;20;715;2;1;1;2;6;421;;M;4891072;130543;270
2,016E+11;16;4;9;1515;1;1;3;2;7;96;;M;4887848;67328;270
2,016E+11;16;6;24;915;1;1;3;1;3;573;route de conde;M;4881513;94283;270
2,016E+11;16;7;8;845;1;1;2;1;3;159;;M;4876260;91300;270
2,016E+11;16;8;30;1500;1;1;1;1;7;565;;M;4889912;85153;270
2,016E+11;16;12;2;715;2;1;1;5;7;303;;M;4888609;85037;270
2,016E+11;16;12;17;1615;1;1;1;1;6;565;;M;4889555;85295;270
2,016E+11;16;12;25;1800;5;2;4;2;3;431;;M;0;0;270
2,016E+11;16;1;7;1900;3;1;1;8;3;473;;M;4917522;139104;270
2,016E+11;16;4;24;715;1;1;2;1;3;16;;M;4905326;117735;270
2,016E+11;16;5;28;2245;3;1;2;1;3;58;;M;4922688;134834;270
2,016E+11;16;6;25;1745;1;1;1;1;7;16;;M;4925505;145447;270
2,016E+11;16;7;9;1715;1;1;9;1;6;16;avenue de la republique;M;4924333;140482;270
2,016E+11;16;8;22;2330;3;1;1;1;7;175;;M;4881734;112946;270
2,016E+11;16;8;29;1800;1;2;9;1;6;16;50 avenue de la Républiq;M;4924481;140917;270
2,016E+11;16;9;7;1815;1;2;1;1;3;16;avenue de la republique;M;4924367;140393;270
2,016E+11;16;10;3;1830;1;2;1;1;4;16;RUE GENERAL DE GAULE;M;4924713;142398;270
2,016E+11;16;11;15;745;2;2;1;2;1;16;RD316;M;4924839;142701;270
2,016E+11;16;12;31;1730;5;1;1;1;1;16;;M;4924877;145984;270
2,016E+11;16;1;31;1815;3;1;1;3;3;644;;M;4915227;153238;270
2,016E+11;16;2;26;1630;1;1;1;1;6;540;;M;4908497;159213;270
2,016E+11;16;6;17;1830;1;1;1;1;2;72;;M;4910365;156845;270
2,016E+11;16;6;27;800;1;1;1;1;6;213;;M;4915649;157097;270
2,016E+11;16;2;1;130;5;2;9;1;6;104;;M;4938648;130714;270
2,016E+11;16;2;23;730;2;1;1;1;6;493;430 avenue de la gare;M;4932757;124945;270
2,016E+11;16;3;23;1330;1;1;1;1;6;672;;M;4946055;138678;270
2,016E+11;16;3;30;1615;1;1;1;2;1;454;;M;4943057;137363;270
2,016E+11;16;4;27;1115;1;1;1;3;1;274;;M;4933802;139369;270
2,016E+11;16;5;19;1700;1;1;9;1;6;151;;M;4938127;137167;270
2,016E+11;16;6;26;1745;1;1;1;1;6;246;;M;4935425;135756;270
2,016E+11;16;7;7;1300;1;2;1;1;3;104;26 ROUTE DE PARIS;M;4938659;130665;270
2,016E+11;16;7;6;2100;1;1;1;1;6;151;;M;4938651;137603;270
2,016E+11;16;7;30;30;5;2;1;1;6;104;10 route de Paris;M;4938709;130507;270
2,016E+11;16;8;7;1615;1;1;1;1;2;377;;M;4938263;151867;270
2,016E+11;16;9;9;1645;1;1;1;7;2;493;;M;4933915;126005;270
2,016E+11;16;9;21;1045;1;1;1;1;6;664;route des callouettes;M;4943778;149794;270
2,016E+11;16;9;25;130;3;1;1;1;7;488;;M;4938030;132106;270
2,016E+11;16;10;17;830;2;1;1;2;3;407;;M;4930876;145874;270
2,016E+11;16;11;11;700;5;2;1;1;6;453;Départementale 1;M;4939870;137033;270
2,016E+11;16;11;23;430;3;1;1;2;3;470;;M;4932658;129180;270
2,016E+11;16;12;14;830;1;2;1;1;1;470;81 grande rue;M;4933322;127639;270
2,016E+11;16;12;16;2045;3;1;1;5;1;454;rue du mesnil;M;4943416;136312;270
2,016E+11;16;2;2;115;3;1;1;8;6;426;;M;4928102;174798;270
2,016E+11;16;5;16;2000;1;2;1;1;7;304;;M;4922454;168802;270
2,016E+11;16;8;5;1245;1;2;9;1;3;617;D 316;M;4931374;150850;270
2,016E+11;16;8;27;1515;1;2;1;1;6;204;rue St Aubin;M;4932654;159203;270
2,016E+11;16;10;29;2245;5;2;1;1;6;284;Rue de Dieppe;M;4928446;178259;270
2,016E+11;16;12;8;2350;3;1;1;1;6;567;;M;4927542;158111;270
2,016E+11;16;1;13;1400;1;1;2;1;3;516;;M;4904709;59523;270
2,016E+11;16;11;18;1800;1;2;1;4;7;398;cote de l'eglise;M;4909995;62374;270
2,016E+11;16;11;30;645;3;1;1;1;7;138;;M;4899230;56993;270
2,016E+11;16;2;27;245;3;1;1;1;6;74;;M;4954850;66873;270
2,016E+11;16;3;26;1;5;2;1;1;6;210;2 rue du pont de l'eure;M;4913130;84609;270
2,016E+11;16;12;14;1430;1;1;1;1;6;116;;M;4916358;72530;270
2,016E+11;16;1;14;800;5;2;2;3;1;3;RD 164;M;0;0;270
2,016E+11;16;1;22;1930;3;1;2;1;3;31;;M;4927285;120286;270
2,016E+11;16;2;13;1800;2;1;1;3;7;439;;M;4907588;116640;270
2,016E+11;16;2;14;1715;1;1;2;1;3;342;;M;4912089;108212;270
2,016E+11;16;4;21;745;1;2;1;7;3;375;rue du Clos Maurer;M;4920956;111226;270
2,016E+11;16;6;3;1545;1;2;9;1;6;439;;M;4905964;116686;270
2,016E+11;16;8;13;1100;1;1;1;1;3;598;;M;4921880;121576;270
2,016E+11;16;8;15;1700;1;2;3;1;3;14;Route de Louviers - D61;M;4914929;115391;270
2,016E+11;16;9;8;1700;1;1;1;1;5;624;;M;4919058;109866;270
2,016E+11;16;10;13;1045;1;1;2;1;3;401;;M;0;0;270
2,016E+11;16;11;14;1730;1;1;1;1;6;3;;M;4917306;120007;270
2,016E+11;16;10;3;1400;1;1;1;1;6;230;;M;4886673;138943;270
2,016E+11;16;1;10;145;3;1;2;1;3;249;;M;4918260;125751;270
2,016E+11;16;1;14;1215;1;1;1;8;1;25;;M;4910830;129509;270
2,016E+11;16;4;11;1045;1;1;2;1;3;489;;M;4907176;122184;270
2,016E+11;16;5;3;1715;1;2;3;1;3;25;Rue Yves Montand;M;4908885;128885;270
2,016E+11;16;5;5;2215;3;1;4;1;1;517;;M;4912021;131004;270
2,016E+11;16;6;4;430;2;1;2;1;3;275;;M;4915404;136358;270
2,016E+11;16;7;25;1430;1;1;1;8;7;517;;M;4914119;134934;270
2,016E+11;16;10;8;1130;1;1;9;1;1;517;;M;4912855;131135;270
2,016E+11;16;11;15;2030;3;1;1;1;1;611;;M;4908606;126467;270
2,016E+11;16;12;10;815;1;1;3;1;3;275;;M;4915773;134687;270
2,016E+11;16;1;11;2000;5;1;1;2;3;188;;M;4929974;108060;270
2,016E+11;16;2;26;1845;3;1;1;1;1;365;;M;4929407;120033;270
2,016E+11;16;4;3;1630;1;1;1;1;6;365;;M;4929793;120833;270
2,016E+11;16;5;6;1715;1;1;2;1;1;188;;M;4929904;107860;270
2,016E+11;16;7;27;730;1;1;1;1;7;648;;M;4925158;110357;270
2,016E+11;16;8;16;1830;1;1;4;1;3;412;;M;4923869;111898;270
2,016E+11;16;10;11;1845;1;2;1;1;6;469;avenue DELATTRE Tassigny;M;4930388;115943;270
2,016E+11;16;11;9;145;3;1;1;2;6;322;;M;4924230;104924;270
2,016E+11;16;11;23;1645;2;1;1;8;6;365;;M;4928943;120010;270
2,016E+11;16;12;16;930;2;2;3;1;6;386;boulevard de la Seine;M;4931073;120074;270
2,016E+11;16;1;14;715;3;1;1;3;1;282;;M;4904176;108042;270
2,016E+11;16;1;31;1245;1;1;9;2;6;534;;M;4924222;104904;270
2,016E+11;16;2;7;1500;1;2;2;1;3;700;;M;4921903;103623;270
2,016E+11;16;3;30;1115;1;2;6;1;6;261;D840/D81;M;4921870;94345;270
2,016E+11;16;6;15;1800;1;1;1;8;1;654;rue des maronniers;M;4921363;89244;270
2,016E+11;16;7;5;815;1;1;2;1;6;55;;M;4911269;104166;270
2,016E+11;16;7;16;15;3;1;1;1;5;616;;M;4926665;98280;270
2,016E+11;16;8;8;1900;1;2;1;1;1;579;CD840;M;4923714;95530;270
2,016E+11;16;8;18;2030;1;1;1;1;7;192;;M;4913563;93575;270
2,016E+11;16;9;15;830;1;1;1;1;1;344;;M;4924475;82694;270
2,016E+11;16;11;1;400;3;2;9;5;6;389;route de Louviers;M;4914833;96762;270
2,016E+11;16;11;19;2145;3;1;1;6;6;658;;M;4910896;90956;270
2,016E+11;16;2;1;1145;1;1;1;1;6;260;602 route de l'estuaire;M;4940475;42059;270
2,016E+11;16;2;12;2345;3;1;1;1;6;65;;M;4931695;34582;270
2,016E+11;16;4;15;1000;1;2;1;1;6;467;Rue du Maquis SURCOUF;M;4934763;52289;270
2,016E+11;16;5;10;945;1;1;1;1;1;655;;M;4932910;53037;270
2,016E+11;16;5;25;1645;1;2;2;1;3;467;avenue de l'Europe;M;4935035;53026;270
2,016E+11;16;7;7;1300;1;1;1;1;6;65;;M;4932634;34466;270
2,016E+11;16;7;17;2200;2;2;3;1;6;656;route vallée de la masse;M;4935917;47784;270
2,016E+11;16;7;27;2300;3;1;1;2;7;549;;M;4933471;52713;270
2,016E+11;16;9;17;1600;1;1;1;2;6;174;;M;4933332;60327;270
2,016E+11;16;11;7;800;1;2;1;2;5;656;32 route de la Vallée;M;4935854;47933;270
2,016E+11;16;11;20;1045;1;2;2;1;3;467;66 rue du maquis surcouf;M;4934902;52103;270
2,016E+11;16;11;22;1715;2;2;2;1;6;467;rue du Maquis Surcouf;M;4934751;52148;270
2,016E+11;16;11;26;1130;1;1;1;1;3;655;;M;4933854;51149;270
2,016E+11;16;2;13;1230;1;1;1;3;2;580;;M;4923993;119897;270
2,016E+11;16;6;12;200;3;1;1;2;6;244;;M;4932424;74989;270
2,016E+11;16;7;31;1200;1;2;1;1;1;102;rue Denize;M;4935623;76539;270
2,016E+11;16;9;27;1730;1;2;1;1;6;227;60 route de bourneville;M;4938254;66492;270
2,016E+11;16;10;1;1515;1;2;1;1;6;133;CD 93;M;4937118;91589;270
2,016E+11;16;7;14;2315;3;1;1;1;6;367;rue des hauts vents;M;4924346;49743;270
2,016E+11;16;12;27;1445;1;1;2;1;3;538;;M;4926903;56583;270
2,016E+11;16;1;20;1900;3;1;1;1;6;47;;M;4800140;-174096;350
2,016E+11;16;4;23;1645;1;1;1;8;5;66;;M;0;0;350
2,016E+11;16;6;7;2315;3;1;1;1;6;47;;M;4801262;-174551;350
2,016E+11;16;9;14;1130;1;1;1;1;6;47;;M;4804975;-174841;350
2,016E+11;16;10;6;1910;1;2;1;1;5;47;D44 au niveau du terrain;M;4802714;-173048;350
2,016E+11;16;3;18;930;1;1;3;1;3;177;;M;4821855;-174809;350
2,016E+11;16;4;22;2145;5;2;1;1;1;233;le grand bois;M;4835792;-181851;350
2,016E+11;16;4;30;2000;1;2;3;1;3;79;rue de rennes;M;4820962;-163009;350
2,016E+11;16;5;11;1600;1;2;1;1;7;296;lieu dit la ratulais;M;4826775;-165075;350
2,016E+11;16;8;18;1730;1;2;1;1;3;107;28 avenue de l'illet;M;4825850;-151566;350
2,016E+11;16;9;3;2000;1;2;1;1;3;315;ROUTE DE LA CHESNAIE;M;4821880;-158114;350
2,016E+11;16;9;26;2130;3;1;1;1;7;154;;M;4821610;-139203;350
2,016E+11;16;9;26;1730;1;2;1;1;1;1;rue du fort de la motte;M;4813370;-153266;350
2,016E+11;16;11;1;1400;1;1;1;1;1;154;La Bruyère des Roches, D;M;4822479;-139339;350
2,016E+11;16;2;28;800;1;1;1;1;6;184;;M;4822326;-211254;350
2,016E+11;16;5;29;1900;1;2;1;1;6;26;23 ALLEE CLOS DE LA GRAN;M;4811094;-212558;350
2,016E+11;16;7;12;1145;1;2;7;1;6;297;PLACE DE LA MAIRIE;M;4818926;-219180;350
2,016E+11;16;8;3;1915;1;1;1;1;2;302;;M;4818150;-215752;350
2,016E+11;16;8;14;1730;1;1;1;1;6;143;;M;4822605;-202346;350
2,016E+11;16;8;24;1345;1;2;1;1;3;297;106 rue de merdrignac;M;4818894;-220539;350
2,016E+11;16;9;16;1800;1;1;1;1;2;184;;M;4820617;-203880;350
2,016E+11;16;9;30;745;1;1;2;1;5;27;;M;4816803;-205409;350
2,016E+11;16;2;27;1815;2;1;1;1;1;187;;M;4805160;-197424;350
2,016E+11;16;3;4;1300;1;2;1;1;3;188;bld de la duchesse anne;M;4814547;-196853;350
2,016E+11;16;3;11;1515;1;1;1;7;1;133;;M;4815479;-201547;350
2,016E+11;16;3;16;1645;1;1;1;6;2;223;;M;4799596;-207911;350
2,016E+11;16;4;19;1400;1;2;2;1;1;133;RUE DE MONTAUBAN;M;4813245;-203620;350
2,016E+11;16;5;6;100;3;1;1;1;6;227;;M;4817716;-192325;350
2,016E+11;16;5;31;1800;1;2;6;1;1;188;rue de la Nouaye;M;4814161;-196389;350
2,016E+11;16;7;20;1615;1;1;1;1;1;331;;M;4811248;-193068;350
2,016E+11;16;9;16;745;2;1;1;2;3;227;;M;4817682;-192317;350
2,016E+11;16;1;15;715;3;1;1;9;6;196;;M;4810161;-184009;350
2,016E+11;16;1;19;1745;3;1;1;1;2;240;;M;4809624;-175978;350
2,016E+11;16;3;11;2300;4;1;6;1;7;76;;M;4806034;-177571;350
2,016E+11;16;4;20;1545;1;2;1;1;3;196;RUE DES GENETS;M;4808003;-184118;350
2,016E+11;16;5;4;1515;1;1;2;1;1;37;;M;4805135;-185337;350
2,016E+11;16;8;17;830;1;2;6;7;3;240;Rond-Point du chëne Vert;M;4809248;-178044;350
2,016E+11;16;10;7;1515;1;1;1;1;7;240;Lieudit Le Moulin d'Apig;M;4809512;-176174;350
2,016E+11;16;10;18;745;1;1;1;5;3;76;les grands chapelais;M;4807129;-176551;350
2,016E+11;16;11;23;2230;3;1;1;8;2;76;LE PETIT BAS MEE;M;4808169;-179032;350
2,016E+11;16;12;6;1710;2;2;3;9;7;196;Avenue de Lorient;M;4807095;-185217;350
2,016E+11;16;4;13;1800;1;2;9;3;6;142;18 avenue Victor Hugo;M;4841700;-115209;350
2,016E+11;16;7;18;945;1;1;1;1;1;18;;M;4843754;-110444;350
2,016E+11;16;8;12;1100;1;1;3;7;1;138;La Parcherie;M;4837867;-115010;350
2,016E+11;16;1;18;1245;1;1;1;2;6;355;;M;4834163;-152106;350
2,016E+11;16;5;25;1945;1;1;1;1;2;326;;M;4833158;-153034;350
2,016E+11;16;6;18;1100;1;1;1;1;7;355;;M;4834615;-149409;350
2,016E+11;16;6;27;915;1;1;1;2;5;282;;M;4827779;-135503;350
2,016E+11;16;8;13;1815;1;1;1;7;2;178;La Polka;M;4828696;-143407;350
2,016E+11;16;1;16;115;3;1;1;4;7;83;;M;4845463;-139700;350
2,016E+11;16;4;24;130;3;1;1;1;7;341;;M;4842168;-141252;350
2,016E+11;16;5;28;730;1;2;2;8;6;257;1 rue chateaubriand;M;4841086;-136649;350
2,016E+11;16;6;9;900;1;1;1;1;7;267;;M;0;0;350
2,016E+11;16;7;25;715;1;1;1;8;6;303;;M;4846894;-144364;350
2,016E+11;16;9;9;915;1;1;6;7;3;257;;M;4839884;-137221;350
2,016E+11;16;1;24;2015;3;1;1;1;1;236;;M;4766763;-209100;350
2,016E+11;16;1;23;2230;5;2;1;2;6;236;RUE DU TRIBUNAL;M;4765180;-208139;350
2,016E+11;16;2;8;1600;1;2;6;1;3;236;rue de la barre;M;4765749;-208435;350
2,016E+11;16;4;12;1015;1;2;3;7;3;13;PLACE NOMINOÊ;M;4770480;-207084;350
2,016E+11;16;6;27;1600;1;2;2;1;3;236;9 rue de Cotard;M;4766771;-206348;350
2,016E+11;16;8;13;1515;1;1;2;1;3;13;;M;4770657;-205423;350
2,016E+11;16;9;8;1145;1;1;1;1;1;13;;M;4770939;-208854;350
2,016E+11;16;10;27;1715;1;2;1;1;6;236;rue des douves;M;4765064;-208609;350
2,016E+11;16;11;11;2150;3;1;1;1;6;13;le pissot;M;4768355;-208648;350
2,016E+11;16;12;8;2330;3;1;1;1;6;64;Sert;M;4770241;-192349;350
2,016E+11;16;12;26;2058;3;2;1;1;6;236;route de vannes, zone de;M;4763815;-209372;350
2,016E+11;16;2;27;1115;1;1;2;1;3;231;;M;4789819;-170181;350
2,016E+11;16;4;25;2030;2;2;2;1;3;321;;M;4791557;-158885;350
2,016E+11;16;5;4;1330;1;1;1;1;7;221;;M;4787801;-177752;350
2,016E+11;16;5;11;45;3;1;1;1;6;106;;M;4784356;-158927;350
2,016E+11;16;6;8;115;3;1;1;1;7;33;;M;4792726;-167368;350
2,016E+11;16;6;16;1915;1;1;1;1;1;12;;M;4786812;-165772;350
2,016E+11;16;7;26;1730;1;1;1;1;6;145;La Nouette du Bot;M;4775044;-189803;350
2,016E+11;16;2;3;630;3;1;1;1;7;149;;M;4797721;-183790;350
2,016E+11;16;2;10;1630;1;1;1;1;2;126;;M;4795375;-177967;350
2,016E+11;16;4;8;1730;1;1;1;1;4;126;;M;4794964;-177578;350
2,016E+11;16;4;16;2200;3;1;1;1;5;123;;M;4798891;-182228;350
2,016E+11;16;7;7;1615;1;1;3;1;3;139;La Boulais;M;4795562;-170105;350
2,016E+11;16;11;27;235;5;1;1;1;6;123;le Bois Martin;M;4801631;-182544;350
2,016E+11;16;12;24;1345;1;1;6;1;7;126;La Taupinais;M;4798416;-182976;350
2,016E+11;16;8;6;1645;1;2;1;1;6;129;rue de la résistance;M;4782454;-180021;350
2,016E+11;16;2;1;145;3;1;1;1;1;285;;M;4775699;-194245;350
2,016E+11;16;5;6;1530;1;1;9;1;3;289;;M;4787868;-178018;350
2,016E+11;16;6;6;1445;1;2;1;1;3;175;19 rue de la Perriere;M;4789520;-197404;350
2,016E+11;16;9;8;1945;1;1;1;1;1;168;;M;4792596;-203702;350
2,016E+11;16;5;5;1900;1;1;1;1;1;314;;M;4856011;-195337;350
2,016E+11;16;6;18;1900;1;1;1;1;3;299;;M;4865640;-187100;350
2,016E+11;16;8;3;2000;1;1;1;1;6;179;;M;4854617;-192290;350
2,016E+11;16;8;21;1600;1;1;1;1;3;49;;M;4864461;-188514;350
2,016E+11;16;3;20;1545;1;1;1;1;7;228;;M;4854748;-204015;350
2,016E+11;16;3;29;2045;3;2;6;1;3;228;;M;4859343;-206850;350
2,016E+11;16;4;21;1730;1;1;2;2;3;228;L'Ivenais;M;4860574;-206842;350
2,016E+11;16;5;24;1030;1;1;3;1;3;256;;M;4861203;-212309;350
2,016E+11;16;8;6;545;2;1;1;1;1;228;;M;4860344;-206893;350
2,016E+11;16;9;14;1700;1;2;1;1;1;228;rue Maryse Bastié;M;4857747;-206356;350
2,016E+11;16;9;22;1700;1;1;2;1;3;287;;M;4861885;-210613;350
2,016E+11;16;11;19;1740;3;1;1;2;1;228;D266;M;4860223;-206944;350
2,016E+11;16;11;30;1340;1;1;1;1;1;228;VC148 - Lieu dit l'étanc;M;4860323;-205688;350
2,016E+11;16;1;22;815;2;2;1;3;6;360;Boulevard d'Helmstedt;M;4811122;-120564;350
2,016E+11;16;5;13;1030;1;2;6;2;3;360;rue de Redon;M;4810943;-121601;350
2,016E+11;16;5;19;1830;1;2;1;1;7;15;1 rue de la bergerie;M;4816779;-119417;350
2,016E+11;16;6;26;745;1;1;6;1;7;360;;M;4812417;-123291;350
2,016E+11;16;7;16;2100;1;1;1;1;6;87;;M;4807917;-131445;350
2,016E+11;16;7;25;1800;1;2;1;1;3;360;rue des eaux;M;4812005;-119193;350
2,016E+11;16;9;21;745;2;1;1;8;1;360;;M;4812013;-123262;350
2,016E+11;16;1;30;430;3;1;1;8;6;207;;M;4810856;-152620;350
2,016E+11;16;2;4;745;1;1;1;1;5;204;;M;4804642;-157496;350
2,016E+11;16;4;22;2015;1;1;3;1;1;254;;M;4804579;-145833;350
2,016E+11;16;5;5;945;1;1;1;1;2;207;;M;4810475;-149965;350
2,016E+11;16;5;20;1715;1;1;1;1;1;99;;M;4809139;-155880;350
2,016E+11;16;2;14;545;5;1;6;8;6;167;;M;4784187;-132485;350
2,016E+11;16;3;2;130;3;1;1;2;7;114;;M;4785308;-128756;350
2,016E+11;16;7;16;2345;3;1;1;1;7;239;;M;4789124;-133781;350
2,016E+11;16;2;17;2030;5;2;1;2;3;136;route de Bain;M;4795201;-150829;350
2,016E+11;16;3;12;2345;3;1;1;1;7;28;;M;4797075;-141077;350
2,016E+11;16;3;19;1845;2;1;1;1;1;2;;M;4801793;-150922;350
2,016E+11;16;4;2;230;3;1;3;1;6;108;;M;4795228;-142279;350
2,016E+11;16;5;20;830;1;2;1;1;6;136;impasse de la gare;M;4795505;-149760;350