Num_Acc;an;mois;jour;hrmn;lum;agg;int;atm;col;com;adr;gps;lat;long;dep
2,016E+11;16;8;12;130;3;1;1;1;7;184;;M;4763808;-242364;560
2,016E+11;16;8;27;1745;1;1;1;1;3;28;;M;4766180;-232347;560
2,016E+11;16;8;31;1815;1;2;1;1;1;218;8 place de l'église;M;4772544;-228041;560
2,016E+11;16;9;22;1500;1;1;1;1;7;231;;M;0;0;560
2,016E+11;16;11;30;830;2;1;6;1;4;261;;M;0;0;560
2,016E+11;16;1;10;400;3;1;9;2;6;176;;M;0;0;560
2,016E+11;16;1;12;1830;1;2;1;8;6;7;18 RUE ABBE  LEGALL;M;4767101;-299270;560
2,016E+11;16;2;3;1715;1;2;1;1;6;7;Place du Golhères;M;4766584;-298821;560
2,016E+11;16;2;29;1615;1;2;1;1;2;46;lieu dit Bodizac;M;4763841;-298876;560
2,016E+11;16;3;22;2045;3;2;1;1;7;7;D765;M;0;0;560
2,016E+11;16;3;18;1745;1;2;1;1;6;262;47 RUE PASTEUR;M;4763930;-294775;560
2,016E+11;16;5;15;1930;1;1;1;1;3;167;;M;4764572;-292324;560
2,016E+11;16;5;28;1930;1;1;1;1;1;23;;M;4767969;-303239;560
2,016E+11;16;5;26;1745;1;1;1;1;2;23;;M;4769199;-303016;560
2,016E+11;16;6;7;2000;1;1;6;1;7;23;;M;4768318;-301803;560
2,016E+11;16;8;21;1600;1;2;1;1;5;7;place de keriolet;M;4766828;-298203;560
2,016E+11;16;10;4;1700;1;2;1;1;1;176;Rue de la Gare;M;4767593;-295818;560
2,016E+11;16;10;14;745;2;2;6;1;2;7;;M;4767074;-298134;560
2,016E+11;16;12;2;800;2;1;1;9;7;263;;M;4770985;-297155;560
2,016E+11;16;12;10;1430;1;1;1;8;1;176;;M;4768274;-293612;560
2,016E+11;16;1;23;915;1;1;1;8;1;241;;M;4736301;-322768;560
2,016E+11;16;5;29;730;2;1;1;1;6;241;;M;4735561;-322614;560
2,016E+11;16;7;5;1830;1;2;1;1;6;152;rue de la citadelle;M;4734746;-315718;560
2,016E+11;16;7;29;1815;1;2;1;1;3;152;quai de la saline;M;4734538;-316472;560
2,016E+11;16;9;6;2045;2;1;1;1;6;152;;M;4733176;-318716;560
2,016E+11;16;4;1;1600;1;1;2;1;2;69;Kerbus;M;4763561;-346911;560
2,016E+11;16;10;17;1615;1;1;1;8;7;69;;M;4762622;-344641;560
2,016E+11;16;3;20;1830;1;1;1;1;1;67;;M;4774365;-287420;560
2,016E+11;16;9;24;715;5;1;1;1;6;36;;M;0;0;560
2,016E+11;16;3;23;1730;1;2;6;7;3;118;Rond-point de Pen Borh;M;0;0;560
2,016E+11;16;6;17;1930;1;2;1;1;3;13;5 rue des 4 chemins;M;0;0;560
2,016E+11;16;6;26;215;3;1;1;1;7;13;;M;0;0;560
2,016E+11;16;8;15;1100;1;1;1;7;6;54;;M;4763070;-311672;560
2,016E+11;16;11;26;1815;5;1;1;1;3;193;;M;4771750;-329101;560
2,016E+11;16;1;9;1300;1;1;1;3;7;122;;M;0;0;560
2,016E+11;16;1;22;1615;1;2;1;1;6;165;de lattre de Tassigny;M;4792677;-240035;560
2,016E+11;16;2;8;1745;1;2;1;8;7;165;PLACE TSERETELLI;M;4793450;-240722;560
2,016E+11;16;2;19;1945;3;1;1;1;1;127;;M;4811827;-228990;560
2,016E+11;16;4;20;1515;1;1;1;1;1;139;;M;0;0;560
2,016E+11;16;5;28;1515;1;1;1;1;7;129;La Ville Cade;M;0;0;560
2,016E+11;16;6;30;930;1;1;9;1;6;165;;M;4791960;-236289;560
2,016E+11;16;7;13;1930;1;1;1;1;6;249;;M;4793560;-242222;560
2,016E+11;16;7;29;1100;1;2;9;1;6;165;rue josselin de rohan;M;4793004;-239865;560
2,016E+11;16;8;19;2200;3;1;1;1;6;257;;M;0;0;560
2,016E+11;16;9;20;1530;1;1;1;1;1;80;;M;4804794;-239490;560
2,016E+11;16;10;4;1300;1;1;1;1;7;165;;M;0;0;560
2,016E+11;16;10;22;1130;1;1;1;1;6;249;;M;4793765;-245366;560
2,016E+11;16;11;26;130;3;1;1;1;6;249;;M;4796494;-245909;560
2,016E+11;16;1;1;1845;3;1;1;2;7;75;;M;0;0;560
2,016E+11;16;1;16;1100;1;1;1;1;7;6;;M;0;0;560
2,016E+11;16;1;26;615;3;1;1;2;6;136;;M;4787055;-221456;560
2,016E+11;16;2;16;1330;1;1;1;1;7;136;;M;0;0;560
2,016E+11;16;6;2;1645;1;1;1;1;3;20;;M;4777987;-246044;560
2,016E+11;16;7;28;1000;1;1;1;1;6;226;;M;0;0;560
2,016E+11;16;8;26;1615;1;1;1;1;1;180;;M;0;0;560
2,016E+11;16;9;18;1045;1;1;1;1;6;191;;M;4785455;-224501;560
2,016E+11;16;10;13;1330;1;2;3;1;3;75;Place de la libération;M;4790426;-211839;560
2,016E+11;16;11;17;830;3;1;2;1;3;12;;M;4796931;-218146;560
2,016E+11;16;11;19;1415;1;1;1;1;6;20;;M;4778457;-245628;560
2,016E+11;16;12;16;1100;1;1;3;7;3;44;;M;4774204;-211575;560
2,016E+11;16;5;4;1700;1;1;6;1;1;222;;M;4784682;-272203;560
2,016E+11;16;5;15;1100;1;2;1;1;6;222;RUE DES GENETS;M;4784414;-272453;560
2,016E+11;16;6;6;1700;1;1;2;3;3;172;;M;0;0;560
2,016E+11;16;6;25;1115;1;1;1;1;1;236;;M;4789470;-250441;560
2,016E+11;16;6;28;1445;1;1;1;1;6;47;;M;0;0;560
2,016E+11;16;7;12;1845;1;2;1;1;3;91;;M;0;0;560
2,016E+11;16;7;24;1;3;1;1;1;2;102;;M;4798802;-259013;560
2,016E+11;16;8;7;1630;1;2;1;1;6;91;79 rue glatinier;M;4795270;-255335;560
2,016E+11;16;9;4;1445;2;1;1;1;6;172;;M;4781541;-265180;560
2,016E+11;16;11;6;1530;1;1;1;3;7;59;;M;4803855;-264536;560
2,016E+11;16;11;4;1945;3;1;1;2;7;82;;M;4797530;-246405;560
2,016E+11;16;4;2;930;1;1;1;1;3;113;;M;0;0;560
2,016E+11;16;4;9;1030;1;1;2;1;3;237;;M;4802303;-293189;560
2,016E+11;16;6;19;1545;1;1;1;1;6;163;;M;4807660;-333164;560
2,016E+11;16;6;29;15;4;1;1;1;6;237;;M;4802701;-292027;560
2,016E+11;16;8;25;1600;1;1;1;1;2;151;;M;0;0;560
2,016E+11;16;8;26;1845;1;1;1;1;5;110;;M;0;0;560
2,016E+11;16;9;3;1630;1;1;1;1;2;237;;M;0;0;560
2,016E+11;16;11;5;1745;1;2;1;1;3;41;Rue Théodore Huet;M;4812236;-306614;560
2,016E+11;16;11;22;1815;3;1;1;1;6;125;;M;4807241;-302350;560
2,016E+11;16;11;24;2200;3;1;1;2;6;264;;M;4800831;-331769;560
2,016E+11;16;1;16;1000;1;1;1;1;1;141;;M;0;0;560
2,016E+11;16;3;19;1700;1;1;1;1;6;144;;M;4800079;-286740;560
2,016E+11;16;5;4;1315;1;1;1;1;7;74;;M;0;0;560
2,016E+11;16;6;25;1530;1;1;1;1;6;140;;M;0;0;560
2,016E+11;16;7;16;1000;1;1;1;1;3;174;;M;0;0;560
2,016E+11;16;8;21;45;3;1;1;1;6;192;;M;4793726;-288755;560
2,016E+11;16;10;4;1045;1;1;1;1;1;10;;M;4787745;-303041;560
2,016E+11;16;10;20;2145;3;1;1;1;6;10;;M;4806373;-294302;560
2,016E+11;16;11;8;1015;1;1;1;1;3;142;;M;4789616;-289701;560
2,016E+11;16;12;5;815;2;1;1;1;3;141;;M;4786490;-285135;560
2,016E+11;16;12;9;1900;3;1;1;5;7;140;;M;4795737;-278025;560
2,016E+11;16;1;16;2250;3;1;1;1;1;201;;M;0;0;560
2,016E+11;16;5;14;2015;1;2;1;1;5;201;rue de l'école;M;4809034;-356177;560
2,016E+11;16;9;26;1530;1;2;1;1;1;66;73 rue de pont ar len;M;4813317;-359533;560
2,016E+11;16;1;5;800;3;1;1;1;2;76;;M;4922570;-29993;140
2,016E+11;16;10;19;2000;3;1;1;1;5;310;;;;;140
2,016E+11;16;11;17;2215;3;1;1;1;5;160;;;;;140
2,016E+11;16;11;18;1400;1;1;1;4;5;145;;M;4904710;-28248;140
2,016E+11;16;12;19;1015;1;1;1;1;6;310;;M;0;0;140
2,016E+11;16;3;12;1215;1;1;1;1;6;76;;M;4923220;-29104;140
2,016E+11;16;1;8;2130;4;2;1;3;3;365;RD514;M;4931320;-34028;140
2,016E+11;16;1;13;1200;1;2;1;1;6;384;;M;4930760;-35902;140
2,016E+11;16;1;17;400;3;2;1;1;6;66;CD514;M;4933170;-43106;140
2,016E+11;16;7;28;1735;1;2;3;1;1;384;RUE DE L'EGLISE;M;4930970;-35658;140
2,016E+11;16;9;13;530;3;1;6;1;7;228;;M;4928000;-37800;140
2,016E+11;16;10;2;950;1;2;2;1;3;66;RUE DU GÉNÉRAL DE GAULLE;M;4933190;-40584;140
2,016E+11;16;11;5;1100;1;2;6;1;6;562;AVENUE DU GÉNÉRAL KOENIG;M;4932780;-39646;140
2,016E+11;16;11;13;1245;1;1;1;1;1;758;;;;;140
2,016E+11;16;11;22;730;3;1;1;1;7;170;LES BLANCROTTES;M;4925870;-40686;140
2,016E+11;16;1;4;1930;3;1;1;1;1;254;;M;4914150;-41933;140
2,016E+11;16;1;10;700;2;1;1;1;6;42;LE BON REPOS RD8;M;4911830;-47744;140
2,016E+11;16;2;5;2330;3;2;1;1;6;543;ROUTE DE LA SABLONNIÈRE;M;4919710;-47244;140
2,016E+11;16;4;27;945;1;2;6;7;6;738;164 RUE GÉNÉRAL LECLERC;M;4915230;-46241;140
2,016E+11;16;8;11;1345;1;2;1;1;3;738;;M;4915640;-44770;140
2,016E+11;16;9;12;1030;1;1;3;1;1;592;;M;0;0;140
2,016E+11;16;12;9;530;3;1;1;1;7;257;;M;0;0;140
2,016E+11;16;3;31;1930;2;1;1;1;7;268;;M;4905010;-17040;140
2,016E+11;16;4;8;1415;1;1;1;1;2;546;;M;4900590;-18144;140
2,016E+11;16;4;29;845;1;2;1;3;6;20;RUE ST PATRICE;M;4912410;-16792;140
2,016E+11;16;5;10;1745;1;2;3;1;3;92;RD89/RD225A(LA HOGUE);M;4911680;-27210;140
2,016E+11;16;6;9;1230;1;1;4;1;1;603;;M;4902860;-36749;140
2,016E+11;16;6;24;2145;1;2;1;1;1;149;RUE ANDRÉ LEMAITRE;M;4908840;-11782;140
2,016E+11;16;8;4;1945;1;1;3;1;2;456;;M;4910290;-16355;140
2,016E+11;16;9;13;1645;1;2;1;1;3;20;Rue du Maréchal Joffre;M;0;0;140
2,016E+11;16;10;11;1800;1;1;1;1;3;57;;;;;140
2,016E+11;16;10;30;1530;1;2;1;1;7;456;RUE RAMBRANT BUGATTI;M;4911860;-18776;140
2,016E+11;16;11;6;200;4;2;1;1;6;97;RUE DES TEMPLIERS;M;4902330;-26140;140
2,016E+11;16;12;10;1200;1;1;1;1;7;74;;M;4909600;-21200;140
2,016E+11;16;4;6;1245;1;1;2;2;3;68;;M;4924600;-35419;140
2,016E+11;16;4;16;530;5;1;1;1;2;76;;M;4922870;-29429;140
2,016E+11;16;6;22;1045;1;2;1;1;6;166;;M;4929080;-28139;140
2,016E+11;16;8;19;1400;1;2;3;1;3;325;;M;4928430;-31449;140
2,016E+11;16;9;25;1330;1;1;1;1;6;488;;M;0;0;140
2,016E+11;16;11;15;1715;2;2;1;2;3;68;RUE D'OUTREVAL;M;4923510;-32845;140
2,016E+11;16;2;6;1830;3;1;1;6;6;353;;M;4908370;-55066;140
2,016E+11;16;4;30;1045;1;2;3;1;3;143;RTE DE ST LO;M;4908910;-81716;140
2,016E+11;16;6;5;1545;1;1;1;1;1;734;;M;4915020;-61996;140
2,016E+11;16;6;30;1745;1;1;1;1;1;143;;;;;140
2,016E+11;16;7;5;800;1;1;1;2;1;353;LE PONT DE LANDES (LIEUD;M;4907680;-55732;140
2,016E+11;16;7;19;1630;1;1;1;1;1;373;LE DOUET BANNEVILLE;M;4909780;-56786;140
2,016E+11;16;8;23;1545;1;2;1;1;1;232;D82;M;4922370;-61361;140
2,016E+11;16;8;28;2030;1;2;1;1;6;336;ROUTE DE CAUMONT;M;4915220;-65173;140
2,016E+11;16;9;8;1730;1;1;1;1;3;702;;M;4911200;-59300;140
2,016E+11;16;10;8;1645;1;1;1;1;7;120;LIEU-DIT MONDANT;M;4907750;-78694;140
2,016E+11;16;1;1;920;1;1;1;1;6;712;;M;4919040;-19650;140
2,016E+11;16;1;5;1945;3;1;1;1;6;9;;M;4925580;-24039;140
2,016E+11;16;2;6;2130;3;1;1;2;1;712;;M;4918870;-17832;140
2,016E+11;16;5;25;2200;3;2;1;1;7;530;RUE MOTTEN;M;4923590;-25677;140
2,016E+11;16;7;16;1815;1;1;2;1;3;530;;M;4923620;-23810;140
2,016E+11;16;10;20;1942;3;2;1;1;7;666;;M;4918290;-22347;140
2,016E+11;16;10;29;1045;1;1;1;1;3;9;10 RUE DE CABOURG;M;4924750;-24799;140
2,016E+11;16;12;17;1930;3;1;1;5;1;9;;M;0;0;140
2,016E+11;16;1;7;1030;1;1;1;6;1;732;;M;4930890;-70075;140
2,016E+11;16;5;3;1730;1;2;1;7;6;47;RUE DE LA CROIX TOY;;;;140
2,016E+11;16;4;28;2140;5;2;6;1;2;47;;M;4927300;-68924;140
2,016E+11;16;6;9;2015;1;1;1;1;1;346;;M;4919110;-68942;140
2,016E+11;16;6;27;1445;1;2;1;1;2;47;RUE DU DR MICHEL;;;;140
2,016E+11;16;7;4;1830;1;1;1;1;6;728;;M;4928420;-72724;140
2,016E+11;16;9;4;1545;1;1;1;1;2;529;;M;4926900;-75800;140
2,016E+11;16;12;31;645;3;1;1;9;7;480;;M;4933600;-107200;140
2,016E+11;16;1;10;1;3;1;1;2;6;614;;M;4923060;-96996;140
2,016E+11;16;1;21;800;2;1;2;1;3;700;;M;4930210;-80051;140
2,016E+11;16;1;13;1400;1;2;1;1;6;370;RUE DE BAYEUX;M;4924290;-87187;140
2,016E+11;16;3;18;1845;2;2;9;1;7;370;;M;4922680;-87633;140
2,016E+11;16;4;16;1930;1;1;1;7;6;622;;M;4923000;-95793;140
2,016E+11;16;5;24;900;1;2;1;1;3;50;LE BOURG;M;4916240;-86814;140
2,016E+11;16;5;24;2145;1;1;2;1;3;272;LE NID À OIES (CARREFOUR;M;4926910;-96981;140
2,016E+11;16;6;9;1700;1;2;1;1;3;369;L'ÉGLISE;;;;140
2,016E+11;16;8;4;1215;1;2;7;1;6;370;PLACE DES PETITS COCHONS;;;;140
2,016E+11;16;8;12;1630;1;2;2;1;6;312;RUE HAUTE VOIE;M;4938640;-104801;140
2,016E+11;16;8;25;1000;1;1;1;1;6;342;;;;;140
2,016E+11;16;9;1;945;1;1;2;1;3;714;;M;4923000;-81600;140
2,016E+11;16;10;1;2045;3;1;1;2;5;643;LE MONT TIRLY;M;4921720;-75832;140
2,016E+11;16;10;19;1630;1;2;1;1;6;342;RUE DE LITTRY;M;4931540;-110107;140
2,016E+11;16;11;4;730;5;2;1;1;6;370;RD 15;M;4924260;-87309;140
2,016E+11;16;12;6;1700;1;1;1;1;1;716;;M;4919400;-72100;140
2,016E+11;16;12;9;2045;3;1;1;1;6;312;;M;0;0;140
2,016E+11;16;12;6;930;2;1;1;1;6;705;;M;0;0;140
2,016E+11;16;12;11;1745;3;1;1;5;7;370;;M;4926500;-91500;140
2,016E+11;16;2;3;1415;1;1;1;1;7;720;;M;4895190;-27046;140
2,016E+11;16;9;1;1000;1;1;1;1;3;737;;M;0;0;140
2,016E+11;16;9;21;1515;1;2;1;1;1;258;L ATTACHE;M;0;0;140
2,016E+11;16;9;23;645;2;1;1;5;6;258;;M;0;0;140
2,016E+11;16;11;9;1815;5;2;1;2;6;258;RUE DU CHAMPS ST GEORGES;M;4888990;-19079;140
2,016E+11;16;11;14;2130;5;2;6;2;7;258;ROND POINT DE L'ATTACHE;M;4890680;-20616;140
2,016E+11;16;11;17;800;1;1;1;1;3;244;;M;4890160;-17307;140
2,016E+11;16;12;6;1900;5;2;1;1;6;258;Bd fontaine couverte;M;0;0;140
2,016E+11;16;12;31;400;3;1;1;9;6;244;;M;0;0;140
2,016E+11;16;8;30;1415;1;1;1;1;6;251;;M;4896710;-43446;140
2,016E+11;16;1;13;1145;1;1;1;8;7;713;;M;4905580;-48870;140
2,016E+11;16;1;30;1730;2;2;1;2;1;656;;M;4893980;-50399;140
2,016E+11;16;2;6;200;5;2;1;1;6;764;;M;4887190;-41355;140
2,016E+11;16;11;6;1700;2;1;1;1;3;150;;;;;140
2,016E+11;16;11;7;815;1;1;1;8;6;531;;M;4885810;-35905;140
2,016E+11;16;11;11;845;1;2;1;1;1;207;LA MOISSONNIÈRE;M;4901370;-44509;140
2,016E+11;16;11;6;1;3;1;1;2;7;703;;;;;140
2,016E+11;16;4;4;715;2;1;1;1;1;764;;;;;140
2,016E+11;16;12;11;1300;1;1;1;8;6;251;;M;0;0;140
2,016E+11;16;6;10;1700;1;1;1;1;7;531;;M;4885820;-35900;140
2,016E+11;16;7;6;1800;1;2;1;1;7;656;RUE DE L'ORNE;;;;140
2,016E+11;16;2;22;1315;1;2;1;1;6;654;RUE DE FALAISE;M;4901680;-3475;140
2,016E+11;16;2;24;1930;3;1;1;1;6;648;LA BOSQUETTERIE;M;4913590;16164;140
2,016E+11;16;3;13;1045;1;1;2;1;1;425;;M;4908460;10847;140
2,016E+11;16;3;12;1700;1;1;1;1;7;337;;M;4912870;10662;140
2,016E+11;16;4;13;1830;1;1;4;7;1;749;LE MESNIL;M;4905640;-13339;140
2,016E+11;16;4;19;1645;1;1;1;1;7;648;;M;4913100;14816;140
2,016E+11;16;6;26;1900;1;1;3;1;3;331;;M;4902670;-2923;140
2,016E+11;16;7;22;1645;1;1;1;1;1;749;;M;4907250;-13336;140
2,016E+11;16;8;2;1815;1;1;2;1;3;362;;M;4907970;15479;140
2,016E+11;16;8;22;1700;1;2;2;1;3;431;RUE EUGENE LERITEAU;M;4907460;-7262;140
2,016E+11;16;9;8;1730;1;1;1;1;3;431;;M;0;0;140
2,016E+11;16;9;10;1600;1;1;1;1;6;422;;M;0;0;140
2,016E+11;16;10;21;1830;2;1;1;2;6;331;LA MARTELLERIE;M;4901930;-485;140
2,016E+11;16;11;15;1815;5;2;1;2;7;431;AVENUE JEAN JAURÈS;M;4907430;-6843;140
2,016E+11;16;10;16;515;3;1;1;6;6;735;;;;;140
2,016E+11;16;12;4;1700;3;1;1;1;6;425;;M;4909900;12100;140
2,016E+11;16;1;31;10;5;2;1;2;6;371;66 RUE MARCEL GAMBIER;M;4900490;14723;140
2,016E+11;16;2;9;945;1;1;1;3;6;326;;M;4917790;29736;140
2,016E+11;16;5;29;2015;1;1;1;1;6;460;;M;4920140;31987;140
2,016E+11;16;6;2;1000;1;1;1;8;1;429;;M;4899180;31778;140
2,016E+11;16;6;30;1230;1;1;2;8;3;504;;M;4920780;33928;140
2,016E+11;16;8;28;400;3;1;1;1;6;193;;M;4912060;33525;140
2,016E+11;16;9;4;530;3;1;1;9;7;270;;M;4914900;30400;140
2,016E+11;16;9;10;1700;1;1;1;1;3;460;;M;4919000;30100;140
2,016E+11;16;10;26;1330;1;1;1;1;2;582;;M;4906720;18595;140
2,016E+11;16;12;22;1830;3;1;1;1;2;504;;M;4921000;33300;140
2,016E+11;16;11;9;1300;1;1;2;8;3;431;LE BOIS MAUGER;M;4907970;15479;140
2,016E+11;16;1;13;345;3;1;1;6;6;86;D677;M;4932420;12467;140
2,016E+11;16;4;13;1000;1;1;1;1;1;269;;M;4924800;23500;140
2,016E+11;16;6;25;15;3;1;1;1;6;593;;M;4923750;15879;140
2,016E+11;16;7;17;130;5;2;2;1;3;514;RUE DE VAUCELLES;M;4928320;18049;140
2,016E+11;16;8;7;1915;1;1;1;1;5;578;;;;;140
2,016E+11;16;8;21;1000;1;2;1;1;6;77;ROUTE DU BREVEDENT;;;;140
2,016E+11;16;11;14;715;3;1;1;1;7;185;;M;4930540;18454;140
2,016E+11;16;11;15;1815;3;1;1;2;3;578;;M;4934330;20212;140
2,016E+11;16;4;15;1130;1;1;2;1;3;723;;M;4923510;9681;140
2,016E+11;16;5;16;900;1;1;1;1;5;227;;M;4927420;-1896;140
2,016E+11;16;6;3;1515;1;1;3;1;1;541;;M;4917090;7810;140
2,016E+11;16;8;16;830;1;1;3;7;1;203;;M;4923080;-8695;140
2,016E+11;16;9;26;2115;3;1;1;1;6;541;;M;0;0;140
2,016E+11;16;10;19;2000;3;1;1;2;6;398;;M;4919500;18763;140
2,016E+11;16;10;29;1515;1;1;3;1;3;494;;M;4927170;-10376;140
2,016E+11;16;11;30;1450;1;1;1;7;3;524;;M;4922490;-6608;140
2,016E+11;16;1;17;1120;1;2;3;1;2;584;8 ROUTE DE SOURDEVAL;M;4880130;-89298;140
2,016E+11;16;2;3;1800;2;1;1;1;6;671;;M;4885410;-103824;140
2,016E+11;16;2;14;530;3;2;1;2;6;187;RUE DE LA MAIRIE;M;4887260;-91406;140
2,016E+11;16;3;22;2230;3;1;1;1;1;513;;M;4896120;-104665;140
2,016E+11;16;5;18;1400;1;2;1;3;6;762;4 RUE EMILE DESVAUX;M;4883730;-88530;140
2,016E+11;16;7;10;830;1;2;1;1;2;762;4 RUE EMILE CHENEL;;;;140
2,016E+11;16;8;9;1530;1;1;1;1;1;187;;;;;140
2,016E+11;16;8;20;1000;1;2;1;1;6;762;RUE DU GÉNÉRAL LECLERC;;;;140
2,016E+11;16;9;16;1415;1;1;1;1;3;417;;M;0;0;140
2,016E+11;16;11;10;700;2;1;1;2;1;584;;;;;140
2,016E+11;16;11;9;1445;1;1;1;2;1;417;LA RENAUDIÈRE;M;4885210;-97192;140
2,016E+11;16;12;10;400;4;1;1;1;6;545;;M;;;140
2,016E+11;16;12;14;1315;1;1;3;1;3;417;;M;4600000;-1600;140
2,016E+11;16;12;31;1415;1;1;1;9;6;579;;M;0;0;140
2,016E+11;16;1;11;1045;1;1;1;2;6;508;;M;4896660;-61370;140
2,016E+11;16;3;12;1445;1;1;1;1;7;443;LA PAILLOLE;M;4896810;-70563;140
2,016E+11;16;5;25;1115;1;1;1;1;6;412;LA FÊTERIE (LIEU-DIT);M;4905040;-59458;140
2,016E+11;16;7;15;730;2;2;2;5;3;52;LE BOURG;M;4891390;-82480;140
2,016E+11;16;9;3;1145;1;2;1;1;6;412;le hamelet;M;0;0;140
2,016E+11;16;10;20;1645;1;1;1;2;7;27;LIEU-DIT LE MOULIN;M;4902780;-63329;140
2,016E+11;16;4;11;1545;1;2;1;2;6;174;RUE DE LA PETITE VITESSE;M;4884050;-55573;140
2,016E+11;16;4;30;1430;1;2;1;1;3;174;RUE JULES GERMAIN;M;4884820;-54949;140
2,016E+11;16;5;28;1230;1;1;1;1;7;572;;M;4887300;-48761;140
2,016E+11;16;9;3;1745;1;1;1;1;3;585;;M;0;0;140
2,016E+11;16;9;4;1545;1;1;1;1;6;756;;M;0;0;140
2,016E+11;16;9;23;1315;1;2;1;1;3;174;4 rue vaubaillon;M;0;0;140
2,016E+11;16;11;11;2045;5;2;1;1;3;253;D55;M;4889880;-73772;140
2,016E+11;16;11;18;1130;1;1;1;6;2;442;;;;;140
2,016E+11;16;11;23;1215;1;2;3;1;5;174;RUE SAINT JACQUES;M;4885330;-54572;140
2,016E+11;16;6;1;1845;1;1;1;2;5;538;;M;4912290;-102077;500
2,016E+11;16;1;7;1600;1;2;1;1;7;485;RUE DE LA 101È AIRBORNE;M;4930380;-124903;500
2,016E+11;16;1;28;730;3;1;2;1;3;107;BANVILLE;M;4930800;-118008;500
2,016E+11;16;8;18;1745;1;1;3;7;2;564;;M;4920990;-136117;500
2,016E+11;16;12;28;1145;1;2;1;7;6;99;BOULEVARD DU COTENTIN;M;4930160;-125727;500
2,016E+11;16;1;10;1830;5;1;2;1;3;431;LA BARRE;M;4917440;-125833;500
2,016E+11;16;1;13;1815;3;1;1;1;5;352;VILLAGE POTIER;M;4914190;-123459;500
2,016E+11;16;1;22;1530;1;1;2;2;5;106;LE ROCHER;M;4918400;-114558;500
2,016E+11;16;4;1;745;1;2;1;1;1;409;RUE DE LA LIBERATION;M;4916570;-113160;500
2,016E+11;16;4;7;830;1;1;1;4;3;46;LA CROIX ROUGE;M;4913750;-96591;500
2,016E+11;16;7;5;1345;1;1;3;1;2;239;LE CLOS DES RONCES;M;4910350;-115233;500
2,016E+11;16;10;9;1830;1;1;1;1;1;491;LE MESNIL;M;4919680;-100564;500
2,016E+11;16;10;19;1715;1;1;1;1;1;161;LA VALLEE;M;4923140;-112952;500
2,016E+11;16;11;18;2155;3;1;1;4;7;239;LES TEURSES;M;4911940;-115589;500
2,016E+11;16;12;8;2030;3;1;1;1;6;356;VILLAGE FORS;M;4918030;-109976;500
2,016E+11;16;12;18;1800;3;1;3;5;3;356;LA PROVENCE;M;4920920;-103008;500
2,016E+11;16;3;13;1930;2;1;1;1;7;363;LE BOSQ LAMBERT;M;4900900;-115103;500
2,016E+11;16;6;5;715;1;1;1;1;1;159;LE CALENGE;M;4903870;-123031;500
2,016E+11;16;6;12;1145;1;1;1;8;7;393;LE PASSELAIS;M;4894850;-117125;500
2,016E+11;16;9;15;945;1;1;1;2;7;214;L'ANTILLERE;M;4892710;-111547;500
2,016E+11;16;10;18;1730;1;1;1;1;5;95;FERME SAINT GILLES;M;4908690;-117944;500
2,016E+11;16;1;12;855;1;1;1;2;6;54;AV DE L'UNION;M;4872980;237109;940
2,016E+11;16;8;7;1130;1;1;1;1;6;224;LE COLOMBIER;M;4900100;-90980;500
2,016E+11;16;9;9;1930;1;1;1;1;3;224;LE SAUSSEY;M;4898420;-95460;500
2,016E+11;16;10;19;730;2;1;1;1;7;441;CARREFOUR AUX BOEUFS;M;4909900;-92432;500
2,016E+11;16;2;15;1230;1;1;1;1;6;54;AV DU SUD;M;4872950;237131;940
2,016E+11;16;3;6;1340;1;1;1;1;6;54;AV DE L'OUEST;M;4872880;235951;940
2,016E+11;16;11;3;2000;3;1;1;1;7;261;LE VILLAGE MOUFFET;M;4909710;-92448;500
2,016E+11;16;4;13;820;1;1;1;8;3;54;R MARCEL ALBERT;M;4874420;236503;940
2,016E+11;16;5;8;930;1;1;2;1;3;54;DEVAUX/AMSTERDAM;M;4873910;236966;940
2,016E+11;16;5;24;1430;1;1;1;1;2;54;AV DE PARIS A106;M;4873070;236910;940
2,016E+11;16;6;8;800;1;1;3;1;4;54;R DU FRET/R DE LA SOIE;M;4873460;237177;940
2,016E+11;16;6;9;1415;1;1;1;1;6;54;R D'AMSTERDAM;M;4873910;236756;940
2,016E+11;16;6;22;445;5;1;1;1;2;54;AV DU SUD;M;4872910;236708;940
2,016E+11;16;6;25;900;1;1;1;1;3;54;R DE LA SOIE;M;4873510;237414;940
2,016E+11;16;8;7;800;1;1;1;1;6;54;PARKING STATION AVIA;M;4873230;236574;940
2,016E+11;16;7;16;2130;4;1;6;1;2;54;AV L'UNION/AV L'UNION;M;4873010;236315;940
2,016E+11;16;7;22;1615;1;1;1;1;4;54;AV OUEST;M;4872940;236926;940
2,016E+11;16;9;5;1500;1;1;1;8;6;54;R D'AMSTERDAM;M;4873910;236722;940
2,016E+11;16;9;7;1120;1;1;1;1;2;54;R MADELEINE CHARMAUX;M;4873000;236765;940
2,016E+11;16;9;7;1300;1;1;1;1;2;54;AV DE L'AEROPORT;M;4874090;236289;940
2,016E+11;16;10;19;755;2;1;3;1;3;54;BLERIOT/BASTIE;M;4873950;236051;940
2,016E+11;16;11;9;1830;5;1;1;2;5;54;AV DE L'AEROPORT;M;4873840;236399;940
2,016E+11;16;11;22;1825;4;1;1;1;6;54;R DES TRANSPORTEURS;M;4872920;236007;940