Num_Acc;an;mois;jour;hrmn;lum;agg;int;atm;col;com;adr;gps;lat;long;dep
2,016E+11;16;1;13;1215;1;1;1;1;1;169;Les divettes;M;4722692;-143969;440
2,016E+11;16;6;9;2245;3;1;1;1;1;212;la touche;M;4717550;-123954;440
2,016E+11;16;8;30;1500;1;1;1;1;5;169;la bassetteire;M;4723213;-140049;440
2,016E+11;16;1;15;800;5;2;9;1;3;115;rue de la Vieille Cour;M;4734811;-128767;440
2,016E+11;16;1;22;2045;3;1;2;5;3;77;franchaud;M;4750310;-148213;440
2,016E+11;16;8;26;2145;3;1;1;1;6;77;;M;4748122;-144873;440
2,016E+11;16;2;24;1700;1;1;1;3;5;118;La Royere;M;4748959;-116238;440
2,016E+11;16;1;16;100;5;2;1;9;6;62;Rue du stade;M;4752244;-174799;440
2,016E+11;16;2;16;2030;3;1;1;1;6;128;;M;4753475;-185853;440
2,016E+11;16;3;15;1200;1;1;2;1;3;128;rue des pontreaux;M;4752704;-190095;440
2,016E+11;16;4;28;1730;1;1;1;2;3;128;25 rue de la gaudin;M;4754096;-188951;440
2,016E+11;16;6;1;1145;1;2;2;1;3;111;PLACE de la PAIX;M;4738184;-171003;440
2,016E+11;16;6;29;1600;1;1;2;1;1;7;4 routes de gaumain;M;4761202;-194482;440
2,016E+11;16;8;29;1800;1;1;1;1;6;15;le bouhonnais;M;4744367;-178118;440
2,016E+11;16;9;30;2200;3;1;4;1;3;15;;M;4746170;-177068;440
2,016E+11;16;1;8;2030;3;1;1;1;1;73;Le haut dussais;M;4744915;-160880;440
2,016E+11;16;1;9;1345;1;1;2;1;3;73;le verdinière;M;4741132;-161007;440
2,016E+11;16;3;19;1200;1;1;1;1;1;27;l'hivernière;M;4740991;-155536;440
2,016E+11;16;4;8;2100;2;2;1;1;2;179;rue du pinsoison;M;4735925;-141032;440
2,016E+11;16;6;12;100;3;1;1;8;2;73;les pélis;M;4743010;-166721;440
2,016E+11;16;6;18;1945;1;1;1;1;5;110;la tindière;M;4741703;-152389;440
2,016E+11;16;6;17;830;1;1;1;1;4;27;malaudais;M;4739554;-152564;440
2,016E+11;16;11;8;1925;3;1;1;2;2;73;LA FEUILLETAIS;M;4743563;-167318;440
2,016E+11;16;11;22;1815;5;2;1;1;6;110;ROUTE D'HERIC;M;4743735;-150349;440
2,016E+11;16;12;10;1315;1;1;1;5;3;110;Rd 164 - La Haie Pacoret;M;4743755;-154630;440
2,016E+11;16;12;12;1730;3;1;1;2;6;73;La Bosse des Landes;M;4740124;-164618;440
2,016E+11;16;1;24;1400;1;1;2;1;3;193;lieudit la barre;M;4765472;-149236;440
2,016E+11;16;1;27;2015;3;1;1;2;6;197;la haut noé;M;4773080;-156151;440
2,016E+11;16;7;3;915;1;1;3;2;6;149;Bel Air;M;4749954;-156488;440
2,016E+11;16;1;6;145;3;2;1;2;6;171;RD751 A;M;4714050;-171408;440
2,016E+11;16;2;14;300;3;1;1;8;3;171;;M;4714582;-170002;440
2,016E+11;16;3;24;745;1;1;1;1;6;18;20 rte de la mare potier;M;4715070;-166558;440
2,016E+11;16;5;10;600;2;1;1;1;5;130;rue du pays de retz;M;4712433;-159623;440
2,016E+11;16;6;4;30;4;1;2;1;3;130;rue basse foret;M;4714279;-157209;440
2,016E+11;16;6;7;1245;1;2;1;1;6;130;La bauche tue loup;M;4713876;-155202;440
2,016E+11;16;6;16;1215;1;2;6;1;3;18;rue de Nantes;M;4714374;-168121;440
2,016E+11;16;6;21;715;1;1;1;2;1;120;la cossonnière;M;4719965;-180335;440
2,016E+11;16;8;15;1730;1;1;1;1;7;18;la maison pointard;M;4714694;-164869;440
2,016E+11;16;9;10;1800;1;2;1;1;1;24;rue du prés;M;4716725;-172476;440
2,016E+11;16;9;18;230;5;2;1;1;6;130;Route RD11;M;4712352;-158582;440
2,016E+11;16;5;1;1830;1;2;6;1;1;126;rue de la croix bouteau;M;4713379;-219322;440
2,016E+11;16;6;18;1615;1;2;1;1;1;21;RUE DES JAUNINS;M;4704426;-194036;440
2,016E+11;16;6;22;1200;1;1;2;1;3;164;la maison bertin;M;0;0;440
2,016E+11;16;6;22;1900;1;1;1;8;1;5;;M;4711937;-194472;440
2,016E+11;16;7;14;1215;1;1;1;1;4;12;;M;4708779;-202865;440
2,016E+11;16;8;22;1400;1;1;1;1;5;164;pont béranger;M;4712898;-182109;440
2,016E+11;16;3;13;1645;1;2;1;1;1;192;rue du parc des sports;M;4725808;-201630;440
2,016E+11;16;6;11;730;1;1;1;1;6;38;le pin;M;4716338;-200264;440
2,016E+11;16;6;15;1800;1;1;1;1;1;46;la guivaudrie;M;4725878;-208184;440
2,016E+11;16;7;13;2015;2;2;6;1;2;116;rue des rempart;M;4728721;-204230;440
2,016E+11;16;8;17;1245;1;1;1;1;2;154;;M;4726239;-216003;440
2,016E+11;16;8;21;400;5;2;1;1;6;154;route de la quatretais;M;4722367;-214815;440
2,016E+11;16;9;5;2130;3;1;1;1;3;154;;M;4725199;-214810;440
2,016E+11;16;1;9;930;1;2;6;1;3;87;place du champ de foire;M;4699368;-182551;440
2,016E+11;16;4;17;1730;1;1;1;1;6;145;buzay;M;4720661;-182698;440
2,016E+11;16;5;5;1730;1;1;1;1;6;157;le taillis rondeau;M;4692375;-172082;440
2,016E+11;16;7;11;1100;1;1;1;1;6;145;les grandes rivières;M;4719941;-184483;440
2,016E+11;16;7;11;1145;1;1;1;1;6;186;;M;4709102;-183308;440
2,016E+11;16;7;12;2245;3;1;1;1;6;178;la guilloterie;M;4708100;-175400;440
2,016E+11;16;7;23;1145;1;2;6;1;3;186;Rond point Super U;M;4710330;-180344;440
2,016E+11;16;8;29;1400;1;1;1;1;3;119;la pintière;M;4697042;-178583;440
2,016E+11;16;10;3;1500;1;1;3;1;3;157;la chevalerie;M;4693389;-172701;440
2,016E+11;16;6;30;1430;1;2;1;1;6;47;Bd Martyrs Résistance;M;4721250;-171272;440
2,016E+11;16;7;3;1645;1;1;1;1;3;47;;M;0;0;440
2,016E+11;16;9;26;915;1;1;1;1;1;47;la botardière;M;4724148;-166590;440
2,016E+11;16;11;25;2000;3;1;1;1;1;74;LA VALLÉE D'INDRE;M;4720102;-166614;440
2,016E+11;16;1;6;900;1;2;1;1;1;30;rue du Lavoir;M;4744710;-224600;440
2,016E+11;16;1;13;1600;1;2;1;1;2;211;boulevard de l'europe;M;4735114;-250936;440
2,016E+11;16;1;27;1900;1;1;1;1;1;151;;M;4731418;-232077;440
2,016E+11;16;3;14;900;1;2;1;7;6;69;Bd Général de GAULLE;M;4732984;-243614;440
2,016E+11;16;3;26;2100;3;1;1;2;6;72;;M;4743411;-232742;440
2,016E+11;16;3;31;1200;1;2;1;1;3;30;rue du lavoir;M;4744724;-224256;440
2,016E+11;16;4;8;1845;1;2;6;1;3;72;Boulevard de Brière;M;4744886;-231335;440
2,016E+11;16;4;17;1700;1;2;1;1;6;49;Rue Bretonnie;M;4729400;-251426;440
2,016E+11;16;4;21;1200;1;2;1;1;7;30;91 rue de la saulzaie;M;4745507;-223164;440
2,016E+11;16;4;19;1930;1;1;1;1;6;69;route des marais;M;4733107;-247826;440
2,016E+11;16;5;28;1100;1;1;1;1;1;211;route des meslons;M;4738230;-248277;440
2,016E+11;16;5;30;1830;1;2;1;1;6;49;rue des poilus;M;4729079;-250803;440
2,016E+11;16;6;4;615;1;1;1;1;7;151;;M;4732247;-232363;440
2,016E+11;16;6;7;1045;1;2;6;1;3;69;rue des patis;M;4732986;-241302;440
2,016E+11;16;6;26;130;3;1;9;1;6;69;haut bissin;M;4731450;-240705;440
2,016E+11;16;7;13;2030;1;1;1;1;1;69;;M;4736022;-245082;440
2,016E+11;16;7;20;1415;1;1;1;1;1;30;mayun;M;4744622;-226157;440
2,016E+11;16;7;22;1730;1;2;1;1;2;69;route de clis;M;4734000;-246200;440
2,016E+11;16;7;22;1530;1;1;1;1;2;69;route de la baule;M;4730698;-240820;440
2,016E+11;16;7;25;1500;1;1;1;1;3;6;;M;4742877;-239274;440
2,016E+11;16;8;2;1800;1;1;1;1;3;69;faubourg ste anne;M;4733058;-242945;440
2,016E+11;16;8;2;1845;1;1;6;1;1;69;avenue de la brière;M;4733045;-242415;440
2,016E+11;16;8;5;1215;1;1;1;1;5;69;echangeur kerhaut;M;4730774;-238869;440
2,016E+11;16;8;7;1615;1;1;1;1;3;175;le nezyl;M;4737160;-232755;440
2,016E+11;16;8;15;1130;1;2;1;1;1;125;bd du Gal de Gaule;M;4738013;-253820;440
2,016E+11;16;8;24;915;1;2;9;1;6;49;rue du traict;M;4729203;-250921;440
2,016E+11;16;8;16;1200;1;1;1;1;3;10;route de la gauvelle;M;4726734;-245408;440
2,016E+11;16;9;26;1800;1;1;2;1;3;175;les quatres routes;M;4735948;-237459;440
2,016E+11;16;2;21;1915;3;2;1;1;2;210;rue des grimaudières;M;4731116;-221048;440
2,016E+11;16;3;5;1600;1;1;1;1;3;52;la mornais;M;4733300;-202500;440
2,016E+11;16;3;25;1545;1;2;1;1;7;168;rue du Pintré;M;4736661;-218891;440
2,016E+11;16;8;24;230;4;2;1;1;6;103;avenue hubert bouyer;M;4733048;-213974;440
2,016E+11;16;8;25;1700;1;1;1;1;6;103;bd grandes rivières;M;4732008;-211456;440
2,016E+11;16;10;4;1825;1;1;1;1;6;52;lieu dit LA SENCIE;M;4734442;-208026;440
2,016E+11;16;11;5;335;3;1;1;1;6;168;11 jean moulin;M;4736476;-218784;440
2,016E+11;16;3;30;1630;1;1;1;2;7;139;le pont aux meuniers;M;4745295;-194005;440
2,016E+11;16;6;29;1745;1;2;1;7;7;189;CREVY;M;4745020;-219502;440
2,016E+11;16;7;15;900;1;2;6;1;3;129;route de crossac;M;4743404;-209904;440
2,016E+11;16;8;1;1500;1;1;1;1;5;196;le chesneau;M;4755214;-206506;440
2,016E+11;16;8;16;1915;1;2;1;1;6;129;place du marché;M;4744200;-209600;440
2,016E+11;16;3;13;915;1;1;1;1;6;217;la billiais deniau;M;4730073;-175405;440
2,016E+11;16;7;17;1430;1;1;1;1;7;158;la soudenais;M;4729415;-175929;440
2,016E+11;16;6;11;600;2;1;1;1;6;25;;M;4741071;-192007;440
2,016E+11;16;11;25;1850;3;1;1;8;6;195;;M;4736079;-189820;440
2,016E+11;16;6;28;1600;1;2;1;1;1;278;chemin des Noëls;M;4741905;-57884;490
2,016E+11;16;7;13;1115;1;2;1;1;6;214;10 rue espéranto;M;4752925;-60472;490
2,016E+11;16;7;15;1200;1;2;1;1;1;35;RUE DES FRERES GASNIER;M;4741485;-61629;490
2,016E+11;16;8;1;2100;1;1;1;1;6;278;Route du hutreau;M;4743661;-55367;490
2,016E+11;16;6;23;1745;1;1;1;1;6;194;route de St Mathurin;M;4745360;-27693;490
2,016E+11;16;7;1;700;1;1;1;1;1;194;La Pommeraie;M;4746564;-29517;490
2,016E+11;16;7;7;1330;1;1;1;1;7;194;La Motte Fauveau;M;4743247;-29723;490
2,016E+11;16;7;23;2030;1;2;1;1;3;139;Rue David D'Angers,;M;4750283;-24475;490
2,016E+11;16;9;9;1745;1;1;2;1;2;21;;M;4744156;-18773;490
2,016E+11;16;9;21;1530;1;1;1;1;6;194;;M;4745462;-27788;490
2,016E+11;16;10;20;445;3;1;1;1;6;201;;M;4741278;-25487;490
2,016E+11;16;12;20;1645;1;1;1;1;7;138;Les Guinebauld;M;4748568;-20847;490
2,016E+11;16;12;26;1745;3;1;1;1;1;147;Les Planches;M;4745601;-22940;490
2,016E+11;16;3;9;1515;1;2;1;2;3;134;rue Albert Lebrun;M;4729400;-52197;490
2,016E+11;16;3;10;1715;1;1;1;1;6;363;;M;4734751;-47004;490
2,016E+11;16;3;15;1315;1;2;1;1;1;50;rue louis moron;M;4735363;-44807;490
2,016E+11;16;4;1;2230;3;1;1;1;6;222;;M;4733927;-58447;490
2,016E+11;16;5;6;2315;3;1;1;1;6;223;;M;4738920;-52589;490
2,016E+11;16;6;6;945;1;1;1;1;3;86;Millé;M;4725764;-44635;490
2,016E+11;16;7;12;1300;1;1;1;3;6;153;Le Gué Robert;M;4721684;-58239;490
2,016E+11;16;8;1;1945;1;1;6;1;3;50;;M;4734340;-43700;490
2,016E+11;16;8;6;915;3;1;1;2;7;223;;M;4739156;-52575;490
2,016E+11;16;8;28;1915;1;1;1;1;1;50;La riauté;M;4732823;-44098;490
2,016E+11;16;10;7;1000;1;1;1;1;6;167;Le bois planté;M;4738509;-48536;490
2,016E+11;16;10;22;1530;1;1;1;7;2;71;L'esperance;M;4727028;-67099;490
2,016E+11;16;5;27;2345;3;2;1;2;6;196;Rue de la Mairie;M;4751962;-67200;490
2,016E+11;16;6;12;815;1;1;6;1;6;377;;M;4752575;-42739;490
2,016E+11;16;9;18;1030;1;2;1;7;6;19;rue Piere Chanteloup;M;4749935;-31882;490
2,016E+11;16;3;20;1715;1;2;2;1;3;63;rue nationale;M;4735253;-76280;490
2,016E+11;16;4;16;1915;2;1;1;1;2;160;;M;4741600;-90110;490
2,016E+11;16;4;3;1415;1;2;1;1;3;163;21 rue de la mairie;M;4755653;-23150;490
2,016E+11;16;6;14;1745;1;1;2;1;3;127;;M;4763321;-24889;490
2,016E+11;16;8;1;1915;1;2;2;1;1;333;rue Nationale;M;4757922;-35100;490
2,016E+11;16;8;30;1345;1;1;2;1;3;333;Pont Herbault;M;4757065;-34718;490
2,016E+11;16;12;24;1300;1;1;6;1;7;188;;M;4756795;-32740;490
2,016E+11;16;7;19;1930;1;1;1;1;3;151;;M;4720171;-112296;490
2,016E+11;16;1;12;1715;2;1;1;1;1;225;;M;4727073;-76809;490
2,016E+11;16;4;14;1700;1;1;1;1;7;300;;M;4725168;-77829;490
2,016E+11;16;5;28;1300;1;2;1;1;3;92;63 av du G de Gaulle;M;4721427;-72202;490
2,016E+11;16;5;30;1730;1;2;1;1;2;268;rue nationale;M;4728972;-84814;490
2,016E+11;16;6;4;600;2;1;2;1;3;225;;M;4728121;-78227;490
2,016E+11;16;8;6;1615;1;1;1;1;2;111;Le Breil;M;4716942;-65817;490
2,016E+11;16;7;30;1300;1;1;1;1;6;355;;M;4711564;-80298;490
2,016E+11;16;9;14;1715;1;1;1;1;6;92;La Lisardière;M;4724143;-76333;490
2,016E+11;16;10;6;800;1;1;1;1;1;92;La haute Lande;M;4719920;-71945;490
2,016E+11;16;10;12;1600;1;1;1;1;6;355;;M;4713441;-77654;490
2,016E+11;16;10;31;1330;1;2;1;1;6;92;av du Général De Gaulle;M;4720763;-72449;490
2,016E+11;16;11;18;2100;3;1;1;3;7;343;Le bois Girard;M;4699470;-83631;490
2,016E+11;16;11;20;200;3;1;1;6;7;74;Le pineau;M;4718966;-79484;490
2,016E+11;16;1;14;1545;1;1;2;1;3;258;;M;4713145;-108324;490
2,016E+11;16;2;8;1300;1;1;1;6;6;27;;M;4715510;-93307;490
2,016E+11;16;3;6;745;1;1;1;1;1;301;;M;4713370;-96874;490
2,016E+11;16;5;3;1900;1;2;1;1;6;285;31 rue de bretagne;M;4712307;-113132;490
2,016E+11;16;6;8;1815;1;1;3;1;3;193;La Caltière;M;4711128;-86566;490
2,016E+11;16;6;25;1615;1;2;1;1;2;301;LA COURBIERE;M;4711886;-97377;490
2,016E+11;16;7;11;1915;1;2;1;1;1;285;rue Saint Lazare;M;4710378;-112900;490
2,016E+11;16;7;22;100;3;1;1;1;5;332;;M;4706579;-93002;490
2,016E+11;16;7;21;1130;1;1;1;1;6;269;;M;4700720;-93615;490
2,016E+11;16;8;21;1700;1;1;1;1;6;258;Le chemin des pêcheurs;M;4710416;-106719;490
2,016E+11;16;9;4;1115;1;1;1;1;7;193;La Caltière;M;4711481;-87345;490
2,016E+11;16;10;1;945;1;2;1;2;3;299;Rue de la Vendée;M;4709054;-90967;490
2,016E+11;16;10;8;2030;3;1;1;1;7;332;;M;4706769;-95748;490
2,016E+11;16;10;12;815;1;2;1;1;6;301;43 rue de Vendée;M;4712190;-99324;490
2,016E+11;16;10;14;1315;1;1;1;1;7;193;;M;4715030;-91069;490
2,016E+11;16;11;16;1130;1;2;1;1;6;206;Rue louis Monnier;M;4709715;-112569;490
2,016E+11;16;12;3;745;3;1;1;1;6;99;La Petite Châtaigneraie;M;4704335;-93614;490
2,016E+11;16;12;5;2130;3;1;1;2;7;193;Le Petit Millet;M;4714121;-84861;490
2,016E+11;16;12;9;1730;5;1;6;1;6;301;;M;4711390;-99356;490
2,016E+11;16;12;11;1615;1;1;1;2;7;258;;M;4711877;-107697;490
2,016E+11;16;1;23;1915;3;1;1;2;1;83;La Farinière;M;4729559;-97209;490
2,016E+11;16;2;2;745;2;1;1;2;7;276;La Nigaudière;M;4737083;-97434;490
2,016E+11;16;3;6;1615;1;2;1;1;6;276;Place de la févrière;M;4736068;-101608;490
2,016E+11;16;4;25;730;2;2;1;7;3;126;La Nigaudière;M;4734401;-120400;490
2,016E+11;16;5;6;2015;1;2;3;1;3;276;avenue de l'Europe;M;4736067;-100984;490
2,016E+11;16;5;16;130;4;2;1;1;6;172;rue d'anjou;M;4726685;-123811;490
2,016E+11;16;5;21;845;1;2;1;1;2;316;14 rue de bretagne;M;4727293;-108023;490
2,016E+11;16;6;25;145;5;2;1;1;6;177;rue d'anjou;M;4734464;-116285;490
2,016E+11;16;8;28;1815;1;1;1;1;6;69;La Patache;M;4733879;-125576;490
2,016E+11;16;9;3;1430;1;1;1;1;7;83;La Grognière;M;4728086;-100108;490
2,016E+11;16;9;17;1700;1;1;1;1;5;126;Le Mésangeau;M;4731426;-119301;490
2,016E+11;16;10;3;2145;3;1;1;1;1;177;les augers;M;4736580;-112888;490
2,016E+11;16;10;8;1300;1;1;1;1;7;137;La Gaudinière;M;4720254;-104464;490
2,016E+11;16;11;23;1815;5;2;1;1;6;276;RUE DE BRETAGNE;M;4736359;-101477;490
2,016E+11;16;11;26;1145;1;2;1;1;6;69;38 RUE ST LAZARE;M;4733612;-125819;490
2,016E+11;16;11;28;745;2;1;3;1;3;83;;M;4726939;-101344;490
2,016E+11;16;10;27;730;5;2;1;1;7;137;43 rue de l'EVre;M;4722130;-103798;490
2,016E+11;16;12;3;1500;1;1;1;1;7;313;La Bellière;M;4725265;-101833;490
2,016E+11;16;12;5;45;3;1;1;1;7;172;La Savaterie;M;4727767;-121222;490
2,016E+11;16;12;29;1445;1;1;2;1;3;190;La lande pivin;M;4735536;-105265;490
2,016E+11;16;9;13;900;1;1;1;3;7;190;Les Brosses;M;4735493;-104893;490
2,016E+11;16;4;13;1145;1;1;1;1;7;352;VC2;M;4703561;-75131;490
2,016E+11;16;4;20;1245;1;1;2;1;3;192;;M;4701533;-74417;490
2,016E+11;16;4;23;1545;1;1;2;1;1;355;La gare;M;4713520;-81260;490
2,016E+11;16;7;14;500;2;2;1;1;1;192;Route de cholet;M;4701438;-76276;490
2,016E+11;16;8;23;700;1;2;1;1;1;352;rue auguste cheron;M;4705381;-76432;490
2,016E+11;16;11;25;1315;1;1;1;1;6;371;;M;4712270;-68655;490
2,016E+11;16;1;4;115;1;1;1;1;6;368;La bourguillonnière;M;4740373;5725;490
2,016E+11;16;1;30;500;3;1;1;2;6;372;;M;4752156;-12645;490
2,016E+11;16;2;18;1415;1;1;1;1;5;101;La lande barbot;M;4765074;-7259;490
2,016E+11;16;3;17;1830;1;1;1;1;6;368;;M;4739089;4268;490
2,016E+11;16;8;4;1700;1;1;2;1;3;150;;M;4755257;6962;490
2,016E+11;16;9;25;2015;3;1;1;1;7;143;;M;4762701;-13759;490
2,016E+11;16;10;18;30;3;1;1;1;7;228;La promenade;M;4751585;7618;490
2,016E+11;16;11;10;1615;1;1;1;1;2;128;;M;4755032;-15413;490
2,016E+11;16;12;10;1630;1;1;1;1;6;197;La Grande Besnardière;M;4753015;17807;490
2,016E+11;16;1;24;1715;1;1;2;1;3;356;le coq hardi;M;4715012;-47691;490
2,016E+11;16;3;4;745;2;1;1;3;3;211;;M;4715403;-52236;490
2,016E+11;16;3;6;1315;1;2;1;1;3;240;33 RUE DU COMMERCE;M;4706895;-63372;490
2,016E+11;16;3;9;1945;3;1;1;3;6;211;;M;4716837;-51508;490
2,016E+11;16;4;8;1230;1;1;1;8;3;211;Belle arrivée;M;4719829;-51935;490
2,016E+11;16;5;1;2030;1;1;1;7;1;232;;M;4712660;-38160;490
2,016E+11;16;6;18;1100;1;1;2;1;3;182;;M;4722181;-33206;490
2,016E+11;16;10;26;1715;1;1;2;1;3;191;MALIGNE;M;4723251;-40362;490
2,016E+11;16;12;11;1915;3;1;1;2;4;373;;M;4713767;-55219;490
2,016E+11;16;12;16;1800;3;1;1;1;1;141;;M;4721283;-25088;490
2,016E+11;16;1;1;1800;3;1;1;1;6;224;Les Patures;M;4731037;-2749;490
2,016E+11;16;1;9;945;1;1;1;7;3;378;Route de Senneçon;M;4733771;-8865;490
2,016E+11;16;2;20;2345;3;1;1;2;6;30;La sablonnière;M;4736077;-8930;490
2,016E+11;16;4;10;1800;1;1;4;1;3;116;;M;4747174;-6919;490
2,016E+11;16;6;4;1400;1;2;1;1;6;94;40 Rue des Bateliers;M;4730867;-15348;490
2,016E+11;16;7;31;1900;1;1;1;1;1;180;;M;4737229;-14283;490
2,016E+11;16;8;26;315;4;2;1;1;6;279;10 chemin des Ruaux;M;4735296;-27514;490
2,016E+11;16;8;27;2330;3;1;1;1;2;41;La chaussée;M;4728604;5892;490
2,016E+11;16;8;30;2000;1;1;1;1;1;149;Route du Thoureil;M;4734662;-23858;490
2,016E+11;16;9;9;1845;1;1;1;1;6;272;Rue des sables;M;4734268;-19819;490
2,016E+11;16;9;15;1215;1;2;1;2;3;41;04 rue diane de Méridor;M;4730123;6290;490
2,016E+11;16;9;18;1800;1;1;1;1;1;180;Athée;M;4739313;-10356;490
2,016E+11;16;10;9;1700;1;1;1;1;2;311;La Chartrie;M;4738795;-6167;490
2,016E+11;16;10;24;745;3;1;3;5;3;311;;M;4738482;-7697;490
2,016E+11;16;11;29;1945;5;2;1;1;6;180;Rue Michel Couet;M;4738712;-11575;490
2,016E+11;16;12;2;2015;3;1;6;1;6;378;La ronde;M;4730485;-3615;490
2,016E+11;16;12;9;715;3;1;1;5;1;180;La Pioterie;M;4736850;-14607;490
2,016E+11;16;12;24;830;1;1;1;8;1;261;;M;4735365;-23659;490
2,016E+11;16;12;30;1645;1;1;1;1;6;2;Route d'Allonnes;M;4728631;5796;490
2,016E+11;16;4;30;1415;1;1;1;1;7;302;;M;4713069;-29151;490
2,016E+11;16;8;20;1700;1;1;1;1;6;140;;M;4719702;21;490
2,016E+11;16;11;22;1400;1;2;1;2;1;219;22 quai ALexandre Dumas;M;4721446;6683;490
2,016E+11;16;12;10;1615;1;2;1;1;3;215;220 boulevard pasteur;M;4713902;-15522;490
2,016E+11;16;1;29;745;2;2;1;1;3;331;rue gustave eiffel;M;4769764;-86440;490
2,016E+11;16;2;7;600;3;1;1;1;6;8;Les roches;M;4757325;-101965;490
2,016E+11;16;2;13;1400;1;1;1;6;1;61;;M;4760234;-103428;490
2,016E+11;16;2;17;1930;3;1;1;1;1;184;le petit rossignol;M;4769515;-76631;490
2,016E+11;16;4;18;1800;1;2;3;1;3;331;7, bd Léon Mauduit;M;4768913;-87931;490
2,016E+11;16;8;14;1930;1;2;2;1;3;54;Place du marché;M;4756040;-103796;490
2,016E+11;16;10;12;1505;1;2;2;1;3;36;Place de l'église;M;4774202;-96735;490
2,016E+11;16;12;2;1330;1;1;2;1;3;61;;M;4762626;-110304;490
2,016E+11;16;12;18;730;3;1;1;5;3;103;;M;4770881;-100156;490
2,016E+11;16;12;20;1830;5;2;3;1;3;277;Rue du Pont de La Verzée;M;4767594;-88319;490
2,016E+11;16;3;4;1900;5;2;1;8;1;176;rue des près des roches;M;4762255;-71997;490
2,016E+11;16;4;9;1600;1;1;6;8;7;176;;M;4763581;-72336;490
2,016E+11;16;5;21;1200;1;1;1;1;6;5;;M;4766942;-78255;490
2,016E+11;16;6;25;1815;1;1;1;1;7;298;Chemin des fouquetteries;M;4747098;-70629;490
2,016E+11;16;7;12;830;1;2;7;1;3;376;rue du moulin;M;4746299;-89203;490
2,016E+11;16;7;14;1900;1;1;1;1;7;249;;M;4756739;-79700;490
2,016E+11;16;10;7;1930;2;1;1;1;3;271;;M;4751218;-72546;490
2,016E+11;16;11;11;800;1;1;1;1;6;183;;M;4751744;-86706;490
2,016E+11;16;12;10;2230;3;1;1;5;6;298;Le Morisson;M;4747933;-71864;490
2,016E+11;16;2;7;715;2;1;1;1;1;135;;M;4761012;-58559;490
2,016E+11;16;2;12;1500;1;1;1;2;6;132;;M;4765742;-44868;490
2,016E+11;16;2;17;1245;1;1;1;1;6;135;Le point du jour;M;4760654;-61667;490
2,016E+11;16;3;29;1100;1;1;1;1;6;170;;M;4766311;-53510;490
2,016E+11;16;7;6;1145;1;1;1;1;1;90;Haute folie;M;4762678;-51083;490
2,016E+11;16;8;18;1300;1;2;1;1;3;80;Parking SUPER U;M;4768281;-50063;490
2,016E+11;16;10;6;1000;1;1;1;1;1;105;Mon idée;M;4772193;-51389;490
2,016E+11;16;11;2;1945;3;1;2;1;3;135;La Lande;M;4756248;-58539;490
2,016E+11;16;11;17;845;1;1;1;2;6;337;6 route de Gadifaix;M;4757460;-44044;490
2,016E+11;16;12;2;845;1;1;1;5;7;339;4 route d'Angers;M;4758452;-55369;490
2,016E+11;16;12;7;900;2;1;1;5;7;189;;M;4772709;-60474;490
2,016E+11;16;12;10;600;3;1;1;5;7;335;Le Douai;M;4774769;-57340;490
2,016E+11;16;9;22;1730;1;2;1;1;6;168;rue d'anjou;M;4798617;-78239;530
2,016E+11;16;10;7;2100;3;1;1;1;2;82;;M;4798081;-86417;530
2,016E+11;16;10;29;30;3;2;1;1;7;1;rue de bretagne;M;4802493;-87186;530
2,016E+11;16;5;5;1100;1;1;1;1;7;220;;M;4803686;-53846;530
2,016E+11;16;6;10;1515;1;1;1;1;3;49;;M;4815426;-63642;530
2,016E+11;16;9;12;1545;1;1;1;1;3;141;;M;4806654;-65218;530