Num_Acc;an;mois;jour;hrmn;lum;agg;int;atm;col;com;adr;gps;lat;long;dep
2,016E+11;16;4;24;2015;1;1;3;1;3;86;D121 - LD Contrai;M;4480138;-30289;330
2,016E+11;16;5;19;1615;1;2;1;1;2;298;RD18;M;4484287;-21654;330
2,016E+11;16;7;11;1830;1;1;2;1;3;460;RD119E2 / Rte VERNEUIL;M;4483268;-5320;330
2,016E+11;16;8;4;1730;1;1;1;2;3;421;RD 18;M;4481549;-14639;330
2,016E+11;16;9;3;1445;1;1;4;1;1;298;RD18 LD GENNEQUIN;M;4483488;-20961;330
2,016E+11;16;9;28;1630;1;1;2;1;3;196;RD128 / VC Jacquet;M;4479981;-20697;330
2,016E+11;16;10;28;1745;1;2;1;1;1;194;lieu dit Payorgue;M;4482734;-19633;330
2,016E+11;16;11;29;1930;3;1;1;1;6;257;;M;0;0;330
2,016E+11;16;2;11;730;2;1;1;2;1;437;;M;0;0;330
2,016E+11;16;8;8;1945;1;2;1;7;3;437;17 avenue de l'europe;M;4485445;-5438;330
2,016E+11;16;10;6;1830;1;2;2;1;3;14;Inter D22E2-R.GRAVIERES;M;4497084;15901;330
2,016E+11;16;12;19;1130;1;1;1;1;2;394;;M;0;0;330
2,016E+11;16;1;4;930;1;2;1;3;1;447;21 Cr Gal de Gaulle;M;4501592;-5747;330
2,016E+11;16;1;20;800;5;2;1;2;6;138;20 rue Gambetta;M;4504195;-13028;330
2,016E+11;16;1;29;1430;1;2;1;1;3;138;4 AVENUE DE L EUROPE;M;0;0;330
2,016E+11;16;3;18;630;5;2;1;2;3;478;26 cours republique;M;0;0;330
2,016E+11;16;4;11;1745;1;1;1;1;7;138;;M;0;0;330
2,016E+11;16;6;11;1930;1;2;3;1;6;138;R.Vaillant et RD674E4;M;4504480;-12233;330
2,016E+11;16;7;9;1545;1;1;1;1;6;385;RD21;M;4507813;-920;330
2,016E+11;16;7;25;1615;1;2;1;1;6;138;82 RUE PIERRE BROSSOLETT;M;4503649;-13593;330
2,016E+11;16;9;18;2000;2;2;1;1;7;138;20 COUPERIE;M;4502379;-11857;330
2,016E+11;16;12;24;100;3;2;1;8;6;1;1 LA CATHELONNE;M;0;0;330
2,016E+11;16;1;21;845;1;1;2;1;3;393;Inters D1089 D22E2;M;4496478;-17248;330
2,016E+11;16;3;20;1815;1;1;1;1;6;362;;M;4503600;-18800;330
2,016E+11;16;6;20;1800;1;1;1;1;7;387;;M;0;0;330
2,016E+11;16;9;9;2030;1;2;3;1;1;387;Carref D10 - D133E10;M;4503123;-28425;330
2,016E+11;16;10;25;1500;1;1;1;2;1;218;RD133;M;4507294;-15367;330
2,016E+11;16;12;4;445;3;1;1;1;7;218;;M;0;0;330
2,016E+11;16;6;11;1930;1;2;1;1;6;319;RUE DE L'EGLISE;M;4482085;8155;330
2,016E+11;16;6;23;1215;1;1;3;1;3;319;RD130 E6;M;0;0;330
2,016E+11;16;7;8;1745;1;1;1;1;3;242;RD 672;M;4478236;17514;330
2,016E+11;16;4;29;1815;1;2;1;1;3;259;avenue Jean JaurÃ¿s;M;0;0;330
2,016E+11;16;5;6;2045;1;1;1;1;4;174;;M;4492800;-26200;330
2,016E+11;16;7;29;1915;1;1;1;1;7;407;D10;M;0;0;330
2,016E+11;16;8;9;1800;1;1;1;1;3;295;RD 246;M;4500024;-35487;330
2,016E+11;16;8;15;1430;1;1;1;1;7;407;RD 10;M;4501435;-34897;330
2,016E+11;16;9;25;1215;1;2;1;1;2;219;AVENUE DU FRONSADAIS;M;0;0;330
2,016E+11;16;12;3;1830;5;1;1;1;6;451;RD670;M;0;0;330
2,016E+11;16;8;6;1745;1;1;1;1;2;26;LES BORDES;M;4519210;82212;240
2,016E+11;16;9;24;245;3;1;1;1;6;115;VERGINAS;M;4527530;65732;240
2,016E+11;16;11;9;1845;3;1;2;2;3;94;LES QUATRE ROUTES;M;4506980;69067;240
2,016E+11;16;4;13;815;1;1;1;1;6;474;CHARTREAU;M;4540580;65736;240
2,016E+11;16;4;18;1745;1;2;1;1;6;2;AVENUE DE LA BEAURONNE;M;4529140;75000;240
2,016E+11;16;5;6;945;1;1;1;1;7;64;LA COTE;M;4535490;63953;240
2,016E+11;16;5;30;1845;1;1;1;2;6;253;;M;4547050;43256;240
2,016E+11;16;6;21;1645;1;2;1;1;6;96;ROUTE DE VILLARS;M;4539080;69689;240
2,016E+11;16;7;2;1300;1;1;1;1;7;235;CHEZ L'ABBÉ;M;4539400;50390;240
2,016E+11;16;8;13;1130;1;1;1;1;7;2;;M;4529720;74578;240
2,016E+11;16;9;16;1815;1;1;1;2;3;79;;M;4542060;64841;240
2,016E+11;16;10;16;630;3;1;1;1;7;111;CHAMPREDON;M;4542990;63945;240
2,016E+11;16;12;15;545;3;1;3;1;3;129;;M;4536420;71745;240
2,016E+11;16;12;14;1915;3;1;1;1;7;2;POULIQUET;M;4527210;74922;240
2,016E+11;16;1;9;2330;3;1;1;3;3;309;LE BUT;M;4507260;44235;240
2,016E+11;16;1;25;700;5;2;3;1;3;350;AVENUE PASTEUR;M;4516150;61065;240
2,016E+11;16;4;18;1815;1;2;1;1;1;442;11 RUE DE PLANEZE;M;4510680;46799;240
2,016E+11;16;9;1;1215;1;2;8;1;3;350;;M;4516620;60018;240
2,016E+11;16;10;9;1615;1;1;1;1;3;442;LA LANDE;M;4510830;50273;240
2,016E+11;16;10;24;1815;2;2;1;2;7;236;GRAVELLE;M;4517270;59241;240
2,016E+11;16;10;28;1645;1;1;1;7;6;32;;M;4509180;33990;240
2,016E+11;16;11;20;2130;3;1;1;2;6;139;;M;4512940;65354;240
2,016E+11;16;12;18;1045;1;1;1;1;2;256;ANTONIAC;M;4517880;62057;240
2,016E+11;16;1;10;1615;1;1;1;8;1;25;CHABANETTAS;M;4509130;103086;240
2,016E+11;16;1;19;1700;1;1;1;1;6;137;LE CHATEAU DE GLANE;M;4533180;95217;240
2,016E+11;16;5;20;945;1;1;1;1;7;473;;M;4519230;106039;240
2,016E+11;16;7;25;1630;1;1;1;1;1;4;LES TUILIÈRES;M;4513490;103563;240
2,016E+11;16;8;3;1530;1;2;2;1;3;540;LE BOURG;M;4530610;87335;240
2,016E+11;16;12;12;1845;3;1;1;1;3;11;ALLÉE DES PLATANES;M;4521280;83744;240
2,016E+11;16;3;27;1215;1;1;1;8;6;413;LA FONTAINE DU SANGLIER;M;4490640;36131;240
2,016E+11;16;9;10;1745;1;1;1;1;5;487;ROUTE DU FLEIX;M;4485850;35177;240
2,016E+11;16;10;10;1730;1;1;3;1;3;222;RUE DU COMMANDANT PINSON;M;4485330;38933;240
2,016E+11;16;11;23;715;3;1;1;1;1;182;MONCAZEAU;M;4488790;22345;240
2,016E+11;16;12;2;745;2;1;1;1;1;499;ROUTE DE PÉRIGUEUX;M;4488520;54307;240
2,016E+11;16;12;27;1500;1;1;1;1;5;77;MAISON NEUVE;M;4495380;58339;240
2,016E+11;16;7;12;1030;1;2;2;8;3;68;CARREFOUR D51E-D29;M;4485210;91063;240
2,016E+11;16;9;16;845;1;2;7;1;6;273;PLACE DE LA BASTIDE;M;4481200;82373;240
2,016E+11;16;12;6;1015;1;1;1;1;6;68;;M;4482570;88823;240
2,016E+11;16;5;13;1330;1;1;1;1;6;231;LA GRANDE BORIE DU LAC;M;4470190;83922;240
2,016E+11;16;6;11;215;3;1;1;1;6;231;LAC DE VERONE;M;4469620;88386;240
2,016E+11;16;5;14;30;3;1;1;1;6;68;LA PLACELLE;M;4486270;82919;240
2,016E+11;16;8;26;2230;5;2;1;1;2;566;AVENUE DE CAHORS;M;4483410;70279;240
2,016E+11;16;6;13;1600;1;1;2;1;1;181;MAISON NEUVE;M;4475400;43408;240
2,016E+11;16;8;21;1845;1;1;1;1;7;532;JEAN BLANC BAS;M;4469060;41947;240
2,016E+11;16;7;3;1945;1;1;1;1;1;335;CALON;M;4489530;19907;240
2,016E+11;16;7;11;1230;1;1;1;1;1;461;LES PLACES;M;4491500;18671;240
2,016E+11;16;9;11;1945;1;1;1;7;1;584;PUYGRENIER;M;4494860;3291;240
2,016E+11;16;12;24;1145;1;1;1;2;1;415;LA FON DU BAS;M;4494390;18270;240
2,016E+11;16;1;12;1330;1;2;3;2;3;479;LE COUVENT;M;4549070;74725;240
2,016E+11;16;1;13;530;3;1;1;9;6;451;MASSONEAU;M;4550910;65337;240
2,016E+11;16;11;6;1430;1;1;1;1;7;328;LE PECHER;M;4561060;66888;240
2,016E+11;16;11;16;1845;3;1;1;1;1;528;BORD;M;4551960;69777;240
2,016E+11;16;12;16;315;3;1;1;9;6;548;LE BUISSON;M;4557770;54530;240
2,016E+11;16;1;6;1800;5;2;4;2;3;551;RUE PIERRE BOUILLON;M;4541510;91730;240
2,016E+11;16;6;9;1845;1;1;1;1;1;218;LES MEYNIAS;M;4549790;109281;240
2,016E+11;16;7;3;1;3;1;1;1;6;95;MAISON ROUGE;M;4548990;94415;240
2,016E+11;16;7;23;1030;1;1;1;1;6;9;REZONZAC;M;4535140;112514;240
2,016E+11;16;9;14;1615;1;1;1;3;6;133;LE MEYGNAUD;M;4556590;97544;240
2,016E+11;16;9;30;1445;1;1;1;1;6;320;ETANG DES CHEVRES;M;4543990;121212;240
2,016E+11;16;2;3;2130;3;1;1;1;6;529;LES REVEILLES;M;4519400;45892;240
2,016E+11;16;7;6;1815;1;2;1;7;3;352;RUE ANDRÉ CHEMINADE;M;4525380;34931;240
2,016E+11;16;7;18;1900;1;1;1;1;1;564;JAVERDHAT;M;4519680;27191;240
2,016E+11;16;7;12;1530;1;2;7;1;6;352;PLACE NATIONALE;M;4524680;34009;240
2,016E+11;16;7;30;1900;1;1;2;1;3;119;;M;4539380;38529;240
2,016E+11;16;8;7;1745;1;1;1;1;7;352;GAYET;M;4523380;31764;240
2,016E+11;16;8;28;2130;3;1;2;1;3;455;;M;4519980;36723;240
2,016E+11;16;9;16;1145;1;2;1;8;6;553;BOULEVARD CHARLES ROBY;M;4525640;50402;240
2,016E+11;16;10;31;1330;1;1;1;1;6;352;LAVERGNE;M;4524300;37094;240
2,016E+11;16;10;31;1615;1;1;1;1;1;460;;M;4525520;41401;240
2,016E+11;16;12;27;1445;1;1;1;1;5;38;;M;4530340;36127;240
2,016E+11;16;1;29;1845;5;2;1;1;6;543;LE BOURG;M;4505150;39455;240
2,016E+11;16;2;12;745;5;2;3;3;5;294;D6089;M;4500980;16316;240
2,016E+11;16;3;2;1000;1;2;1;1;6;449;18 AVENUE JEAN MOULIN;M;4500930;16504;240
2,016E+11;16;5;23;1300;1;1;1;2;5;543;CHABROL;M;4504130;38085;240
2,016E+11;16;8;3;1020;1;2;1;1;6;294;RUE THIERS;M;4500990;16032;240
2,016E+11;16;8;4;1700;1;1;1;2;1;294;;M;4504410;15467;240
2,016E+11;16;8;23;2030;1;1;1;7;1;462;LES JAUNIES;M;4499740;35612;240
2,016E+11;16;8;24;1745;1;1;1;1;3;462;RUE DE LA PAIX;M;4503400;32876;240
2,016E+11;16;9;13;1045;1;1;1;1;3;449;EYBRARD;M;4499830;23399;240
2,016E+11;16;3;8;1500;1;1;2;1;1;294;LA CROIX DE PIERRE;M;4501310;11686;240
2,016E+11;16;5;31;1245;1;1;3;1;1;264;;M;4501400;10568;240
2,016E+11;16;1;17;1215;1;1;1;1;1;354;BELLEFOND;M;4514050;-221;240
2,016E+11;16;1;25;1430;1;1;1;1;7;343;LA MARMISSE;M;4516810;8313;240
2,016E+11;16;3;5;545;3;1;1;2;7;82;LA PLANE;M;4485760;125562;240
2,016E+11;16;7;2;1145;1;1;1;1;1;255;LE PON DE CAUSSADE;M;4492910;114118;240
2,016E+11;16;7;30;1745;1;1;3;1;3;82;LA PLANE;M;4485890;125160;240
2,016E+11;16;8;6;1745;1;1;1;1;1;392;LE GRAND BOIS;M;4496420;126624;240
2,016E+11;16;2;20;1515;1;1;3;1;3;172;LES COMBARELLES;M;4494490;105302;240
2,016E+11;16;5;21;1600;1;1;3;1;1;142;LA PLANQUETTE;M;4483170;98063;240
2,016E+11;16;7;9;1000;1;2;1;1;7;67;RUE DE PARIS;M;4491950;92666;240
2,016E+11;16;7;26;1115;1;1;1;1;3;172;;M;4492710;107902;240
2,016E+11;16;9;2;1530;1;1;1;1;1;552;LA REBEYROLIE;M;4502680;109885;240
2,016E+11;16;10;17;1215;1;1;1;1;5;404;LA MARTERIE;M;4500010;88090;240
2,016E+11;16;11;18;1900;3;1;1;2;1;356;;M;4506180;94531;240
2,016E+11;16;12;3;1945;3;1;1;1;1;443;CHEZ VIGIER;M;4503280;106914;240
2,016E+11;16;1;6;945;1;1;1;2;3;312;;M;4354414;-149939;400
2,016E+11;16;1;8;1215;1;1;1;1;1;162;;M;4395889;-40520;400
2,016E+11;16;2;6;1045;1;1;1;1;7;105;;M;4404306;-64252;400
2,016E+11;16;2;19;900;1;1;1;1;1;320;;M;4392404;-55731;400
2,016E+11;16;3;27;1515;1;1;1;1;7;164;;M;4410998;-32491;400
2,016E+11;16;4;23;1515;1;1;1;3;1;56;;M;4402487;-52533;400
2,016E+11;16;5;25;1200;1;1;1;1;6;164;;M;4412850;28965;400
2,016E+11;16;6;19;1400;1;1;1;1;1;111;;M;4396826;-59541;400
2,016E+11;16;6;22;1815;1;1;1;1;1;274;;M;4392119;-62691;400
2,016E+11;16;1;9;2130;3;1;1;1;6;309;;M;4379484;-73450;400
2,016E+11;16;1;9;1200;1;1;1;1;6;48;;M;4389631;-100431;400
2,016E+11;16;3;4;440;3;1;1;2;7;243;;M;4388868;-88011;400
2,016E+11;16;7;12;1150;1;1;1;1;6;67;;M;4385730;-81017;400
2,016E+11;16;9;14;1645;1;1;1;1;6;68;;M;4376111;-87782;400
2,016E+11;16;2;6;1530;1;1;6;1;3;283;;M;4373826;-101643;400
2,016E+11;16;3;21;1715;1;1;1;1;6;314;;M;4365564;-110002;400
2,016E+11;16;4;9;315;3;1;1;3;6;125;;M;4365476;-109992;400
2,016E+11;16;6;24;2130;2;1;1;2;1;277;;M;4366105;-104049;400
2,016E+11;16;7;12;1130;1;1;1;8;4;244;;M;4370427;-117564;400
2,016E+11;16;8;7;1630;1;1;6;1;7;283;;M;4374950;-100702;400
2,016E+11;16;10;28;1440;1;1;2;1;2;294;20, route de l' Église d;M;4368639;-98203;400
2,016E+11;16;11;13;1035;1;2;1;1;3;202;197 ROUTE DES PYRENEES;M;4369274;-100953;400
2,016E+11;16;5;7;600;2;2;1;1;7;65;quai du bouret;M;4365425;-143087;400
2,016E+11;16;7;2;1330;1;1;1;1;3;65;;M;4361987;-143388;400
2,016E+11;16;7;8;2300;5;2;1;1;7;133;avenue de l'océan;M;4359222;-144896;400
2,016E+11;16;7;16;445;3;1;1;1;2;36;;M;4364314;-133986;400
2,016E+11;16;7;18;1850;1;2;1;1;3;133;RD 810;M;4358936;-142818;400
2,016E+11;16;8;21;1330;1;2;1;1;6;133;2 allée saintonge;M;4359984;-146462;400
2,016E+11;16;8;24;500;5;1;1;1;1;36;;M;4364180;-134258;400
2,016E+11;16;1;13;1430;1;2;1;1;3;150;260 route de la nasse;M;4387156;-131926;400
2,016E+11;16;2;27;1115;1;1;1;3;3;326;;M;4395775;-126939;400
2,016E+11;16;5;19;630;2;1;1;1;6;311;;M;4384585;-106947;400
2,016E+11;16;9;7;745;2;1;1;1;6;322;;M;4403676;-122200;400
2,016E+11;16;3;21;1455;1;1;1;1;3;308;;M;4368502;-90279;400
2,016E+11;16;4;25;1045;1;1;1;1;6;249;;M;4368923;-73819;400
2,016E+11;16;6;3;1530;1;1;3;7;3;126;;M;4370479;-89871;400
2,016E+11;16;8;21;1845;1;1;2;1;3;2;;M;4359984;-146462;400
2,016E+11;16;1;15;2015;3;1;1;2;3;118;;M;4353747;-93189;400
2,016E+11;16;1;26;1200;1;2;1;7;3;212;RD817;M;4355891;-115051;400
2,016E+11;16;3;26;1315;1;1;1;1;1;212;;M;4359199;-114685;400
2,016E+11;16;4;2;1645;1;1;1;1;1;306;;M;4353300;-106711;400
2,016E+11;16;5;31;915;1;1;1;1;1;316;;M;4357690;-82615;400
2,016E+11;16;6;8;815;1;1;3;1;3;34;;M;4359143;-114675;400
2,016E+11;16;6;15;1800;1;1;1;3;6;120;;M;4354075;-114183;400
2,016E+11;16;7;10;2000;1;1;3;1;3;211;;M;4361393;-118001;400
2,016E+11;16;9;29;1845;1;1;1;1;3;95;;M;4359873;-91418;400
2,016E+11;16;1;5;830;2;1;1;2;1;291;;M;4367687;-134279;400
2,016E+11;16;3;21;1830;2;1;3;7;1;168;;M;4378257;-120845;400
2,016E+11;16;3;27;1900;1;2;1;1;3;284;285  route de bayonne;M;4365665;-131332;400
2,016E+11;16;4;26;1415;1;1;1;1;6;168;;M;4379741;-123526;400
2,016E+11;16;7;6;1700;1;2;2;1;3;187;D652;M;4384795;-135803;400
2,016E+11;16;8;28;2145;5;2;1;2;3;317;avenue de la poste;M;4369008;-133324;400
2,016E+11;16;1;15;1930;5;2;1;3;1;312;blv jacques duclos rd810;M;4353354;-146089;400
2,016E+11;16;3;28;1445;1;1;1;1;1;209;;M;4358091;-145666;400
2,016E+11;16;3;30;745;1;2;1;1;3;312;RD 810;M;4352990;-146220;400
2,016E+11;16;5;13;845;1;2;1;1;3;312;RD810 TARNOS;M;4352988;-146221;400
2,016E+11;16;7;12;715;2;2;1;2;6;312;boulevard de la yayi;M;4355072;-146027;400
2,016E+11;16;7;15;30;3;1;1;1;6;268;;M;4353653;-126520;400
2,016E+11;16;7;18;1835;1;1;1;1;3;312;;M;4355547;-145515;400
2,016E+11;16;7;27;1710;1;2;1;1;1;273;;M;4352924;-138917;400
2,016E+11;16;8;13;850;1;2;1;1;2;312;36 avenue Lénine;M;4354311;-146944;400
2,016E+11;16;8;25;2030;2;2;1;1;1;273;11 avenue d'Aquitaine;M;4354196;-138991;400
2,016E+11;16;1;5;1810;5;2;1;3;6;46;av du maréchal lyauté;M;4439286;-116433;400
2,016E+11;16;3;9;1745;1;2;1;1;6;46;avenue du marais;M;4439800;-116609;400
2,016E+11;16;5;11;1145;1;1;2;1;1;46;;M;4442633;-116812;400
2,016E+11;16;6;27;1015;1;1;1;1;6;46;;M;4445505;-120065;400
2,016E+11;16;7;9;445;3;1;1;1;7;217;;M;4439110;-107529;400
2,016E+11;16;7;29;445;2;1;1;1;7;46;;M;4437007;-111692;400
2,016E+11;16;7;31;2015;1;1;1;1;6;46;;M;4443057;-122423;400
2,016E+11;16;9;28;1615;1;1;1;1;6;287;;M;4450566;-106143;400
2,016E+11;16;6;2;2000;1;1;1;1;1;302;;M;4404540;-99368;400
2,016E+11;16;8;15;1240;1;1;1;1;6;163;;M;4425738;-99117;400
2,016E+11;16;9;23;1000;1;1;1;1;7;303;;M;4410539;-90122;400
2,016E+11;16;9;28;1300;1;1;1;1;6;163;;M;4419265;-97739;400
2,016E+11;16;5;6;845;1;2;1;1;6;307;562 rue de la gare;M;4432543;-57476;400
2,016E+11;16;6;7;1130;1;2;1;1;1;200;190 route de bordeaux;M;4436060;-76214;400
2,016E+11;16;8;6;1915;1;1;1;1;7;60;;M;4364180;-134258;400
2,016E+11;16;8;12;1430;1;1;1;1;6;295;;M;4435070;-85709;400
2,016E+11;16;8;28;245;3;1;1;1;2;227;;M;4432932;-77791;400
2,016E+11;16;9;2;1515;1;1;1;1;7;200;;M;4436670;-77076;400
2,016E+11;16;3;3;1815;4;1;1;2;1;229;;M;4424993;-111703;400
2,016E+11;16;6;26;230;3;1;1;1;6;184;;M;4450058;-105859;400
2,016E+11;16;7;6;1715;1;1;3;1;1;229;;M;4424447;-113650;400
2,016E+11;16;9;20;1000;1;2;1;7;6;184;avenue de la gare;M;4412009;-128173;400
2,016E+11;16;4;15;1530;1;1;1;1;2;26;;M;4377045;-55822;400
2,016E+11;16;9;15;1515;1;2;6;1;3;282;RUE DU CASTELLET;M;4375575;-57061;400
2,016E+11;16;1;13;1445;1;1;1;1;7;275;;M;4378718;-45459;400
2,016E+11;16;3;7;1745;1;1;1;1;1;55;;M;4383994;-47271;400
2,016E+11;16;5;11;1045;1;2;1;1;6;80;route des pyrenees;M;4376061;-31658;400
2,016E+11;16;5;22;1145;1;1;1;2;1;145;;M;4376748;-41788;400
2,016E+11;16;7;31;200;5;2;1;1;6;49;avenue des Pyrénées;M;4377343;-36165;400
2,016E+11;16;9;8;1845;1;1;1;1;6;82;;M;4371870;-39031;400
2,016E+11;16;9;26;815;1;1;1;1;6;282;;M;4378167;-56356;400
2,016E+11;16;4;4;1215;1;1;2;1;3;137;;M;4396558;-31496;400
2,016E+11;16;5;17;1530;1;1;1;1;3;158;;M;4405324;-7556;400
2,016E+11;16;7;7;1800;1;1;1;1;1;267;;M;4397641;-24377;400
2,016E+11;16;7;21;1900;1;1;1;1;3;51;;M;4388588;-38372;400
2,016E+11;16;9;12;930;1;1;2;1;3;161;;M;4410283;-1485;400
2,016E+11;16;1;1;530;2;1;1;5;6;69;LDT ST JEAN DE VIGOUROUX;M;4421950;59077;470
2,016E+11;16;4;2;1415;1;2;1;1;6;293;LDT PRÉZAT;M;4415240;70301;470
2,016E+11;16;4;3;1000;1;2;3;1;1;145;N21;M;4412860;65971;470
2,016E+11;16;11;26;1545;1;2;6;1;7;209;AVENUE DE CAHORS;M;4421410;65140;470
2,016E+11;16;4;26;1900;1;1;3;1;5;40;AV GASCOGNE/CH SARRON;M;4419300;55048;470
2,016E+11;16;5;1;2345;3;1;1;1;6;69;D813 (RTE DE CARRERE);M;4422040;52860;470
2,016E+11;16;5;18;1915;1;2;9;1;1;225;RUE DU STADE/INTERMARCHÉ;M;4417610;55869;470
2,016E+11;16;5;20;1245;1;2;1;1;1;16;ROUTE D'AGEN;M;4414070;56134;470
2,016E+11;16;2;25;1915;3;1;3;2;1;4;LDT LE PINARD;M;4427490;33543;470
2,016E+11;16;7;7;30;3;1;1;1;6;125;LIEU-DIT TUQUES HAUTES;M;4431870;46573;470
2,016E+11;16;8;20;800;1;1;1;2;6;140;LDT SAINT JULIEN;M;4427560;63030;470
2,016E+11;16;10;21;1400;1;1;1;1;7;154;;M;4426960;52914;470
2,016E+11;16;11;9;900;1;1;1;2;7;38;LIEU-DIT BRUSTIS;M;4432290;41778;470
2,016E+11;16;11;21;1000;1;1;3;2;3;4;CARREFOUR D813/D642;M;4429520;34222;470
2,016E+11;16;12;10;1145;1;1;1;1;1;190;LDT LA BLANCHE;M;4435540;51780;470
2,016E+11;16;12;14;815;2;1;1;9;7;213;;M;4427810;50638;470
2,016E+11;16;3;27;1115;1;1;3;1;1;138;RD656 / RD110;M;4427130;76916;470
2,016E+11;16;4;9;1815;1;1;1;1;5;75;;M;4430310;70022;470
2,016E+11;16;6;11;1200;1;2;1;1;2;138;AVENUE DE LA RÉSISTANCE;M;4428390;76113;470
2,016E+11;16;6;28;715;1;1;1;1;1;269;LIEU-DIT JAMET;M;4417260;74331;470
2,016E+11;16;6;28;1700;1;1;1;1;1;269;LIEU-DIT MAUNESSE;M;4419100;76365;470
2,016E+11;16;7;5;1745;1;1;1;1;3;269;LIEU-DIT BOULET;M;4418930;76156;470
2,016E+11;16;7;22;1745;1;1;1;1;1;274;LIEU-DIT LASPEYRES;M;4414430;78004;470
2,016E+11;16;8;31;945;1;1;2;1;3;234;LDT MALBES;M;4420510;77510;470
2,016E+11;16;11;5;1915;3;1;1;8;7;273;LIEU-DI LAMOUROUX;M;4424960;77926;470
2,016E+11;16;11;23;1445;1;1;1;2;1;305;LIEU-DIT LA MOULINE;M;4419670;80407;470
2,016E+11;16;12;12;1515;1;1;1;1;7;51;LDT MOUSTET;M;4419420;71853;470
2,016E+11;16;1;28;645;5;2;1;1;2;157;AVENUE JEAN JAURES;M;4450590;14818;470
2,016E+11;16;1;30;1700;1;1;1;1;1;326;;M;4451930;22339;470
2,016E+11;16;2;3;1645;1;1;9;1;3;326;;M;4450290;23541;470
2,016E+11;16;2;8;1900;5;2;1;2;2;157;31 AVENUE PIERRE BUFFIN;M;4450300;17539;470
2,016E+11;16;2;9;1745;1;2;1;2;2;157;BD MEYNIEL (RUE STADE);M;4450310;16215;470
2,016E+11;16;2;16;1800;2;1;1;1;1;326;LDT PERROU;M;4453340;23932;470
2,016E+11;16;3;11;2020;3;1;1;1;1;157;;M;4449080;14861;470
2,016E+11;16;4;23;1100;1;1;1;1;3;157;81AV HUBERT RUFFE;M;4448520;18276;470
2,016E+11;16;5;23;745;1;1;1;1;2;157;FACE SOCIETE ARPOULET;M;4451700;12353;470
2,016E+11;16;6;4;1945;1;1;1;1;6;157;RUE GAMBERRA;M;4448490;14655;470
2,016E+11;16;7;7;845;1;1;1;1;6;157;LIEU-DI LANARAT;M;4449170;14897;470
2,016E+11;16;7;27;1000;1;1;4;1;3;326;LIEU-DIT LA GAZELLE;M;4450540;27251;470
2,016E+11;16;8;7;1500;1;2;2;1;2;157;AVENUE JEAN JAURES;M;4450120;15876;470
2,016E+11;16;9;13;800;1;1;6;1;3;157;GIRATOIRE LE CASTAING;M;4450920;19417;470
2,016E+11;16;9;25;1630;1;1;1;2;7;24;AVENUE BELLE COLLINE;M;4453870;14111;470
2,016E+11;16;10;13;1515;1;1;1;1;7;157;LIEU-DIT COUSSAN;M;4448000;14488;470
2,016E+11;16;10;21;300;5;1;6;5;7;157;GIRATOIRE DE LANARAT;M;4449280;15034;470
2,016E+11;16;10;30;645;3;2;1;5;1;326;MEYSSAN;M;4450300;23435;470
2,016E+11;16;11;24;730;5;2;1;2;6;157;RUE JEAN MERMOZ;M;4449950;18122;470
2,016E+11;16;11;23;1930;3;1;1;3;7;88;LIEU-DIT PRADÈRES;M;4454090;24604;470
2,016E+11;16;12;1;1930;3;1;1;1;3;263;;M;4447130;19897;470
2,016E+11;16;12;7;1505;1;1;2;7;3;28;LDT BOURRUT;M;4448120;25783;470
2,016E+11;16;12;19;1530;1;1;1;1;1;157;;M;4450780;18999;470
2,016E+11;16;3;27;2015;2;2;3;1;3;168;AV JOLIOT CURIE;M;4459940;36759;470
2,016E+11;16;7;23;1130;1;1;1;1;3;204;;M;4456890;32174;470
2,016E+11;16;9;30;1515;1;1;3;1;2;147;;M;4463170;19950;470
2,016E+11;16;10;4;1100;1;2;2;1;6;168;BOULEVARD ARISTIDE BRIAN;M;4460260;35914;470
2,016E+11;16;12;20;1745;2;1;3;1;3;290;;M;4464410;32952;470
2,016E+11;16;8;8;1315;1;1;1;1;7;244;LDT LALIBERT;M;4436070;14048;470
2,016E+11;16;9;4;1530;1;1;2;1;3;191;LDT LAGENESTE;M;4443490;7124;470
2,016E+11;16;9;8;1245;1;1;1;1;7;68;;M;4445000;3296;470
2,016E+11;16;10;27;1630;1;1;2;1;5;257;RD259/VC202;M;4456190;9027;470
2,016E+11;16;1;29;1915;2;1;1;1;7;65;;M;4436800;37519;470
2,016E+11;16;1;17;1000;1;1;1;1;7;110;CHE DE GIBRA LDTGARISCON;M;4443560;32003;470
2,016E+11;16;12;14;1830;3;1;1;1;5;325;LDT MENJOULET;M;4435820;26333;470
2,016E+11;16;12;17;1630;1;2;1;1;6;310;RUE MAXIME BADIE;M;4439120;30405;470
2,016E+11;16;3;17;930;1;1;1;1;3;52;LDT PERCASSE;M;4426980;28209;470
2,016E+11;16;8;2;1500;1;1;1;1;1;119;;M;4418020;2806;470
2,016E+11;16;8;5;1845;1;2;1;1;7;52;LIEU DIT BELLOC;M;4432510;8251;470