Num_Acc;an;mois;jour;hrmn;lum;agg;int;atm;col;com;adr;gps;lat;long;dep
2,016E+11;16;8;12;1845;1;1;2;1;3;320;LDT LE REY;M;4431840;20024;470
2,016E+11;16;10;15;1315;1;1;1;1;6;78;LIEU-DIT ESCASSEFORT;M;4428090;30370;470
2,016E+11;16;10;15;1800;1;1;1;1;7;220;;M;4434590;22598;470
2,016E+11;16;11;28;815;1;1;2;5;1;250;LIEU-DIT LE CASSE;M;4428970;31189;470
2,016E+11;16;6;10;845;1;1;1;1;1;175;LIEU-DIT CALVIAC;M;4450980;75519;470
2,016E+11;16;6;25;745;1;1;1;1;6;203;LIEU-DIT CROQUELARDIT;M;4438740;79567;470
2,016E+11;16;7;1;2245;5;2;1;1;6;315;LIEU-DIT CAVAILLÉ;M;4443360;86043;470
2,016E+11;16;7;8;1900;1;1;3;1;5;291;RD 676 / RD 216;M;4446320;72641;470
2,016E+11;16;9;1;1400;1;1;2;1;3;184;LDT LA JONCADE;M;4459630;66443;470
2,016E+11;16;2;27;945;1;2;6;1;6;324;D 104 - ST ROCH;M;4463640;73970;470
2,016E+11;16;3;20;100;3;1;1;2;7;152;LDT BROUSSE;M;4460220;60715;470
2,016E+11;16;6;13;1841;1;1;1;2;6;96;LIEU-DIT CÔTE DE FAUGÈRE;M;4464590;63128;470
2,016E+11;16;12;30;2030;3;1;3;1;7;152;LDT LES CARDEYRES;M;4458070;60184;470
2,016E+11;16;7;22;2100;2;1;1;2;6;70;LDT LA PRADELLE;M;4447720;90617;470
2,016E+11;16;8;16;845;1;2;1;7;6;283;8 AVENUE DE TOURNON;M;4447780;94943;470
2,016E+11;16;11;8;930;1;1;1;2;7;17;LDT MOULIN DE LACOSTE;M;4434090;79905;470
2,016E+11;16;2;24;1700;1;1;2;8;3;81;;M;4433850;62343;470
2,016E+11;16;5;27;1615;1;1;2;1;3;81;LIEU-DIT ROUSSOU;M;4433850;62343;470
2,016E+11;16;7;22;2000;2;1;3;3;5;309;RD667 / RD124 MALBOURGET;M;4451230;44747;470
2,016E+11;16;8;10;1815;1;1;1;1;5;252;LDT LABRUGNE;M;4439080;59422;470
2,016E+11;16;9;9;1200;1;2;6;1;3;252;RENÉ BOUCHON/BLD LA TOUR;M;4439880;59137;470
2,016E+11;16;10;22;1100;1;1;2;1;3;81;LIEU-DIT ROUSSOUS;M;4433850;62343;470
2,016E+11;16;11;13;1745;2;1;1;8;1;81;LDT PONT DE PIERRE;M;4437780;57499;470
2,016E+11;16;11;18;1200;1;2;1;2;6;252;AVENUE JEAN MOULIN;M;4440110;59747;470
2,016E+11;16;11;19;1700;2;1;3;2;3;252;AV BORDEAUX/RD911;M;4439050;56695;470
2,016E+11;16;1;8;1730;1;2;1;1;6;230;AVENUE D'ASPE;M;4322875;-38849;640
2,016E+11;16;8;19;1630;1;2;2;1;3;230;AVENUE D'ASPE;M;4322970;-38858;640
2,016E+11;16;9;3;1615;1;1;1;1;1;230;RD 934;M;4319657;-38911;640
2,016E+11;16;9;17;1100;1;1;1;2;6;230;RN 134;M;4320355;-41430;640
2,016E+11;16;5;22;1615;1;1;1;3;7;230;;M;4317368;-39430;640
2,016E+11;16;11;27;1545;1;1;1;1;3;478;CHEMIN DES CRETES;M;4328810;-43800;640
2,016E+11;16;12;30;2045;3;1;1;5;5;230;RN 134;M;4323814;-39089;640
2,016E+11;16;6;9;1515;1;1;1;1;6;405;RD 943;M;4334651;-25437;640
2,016E+11;16;3;23;1745;1;2;1;1;1;511;RD 40;M;4341340;-36676;640
2,016E+11;16;12;14;1600;1;1;6;7;2;60;RD 802;M;4332000;-45700;640
2,016E+11;16;2;15;1930;5;1;1;1;6;405;;M;4335100;-26353;640
2,016E+11;16;4;29;900;1;2;1;1;1;343;RUE DU BOIS JOLI;M;4327800;-18400;640
2,016E+11;16;7;4;1100;1;1;1;1;7;227;RD 7;M;4336497;-20216;640
2,016E+11;16;9;18;600;3;1;1;1;1;216;RD 940;M;4325005;-17237;640
2,016E+11;16;9;30;1715;1;2;1;1;3;472;ROUTE DE MAUCOR;M;4337435;-30322;640
2,016E+11;16;10;25;1800;1;2;1;1;3;419;RUE DU BOURG;M;4326950;-21181;640
2,016E+11;16;10;29;800;3;2;1;1;2;59;RD 817;M;4328033;-23833;640
2,016E+11;16;12;10;1715;2;1;1;1;6;238;RD 817;M;4324819;-8956;640
2,016E+11;16;1;15;2045;3;1;1;8;6;302;RD 145;M;4321135;-21654;640
2,016E+11;16;1;22;1000;1;2;2;2;3;138;31 RUE DU BOIS;M;4324061;-27801;640
2,016E+11;16;3;21;1345;1;1;1;1;6;498;RD 512;M;4316614;-17406;640
2,016E+11;16;5;12;1230;1;1;1;1;6;23;RD 38;M;4324515;-25440;640
2,016E+11;16;6;27;1000;1;1;1;1;3;302;;M;0;0;640
2,016E+11;16;8;5;915;1;1;1;1;6;453;CHEMIN DE MEYRACQ;M;4319963;-10658;640
2,016E+11;16;8;31;1130;1;1;1;1;1;270;RD 35;M;4314475;-24011;640
2,016E+11;16;9;22;1030;1;2;1;1;3;339;RD 937;M;4312351;-20652;640
2,016E+11;16;12;5;815;1;1;1;1;3;453;RD 940;M;4318454;-12261;640
2,016E+11;16;12;8;1515;1;1;1;1;6;109;RUE DU GABIZOS;M;4318657;-21226;640
2,016E+11;16;1;3;445;3;1;1;1;6;180;RD 16;M;4355684;-22007;640
2,016E+11;16;1;24;615;3;1;1;2;6;374;;M;4343625;-48250;640
2,016E+11;16;4;16;1100;1;1;1;1;5;234;RD 946;M;4352118;-47919;640
2,016E+11;16;4;22;1945;1;1;1;1;7;70;RD 39;M;4343559;-31351;640
2,016E+11;16;6;21;730;2;1;1;1;3;560;RD 40;M;4346425;-38678;640
2,016E+11;16;9;13;1000;1;1;1;1;1;523;RD 42;M;4345574;-26597;640
2,016E+11;16;9;23;1800;1;1;1;1;2;415;RD 206;M;4339540;-32340;640
2,016E+11;16;9;24;1845;1;1;1;1;6;180;RD 16;M;4355876;-23494;640
2,016E+11;16;11;2;1430;1;1;1;1;6;70;;M;4344489;-32460;640
2,016E+11;16;11;5;1500;1;2;9;1;6;63;PARKING CARREFOUR CONTAC;M;4353634;-41027;640
2,016E+11;16;2;28;1045;1;1;1;8;3;407;;M;4348520;-144102;640
2,016E+11;16;6;30;1800;1;1;1;1;1;407;RD 936;M;4346250;-140643;640
2,016E+11;16;10;18;1530;1;1;1;1;3;100;CHEMIN DE MENDIBISTA;M;4343321;-150760;640
2,016E+11;16;1;8;1900;3;1;1;2;5;161;RD 19;M;4350938;-111174;640
2,016E+11;16;6;14;1215;1;1;1;1;1;256;RD 21;M;4343469;-132255;640
2,016E+11;16;8;9;1430;1;1;1;1;3;250;RD 261;M;0;0;640
2,016E+11;16;8;26;1630;1;1;1;1;1;256;RD 22;M;4337904;-134142;640
2,016E+11;16;8;28;1900;1;2;1;1;3;476;RD 251;M;4332655;-121086;640
2,016E+11;16;2;14;1215;1;1;1;6;1;527;RD 88;M;4335360;-147347;640
2,016E+11;16;2;24;845;1;2;1;1;3;65;RUE ERNEST FOURNEAU;M;4334660;-162223;640
2,016E+11;16;2;28;330;5;1;2;2;3;65;;M;4336210;-163675;640
2,016E+11;16;4;6;1700;1;1;1;1;6;495;RD 3;M;4334544;-155189;640
2,016E+11;16;5;4;945;1;1;1;1;3;504;CHEMIN DE GALZAGORRI;M;4329997;-156880;640
2,016E+11;16;8;20;1730;1;2;1;1;3;9;RD 855;M;4340261;-157470;640
2,016E+11;16;9;2;1745;1;1;1;1;3;495;;M;4331772;-30275;640
2,016E+11;16;9;13;1715;1;1;1;3;5;9;CHEMIN LARRE LUZEA;M;4341581;-157500;640
2,016E+11;16;10;8;1600;1;1;1;1;1;9;RD 655;M;4341547;-157491;640
2,016E+11;16;12;7;1030;1;1;1;1;1;504;CHEMIN DE L'USINE;M;4330500;-156600;640
2,016E+11;16;12;18;1445;1;2;1;1;3;495;RUE CHARLES CAMI;M;4334800;-152600;640
2,016E+11;16;2;6;1430;1;2;1;1;6;558;CHEMIN DE HARIAGARAYA;M;4343290;-143882;640
2,016E+11;16;3;14;1915;2;2;1;1;3;255;CHEMIN ARTOENIA;M;4338000;-142200;640
2,016E+11;16;4;23;2345;3;2;1;1;1;38;ROUTE D'ARCANGUES;M;4344013;-151941;640
2,016E+11;16;5;13;600;3;1;1;2;2;547;RD 932;M;4340973;-146964;640
2,016E+11;16;6;5;1130;1;2;1;1;1;213;CD 918 BORDACHARRIA;M;4334779;-143743;640
2,016E+11;16;6;12;630;1;1;1;1;6;38;RD3;M;4343183;-151360;640
2,016E+11;16;6;21;900;1;2;1;7;3;547;CD255;M;4343190;-155120;640
2,016E+11;16;6;25;1700;1;1;1;1;1;100;RD 3;M;4344500;-151654;640
2,016E+11;16;9;6;200;5;2;1;1;7;213;KAMINOKO PATARA;M;4334190;-144218;640
2,016E+11;16;9;29;1215;1;1;1;1;1;279;;M;4331661;-140355;640
2,016E+11;16;10;23;1445;1;1;1;1;7;317;RD 918;M;4335514;-142131;640
2,016E+11;16;10;29;1215;1;1;1;1;3;547;;M;4334200;-157400;640
2,016E+11;16;11;8;1630;1;1;1;2;1;547;RD 932;M;4341625;-147869;640
2,016E+11;16;12;19;1800;5;2;6;2;3;527;RD 918;M;4334071;-147301;640
2,016E+11;16;12;28;1615;1;2;3;1;3;160;RD10 allée de Neubourg;M;4336000;-139600;640
2,016E+11;16;5;22;2030;1;1;1;3;6;303;RD 918;M;4310512;-85455;640
2,016E+11;16;7;16;2045;1;2;1;1;6;371;RD 918;M;4321121;-89456;640
2,016E+11;16;2;10;1315;1;1;1;3;7;538;RD 933;M;4315020;-125337;640
2,016E+11;16;2;13;1230;1;2;1;7;3;297;CD 933;M;4319220;-116510;640
2,016E+11;16;8;26;1630;1;1;1;1;3;477;RD 949;M;4318259;-138915;640
2,016E+11;16;9;17;1130;1;1;1;2;3;66;RD 918;M;4318753;-125252;640
2,016E+11;16;10;27;730;5;2;1;1;6;477;RD 948;M;4317983;-133968;640
2,016E+11;16;11;20;1245;1;2;1;1;6;66;RD 15;M;4316817;-126088;640
2,016E+11;16;2;2;1215;1;1;1;8;1;436;;M;4321030;-128023;640
2,016E+11;16;3;17;900;1;1;1;1;1;368;;M;4339300;-109700;640
2,016E+11;16;3;26;1230;1;1;1;1;5;493;BOUL SAINT MADELEINE;M;4332693;-103542;640
2,016E+11;16;4;13;2115;3;1;1;1;1;285;RD 933;M;4325063;-106345;640
2,016E+11;16;7;21;1600;1;1;1;1;7;425;RD 123;M;4339423;-116629;640
2,016E+11;16;7;29;1845;1;1;1;1;7;51;RD 11;M;4342884;-110208;640
2,016E+11;16;8;6;1030;1;2;1;1;2;436;RD 918;M;4323211;-129928;640
2,016E+11;16;12;30;1030;1;1;1;1;7;539;RD 933;M;4327611;-102601;640
2,016E+11;16;5;20;1915;1;2;1;1;3;422;AVENUE DU 19 MARS 1962;M;4317995;-64003;640
2,016E+11;16;6;8;1615;1;2;1;1;3;64;RN 134;M;4312214;-61352;640
2,016E+11;16;7;17;915;1;1;1;1;5;409;RD 936;M;4323428;-66731;640
2,016E+11;16;8;27;2200;2;2;1;1;6;422;RUE DALMAIS;M;4319095;-60686;640
2,016E+11;16;10;2;1130;1;1;1;1;6;422;CHEMIN DU GABARN;M;4318342;-58024;640
2,016E+11;16;12;15;1615;1;2;1;1;6;252;avenue d'aspe;M;4317100;-60300;640
2,016E+11;16;7;3;1615;1;1;1;1;7;136;LIEU DIT BEZIAT;M;4287625;-57670;640
2,016E+11;16;12;21;1700;1;1;1;1;6;136;RN 134;M;4291552;-57497;640
2,016E+11;16;6;12;1730;1;1;1;1;5;320;RD 934;M;4301164;-42277;640
2,016E+11;16;8;5;2300;3;1;1;1;7;529;RD 936;M;4331271;-76798;640
2,016E+11;16;2;8;1245;1;1;1;1;6;312;;M;4344720;-82991;640
2,016E+11;16;4;18;1645;1;1;1;1;6;135;RD 46;M;4353667;-78519;640
2,016E+11;16;7;1;15;5;2;1;1;7;430;234 RUE PIERRE BEREGOVOY;M;4348075;-75436;640
2,016E+11;16;8;12;1530;1;2;1;1;1;286;RD 947;M;4345313;-77459;640
2,016E+11;16;8;23;1115;1;2;1;1;6;430;PLACE BROSSERS;M;4348838;-77253;640
2,016E+11;16;12;5;1715;2;2;1;1;2;430;1 ROUTE DE BAYONNE;M;4348986;-78919;640
2,016E+11;16;2;3;1215;1;1;1;2;3;83;;M;4339110;-96821;640
2,016E+11;16;8;28;130;3;1;1;1;6;96;RD 936;M;4338440;-89931;640
2,016E+11;16;4;14;1815;1;2;9;2;3;62;D20;M;0;0;860
2,016E+11;16;5;22;230;3;1;1;8;6;222;;M;0;0;860
2,016E+11;16;9;2;1230;1;2;1;1;2;62;RD910;M;0;0;860
2,016E+11;16;9;14;2200;5;2;1;2;6;115;62 AVENUE DE BORDEAUX;M;4667802;37902;860
2,016E+11;16;12;27;1515;1;1;1;1;3;222;;M;0;0;860
2,016E+11;16;3;16;800;1;1;1;1;1;45;;M;0;0;860
2,016E+11;16;7;20;845;1;1;1;8;5;53;;M;4673400;18700;860
2,016E+11;16;10;30;2030;3;1;1;1;7;89;;M;0;0;860
2,016E+11;16;11;17;1330;1;1;1;2;7;160;;M;0;0;860
2,016E+11;16;11;28;1445;1;1;1;1;6;30;;M;0;0;860
2,016E+11;16;12;9;1845;5;2;6;1;3;177;ROUTE DE CLAN;M;0;0;860
2,016E+11;16;12;14;1815;3;2;1;1;3;281;36 route de poitiers;M;4672870;30371;860
2,016E+11;16;2;23;745;1;1;1;2;6;94;;M;0;0;860
2,016E+11;16;3;6;1030;1;2;1;1;3;290;rue des bosquets;M;4645540;36880;860
2,016E+11;16;3;27;900;1;1;1;1;6;105;VC 3 ROUTE DE CHIRE;M;4643390;42925;860
2,016E+11;16;4;15;715;2;1;1;8;6;103;;M;0;0;860
2,016E+11;16;5;16;2030;1;2;1;1;6;290;11 chemin du bois vert;M;4645310;36750;860
2,016E+11;16;6;20;1015;1;1;1;1;6;10;;M;0;0;860
2,016E+11;16;7;7;1800;1;2;1;1;2;38;19 route de la Viguerie;M;4635590;46338;860
2,016E+11;16;7;21;645;1;1;1;1;1;263;RTE DE LA BERTANDINIERE;M;4652330;37960;860
2,016E+11;16;9;12;745;1;1;1;1;1;248;;M;0;0;860
2,016E+11;16;6;6;1630;1;2;1;1;7;293;bretelle sortie Sud;M;0;0;860
2,016E+11;16;6;29;945;1;1;1;1;3;278;;M;0;0;860
2,016E+11;16;8;4;2345;3;2;1;1;6;244;route de la croix;M;0;0;860
2,016E+11;16;12;24;115;4;2;9;2;6;39;RUE GENERAL RIVAUD;M;0;0;860
2,016E+11;16;12;30;1115;2;1;1;9;7;50;;M;0;0;860
2,016E+11;16;2;27;1630;1;1;1;1;6;297;;M;4655800;26100;860
2,016E+11;16;4;7;1730;1;1;1;1;4;100;;M;0;0;860
2,016E+11;16;8;17;2000;1;2;1;1;1;142;7 rue de l'huilerie;M;4667600;9400;860
2,016E+11;16;9;4;645;2;2;1;1;1;17;ROUTE DE PARTHENAY;M;0;0;860
2,016E+11;16;4;29;1800;1;2;2;1;1;174;Rue Romain Rolland;M;4676070;47950;860
2,016E+11;16;5;4;1515;1;1;2;1;3;197;;M;0;0;860
2,016E+11;16;6;21;2300;3;1;1;1;7;137;;M;0;0;860
2,016E+11;16;7;9;1845;1;2;1;7;5;196;CARREFOUR RD55/RD347;M;0;0;860
2,016E+11;16;8;24;1400;1;1;1;1;7;18;;M;0;0;860
2,016E+11;16;9;3;115;4;2;1;1;6;137;25 boulevard du 8 mai 45;M;4700896;8318;860
2,016E+11;16;10;27;1545;1;1;1;1;6;44;;M;0;0;860
2,016E+11;16;10;3;1515;1;1;1;1;7;90;;M;0;0;860
2,016E+11;16;11;6;315;3;1;1;9;7;229;;M;0;0;860
2,016E+11;16;11;20;1330;1;1;1;8;7;137;;M;0;0;860
2,016E+11;16;7;21;1900;1;1;1;1;7;258;;M;0;0;860
2,016E+11;16;7;25;1845;1;2;1;1;3;174;rue ambroise croizat;M;4677320;48260;860
2,016E+11;16;8;1;1045;1;1;1;1;3;258;;M;0;0;860
2,016E+11;16;7;20;1215;1;1;9;9;3;111;;M;0;0;860
2,016E+11;16;7;25;1000;1;1;1;1;1;186;;M;0;0;860
2,016E+11;16;8;21;2245;3;1;1;1;3;130;LES SOUCHONS;M;4689121;67739;860
2,016E+11;16;9;26;1715;1;1;1;1;2;92;;M;0;0;860
2,016E+11;16;4;9;1400;1;1;1;2;1;288;LE BREUIL;M;4673500;80200;860
2,016E+11;16;6;26;1900;1;1;1;1;4;245;;M;0;0;860
2,016E+11;16;11;6;1845;5;2;1;1;6;207;rue Pierre Denis Roussea;M;4678699;81114;860
2,016E+11;16;11;17;1015;1;1;1;9;2;14;;M;0;0;860
2,016E+11;16;11;26;1900;3;1;1;1;6;14;;M;0;0;860
2,016E+11;16;6;24;1715;1;1;1;1;7;85;LA GIRAUDIERE;M;4685340;22190;860
2,016E+11;16;12;16;2345;3;2;1;5;6;75;rue de la petite couture;M;4681455;16544;860
2,016E+11;16;7;7;1645;1;1;1;1;7;289;;M;0;0;860
2,016E+11;16;2;6;1545;1;1;1;1;7;190;;M;0;0;860
2,016E+11;16;3;2;1430;1;1;1;1;6;191;La Roche à Beaussant;M;4647880;83390;860
2,016E+11;16;6;18;1830;1;1;3;1;3;262;;M;0;0;860
2,016E+11;16;4;14;1830;1;1;1;1;7;120;;M;0;0;860
2,016E+11;16;5;17;1945;1;1;1;1;5;140;;M;0;0;860
2,016E+11;16;10;28;2115;3;1;1;1;6;118;;M;0;0;860
2,016E+11;16;2;10;2130;3;1;1;1;4;226;;M;0;0;860
2,016E+11;16;5;4;1800;1;1;1;1;6;187;;M;4656400;77700;860
2,016E+11;16;5;23;930;1;1;1;1;3;31;;M;0;0;860
2,016E+11;16;7;2;1945;1;1;1;1;3;70;;M;0;0;860
2,016E+11;16;7;13;1200;1;1;1;1;1;226;;M;0;0;860
2,016E+11;16;9;13;1630;1;1;1;1;6;114;;M;0;0;860
2,016E+11;16;9;30;1630;1;1;1;2;3;70;;M;0;0;860
2,016E+11;16;10;12;1530;1;1;1;8;1;198;;M;0;0;860
2,016E+11;16;10;19;1345;1;2;1;1;3;226;route D1;M;0;0;860
2,016E+11;16;11;8;1830;3;1;1;1;2;256;;M;0;0;860
2,016E+11;16;1;16;1445;1;1;1;1;1;55;VC CHEZ VAILLER;M;4619840;40562;860
2,016E+11;16;1;17;200;3;2;1;1;3;78;rue de la pierre du thei;M;4613554;30845;860
2,016E+11;16;6;23;1345;1;2;3;1;3;237;Rue du Moulin Minot;M;4614820;27200;860
2,016E+11;16;7;3;1930;2;1;1;1;7;61;;M;0;0;860
2,016E+11;16;9;18;1545;1;1;2;1;3;104;;M;0;0;860
2,016E+11;16;9;28;1145;1;1;1;1;3;78;RUE RAVARIT/ RD 1;M;4614922;30022;860
2,016E+11;16;11;26;515;3;1;1;5;6;29;;M;0;0;860
2,016E+11;16;12;15;1745;3;1;1;1;7;61;;M;4615415;39986;860
2,016E+11;16;1;2;1430;1;2;1;2;1;289;rue du 4 août;M;0;0;860
2,016E+11;16;8;6;1100;1;1;1;1;6;200;;M;4611900;52400;860
2,016E+11;16;4;11;915;1;1;1;2;7;15;;M;0;0;860
2,016E+11;16;3;27;1830;1;1;1;1;7;107;;M;0;0;860
2,016E+11;16;7;5;1815;1;1;1;1;1;191;;M;0;0;860
2,016E+11;16;7;13;2330;3;1;1;1;6;120;;M;0;0;860
2,016E+11;16;9;24;1500;1;1;1;1;6;118;;M;0;0;860
2,016E+11;16;11;19;1945;3;1;1;1;6;98;;M;4657329;74451;860
2,016E+11;16;11;24;700;3;1;1;2;6;120;;M;4635700;94500;860
2,016E+11;16;4;3;2215;3;1;1;2;7;26;Puylebin;M;4572507;14699;160
2,016E+11;16;9;21;2215;3;1;3;1;7;78;Les Labbés;M;4569957;19087;160
2,016E+11;16;11;10;2000;3;1;1;2;6;78;Echangeur Nord;M;4569630;18249;160
2,016E+11;16;12;2;1400;1;1;4;1;7;78;Chez Bompart;M;4572078;19989;160
2,016E+11;16;2;21;1830;2;1;1;9;7;119;la Côte;M;4554510;26670;160
2,016E+11;16;3;19;1200;1;1;1;1;3;120;;M;4858813;27238;160
2,016E+11;16;4;25;2330;3;1;1;1;6;143;Etang de Genevraud;M;4553576;18028;160
2,016E+11;16;5;15;615;1;1;1;1;6;175;Les Viaudries;M;4550997;-3198;160
2,016E+11;16;7;29;600;2;1;1;1;1;119;La Pointe de Chemin Roug;M;4553885;27392;160
2,016E+11;16;9;16;1600;1;1;1;2;7;120;;M;4560583;23952;160
2,016E+11;16;9;23;1600;1;1;1;1;7;420;Le Maine David;M;4552099;12917;160
2,016E+11;16;10;7;2345;3;1;1;1;6;236;rue du rosier;M;4558431;14997;160
2,016E+11;16;10;18;1830;2;2;1;1;3;46;1 route de brossac;M;4547387;2883;160
2,016E+11;16;2;28;2015;3;1;1;1;6;347;;M;4527995;12683;160
2,016E+11;16;4;26;1900;1;2;2;1;3;73;;M;4526984;4778;160
2,016E+11;16;5;11;1140;1;1;2;1;3;4;L'Etang de Gouyat;M;4546871;14827;160
2,016E+11;16;5;26;1100;1;2;1;1;6;20;rue barbecane;M;4527069;17121;160
2,016E+11;16;5;29;1530;1;1;1;1;6;34;Le Four à Chaux;M;4522596;3565;160
2,016E+11;16;6;9;2330;3;1;1;1;2;130;;M;4524941;12123;160
2,016E+11;16;6;15;1430;1;1;1;1;6;347;Bois de la Croix;M;4527787;11267;160
2,016E+11;16;7;21;1945;1;1;2;1;3;362;;M;4538258;24963;160
2,016E+11;16;9;26;915;1;1;1;1;1;230;Saint Aubin;M;4540680;13735;160
2,016E+11;16;12;7;2115;3;1;1;1;7;328;Chez Mestraud;M;4536341;10562;160
2,016E+11;16;9;22;1400;1;2;1;1;2;97;;M;4573341;-35522;160
2,016E+11;16;10;31;1750;2;2;2;1;2;58;Route des tuileries;M;4572093;-30151;160
2,016E+11;16;3;21;1200;1;1;1;1;4;53;Les Bises Moyennes;M;4533201;-22311;160
2,016E+11;16;7;1;1630;1;1;1;1;4;28;Les Janaux;M;4544664;-16949;160
2,016E+11;16;8;8;245;3;1;1;1;6;28;chez Gaschet;M;4547396;-13260;160
2,016E+11;16;9;28;1215;1;1;2;1;3;303;Chez Godin;M;4546641;-8723;160
2,016E+11;16;10;26;845;1;1;1;5;6;66;Cosse;M;4532983;-3189;160
2,016E+11;16;4;15;730;2;2;8;2;2;202;42 avenue carnot;M;4567165;-17890;160
2,016E+11;16;12;6;745;2;1;1;1;4;150;Zone du Placin;M;4567686;-27665;160
2,016E+11;16;1;27;1545;1;1;1;1;1;131;Les Reclaux;M;4601088;71588;160
2,016E+11;16;2;14;630;3;1;1;3;1;106;La Rochelel;M;4603946;65861;160
2,016E+11;16;6;11;715;1;2;1;1;6;70;route d'Angoulême;M;4587400;20468;160
2,016E+11;16;6;28;2245;3;1;1;1;6;363;;M;4596026;77268;160
2,016E+11;16;8;4;1215;1;1;1;2;6;270;Les Gouttes;M;4583796;73492;160
2,016E+11;16;9;23;1415;1;1;1;1;6;65;La Folie;M;4607874;75316;160
2,016E+11;16;10;22;1145;1;2;1;1;6;376;le bourg;M;4584615;64100;160
2,016E+11;16;11;14;1715;2;1;1;5;1;70;La Grêne;M;4586883;71093;160
2,016E+11;16;11;19;1700;2;1;1;1;6;181;;M;4506533;68249;160
2,016E+11;16;12;3;2145;3;1;1;1;6;7;la Charbonnière;M;4600350;52467;160
2,016E+11;16;1;10;830;2;2;1;3;6;245;Fontafie;M;4586460;53848;160
2,016E+11;16;1;28;800;2;1;1;8;6;183;la Retordière;M;4579992;64133;160
2,016E+11;16;2;29;1100;1;2;2;1;3;85;;M;4583293;44963;160
2,016E+11;16;5;27;1800;1;1;2;1;3;192;Les Trois Chênes;M;4593641;53681;160
2,016E+11;16;7;19;1700;1;1;1;7;1;308;La Châtaigneraie;M;4587742;46890;160
2,016E+11;16;8;3;1845;1;1;1;1;1;245;Les Landes;M;4586847;52829;160
2,016E+11;16;9;24;1030;1;2;1;1;1;245;Fontafie;M;4586459;53825;160
2,016E+11;16;12;6;1815;3;1;1;1;6;245;Le Mas David;M;4587058;52179;160
2,016E+11;16;12;13;1730;2;2;3;1;3;192;rue Nationale;M;4588392;57450;160
2,016E+11;16;2;6;1430;1;2;1;1;6;292;42 route d'Aigre;M;4602197;19103;160
2,016E+11;16;2;24;1200;1;1;1;1;1;104;Bec de Grole;M;4602729;23538;160
2,016E+11;16;4;21;1500;1;1;1;1;2;400;La Croix d'Ebaupin;M;4598307;67571;160
2,016E+11;16;9;5;1035;1;1;1;1;6;292;Bretelle de sortie éch n;M;4604636;19506;160
2,016E+11;16;5;20;500;3;1;6;1;6;138;Giratoire de la Barque;M;4565059;9936;160
2,016E+11;16;12;10;315;3;1;1;1;5;163;la Combe Maurin;M;4567148;-868;160
2,016E+11;16;12;18;1100;1;1;1;1;6;187;rue la Mairie;M;4564825;7095;160
2,016E+11;16;4;19;1715;1;2;1;1;1;393;Le Portal;M;4576393;11297;160
2,016E+11;16;12;19;1545;1;1;1;1;6;296;Le Bois du mas;M;4585742;29541;160
2,016E+11;16;3;20;945;1;1;2;2;3;280;Monthézard;M;4576373;36821;160
2,016E+11;16;5;31;845;1;1;2;2;1;425;;M;4574512;44300;160
2,016E+11;16;7;1;2115;2;1;1;1;6;250;Puymiraud;M;4569774;49053;160
2,016E+11;16;9;2;1930;3;1;1;1;1;55;Chez Chagnaud;M;4561374;31586;160
2,016E+11;16;9;21;1030;1;1;2;1;3;379;La Bourdelière;M;4557048;44127;160
2,016E+11;16;9;25;1815;1;2;1;1;6;93;Route de Marthon;M;4564400;37085;160
2,016E+11;16;9;23;1600;1;1;3;1;2;421;Les Borderies;M;4567700;-46916;160
2,016E+11;16;11;24;1800;3;1;1;1;7;379;Les Barres;M;4576691;39790;160
2,016E+11;16;8;18;1545;1;1;1;1;6;409;les Penelles;M;4602381;9007;160
2,016E+11;16;5;12;1545;1;2;1;1;3;10;rue albert denis;M;4610497;-109991;170
2,016E+11;16;7;12;1900;1;1;1;1;1;109;;M;4614868;-105154;170
2,016E+11;16;5;27;1945;1;2;3;1;1;59;Rue de la gachetterie;M;4616422;-102658;170
2,016E+11;16;1;2;2045;3;1;1;3;1;218;;M;4634685;-99734;170
2,016E+11;16;1;27;330;3;1;1;2;2;466;;M;4621572;-98485;170
2,016E+11;16;2;22;1530;1;1;1;1;6;349;;M;4628620;-84627;170
2,016E+11;16;3;5;1130;1;1;1;1;2;322;;M;4625512;-84205;170
2,016E+11;16;3;19;45;3;1;1;1;6;303;;M;4628315;-78476;170
2,016E+11;16;3;18;2115;3;1;1;1;6;132;;M;4620604;-72871;170
2,016E+11;16;6;19;845;1;1;1;1;1;91;;M;4627364;-106789;170
2,016E+11;16;7;29;1645;1;1;1;1;6;8;;M;4626376;-100884;170
2,016E+11;16;11;26;1645;1;1;1;7;2;349;;M;4625717;-88210;170
2,016E+11;16;1;23;1145;1;1;1;1;1;360;;M;4616667;-132442;170
2,016E+11;16;2;8;1145;1;1;1;1;2;121;;M;4620225;-145119;170
2,016E+11;16;5;5;1730;1;2;1;1;4;297;AVENUE DE LA CORNICHE;M;4615881;-127001;170
2,016E+11;16;5;27;1630;1;1;1;1;6;19;;M;4620186;-150915;170
2,016E+11;16;7;9;945;1;1;2;1;3;51;;M;4619136;-136795;170