Num_Acc;an;mois;jour;hrmn;lum;agg;int;atm;col;com;adr;gps;lat;long;dep
2,016E+11;16;7;21;1730;1;2;6;1;3;51;rue de la glacière;M;4618350;-139702;170
2,016E+11;16;8;23;415;2;1;1;1;6;121;;M;4620213;-145035;170
2,016E+11;16;8;30;645;2;2;1;1;1;297;AVENUE DES DUNES;M;4615829;-126519;170
2,016E+11;16;8;28;1745;1;1;1;1;1;121;;M;4620370;-146379;170
2,016E+11;16;10;28;1415;1;2;6;1;3;369;rue des salieres;M;4619707;-135515;170
2,016E+11;16;11;2;1745;1;1;3;1;3;297;;M;4616081;-126200;170
2,016E+11;16;11;30;1130;1;2;1;1;6;161;rue de l'église;M;4618792;-132847;170
2,016E+11;16;1;10;1815;3;1;1;3;6;454;;M;4536047;-43191;170
2,016E+11;16;2;29;1745;1;1;1;1;7;270;;M;4539577;-40730;170
2,016E+11;16;4;21;330;4;1;1;1;6;316;;M;4544343;-29644;170
2,016E+11;16;4;24;1945;1;2;1;2;1;197;Rue de la Frémigère;M;4543586;-43634;170
2,016E+11;16;7;15;1200;1;1;1;1;7;468;;M;4534185;-34139;170
2,016E+11;16;7;26;1445;1;2;1;1;3;197;32 rue saint gervais;M;4544511;-43619;170
2,016E+11;16;11;3;1115;1;2;1;1;6;197;12 avenue Gambetta;M;4544449;-43876;170
2,016E+11;16;12;28;1700;1;1;1;1;2;339;;M;4547117;-43488;170
2,016E+11;16;1;13;1845;3;1;1;2;3;187;;M;4545662;-51140;170
2,016E+11;16;1;25;1045;1;1;1;1;1;325;;M;4543850;-70276;170
2,016E+11;16;2;9;1430;1;1;1;1;7;317;;M;4543833;-67308;170
2,016E+11;16;9;27;1015;1;1;2;1;1;111;;M;4547273;-54710;170
2,016E+11;16;12;22;1730;5;2;2;3;3;331;75 avenue de saintes;M;4548971;-56602;170
2,016E+11;16;6;25;2000;2;1;3;1;3;99;;M;4526708;-34409;170
2,016E+11;16;6;29;2030;1;1;1;1;2;454;;M;4535795;-43137;170
2,016E+11;16;9;5;1630;1;2;1;1;6;240;avenue sulz am neckar;M;4528152;-39479;170
2,016E+11;16;9;24;1415;1;1;1;1;1;454;;M;4536104;-43224;170
2,016E+11;16;2;5;1730;1;2;1;1;1;241;RUE DE LA FONTAINE;M;4522034;-17956;170
2,016E+11;16;3;11;1245;1;1;1;1;1;365;;M;4523547;-19660;170
2,016E+11;16;4;24;1645;1;1;1;1;6;241;;M;4519545;-16254;170
2,016E+11;16;8;9;1800;1;2;7;1;6;309;Place de la victoire;M;4515782;-1127;170
2,016E+11;16;8;10;1000;1;1;2;1;3;77;;M;4514205;-21224;170
2,016E+11;16;8;26;1545;1;1;3;1;3;365;;M;4522955;-19416;170
2,016E+11;16;8;4;1700;1;2;9;2;6;309;rue Georges Clemenceau;M;4515724;-420;170
2,016E+11;16;10;8;1930;3;1;2;1;2;365;;M;4522360;-20358;170
2,016E+11;16;1;14;900;1;1;1;2;1;185;;M;4574017;-98316;170
2,016E+11;16;2;10;1630;1;1;1;1;7;219;;M;4584004;-108999;170
2,016E+11;16;3;16;1045;1;1;1;1;1;351;;M;4582280;-106953;170
2,016E+11;16;3;26;1730;1;1;1;1;6;189;;M;4585148;-105323;170
2,016E+11;16;8;6;1515;1;1;1;1;1;58;;M;4584553;-112838;170
2,016E+11;16;8;23;1730;1;1;1;1;5;219;;M;4580604;-113199;170
2,016E+11;16;10;15;915;1;2;1;1;3;219;16 avenue du Maréchal Le;M;4582057;-109947;170
2,016E+11;16;11;2;2030;3;2;3;1;3;219;RD 728;M;4582663;-109267;170
2,016E+11;16;10;30;1900;3;1;1;1;1;351;;M;4582126;-108435;170
2,016E+11;16;9;25;2115;5;1;6;1;1;140;;M;4590260;-125233;170
2,016E+11;16;3;17;2345;3;1;1;2;6;308;;M;4584639;-95281;170
2,016E+11;16;4;11;2200;3;1;1;1;6;484;Route des Claires;M;4593076;-107258;170
2,016E+11;16;6;10;1530;1;2;2;2;3;308;d733e2;M;4587139;-96009;170
2,016E+11;16;7;15;1745;1;1;2;1;3;308;;M;4593183;-103306;170
2,016E+11;16;9;17;1900;1;1;2;1;1;83;;M;4586025;-91358;170
2,016E+11;16;10;30;1900;2;1;1;1;5;429;;M;4591596;-99459;170
2,016E+11;16;2;7;1045;1;1;1;1;1;385;;M;4592268;-129935;170
2,016E+11;16;4;22;1515;1;1;2;1;1;385;;M;4592744;-128432;170
2,016E+11;16;6;22;915;1;1;2;1;3;385;Route de Mouleron;M;4592269;-129934;170
2,016E+11;16;6;28;2000;1;2;1;1;7;385;100 rue de la république;M;4594483;-130518;170
2,016E+11;16;8;7;1730;1;1;1;1;1;486;;M;4599815;-136465;170
2,016E+11;16;8;11;700;2;1;1;1;7;337;;M;4597436;-130174;170
2,016E+11;16;9;1;615;3;1;2;5;1;385;;M;4596228;-132151;170
2,016E+11;16;9;6;1400;1;1;3;1;3;93;;M;4586566;-120066;170
2,016E+11;16;10;29;1030;1;1;1;1;1;385;;M;4595768;-133891;170
2,016E+11;16;1;13;1900;3;2;1;1;6;452;92 AV GENERAL DE GAULLE;M;4578274;-115614;170
2,016E+11;16;4;14;2300;5;2;6;2;7;409;route departemental 733;M;4566133;-101768;170
2,016E+11;16;5;1;300;3;1;3;1;3;79;RD 14;M;4571436;-106763;170
2,016E+11;16;5;1;1330;1;2;1;1;3;225;avenue de la palmyre;M;4571515;-115543;170
2,016E+11;16;5;14;1830;1;1;1;1;7;311;;M;4569968;-111242;170
2,016E+11;16;5;28;1715;1;1;1;2;6;452;;M;4572278;-122738;170
2,016E+11;16;5;29;1545;1;1;1;1;6;155;;M;4571774;-110546;170
2,016E+11;16;7;19;1200;1;2;2;1;2;21;rue des justices;M;4575421;-114051;170
2,016E+11;16;8;3;2100;2;2;5;1;3;21;AVENUE DE LA PRESQU'ILE;M;4573731;-110827;170
2,016E+11;16;10;29;1630;1;1;1;1;1;452;;M;4579085;-118282;170
2,016E+11;16;11;30;1545;1;2;1;1;3;64;rue du centre;M;4569064;-105489;170
2,016E+11;16;12;9;515;3;1;1;1;6;64;;M;4570996;-106439;170
2,016E+11;16;4;7;2215;3;1;1;1;7;320;;M;4595917;-79898;170
2,016E+11;16;4;17;1715;1;1;1;1;6;353;;M;4599996;-102620;170
2,016E+11;16;12;3;1830;3;1;2;1;2;320;;M;4596069;-78066;170
2,016E+11;16;12;17;1815;5;2;1;1;6;216;40 GRAND RUE;M;4596114;-82304;170
2,016E+11;16;12;29;1715;1;1;1;1;7;75;;M;4593170;-85475;170
2,016E+11;16;2;1;1125;1;2;1;2;3;434;RD 939   BIS;M;4611318;-76173;170
2,016E+11;16;3;18;1415;1;1;1;1;5;338;;M;4615198;-71269;170
2,016E+11;16;5;16;2115;3;1;1;1;7;203;;M;4607176;-90176;170
2,016E+11;16;8;10;130;4;2;1;1;3;340;Les Ances;M;4606552;-79416;170
2,016E+11;16;8;26;1045;1;1;2;1;3;57;;M;4614361;-85646;170
2,016E+11;16;9;6;2215;3;1;1;1;6;359;;M;4609785;-72832;170
2,016E+11;16;9;9;1815;1;1;9;1;2;394;;M;4612156;-65870;170
2,016E+11;16;10;10;1530;1;2;6;2;6;434;12 rue jean philippe RAM;M;4611025;-74029;170
2,016E+11;16;10;22;215;5;2;1;1;6;434;Rue faubourg st gilles;M;4610224;-73846;170
2,016E+11;16;1;1;2000;3;1;1;8;1;275;;M;4571987;-73878;170
2,016E+11;16;1;28;830;1;1;1;1;3;336;;M;4577415;-72429;170
2,016E+11;16;2;15;845;1;1;1;7;6;128;;M;4570114;-54921;170
2,016E+11;16;3;14;1215;1;1;1;1;1;164;;M;4577366;-56855;170
2,016E+11;16;3;18;1415;1;1;1;1;2;86;;M;4571603;-55285;170
2,016E+11;16;3;27;700;2;1;1;2;6;415;;M;4573210;-60727;170
2,016E+11;16;4;25;1745;1;1;2;1;3;336;;M;4576744;-71253;170
2,016E+11;16;6;23;100;3;1;2;1;3;191;;M;4564060;-57976;170
2,016E+11;16;6;26;1500;1;1;1;1;1;336;;M;4578162;-70809;170
2,016E+11;16;8;25;1600;1;1;1;1;1;336;;M;4576706;-66744;170
2,016E+11;16;12;7;1715;2;1;2;1;1;86;;M;4574552;-57333;170
2,016E+11;16;12;29;1830;3;1;2;5;5;395;;M;4571856;-49485;170
2,016E+11;16;2;3;1615;1;1;1;1;6;404;;M;4561354;-66349;170
2,016E+11;16;2;3;2045;5;2;1;1;6;15;Allée des Tournesols;M;4555477;-86037;170
2,016E+11;16;2;18;1845;2;1;2;1;3;131;;M;4557926;-79344;170
2,016E+11;16;3;2;1130;1;1;1;2;1;183;;M;4561398;-83279;170
2,016E+11;16;7;24;1930;1;2;1;1;6;230;boulevard de la forêt;M;4556288;-96735;170
2,016E+11;16;8;13;1400;1;1;1;1;7;425;;M;4559794;-95653;170
2,016E+11;16;9;24;2030;5;2;2;1;3;230;boulevard des marais;M;4556508;-95677;170
2,016E+11;16;10;7;1800;1;1;2;1;3;469;;M;4559635;-62282;170
2,016E+11;16;11;2;1800;3;1;3;1;3;196;;M;4557084;-64773;170
2,016E+11;16;11;26;1800;5;2;1;1;6;133;6 rue du Jardin Public;M;4559644;-71233;170
2,016E+11;16;5;21;1600;1;2;1;1;1;418;rue la petite campagne;M;4567206;-43075;170
2,016E+11;16;6;20;1900;1;1;1;1;7;242;;M;4564938;-52544;170
2,016E+11;16;7;9;1015;1;2;3;1;3;283;LES ROCHES D249;M;4556270;-54163;170
2,016E+11;16;7;12;830;1;1;7;1;6;242;;M;4564865;-50304;170
2,016E+11;16;10;1;1400;1;1;3;1;3;354;;M;4561681;-56513;170
2,016E+11;16;11;3;1100;1;1;8;1;3;283;;M;4556919;-54440;170
2,016E+11;16;1;6;1045;1;1;1;2;3;330;;M;4578600;-88300;170
2,016E+11;16;4;14;1015;1;1;4;1;3;120;;M;4573219;-81697;170
2,016E+11;16;6;10;1200;1;1;1;1;1;330;;M;4578135;-88395;170
2,016E+11;16;6;29;2245;5;2;3;1;6;455;rue du pont;M;4588276;-81508;170
2,016E+11;16;7;23;1630;1;1;1;1;3;171;;M;4585400;-78051;170
2,016E+11;16;10;16;445;3;1;1;1;6;262;;M;4574157;-73356;170
2,016E+11;16;5;20;1500;1;2;3;1;3;421;Route de l'Eguille;M;4567736;-94927;170
2,016E+11;16;6;14;1730;1;1;1;1;1;228;;M;4564866;-95626;170
2,016E+11;16;7;10;1045;1;1;2;1;3;232;;M;4566200;-84201;170
2,016E+11;16;9;6;330;3;1;9;1;7;393;;M;4566601;-88830;170
2,016E+11;16;9;19;1615;1;2;1;1;6;421;rue pierre de campet;M;4567442;-92629;170
2,016E+11;16;10;26;815;2;1;1;1;1;307;;M;4570208;-92384;170
2,016E+11;16;12;1;1615;1;2;1;1;6;228;route de Royan;M;4564080;-96867;170
2,016E+11;16;2;8;715;2;2;1;1;6;347;rue élysée loustalot;M;4594710;-52466;170
2,016E+11;16;3;5;130;5;1;1;2;6;226;;M;4593590;-53532;170
2,016E+11;16;3;20;1300;1;1;1;1;3;465;;M;4595794;-54214;170
2,016E+11;16;4;7;800;1;1;2;1;3;12;;M;4600528;-71249;170
2,016E+11;16;5;14;1715;1;1;1;1;7;277;;M;4600721;-51027;170
2,016E+11;16;5;25;2015;1;1;1;7;1;53;;M;4588759;-77733;170
2,016E+11;16;9;11;845;1;1;1;1;1;347;;M;4594226;-48969;170
2,016E+11;16;9;15;1830;1;1;1;1;3;150;;M;4597621;-43336;170
2,016E+11;16;11;5;1600;1;1;1;1;1;347;;M;4593639;-52379;170
2,016E+11;16;11;12;1515;1;1;1;2;7;459;;M;4593067;-47139;170
2,016E+11;16;12;4;930;1;1;2;1;3;181;;M;4586903;-60356;170
2,016E+11;16;12;11;2000;3;1;1;2;6;436;;M;4584672;-65596;170
2,016E+11;16;3;3;900;1;1;1;1;1;211;;M;4605441;-50969;170
2,016E+11;16;3;13;1430;1;2;1;1;7;383;Rue de l'Abbaye;M;4593958;-39099;170
2,016E+11;16;12;6;1500;1;1;2;1;3;367;;M;4592398;-34008;170
2,016E+11;16;1;9;1445;1;1;1;1;6;224;;M;4584597;-30963;170
2,016E+11;16;2;18;1500;1;1;2;2;5;147;;M;4583388;-49315;170
2,016E+11;16;7;3;1630;1;1;2;1;3;188;;M;4587282;-25987;170
2,016E+11;16;11;6;1030;1;2;1;1;2;451;D131E2;M;4590243;-26685;170
2,016E+11;16;12;10;1145;1;2;1;1;6;70;87 avenue de Cognac;M;4582024;-47843;170
2,016E+11;16;12;10;1130;1;2;1;1;6;188;9 rue de la ferronerie;M;4586719;-25878;170
2,016E+11;16;12;14;1615;1;1;1;1;1;427;;M;4586890;-19487;170
2,016E+11;16;12;8;2000;3;1;1;1;2;22;;M;4590698;-52393;170
2,016E+11;16;10;29;1158;1;1;4;1;3;66;;M;4647390;-36270;790
2,016E+11;16;7;12;1900;1;2;1;1;1;48;154 AVENUE DE PARIS;M;4636729;-29253;790
2,016E+11;16;7;12;1915;1;1;4;1;3;316;ROUTE DE L'ATLANTIQUE;M;4642207;-10687;790
2,016E+11;16;8;9;1200;1;2;6;1;6;270;rond point de la medaill;M;4641499;-20106;790
2,016E+11;16;8;21;345;3;1;1;1;6;302;"LD ""SAUGE""";M;4643912;-20172;790
2,016E+11;16;9;5;1300;1;1;1;1;5;48;;M;4634839;-35083;790
2,016E+11;16;9;28;2230;5;1;1;1;6;48;"LD ""KADORE""";M;4639069;-25939;790
2,016E+11;16;12;18;1805;4;2;1;5;6;48;ROUTE DE TRESSAUVE;M;4635832;-29706;790
2,016E+11;16;1;30;1845;3;1;1;2;2;49;;M;4679719;-51517;790
2,016E+11;16;3;4;330;3;1;1;3;6;49;;M;4685854;-50753;790
2,016E+11;16;4;22;545;2;1;1;2;7;38;ROUTE DE CLESSE;M;4676559;-43099;790
2,016E+11;16;5;1;1515;1;2;1;1;6;49;8 IMPASSE DE LA VERSENNE;M;4683058;-48918;790
2,016E+11;16;8;18;1500;1;1;3;1;2;88;;M;4681812;-40402;790
2,016E+11;16;9;23;1515;1;1;1;1;6;88;"LD ""LA TOUPETIERE""";M;4682263;-28325;790
2,016E+11;16;12;18;1915;3;1;1;5;4;49;;M;4683992;-46413;790
2,016E+11;16;6;19;345;3;1;1;1;7;50;;M;4686638;-61052;790
2,016E+11;16;7;3;1730;1;1;1;1;6;53;;M;4699210;-44697;790
2,016E+11;16;7;23;1715;1;1;1;1;3;267;;M;4650716;-23191;790
2,016E+11;16;2;22;715;2;1;1;5;6;177;;M;4580850;109399;870
2,016E+11;16;3;18;1345;1;1;1;1;3;202;;M;4588230;109699;870
2,016E+11;16;3;18;1815;1;1;3;1;1;38;;M;4590210;125234;870
2,016E+11;16;4;3;630;2;1;2;1;3;107;;M;4593640;118658;870
2,016E+11;16;5;5;1630;1;1;1;1;1;202;;M;4589210;105699;870
2,016E+11;16;5;5;1415;1;1;1;1;5;107;;M;4592720;119674;870
2,016E+11;16;6;3;1715;1;1;1;1;6;107;;M;4591700;119600;870
2,016E+11;16;7;14;1715;1;1;2;1;3;1;;M;4574690;111126;870
2,016E+11;16;7;25;1330;1;1;2;1;3;202;;M;4590280;109987;870
2,016E+11;16;8;4;1045;1;1;1;1;5;1;;M;4578560;111125;870
2,016E+11;16;9;22;1530;1;1;1;1;6;85;;M;4583810;118831;870
2,016E+11;16;10;4;745;2;1;3;1;3;152;;M;4595980;117041;870
2,016E+11;16;12;4;2000;5;2;1;1;7;152;16 RUE DU STADE;M;4595820;120577;870
2,016E+11;16;1;14;715;3;1;1;2;3;157;;M;4598870;147454;870
2,016E+11;16;2;10;1015;1;1;1;1;1;20;;M;4595620;131886;870
2,016E+11;16;6;2;700;1;1;1;2;1;125;;M;4590380;132413;870
2,016E+11;16;7;9;445;4;1;1;1;1;2;;M;4596440;141304;870
2,016E+11;16;5;4;2115;1;2;1;1;6;40;CHATEANUEUF LA FORET;M;4571260;160353;870
2,016E+11;16;5;10;1945;1;1;1;1;6;105;;M;4575250;159571;870
2,016E+11;16;8;8;2345;3;1;1;1;6;104;;M;4571640;180743;870
2,016E+11;16;8;30;415;3;1;1;1;7;40;VAUX;M;4569560;158371;870
2,016E+11;16;9;9;630;3;1;1;1;6;117;;M;4580900;181365;870
2,016E+11;16;10;12;1115;1;1;3;1;5;107;;M;4592720;119673;870
2,016E+11;16;2;1;745;2;2;1;2;6;161;AVENUE DU CHAMP DE MARS;M;4583730;149146;870
2,016E+11;16;3;6;145;5;2;1;2;6;129;;M;4584870;142870;870
2,016E+11;16;6;3;1145;1;1;1;8;1;167;;M;4591690;145101;870
2,016E+11;16;8;27;2200;5;1;1;1;6;161;;M;4584600;145787;870
2,016E+11;16;2;4;1030;1;1;1;1;6;31;;M;4555670;112523;870
2,016E+11;16;3;7;1345;1;1;1;1;1;187;;M;4552000;117164;870
2,016E+11;16;5;18;1600;1;2;1;1;6;187;63 E REGIMENT;;;;870
2,016E+11;16;5;29;1445;1;1;1;2;1;82;;M;4555740;109075;870
2,016E+11;16;6;7;2330;3;1;1;1;6;112;;M;4565990;103255;870
2,016E+11;16;6;19;1600;1;2;1;1;6;187;AVENUE CHARLES DE GAULLE;M;4552230;120914;870
2,016E+11;16;7;6;2200;5;2;1;1;6;187;AVENUE GUTENBERG N° 14;M;4551390;120561;870
2,016E+11;16;8;10;1200;1;1;9;1;2;77;;M;4565450;122322;870
2,016E+11;16;12;1;530;3;1;1;1;1;187;;M;4552740;120985;870
2,016E+11;16;5;28;1530;1;1;1;2;6;109;;M;4622090;101706;870
2,016E+11;16;8;15;1145;1;1;1;1;1;116;;M;4614620;106777;870
2,016E+11;16;9;15;1245;1;2;7;1;7;11;7 AVENUE JEAN JAURES;M;4612220;104848;870
2,016E+11;16;1;24;1600;1;1;1;1;6;197;LE CLUZEAUD;;;;870
2,016E+11;16;11;11;515;3;1;1;2;6;121;;M;4614520;120547;870
2,016E+11;16;12;5;1445;1;2;3;1;3;14;AVENUE DE LA LIBÉRATION;M;4610650;136660;870
2,016E+11;16;3;22;1715;1;1;1;1;6;41;;M;4616770;126102;870
2,016E+11;16;10;25;1715;1;1;1;1;1;160;;M;4628330;125270;870
2,016E+11;16;12;17;1530;1;1;1;1;2;6;;M;4633100;110636;870
2,016E+11;16;1;23;930;1;1;1;2;7;185;;;;;870
2,016E+11;16;3;4;1415;1;2;1;3;3;154;BOULEVARD CACHIN;M;4588650;90425;870
2,016E+11;16;4;19;1115;1;2;3;1;3;131;AVENUE JEAN MOULIN;M;4587300;82998;870
2,016E+11;16;8;6;2015;1;2;1;1;6;154;AVENUE ORADOUR SUR GLANE;M;4589460;91074;870
2,016E+11;16;8;17;2200;3;1;1;1;6;154;;M;4590000;85817;870
2,016E+11;16;10;3;1915;1;1;1;1;6;126;;M;4583260;85716;870
2,016E+11;16;3;11;1745;1;1;1;1;6;189;;M;4573630;70485;870
2,016E+11;16;3;25;330;3;1;1;1;6;191;;M;4578190;110423;870
2,016E+11;16;5;17;400;3;1;1;1;6;191;;M;4577470;108720;870
2,016E+11;16;11;30;700;3;1;1;1;1;27;;M;4563180;101135;870
2,016E+11;16;1;7;1045;1;1;1;3;1;146;;M;0;0;190
2,016E+11;16;4;2;1530;1;1;1;1;1;203;;M;4524000;173800;190
2,016E+11;16;4;10;2115;3;1;1;1;7;211;;M;0;0;190
2,016E+11;16;8;22;1200;1;1;1;1;5;203;;M;4536500;128000;190
2,016E+11;16;9;16;1815;1;1;1;2;1;101;;M;0;0;190
2,016E+11;16;10;15;1930;3;1;1;1;6;140;;M;4508900;190000;190
2,016E+11;16;3;31;1715;1;1;1;8;3;181;;M;4542400;188800;190
2,016E+11;16;4;23;1800;1;1;1;2;6;145;;M;4537000;207799;190
2,016E+11;16;7;28;1715;1;1;1;1;6;62;;M;4537300;185500;190
2,016E+11;16;7;22;2245;3;1;1;1;7;125;;M;4527600;199600;190
2,016E+11;16;7;23;1715;1;1;1;1;6;231;;M;4526500;199800;190
2,016E+11;16;2;21;700;2;1;1;5;1;213;;M;4538600;167200;190
2,016E+11;16;8;14;1200;1;1;1;1;7;76;;M;4541900;159000;190
2,016E+11;16;8;29;1815;1;1;1;1;1;1;;M;4552900;178700;190
2,016E+11;16;1;9;1245;1;1;1;2;1;123;;M;0;0;190
2,016E+11;16;2;4;2015;3;1;1;2;3;63;;M;4510500;158400;190
2,016E+11;16;2;15;1545;1;1;1;4;1;107;;M;4510200;139400;190
2,016E+11;16;2;21;2000;5;2;1;1;6;123;rue pasteur;M;0;0;190
2,016E+11;16;8;18;2000;1;1;1;1;6;43;;M;4515400;163800;190
2,016E+11;16;9;14;800;1;1;1;2;6;93;;M;0;0;190
2,016E+11;16;11;2;1345;1;1;1;1;6;63;;M;4514700;157800;190
2,016E+11;16;5;10;1830;1;1;1;1;7;23;;M;4513900;176800;190
2,016E+11;16;11;18;1700;2;1;1;1;6;119;;M;4507200;179000;190
2,016E+11;16;1;12;1330;1;1;1;4;1;5;;M;4524600;141900;190
2,016E+11;16;4;27;930;1;1;1;1;7;72;;M;4518700;149700;190
2,016E+11;16;5;19;1315;1;1;1;1;6;72;;M;4524000;150100;190
2,016E+11;16;9;10;2000;1;1;1;1;3;246;;M;0;0;190
2,016E+11;16;9;14;2000;3;1;1;3;7;202;;M;0;0;190
2,016E+11;16;1;14;15;3;1;1;1;6;154;;M;4533600;145900;190
2,016E+11;16;8;9;1030;1;1;1;1;1;121;;M;4545600;144800;190
2,016E+11;16;9;19;1400;1;1;1;1;1;121;;M;0;0;190
2,016E+11;16;8;21;45;5;2;1;1;1;153;;M;4527000;140700;190
2,016E+11;16;8;30;545;3;1;1;1;7;35;;M;4531900;131600;190
2,016E+11;16;9;1;730;1;1;1;1;6;187;;M;4530100;137400;190
2,016E+11;16;8;2;1730;1;1;1;1;7;64;;M;0;0;190
2,016E+11;16;5;7;1030;1;1;1;1;7;28;;M;0;0;190
2,016E+11;16;6;8;1930;1;1;1;1;6;175;;M;0;0;190
2,016E+11;16;1;2;1000;1;1;1;2;6;74;;M;4566900;180700;190
2,016E+11;16;6;23;500;3;1;1;1;6;8;;M;0;0;190
2,016E+11;16;8;7;200;3;1;1;1;6;136;;M;4552100;214600;190
2,016E+11;16;12;10;930;1;2;1;1;6;33;;M;4559600;193100;190
2,016E+11;16;6;21;2300;4;2;1;1;3;44;route de la Marche;M;4635630;177494;230
2,016E+11;16;7;13;1130;1;1;1;1;7;41;;M;4640654;201657;230
2,016E+11;16;5;15;1945;1;1;1;1;6;57;;M;4625138;204118;230
2,016E+11;16;6;26;1715;1;1;1;1;6;203;;M;4613285;246192;230
2,016E+11;16;9;5;1345;1;1;1;1;1;93;;M;0;0;230
2,016E+11;16;2;24;1600;1;1;1;2;6;177;;M;4629258;152767;230
2,016E+11;16;3;15;1730;1;1;1;7;2;177;;M;4627489;146897;230
2,016E+11;16;5;6;2015;2;1;1;1;6;235;;M;4620340;154362;230
2,016E+11;16;6;23;745;1;1;1;1;3;95;;M;4616825;169158;230
2,016E+11;16;6;25;1130;1;1;1;1;1;207;;M;4626930;156164;230
2,016E+11;16;7;4;1530;1;1;1;1;4;219;;M;4621301;140809;230
2,016E+11;16;7;31;1545;1;1;1;1;6;18;;M;4633283;153694;230
2,016E+11;16;9;9;1830;1;2;1;1;1;176;Avenue Jean JAURES;M;4623712;147963;230
2,016E+11;16;2;3;1430;1;1;1;8;1;187;;M;4612612;213732;230
2,016E+11;16;9;6;1715;1;1;2;1;3;214;;M;4604121;209148;230
2,016E+11;16;2;27;1445;1;1;1;1;6;164;;M;4606411;250063;230
2,016E+11;16;12;25;1753;3;1;1;1;1;125;le puy de la coulliere;M;4573055;220200;230
2,016E+11;16;5;14;600;2;1;1;8;6;126;;M;4598346;176608;230
2,016E+11;16;5;23;915;1;2;1;8;1;21;rue du montlery;M;4611632;163836;230
2,016E+11;16;1;18;1630;1;1;1;3;1;445;;M;4357499;154877;310
2,016E+11;16;3;23;1345;1;2;1;7;7;271;;M;0;0;310
2,016E+11;16;3;30;1715;1;1;3;1;3;3;;M;0;0;310
2,016E+11;16;4;16;1115;1;1;4;7;5;271;hameau de st anatoly;M;4357487;169224;310
2,016E+11;16;5;17;1930;1;1;1;1;6;184;;M;0;0;310
2,016E+11;16;7;16;1045;1;2;6;1;3;44;route de castres;M;4358831;151724;310
2,016E+11;16;8;17;1345;1;2;8;1;5;389;CHEMIN DE SAINT JEAN;M;4364518;153197;310
2,016E+11;16;10;2;915;1;1;1;1;6;228;;M;0;0;310
2,016E+11;16;3;26;1800;1;2;1;1;1;113;70 rue des fontanelles;M;4352307;150654;310
2,016E+11;16;8;9;1030;1;2;1;1;6;113;2 avenue mendes france;M;4351856;150521;310
2,016E+11;16;1;20;1845;3;2;1;1;5;293;route de la plage -rd 63;M;4371007;138848;310
2,016E+11;16;1;1;1815;3;1;1;1;7;579;rte de la mouissagues;M;4374887;147399;310
2,016E+11;16;1;9;1700;1;1;1;1;7;79;route de fronton;M;4380888;140365;310
2,016E+11;16;2;13;200;3;1;1;2;6;584;;M;0;0;310
2,016E+11;16;4;11;1030;1;1;1;1;1;311;rte de bessières;M;4382498;152733;310
2,016E+11;16;6;5;915;1;1;1;1;3;118;route de fronton;M;4379122;135049;310
2,016E+11;16;8;18;1130;1;1;1;1;1;202;avenue de castelnau;M;4382679;138489;310
2,016E+11;16;9;15;1330;1;2;1;1;6;118;37 avenue de Montauban;M;4378560;135424;310
2,016E+11;16;9;28;1230;1;1;1;1;1;587;;M;0;0;310
2,016E+11;16;10;3;1815;1;1;1;1;3;202;;M;0;0;310
2,016E+11;16;1;8;1345;1;1;1;1;1;126;;M;0;0;310
2,016E+11;16;2;11;900;1;1;1;1;6;232;;M;0;0;310
2,016E+11;16;3;30;1400;1;1;2;1;3;93;D58/RTE GALEMBRUN;M;4376781;116329;310
2,016E+11;16;4;25;2245;3;1;1;1;6;232;route de saint caprais;M;0;0;310
2,016E+11;16;5;26;1645;1;1;1;1;2;403;route de grisolles;M;4379191;129715;310
2,016E+11;16;6;26;2345;3;1;1;1;3;232;;M;4377270;130042;310
2,016E+11;16;8;5;1915;1;1;2;1;3;341;RTE LARRA/RTE MONTAIGUT;M;0;0;310
2,016E+11;16;8;19;1845;1;1;1;1;6;164;;M;4375180;108975;310
2,016E+11;16;9;27;2345;3;1;1;1;6;160;;M;4371901;124892;310
2,016E+11;16;1;18;1815;5;2;1;2;1;297;Av de la Gare RN 224;M;4367100;120039;310
2,016E+11;16;1;14;915;1;2;6;1;3;417;rue principale;M;4361775;128330;310
2,016E+11;16;6;29;1200;1;1;1;1;3;417;;M;0;0;310
2,016E+11;16;7;27;845;1;1;6;1;3;291;;M;0;0;310
2,016E+11;16;8;21;700;1;2;1;1;6;291;ROUTE DE TOULOUSE;M;4360316;126131;310
2,016E+11;16;9;14;1030;1;1;1;2;6;417;;M;0;0;310
2,016E+11;16;10;7;2200;3;1;1;1;1;291;D37 Route de Fontenilles;M;4358013;121757;310