Num_Acc;an;mois;jour;hrmn;lum;agg;int;atm;col;com;adr;gps;lat;long;dep
2,016E+11;16;12;30;1610;1;2;7;5;6;738;RAOUL DAUTRY;M;4966438;328539;20
2,016E+11;16;1;29;957;1;1;2;8;5;59;D1032;;;;20
2,016E+11;16;1;30;805;1;1;1;2;5;212;D1032;M;0;0;20
2,016E+11;16;1;27;1200;1;2;3;1;6;738;3 avenue du gal de gaull;M;4965422;329308;20
2,016E+11;16;2;16;1230;1;2;1;1;6;59;52 rue de tergnier;M;4965863;334345;20
2,016E+11;16;6;6;1800;1;2;9;1;3;212;24, CHAUNY(ROUTE DE );M;4964824;327290;20
2,016E+11;16;6;29;1840;1;2;1;1;6;738;48, BRUNEHAUT (CHAUSSEE);M;4939591;316439;20
2,016E+11;16;7;10;1925;1;1;1;1;7;165;D 1044;M;4964533;339491;20
2,016E+11;16;7;11;2045;1;2;2;1;1;738;86, JEAN JAURES;M;4965695;330482;20
2,016E+11;16;8;20;1745;1;2;1;1;6;738;rue racine;M;4965506;328967;20
2,016E+11;16;10;29;925;1;2;3;1;1;738;;M;4965318;329249;20
2,016E+11;16;11;5;1459;1;2;7;7;6;738;1, PLACE LIONEL LEFEVRE;M;4965923;329741;20
2,016E+11;16;11;10;820;1;2;3;2;3;738;36 rue pasteur;M;4966957;330064;20
2,016E+11;16;3;12;1700;1;2;4;1;7;565;avenue juin 1940;M;4530266;562639;380
2,016E+11;16;4;30;1800;1;2;6;2;3;565;Route de lyon;M;4530835;562162;380
2,016E+11;16;6;11;1430;1;2;1;1;6;565;avenue du juin 1940;M;0;0;380
2,016E+11;16;6;14;915;1;1;1;2;6;565;avenue du juin 1940;M;4530273;562634;380
2,016E+11;16;7;3;1700;1;1;1;1;1;312;;M;4533774;566169;380
2,016E+11;16;7;9;315;4;2;1;1;6;61;Route de Grenoble;M;4532995;562101;380
2,016E+11;16;7;28;715;1;2;6;1;3;565;avenue de juin 1940;M;4529566;562890;380
2,016E+11;16;2;18;2145;3;1;1;1;1;413;;M;0;0;380
2,016E+11;16;5;6;1600;1;1;1;1;6;128;;M;4482291;595261;380
2,016E+11;16;5;6;1945;1;1;1;1;6;224;;M;0;0;380
2,016E+11;16;7;11;1945;1;1;1;1;1;266;;M;0;0;380
2,016E+11;16;9;30;1815;1;1;1;1;7;361;;M;0;0;380
2,016E+11;16;11;11;945;1;2;3;1;1;304;le collet D529;M;4494880;575787;380
2,016E+11;16;12;10;1900;5;2;3;1;1;269;av. dr Tagnard/zone com;M;4491015;579383;380
2,016E+11;16;7;31;945;1;1;1;1;6;424;;M;4476873;566261;380
2,016E+11;16;9;9;2330;3;1;1;1;6;321;;M;0;0;380
2,016E+11;16;9;11;1245;1;2;1;1;7;113;quartier de la gare;M;4482684;560879;380
2,016E+11;16;2;13;1115;1;2;1;1;6;562;7 rue casimir Perrier;M;0;0;380
2,016E+11;16;5;19;1545;1;1;1;2;5;445;;M;0;0;380
2,016E+11;16;7;1;1745;1;1;1;1;2;68;;M;4510402;571359;380
2,016E+11;16;7;12;1515;1;1;1;1;1;203;;M;0;0;380
2,016E+11;16;8;2;1730;1;1;1;1;5;364;;M;4505362;580600;380
2,016E+11;16;8;23;1930;2;1;1;1;6;364;;M;0;0;380
2,016E+11;16;9;5;1445;1;2;1;1;6;528;promenade de la mondee;M;4510888;580718;380
2,016E+11;16;9;28;1930;3;1;1;1;5;252;;M;4508273;574944;380
2,016E+11;16;9;30;1615;1;2;9;1;6;562;av m. thorez caserne;M;4508124;577154;380
2,016E+11;16;10;28;1915;5;2;2;1;3;562;route maquis oisans;M;4505945;576704;380
2,016E+11;16;11;11;1800;3;1;1;3;5;478;;M;0;0;380
2,016E+11;16;11;27;1200;1;1;1;1;2;68;;M;4512400;570000;380
2,016E+11;16;12;9;1530;1;2;1;1;6;528;RD 524;M;0;0;380
2,016E+11;16;1;3;1000;1;1;1;8;7;454;pont de beauvoir;M;4512569;532928;380
2,016E+11;16;1;12;2015;3;1;1;1;1;453;;M;4509968;530848;380
2,016E+11;16;1;25;745;2;1;3;1;3;36;;M;0;0;380
2,016E+11;16;3;5;2200;3;1;1;1;1;416;;M;0;0;380
2,016E+11;16;3;13;2315;3;2;6;1;6;409;D1522 - PK3+900;M;0;0;380
2,016E+11;16;3;13;1700;1;1;1;1;7;453;route des plans;M;4510580;532896;380
2,016E+11;16;3;30;1900;1;1;1;1;1;99;;M;4520106;529110;380
2,016E+11;16;8;16;1745;1;1;1;1;1;416;38160;M;4513348;532584;380
2,016E+11;16;8;30;745;1;1;2;1;3;95;;M;0;0;380
2,016E+11;16;8;30;915;1;2;1;7;6;416;AVENUE DE CHATTE;M;4514978;531139;380
2,016E+11;16;9;11;1445;1;2;1;1;6;359;avenue du 19 mars 1962;M;0;0;380
2,016E+11;16;9;26;715;1;1;1;1;2;410;route de romans;M;4507570;515812;380
2,016E+11;16;10;6;1030;1;1;1;1;7;95;lieu dit les boudillons;M;4513289;525484;380
2,016E+11;16;10;10;1910;1;2;6;1;3;95;les gameux giratoire ZI;M;4514383;530692;380
2,016E+11;16;10;19;1630;1;1;1;1;5;463;;M;4518922;534500;380
2,016E+11;16;11;19;630;3;1;1;1;1;463;route de varacieux;M;4518388;533912;380
2,016E+11;16;11;23;1815;5;2;6;1;7;454;route de Grenoble;M;4515835;533502;380
2,016E+11;16;11;16;1615;1;1;1;1;3;454;A. église /rte beauvoir;M;4514117;534667;380
2,016E+11;16;5;4;1530;1;1;1;1;5;457;;M;4534667;524548;380
2,016E+11;16;5;13;245;5;2;1;2;6;457;1057 grande rue;M;0;0;380
2,016E+11;16;6;14;1015;1;1;2;1;3;93;int ch de la plaine;M;4534313;521669;380
2,016E+11;16;9;23;1815;1;2;2;1;3;505;D157;M;4532600;513300;380
2,016E+11;16;9;28;1715;1;1;1;1;1;387;route de cours;M;4532311;534380;380
2,016E+11;16;3;22;1030;1;2;1;1;6;517;4 av de la contamine;M;4529801;548760;380
2,016E+11;16;3;29;830;1;1;1;1;6;275;;M;4525553;538109;380
2,016E+11;16;5;25;1630;1;1;1;1;1;338;;M;0;0;380
2,016E+11;16;6;3;1000;1;1;1;1;1;4;;M;4523178;544313;380
2,016E+11;16;8;8;1045;1;1;1;1;6;310;248 Rte de l’étang de M;M;4525795;546336;380
2,016E+11;16;9;6;1730;1;1;1;1;2;338;;M;4523306;549937;380
2,016E+11;16;9;22;2030;5;2;1;1;6;517;avenue du 11 novembre;M;0;0;380
2,016E+11;16;9;24;700;1;1;1;1;5;517;avenue st Quentin;M;4529020;551712;380
2,016E+11;16;9;24;1845;1;2;9;1;6;33;pont du vezy RD1092;M;4519274;539064;380
2,016E+11;16;10;5;2215;5;2;1;1;2;517;49 route de grenoble;M;4531114;550447;380
2,016E+11;16;2;10;1145;3;1;1;1;6;374;;M;0;0;380
2,016E+11;16;2;5;215;3;1;1;1;6;467;;M;4566750;533182;380
2,016E+11;16;4;16;900;1;1;1;1;6;455;;M;0;0;380
2,016E+11;16;4;16;1900;1;1;1;1;6;91;;M;0;0;380
2,016E+11;16;7;7;1845;1;1;1;1;1;223;;M;0;0;380
2,016E+11;16;7;17;1730;1;1;1;1;6;91;;M;0;0;380
2,016E+11;16;7;30;1100;1;1;6;2;1;348;;M;0;0;380
2,016E+11;16;8;18;600;5;1;1;1;1;455;;M;0;0;380
2,016E+11;16;9;18;1545;1;1;1;2;1;467;;M;0;0;380
2,016E+11;16;9;24;1845;1;1;1;1;3;374;;M;0;0;380
2,016E+11;16;10;13;1845;5;2;1;3;6;374;65 route de Dolomieu;M;0;0;380
2,016E+11;16;10;15;200;3;2;1;3;6;374;chemin du moulin;M;0;0;380
2,016E+11;16;1;3;1900;3;1;1;1;6;67;;M;4567500;516400;380
2,016E+11;16;1;22;1615;1;1;1;1;1;138;;M;4572000;526400;380
2,016E+11;16;3;24;1100;1;1;1;1;5;554;;M;4571600;519400;380
2,016E+11;16;7;24;1745;1;1;1;1;6;294;;M;0;0;380
2,016E+11;16;8;3;1400;1;1;1;1;6;392;;M;0;0;380
2,016E+11;16;9;17;1430;1;1;1;1;6;488;;M;0;0;380
2,016E+11;16;11;8;1030;1;1;1;2;1;294;;M;0;0;380
2,016E+11;16;12;16;730;2;1;1;1;6;138;;M;0;0;380
2,016E+11;16;8;20;1345;1;1;1;2;1;118;;M;0;0;380
2,016E+11;16;9;17;1600;1;1;1;2;3;13;;M;0;0;380
2,016E+11;16;11;6;1645;1;2;1;1;3;159;route du joyard;M;4543791;532699;380
2,016E+11;16;12;19;1530;1;1;1;5;1;287;Route des plaines;M;4542952;548184;380
2,016E+11;16;12;22;2315;3;2;1;5;6;167;;M;0;0;380
2,016E+11;16;2;12;2045;3;1;1;2;3;83;;M;0;0;380
2,016E+11;16;5;22;600;2;1;2;1;3;54;;M;0;0;380
2,016E+11;16;6;23;515;2;1;1;1;6;295;;M;0;0;380
2,016E+11;16;7;29;1930;1;1;4;1;1;54;inter ch moulin d'arche;M;4577777;545053;380
2,016E+11;16;8;6;445;3;1;1;1;1;539;;M;4586851;537785;380
2,016E+11;16;10;17;1230;1;1;1;1;6;295;;M;4581727;534446;380
2,016E+11;16;11;14;2315;3;1;1;1;7;135;;M;4575242;540369;380
2,016E+11;16;3;13;800;1;1;1;1;1;124;;M;0;0;380
2,016E+11;16;10;3;1130;1;1;3;1;1;465;int r gutenberg;M;4567922;549570;380
2,016E+11;16;3;12;1445;1;2;1;1;1;398;CHEMIN DE LA CROZE;M;0;0;380
2,016E+11;16;4;5;900;1;1;1;8;3;1;;M;0;0;380
2,016E+11;16;4;26;1215;1;2;1;1;6;1;31 rue de la rÃ(c)publiq;M;0;0;380
2,016E+11;16;4;25;1615;1;2;1;1;6;315;Rue de belley;M;0;0;380
2,016E+11;16;6;7;700;1;2;1;1;1;357;Rue du DR SCHWEITZER;M;0;0;380
2,016E+11;16;6;10;1300;1;1;1;1;1;1;;M;0;0;380
2,016E+11;16;6;24;1745;1;2;1;1;1;1;215 chemin de la bruyÃ¿r;M;0;0;380
2,016E+11;16;6;29;1445;1;1;1;1;3;104;;M;0;0;380
2,016E+11;16;8;6;1815;1;1;1;1;6;398;;M;0;0;380
2,016E+11;16;8;18;1345;1;2;1;1;3;1;82 rue victor hugo;M;0;0;380
2,016E+11;16;12;14;1400;1;1;1;7;1;256;;M;0;0;380
2,016E+11;16;2;7;1515;1;2;1;1;1;64;RD1006 - rte de Chambéry;M;0;0;380
2,016E+11;16;5;13;1530;1;1;1;2;1;509;;M;4558000;546100;380
2,016E+11;16;5;23;1800;1;2;1;2;3;509;20 rue alsace lorraine;M;4556323;544203;380
2,016E+11;16;5;31;1315;1;1;1;2;1;341;;M;0;0;380
2,016E+11;16;6;10;2045;1;2;1;1;5;464;route du clos janin;M;4554680;538780;380
2,016E+11;16;6;29;830;1;2;1;1;1;64;215 route de Ruy;M;4557597;536141;380
2,016E+11;16;8;21;1000;1;1;1;1;6;148;route de la scierie;M;4561835;551662;380
2,016E+11;16;9;10;1115;1;1;1;1;3;341;;M;4558400;540700;380
2,016E+11;16;9;12;1300;1;2;1;1;2;464;route de doissin;M;0;0;380
2,016E+11;16;9;24;1200;1;1;1;1;1;508;;M;0;0;380
2,016E+11;16;10;7;800;1;2;1;1;3;148;Route de saint-sorlin;M;0;0;380
2,016E+11;16;10;15;1130;1;2;1;1;6;509;64 av alsace lorraine;M;4556233;543666;380
2,016E+11;16;10;31;1530;1;1;1;1;1;401;;M;0;0;380
2,016E+11;16;11;10;800;1;1;1;1;1;250;;M;0;0;380
2,016E+11;16;2;3;1345;1;1;1;1;6;66;route des tunières;M;4735449;-163192;440
2,016E+11;16;2;2;2015;5;2;1;5;6;35;allée de la longe;M;4730880;-156031;440
2,016E+11;16;5;15;1245;1;1;3;1;3;209;la menardais;M;4731146;-161839;440
2,016E+11;16;5;21;800;2;1;1;8;6;209;rue de la levée des dons;M;4729902;-161928;440
2,016E+11;16;6;1;1530;1;1;9;1;1;66;moulin de la favrière;M;4735446;-157373;440
2,016E+11;16;6;7;2130;2;2;1;1;7;35;rue maisonneuve;M;4729970;-155762;440
2,016E+11;16;6;23;1530;1;1;1;1;3;66;route de bellevue;M;4735456;-159794;440
2,016E+11;16;6;30;845;1;2;1;1;7;209;76 route de RENNES;M;4732447;-161508;440
2,016E+11;16;7;5;1230;1;1;1;1;1;35;rue gulliver;M;4734200;-157900;440
2,016E+11;16;1;25;1700;1;2;1;1;6;87;General de Gaulle;M;0;0;380
2,016E+11;16;2;4;1715;1;2;1;2;3;87;avenue mitterrand;M;0;0;380
2,016E+11;16;2;29;1715;1;1;1;1;3;160;;M;0;0;380
2,016E+11;16;5;21;1500;1;1;1;1;7;215;;M;0;0;380
2,016E+11;16;7;6;1615;1;2;1;1;1;87;CD4/Av Frederic Mistral;M;4557609;480018;380
2,016E+11;16;7;16;1130;1;1;3;1;1;484;route de torgue;M;4555069;493477;380
2,016E+11;16;9;4;1715;1;1;1;1;1;215;;M;0;0;380
2,016E+11;16;9;26;1645;1;2;1;1;2;87;CD4;M;0;0;380
2,016E+11;16;9;27;1745;2;2;2;1;6;87;Av F.MITTERRAND/P.Eluard;M;4558342;479847;380
2,016E+11;16;10;9;1715;1;2;1;1;7;484;49 route de vienne;M;0;0;380
2,016E+11;16;10;17;1330;1;2;1;1;1;157;Rue des potiers;M;0;0;380
2,016E+11;16;1;14;800;1;1;1;4;1;307;;M;0;0;380
2,016E+11;16;2;21;1115;1;1;1;1;7;363;rte de Beaurepaire;M;4535908;509989;380
2,016E+11;16;3;26;1145;1;1;3;1;3;161;;M;4539846;513731;380
2,016E+11;16;3;30;900;1;1;2;1;3;335;;M;0;0;380
2,016E+11;16;5;10;2245;5;2;1;1;7;130;avenue Aristide Briand;M;0;0;380
2,016E+11;16;5;20;2215;3;1;6;1;3;180;;M;4535989;529811;380
2,016E+11;16;6;6;800;1;1;1;1;6;134;;M;4542780;501160;380
2,016E+11;16;6;19;1000;1;1;3;1;1;335;rte Vienne/ch etang;M;4537235;502675;380
2,016E+11;16;6;27;1715;1;2;1;1;3;130;rue de la rÃ(c)publique;M;0;0;380
2,016E+11;16;7;2;1630;1;2;2;1;3;121;place du village;M;4542845;522558;380
2,016E+11;16;7;4;2000;2;2;4;7;7;300;av. des marais;M;4539036;518321;380
2,016E+11;16;7;31;1415;1;1;1;1;5;267;rte napoleon;M;4542048;532581;380
2,016E+11;16;7;31;1630;1;1;1;1;5;121;;M;4541466;523057;380
2,016E+11;16;7;30;1745;1;2;1;1;7;34;D538;M;0;0;380
2,016E+11;16;9;24;1145;1;1;9;1;5;324;;M;0;0;380
2,016E+11;16;9;30;1745;1;1;1;7;5;130;;M;0;0;380
2,016E+11;16;10;21;1130;1;1;1;1;2;324;rechardon;M;4539214;502305;380
2,016E+11;16;11;19;130;3;1;4;2;6;130;inter chemin st corps;M;4541416;526018;380
2,016E+11;16;11;30;1500;1;1;2;1;3;69;inter chemin Fillonniere;M;4543335;530401;380
2,016E+11;16;12;6;1900;5;1;1;1;3;130;;M;0;0;380
2,016E+11;16;12;13;830;1;2;3;1;6;130;avenue camille rocher;M;4539321;526668;380
2,016E+11;16;3;6;1345;1;1;1;4;3;351;le moule;M;4554954;526213;380
2,016E+11;16;5;27;1830;1;1;4;1;1;389;;M;4556856;507006;380
2,016E+11;16;8;9;1100;1;2;1;1;3;288;chemin pavy/champs monts;M;4555540;501634;380
2,016E+11;16;8;27;1745;1;1;3;1;3;144;inters. ch. de l'etang;M;4557736;509149;380
2,016E+11;16;8;24;945;1;1;1;1;1;94;route de la ranche;M;4548736;523126;380
2,016E+11;16;10;22;2045;5;2;2;1;6;189;av Gl Leclerc/pl j ferry;M;4563078;505902;380
2,016E+11;16;10;23;200;3;1;1;1;7;389;;M;0;0;380
2,016E+11;16;12;1;1030;3;1;1;1;1;189;;M;0;0;380
2,016E+11;16;12;22;2000;3;1;1;5;1;399;;M;0;0;380
2,016E+11;16;3;7;845;1;2;1;1;6;85;15 rue Jules Buchaillat;M;0;0;380
2,016E+11;16;4;1;2030;1;2;1;1;1;316;37 rue de la république;M;0;0;380
2,016E+11;16;6;13;1945;1;1;6;3;7;557;;M;4579049;538784;380
2,016E+11;16;10;5;1445;1;2;1;1;3;316;63 rue giffard;M;4575122;518460;380
2,016E+11;16;10;26;830;1;2;9;3;3;507;26 route de crÃ(c)mieu;;;;380
2,016E+11;16;1;28;1330;1;2;1;1;3;468;rue LOUIS ARAGON;M;4535743;481944;380
2,016E+11;16;2;12;1645;1;1;1;8;1;72;;M;4531448;482436;380
2,016E+11;16;2;20;1330;1;2;6;1;1;468;R 19 Mars 1962/11 novemb;M;4534520;481470;380
2,016E+11;16;3;13;1915;2;1;1;1;3;3;;M;4534088;485107;380
2,016E+11;16;5;27;830;1;2;1;1;1;51;Rue Florentin Desmalles;M;0;0;380
2,016E+11;16;6;15;1715;1;1;1;1;1;298;rte de vienne;M;4539979;480861;380
2,016E+11;16;7;12;1300;1;1;1;3;6;3;;M;0;0;380
2,016E+11;16;8;11;2100;1;2;2;1;3;298;j prevert/puit sans tour;M;4537131;480110;380
2,016E+11;16;10;12;800;2;1;1;1;1;72;route de grenoble;M;4531373;482278;380
2,016E+11;16;11;11;1815;5;1;1;1;3;468;;M;0;0;380
2,016E+11;16;12;10;2330;5;2;1;1;1;72;montc)e de planissieu;M;0;0;380
2,016E+11;16;12;18;245;3;2;1;1;6;344;Route de Vienne;M;0;0;380
2,016E+11;16;12;18;1130;1;2;1;8;6;344;montc)e des challs;M;0;0;380
2,016E+11;16;3;26;830;1;1;4;1;7;351;inter D23;M;4554561;524570;380
2,016E+11;16;6;27;900;1;1;1;1;6;351;;M;4554368;524028;380
2,016E+11;16;7;23;2000;2;2;1;1;2;189;3 chemin de rajat;M;0;0;380
2,016E+11;16;1;1;1015;2;1;6;5;6;449;;M;0;0;380
2,016E+11;16;2;29;2230;3;1;1;8;7;449;;M;0;0;380
2,016E+11;16;3;12;1500;1;1;1;1;3;537;;M;0;0;380
2,016E+11;16;4;6;1530;1;1;1;1;1;537;;M;0;0;380
2,016E+11;16;4;18;1330;1;1;1;4;6;449;;M;0;0;380
2,016E+11;16;4;19;300;3;1;1;1;7;449;;M;0;0;380
2,016E+11;16;5;6;1330;1;1;1;1;3;449;;M;4565619;511103;380
2,016E+11;16;5;20;1630;1;1;6;1;2;449;;M;0;0;380
2,016E+11;16;4;27;1815;1;1;1;7;4;449;;M;0;0;380
2,016E+11;16;5;26;2045;2;1;1;1;6;449;;M;4561900;511900;380
2,016E+11;16;6;23;1500;1;1;1;1;3;537;;M;0;0;380
2,016E+11;16;7;4;2330;3;1;1;1;7;475;;M;0;0;380
2,016E+11;16;7;9;2045;2;2;1;1;7;537;11 impasse des abattoirs;M;0;0;380
2,016E+11;16;7;22;15;3;1;6;1;7;449;;M;0;0;380
2,016E+11;16;9;3;245;3;1;1;1;6;449;;M;0;0;380
2,016E+11;16;10;5;1515;1;2;1;7;3;537;924 rue de la republique;M;4563891;514064;380
2,016E+11;16;10;25;815;1;1;6;2;3;449;;M;0;0;380
2,016E+11;16;12;6;645;5;2;1;5;6;449;rue du souvenir;M;0;0;380
2,016E+11;16;12;10;915;1;1;1;1;1;537;;M;0;0;380
2,016E+11;16;12;15;1445;1;1;1;1;1;475;;M;0;0;380
2,016E+11;16;12;16;645;3;1;1;1;1;449;;M;0;0;380
2,016E+11;16;4;8;1415;1;1;1;1;1;5;;M;4553568;430530;420
2,016E+11;16;4;12;1230;1;2;1;1;3;279;84 route de chambles;M;4548936;424344;420
2,016E+11;16;11;23;945;1;1;1;1;5;285;;M;4556880;413040;420
2,016E+11;16;12;15;1415;1;1;1;1;1;43;;M;4557650;430425;420
2,016E+11;16;2;29;900;1;1;1;2;6;139;;M;4530653;437874;420
2,016E+11;16;3;3;1745;1;1;1;4;7;224;;M;4534891;442214;420
2,016E+11;16;3;3;1900;3;1;1;4;6;101;;M;4534873;457426;420
2,016E+11;16;4;6;1745;1;1;1;1;6;224;28 rue du Forez;M;4534291;442074;420
2,016E+11;16;4;19;1715;1;2;1;1;7;172;D 1082 - Route du Guizay;M;4538304;443847;420
2,016E+11;16;4;19;1745;1;1;1;1;6;172;;M;4539782;442148;420
2,016E+11;16;4;19;1415;1;1;1;1;6;287;lieu dit Les Chavannes;M;4525854;446987;420
2,016E+11;16;5;14;1715;1;1;1;1;1;23;;M;4529236;455468;420
2,016E+11;16;7;7;1015;1;2;1;1;6;23;rue des fossés;M;4529679;455984;420
2,016E+11;16;9;10;1700;1;1;1;1;1;23;;M;4531380;453955;420
2,016E+11;16;9;11;930;1;2;1;1;6;224;place de l'Eglise;M;4533970;441918;420
2,016E+11;16;10;29;1630;1;1;1;1;7;67;;M;4534945;461290;420
2,016E+11;16;10;29;1430;1;2;1;1;1;224;rue de la Semène;M;4533903;442113;420
2,016E+11;16;1;5;1645;1;2;1;1;1;311;la croix maladière;M;4548230;438886;420
2,016E+11;16;2;6;1515;1;2;1;1;3;97;RD1082  Zone du Porchon;M;4548425;434455;420
2,016E+11;16;2;19;1130;1;1;2;1;3;97;;M;4551101;430192;420
2,016E+11;16;4;17;545;2;1;1;1;6;133;;M;4558231;447513;420
2,016E+11;16;4;16;830;1;2;6;1;3;302;rue du moulin gillier;M;4547817;444323;420
2,016E+11;16;9;21;1200;1;2;1;1;1;311;rd 1498;M;4548224;438903;420
2,016E+11;16;9;22;2000;3;1;1;1;3;302;;M;4550285;445055;420
2,016E+11;16;11;15;1400;1;1;6;1;3;97;;M;4550537;430661;420
2,016E+11;16;12;29;1445;1;1;1;1;7;234;;M;4552899;438280;420
2,016E+11;16;1;13;1745;5;2;1;1;7;147;avenue de Saint-Etienne;M;4559533;408130;420
2,016E+11;16;1;15;1945;3;1;1;4;7;180;;M;4559202;417560;420
2,016E+11;16;2;29;715;2;1;1;1;4;147;;M;4563022;405958;420
2,016E+11;16;3;12;515;3;1;1;1;6;151;;M;4568197;411529;420
2,016E+11;16;4;23;1015;1;2;9;8;6;299;16 RUE DES ERABLES;M;4502400;407046;420
2,016E+11;16;5;2;800;1;1;1;1;1;147;;M;4558893;408263;420
2,016E+11;16;5;20;1515;1;1;1;1;6;46;;M;4564096;405227;420
2,016E+11;16;5;27;1400;1;2;1;1;6;147;24 avenue thermale;M;4559706;407125;420
2,016E+11;16;6;4;1630;1;1;1;8;7;299;;M;4559274;411340;420
2,016E+11;16;6;7;1830;1;1;6;1;1;147;;M;4559432;408303;420
2,016E+11;16;6;11;1555;1;1;1;1;6;285;;M;4556277;413389;420
2,016E+11;16;6;30;30;3;1;1;1;7;180;;M;4558901;415406;420
2,016E+11;16;7;8;1815;1;1;6;1;2;299;;M;4561053;409501;420
2,016E+11;16;7;10;45;5;2;1;1;3;299;rue de Lyon;M;4560640;408165;420
2,016E+11;16;8;18;1030;1;1;1;2;2;147;;M;4558430;410165;420
2,016E+11;16;8;22;1430;1;1;1;1;3;46;;M;4564616;405084;420
2,016E+11;16;9;1;1100;1;2;6;1;2;147;Rue Marc Seguin;M;4560248;407874;420
2,016E+11;16;11;1;1415;1;1;1;1;1;285;avenue du Prieuré;M;4555410;413649;420
2,016E+11;16;1;21;1130;1;2;1;1;1;304;Avenue Jean MOULIN;M;4554066;418742;420
2,016E+11;16;2;2;800;1;2;1;1;3;5;rue des bullieux;M;4552945;427211;420
2,016E+11;16;5;12;1915;1;1;1;1;6;304;;M;4555136;416253;420
2,016E+11;16;6;20;1315;1;2;1;1;6;5;rue lamartine;M;4552809;426403;420
2,016E+11;16;7;17;1745;1;2;1;1;3;211;Avenue de MONTBRISON;M;4552816;423988;420
2,016E+11;16;9;10;5;3;1;1;1;6;75;Chemin de la Croix;M;4557301;422412;420
2,016E+11;16;9;28;1815;1;2;1;1;1;211;rue de la becque;M;4552857;423332;420
2,016E+11;16;9;30;2230;5;1;1;1;7;5;av de Montbrison;M;4552973;425299;420
2,016E+11;16;10;3;1830;2;2;6;1;6;5;;M;4552307;426781;420
2,016E+11;16;10;25;1945;3;1;1;2;6;75;;M;4558804;422135;420
2,016E+11;16;11;8;1645;1;1;1;1;6;75;38 route d'Unias;M;4558656;422985;420
2,016E+11;16;11;12;2200;5;2;1;1;6;5;25 av de montbrison;M;4552962;425427;420
2,016E+11;16;1;19;745;2;2;1;8;3;197;RD 1089;M;4573866;402032;420
2,016E+11;16;1;24;1815;5;1;1;8;1;288;lieu-dit Varennes;M;4576416;395211;420
2,016E+11;16;1;26;2115;5;2;1;1;3;245;rd1089;M;4581556;382180;420
2,016E+11;16;3;29;1415;1;1;2;2;1;295;;M;;;420
2,016E+11;16;4;4;745;2;1;1;2;1;295;lieu dit La Rorie;M;4585765;379504;420
2,016E+11;16;4;14;1030;1;1;1;1;6;134;;M;4570667;403369;420
2,016E+11;16;4;20;1000;1;1;1;1;6;221;;M;4575435;414599;420
2,016E+11;16;4;24;330;3;1;1;1;6;159;;M;4582370;377028;420
2,016E+11;16;5;3;745;1;1;1;1;1;313;;M;4572232;402650;420
2,016E+11;16;5;8;515;2;1;1;1;6;197;;M;4573040;405206;420
2,016E+11;16;5;8;1615;1;1;1;1;7;40;;M;4575570;375828;420
2,016E+11;16;7;15;930;1;2;1;1;3;19;faubourg mollian;M;4573909;400840;420
2,016E+11;16;7;29;730;1;1;3;1;3;313;;M;4573086;401447;420
2,016E+11;16;8;4;1945;2;1;1;3;1;252;;M;4581588;387209;420
2,016E+11;16;8;5;1900;1;1;1;1;6;291;;M;4582740;385591;420
2,016E+11;16;8;20;2300;3;1;1;1;1;313;;M;4572997;402630;420
2,016E+11;16;9;6;645;2;2;1;2;6;119;lieu-dit Lardy;M;4575365;397293;420
2,016E+11;16;9;18;1800;1;1;1;2;6;288;lieu-dit Le Montcel;M;4577188;399822;420
2,016E+11;16;9;21;745;1;1;1;1;3;205;lieu dit le Courreau;M;4564254;391784;420
2,016E+11;16;9;21;2030;5;1;1;1;3;197;;M;4574319;401916;420
2,016E+11;16;9;28;1530;1;1;1;1;6;219;lieu dit Bel Air;M;4573831;407595;420
2,016E+11;16;10;30;2200;3;1;1;1;6;219;;M;4573832;407393;420
2,016E+11;16;10;31;1730;2;2;1;1;6;19;route des corbines;M;4575150;399713;420
2,016E+11;16;11;4;1515;1;1;1;1;1;30;;M;4575284;403336;420
2,016E+11;16;11;19;630;3;1;1;1;6;9;lieu-dit Le Riou;M;4577804;403301;420
2,016E+11;16;12;3;1245;1;1;1;1;1;136;;M;4571158;403255;420
2,016E+11;16;12;4;1045;1;1;1;1;3;2;;M;4579940;394052;420
2,016E+11;16;12;12;745;1;1;1;1;1;159;;M;4580676;377807;420
2,016E+11;16;12;22;1615;2;1;1;2;6;217;;M;4578454;389160;420
2,016E+11;16;3;31;1415;1;1;1;1;6;94;;M;4574159;419962;420