Num_Acc;an;mois;jour;hrmn;lum;agg;int;atm;col;com;adr;gps;lat;long;dep
2,016E+11;16;4;30;815;1;1;1;1;3;297;;M;4576531;426496;420
2,016E+11;16;6;7;1200;1;1;1;1;3;94;;M;4573844;426179;420
2,016E+11;16;6;27;2130;2;1;1;1;6;319;;M;4571420;429690;420
2,016E+11;16;7;1;400;3;1;1;1;6;165;RD101;M;4578015;436584;420
2,016E+11;16;7;3;1445;1;2;1;1;7;94;RD 1082;M;4575526;421992;420
2,016E+11;16;8;12;1045;1;1;1;1;1;202;;M;4572857;430900;420
2,016E+11;16;8;29;1545;1;1;1;1;1;66;;M;4573777;417857;420
2,016E+11;16;9;6;715;1;1;1;5;6;202;;M;4572180;434130;420
2,016E+11;16;10;1;1715;1;1;1;1;2;143;;M;4578490;417060;420
2,016E+11;16;10;10;1445;1;1;9;1;3;94;1 bd Hippodrome;M;4573929;421299;420
2,016E+11;16;10;26;1015;1;1;1;3;7;261;;M;4569610;436303;420
2,016E+11;16;10;26;800;1;1;1;2;7;148;;M;4583125;432943;420
2,016E+11;16;12;6;745;2;1;1;9;7;193;;M;4579501;427224;420
2,016E+11;16;12;11;1615;1;1;1;2;6;296;;M;4574341;429866;420
2,016E+11;16;1;29;1515;1;1;1;1;6;91;;M;4541273;400788;420
2,016E+11;16;2;26;2200;3;1;1;1;1;137;;M;4552029;408028;420
2,016E+11;16;3;13;1445;1;2;1;1;7;262;;M;4540310;418248;420
2,016E+11;16;4;15;2215;3;1;1;1;6;126;rue du Moulin Gillier;M;4547817;444323;420
2,016E+11;16;5;10;915;1;1;1;1;7;204;;M;4541965;407103;420
2,016E+11;16;6;8;1230;1;1;1;1;7;262;;M;4540922;421488;420
2,016E+11;16;7;2;1945;1;1;1;1;7;262;;M;4538433;414069;420
2,016E+11;16;7;28;900;1;1;1;1;1;60;;M;4548637;411031;420
2,016E+11;16;8;7;1530;1;1;1;1;7;107;;M;4552799;402057;420
2,016E+11;16;8;13;1145;1;1;1;1;1;262;;M;4541089;421780;420
2,016E+11;16;8;14;500;3;1;1;1;7;91;;M;4541646;400625;420
2,016E+11;16;8;27;1200;1;1;1;1;3;140;;M;4545545;406316;420
2,016E+11;16;9;5;1945;3;1;1;2;6;262;;M;4540920;421379;420
2,016E+11;16;10;18;1345;1;1;1;1;1;301;;M;4551289;404922;420
2,016E+11;16;11;27;715;2;1;1;8;1;266;lieu-dit Peyrepeyre;M;4540648;411982;420
2,016E+11;16;12;2;945;1;1;2;5;3;228;;M;4556195;409370;420
2,016E+11;16;12;6;915;1;1;1;1;1;262;;M;4540644;418527;420
2,016E+11;16;1;2;1745;3;1;1;2;1;59;;M;4564118;437091;420
2,016E+11;16;5;24;1815;1;1;1;1;6;81;;M;4560297;426401;420
2,016E+11;16;7;1;1345;1;1;1;7;3;216;;M;4562484;441213;420
2,016E+11;16;7;13;2045;1;2;1;1;7;323;avenue d'andrezieux;M;4555859;428691;420
2,016E+11;16;7;20;1845;1;2;2;1;3;222;avenue Antoine Ravel;M;4559320;431433;420
2,016E+11;16;7;19;900;1;1;1;1;3;13;;M;4565384;429335;420
2,016E+11;16;7;26;1515;1;1;1;1;6;43;;M;4558412;428312;420
2,016E+11;16;8;31;1030;1;1;1;1;1;59;;M;4563234;440947;420
2,016E+11;16;9;12;815;1;2;1;1;2;323;49 Avenue Planchet;M;4556591;429284;420
2,016E+11;16;9;19;845;1;1;1;3;5;185;;M;4558762;426400;420
2,016E+11;16;9;28;1000;1;2;1;1;6;323;26 ave Irénée Laurent;M;4556893;429610;420
2,016E+11;16;9;30;1930;5;2;1;8;3;59;7 Avenue du 11 Novembre;M;4563498;439174;420
2,016E+11;16;10;28;1645;1;1;1;1;7;138;les Pierres Blanches;M;4564482;434247;420
2,016E+11;16;12;9;845;1;2;1;1;6;323;AVENUE HENRI PLANCHET;M;4556252;428970;420
2,016E+11;16;12;13;1730;3;1;1;1;6;81;;M;4561316;426432;420
2,016E+11;16;3;21;1645;1;2;1;1;6;129;D503;M;4536105;468287;420
2,016E+11;16;4;3;715;1;2;1;1;6;56;les prairies;M;4541287;473642;420
2,016E+11;16;6;18;1500;1;2;1;2;1;56;;M;4540440;473689;420
2,016E+11;16;8;14;1630;1;1;1;1;3;64;;M;4545666;468873;420
2,016E+11;16;9;9;1215;1;2;1;1;1;265;route RD 1086;M;4544579;475256;420
2,016E+11;16;10;23;1815;2;1;1;1;1;56;chemin des Vignes;M;4542244;472495;420
2,016E+11;16;2;6;1415;1;1;1;6;7;239;;M;4596433;397720;420
2,016E+11;16;2;18;1545;1;1;1;1;3;338;;M;4611977;411059;420
2,016E+11;16;3;22;1515;1;1;1;1;7;331;;M;4597406;396934;420
2,016E+11;16;5;28;1245;1;1;1;1;7;70;;M;4593204;403884;420
2,016E+11;16;6;4;1115;1;2;1;1;6;332;ROUTE DE LA MIRANDOLE;M;4600308;403664;420
2,016E+11;16;6;10;845;1;1;1;1;1;162;;M;4600783;396721;420
2,016E+11;16;6;17;1815;1;1;1;3;1;145;;M;4603295;422289;420
2,016E+11;16;7;16;1500;1;1;1;1;3;239;;M;4594908;397987;420
2,016E+11;16;8;8;2215;3;1;1;1;7;331;;M;4596550;393575;420
2,016E+11;16;8;19;715;2;2;1;1;7;69;rue des ARNAUDS;M;4601311;407911;420
2,016E+11;16;9;16;1900;2;1;2;1;3;338;;M;4607296;411903;420
2,016E+11;16;9;18;1115;1;1;1;2;7;294;;M;4600673;415447;420
2,016E+11;16;12;19;830;1;1;1;1;1;331;;M;4596774;393971;420
2,016E+11;16;1;22;1515;1;1;1;1;6;154;;M;4584458;425821;420
2,016E+11;16;2;12;1645;1;1;1;1;7;293;;M;4601929;427686;420
2,016E+11;16;5;21;1300;1;1;1;1;7;334;;M;4585139;432607;420
2,016E+11;16;7;11;1345;1;1;1;1;6;11;;M;4582504;421276;420
2,016E+11;16;7;29;1545;1;2;1;1;6;289;54 RN7;M;4594861;420960;420
2,016E+11;16;10;2;315;3;1;1;1;3;289;lieu dit le Picard;M;4594550;423449;420
2,016E+11;16;11;21;1700;1;1;1;1;7;154;;M;4584094;423759;420
2,016E+11;16;11;23;1430;1;2;1;1;3;289;RN7;M;4594673;421951;420
2,016E+11;16;2;4;2245;3;1;1;3;6;131;;M;4618366;424114;420
2,016E+11;16;3;5;1630;1;1;1;1;1;177;;M;4614685;413641;420
2,016E+11;16;3;17;1800;1;2;1;1;3;26;route de roanne BRIENNON;M;4614806;407776;420
2,016E+11;16;5;21;1400;1;1;1;1;3;52;;M;4616191;417168;420
2,016E+11;16;5;21;945;1;1;1;1;3;15;lieu dit Trémontet;M;4615085;434197;420
2,016E+11;16;5;28;1200;1;1;1;1;6;300;;M;4610985;403884;420
2,016E+11;16;6;22;1750;1;1;1;7;3;267;;M;4615017;413191;420
2,016E+11;16;7;7;2315;3;1;1;1;6;177;;M;4614702;413800;420
2,016E+11;16;7;9;1100;1;2;1;7;3;48;route de la croix leigne;M;4615310;417469;420
2,016E+11;16;7;23;1415;1;1;1;1;6;267;;M;4615412;414901;420
2,016E+11;16;8;1;1715;1;1;1;1;2;273;;M;4617094;409553;420
2,016E+11;16;8;14;1600;1;1;1;1;6;112;;M;4610973;422892;420
2,016E+11;16;8;18;730;1;2;2;2;3;52;rue Jean jaurès;M;4616015;417313;420
2,016E+11;16;9;10;1445;1;2;1;1;3;177;rue de briennon;M;4614604;410844;420
2,016E+11;16;9;19;1000;1;1;1;8;6;15;lieu dit Pezeron;M;4616644;435445;420
2,016E+11;16;9;25;130;3;1;1;1;7;16;;M;4615413;406805;420
2,016E+11;16;10;19;1000;1;2;1;1;6;52;boulevard jacquard;M;4615929;417349;420
2,016E+11;16;11;4;1645;1;2;2;1;3;177;RUE PETIT DE FOREST;M;4614584;411008;420
2,016E+11;16;11;7;1745;2;2;1;2;1;177;route de marcigny;M;4614702;410847;420
2,016E+11;16;12;16;2000;3;1;1;1;5;267;;M;4615141;410879;420
2,016E+11;16;1;16;500;3;1;1;4;7;4;;M;4588195;403878;420
2,016E+11;16;2;12;730;2;2;1;4;6;276;RD 495;M;4595070;376453;420
2,016E+11;16;2;17;1915;3;1;1;1;6;76;lieu dit Chomet;M;4589201;394898;420
2,016E+11;16;4;27;1145;1;2;1;1;3;276;le bourg;M;4595782;375351;420
2,016E+11;16;6;12;1400;1;1;1;1;3;276;;M;4595360;376035;420
2,016E+11;16;6;16;1045;1;2;1;1;6;230;route nationale;M;4583145;401184;420
2,016E+11;16;7;12;1845;1;1;1;1;6;255;;M;4587475;390838;420
2,016E+11;16;8;15;1715;1;2;1;1;3;276;LE BOURG;M;4595709;375414;420
2,016E+11;16;9;19;445;2;1;1;8;6;76;;M;4591126;393636;420
2,016E+11;16;10;15;1930;2;1;1;1;3;106;;M;4586952;395169;420
2,016E+11;16;11;1;1530;1;1;2;1;1;282;lieu-dit La Bombarde;M;4589734;380459;420
2,016E+11;16;3;22;1500;1;1;1;1;1;283;;M;4562294;631338;730
2,016E+11;16;11;9;930;1;1;1;4;1;153;;M;4572153;641108;730
2,016E+11;16;11;10;1845;4;1;1;2;1;162;;M;4560760;628343;730
2,016E+11;16;12;2;2030;3;1;1;5;2;196;;M;0;0;730
2,016E+11;16;12;4;845;2;1;1;5;3;303;;M;0;0;730
2,016E+11;16;4;9;1545;1;1;1;1;3;228;;M;4552582;585693;730
2,016E+11;16;6;20;1545;1;1;1;1;6;328;;M;4565663;589947;730
2,016E+11;16;9;9;1030;1;2;8;1;6;329;rue de la gare;M;4562718;589218;730
2,016E+11;16;11;30;1845;5;1;1;1;1;328;;M;4565816;589673;730
2,016E+11;16;12;5;1700;3;1;1;1;1;228;;M;0;0;730
2,016E+11;16;4;4;1815;1;1;1;1;4;10;;M;4579958;594889;730
2,016E+11;16;5;22;1015;1;2;1;1;6;43;Route d'Annecy;M;4575682;593144;730
2,016E+11;16;9;15;130;3;1;1;1;7;300;;M;4567017;589365;730
2,016E+11;16;4;3;1715;1;1;9;1;1;97;;M;4557438;599999;730
2,016E+11;16;5;3;2230;5;2;2;1;7;213;Rue de la chavanne;M;4557088;597038;730
2,016E+11;16;9;18;600;5;1;2;2;3;213;RD 1006;M;4556784;596400;730
2,016E+11;16;9;21;930;1;2;1;1;1;210;Le bois;M;0;0;730
2,016E+11;16;9;25;1330;1;2;3;1;3;30;Avenue paul chevalier;M;4556870;597448;730
2,016E+11;16;10;13;2130;5;2;1;3;1;249;D1006;M;4553451;599250;730
2,016E+11;16;10;21;1045;1;2;2;1;3;249;RD 1006;M;4553644;599176;730
2,016E+11;16;11;15;1815;5;1;3;8;3;64;;M;4574270;597045;730
2,016E+11;16;12;31;1545;1;2;1;1;6;213;route de barby;M;0;0;730
2,016E+11;16;1;27;1215;1;1;1;1;3;269;;M;4566287;577058;730
2,016E+11;16;6;23;1555;1;1;4;1;3;180;;M;4591261;583935;730
2,016E+11;16;7;11;1245;1;1;1;1;6;313;;M;0;0;730
2,016E+11;16;7;17;545;2;2;1;1;6;330;lieu dit les Bernards;M;4570711;577491;730
2,016E+11;16;4;16;730;1;1;1;1;6;84;;M;4551568;600538;730
2,016E+11;16;8;7;1530;1;1;1;1;5;96;;M;4552561;611087;730
2,016E+11;16;8;31;1700;1;1;1;1;7;17;;M;4550059;591405;730
2,016E+11;16;10;16;1445;1;1;1;1;1;270;;M;4557633;614975;730
2,016E+11;16;12;2;1745;5;1;1;5;3;84;;M;0;0;730
2,016E+11;16;5;15;615;1;1;1;1;7;51;;M;4565749;585636;730
2,016E+11;16;6;16;1415;1;1;1;2;7;179;;M;4561194;586019;730
2,016E+11;16;7;15;2300;3;1;1;1;3;50;;M;4566660;585404;730
2,016E+11;16;9;9;1215;1;2;1;1;3;178;;M;4562654;586262;730
2,016E+11;16;10;13;1445;1;1;1;2;1;50;;M;4567781;585058;730
2,016E+11;16;11;27;1615;1;1;3;1;3;51;;M;4566367;585453;730
2,016E+11;16;5;5;1930;1;1;3;1;3;105;;M;4545449;573556;730
2,016E+11;16;8;3;2115;5;1;1;1;3;226;;M;4550678;571742;730
2,016E+11;16;3;12;1530;1;1;1;1;1;303;;M;4576683;638062;730
2,016E+11;16;7;21;915;1;1;1;1;6;48;;M;4558257;630468;730
2,016E+11;16;1;1;1600;1;1;1;5;6;317;;M;4572010;651637;730
2,016E+11;16;5;7;1515;1;1;1;1;7;34;;M;4573009;655793;730
2,016E+11;16;8;21;1100;1;2;1;1;6;132;rue de la voûte;M;4575070;658523;730
2,016E+11;16;7;3;1300;1;2;6;1;3;54;av du Maréchal Leclerc;M;4562024;677101;730
2,016E+11;16;7;17;1315;1;1;1;1;2;54;;M;4566899;677313;730
2,016E+11;16;7;20;1130;1;1;1;1;7;285;;M;4562306;682062;730
2,016E+11;16;7;22;1545;1;1;1;3;6;54;;M;4560116;680126;730
2,016E+11;16;8;21;1115;1;1;1;1;7;54;;M;4566630;677545;730
2,016E+11;16;9;3;1530;1;2;1;1;7;285;;M;4562697;682439;730
2,016E+11;16;9;11;1915;2;1;1;1;7;285;;M;4562507;681842;730
2,016E+11;16;6;16;1000;1;1;1;2;3;15;;M;4543371;655618;730
2,016E+11;16;12;26;1445;1;1;1;1;5;181;;M;4580200;687800;730
2,016E+11;16;1;10;1845;5;2;1;3;6;181;;M;0;0;730
2,016E+11;16;12;12;1745;5;2;1;1;6;181;rue de la sous-préfectur;M;0;0;730
2,016E+11;16;12;29;1600;1;2;1;1;5;284;192 AVENUE DES THERMES;M;4579400;687900;730
2,016E+11;16;9;24;1730;1;1;1;1;3;32;;M;0;0;730
2,016E+11;16;4;30;1630;1;2;1;1;6;248;rue de la République;M;4527581;634603;730
2,016E+11;16;6;26;1530;1;1;1;1;5;306;;M;4508376;642768;730
2,016E+11;16;7;1;1415;1;1;1;1;3;306;;M;4508580;643720;730
2,016E+11;16;7;6;1745;1;1;1;1;7;194;;M;4520681;656039;730
2,016E+11;16;9;26;845;1;2;1;7;6;248;rue Girard;M;4527923;634637;730
2,016E+11;16;2;21;1542;1;2;1;1;6;250;508, Villard-Clément;M;4525909;639210;730
2,016E+11;16;4;7;1430;1;1;1;1;6;19;;M;4549323;629870;730
2,016E+11;16;6;7;2230;5;2;2;2;3;2;route Montgilbert;M;4554513;629807;730
2,016E+11;16;6;26;830;1;1;3;1;1;220;;M;4548432;627172;730
2,016E+11;16;8;15;1330;1;1;1;1;7;163;;M;4537175;635052;730
2,016E+11;16;10;7;1930;3;2;1;1;6;175;lieu dit la biollaz;M;4552171;632892;730
2,016E+11;16;12;2;2000;5;2;1;1;3;259;Rue du grand pré;M;0;0;730
2,016E+11;16;6;20;1945;1;1;1;1;1;143;;M;4520681;696111;730
2,016E+11;16;7;23;1215;1;1;1;1;6;144;;M;4529935;693548;730
2,016E+11;16;8;12;1730;1;2;3;1;1;157;rd1006;M;4519715;666380;730
2,016E+11;16;3;9;1115;1;2;4;1;7;242;ROUTE D'ALBERTVILLE;M;0;0;740
2,016E+11;16;4;10;900;1;1;1;1;7;275;;M;0;0;740
2,016E+11;16;4;20;2115;3;1;1;1;2;135;;M;0;0;740
2,016E+11;16;5;7;1815;1;1;1;1;7;232;;M;0;0;740
2,016E+11;16;5;11;1145;1;1;6;2;7;135;;M;0;0;740
2,016E+11;16;5;21;1700;1;1;1;1;1;84;;M;0;0;740
2,016E+11;16;7;20;1500;1;1;1;1;3;267;;M;0;0;740
2,016E+11;16;7;27;1100;1;2;1;1;5;275;836 ROUTE DE L'EGALITE;M;0;0;740
2,016E+11;16;7;30;1525;1;1;1;1;6;275;LIEU DIT VEREL;M;0;0;740
2,016E+11;16;8;1;1145;1;1;1;1;1;123;;M;0;0;740
2,016E+11;16;8;12;1950;1;2;1;1;1;104;2126 ROUTE DE TALLOIRES;M;0;0;740
2,016E+11;16;9;10;1515;1;1;1;1;1;123;;M;0;0;740
2,016E+11;16;9;23;2315;3;1;1;1;6;187;;M;0;0;740
2,016E+11;16;9;26;1515;1;2;9;1;6;267;2288 ROUTE D'ALBERTVILLE;M;0;0;740
2,016E+11;16;9;29;1700;1;1;1;1;3;123;;M;0;0;740
2,016E+11;16;10;7;715;5;2;9;1;3;104;;M;0;0;740
2,016E+11;16;10;17;1745;1;2;4;2;3;242;ROUTE DE SALES;M;0;0;740
2,016E+11;16;12;14;1245;1;2;1;7;6;267;222 route d'Albertville;M;4546900;623600;740
2,016E+11;16;1;28;1100;1;2;6;1;3;225;3 RUE JEAN MOULIN;M;0;0;740
2,016E+11;16;4;20;1115;1;1;1;1;1;97;;M;0;0;740
2,016E+11;16;4;24;1700;1;1;1;1;1;151;;M;0;0;740
2,016E+11;16;6;10;745;1;1;1;1;3;2;;M;0;0;740
2,016E+11;16;6;19;1800;1;2;1;2;1;274;;M;0;0;740
2,016E+11;16;7;17;50;3;1;1;1;7;289;;M;0;0;740
2,016E+11;16;8;14;1135;1;1;4;1;2;165;RUE DES CHAMPS THOMAS;M;0;0;740
2,016E+11;16;9;14;1815;1;2;1;1;3;289;ROUTE DE GENEVE;M;0;0;740
2,016E+11;16;9;21;1930;1;1;1;1;1;161;;M;0;0;740
2,016E+11;16;10;20;1145;1;1;4;1;2;97;;M;0;0;740
2,016E+11;16;10;29;1515;1;1;1;1;2;274;;M;0;0;740
2,016E+11;16;12;10;1200;1;1;1;1;1;2;;M;0;0;740
2,016E+11;16;4;1;1800;1;1;1;1;6;136;Les Plans;M;0;0;740
2,016E+11;16;8;2;1130;1;2;6;1;7;239;;M;0;0;740
2,016E+11;16;8;6;1500;1;1;1;1;1;239;;M;0;0;740
2,016E+11;16;9;11;1730;1;1;1;1;7;136;LIEU DIT LA DUCHE;M;0;0;740
2,016E+11;16;11;2;1855;3;1;1;1;1;79;;M;0;0;740
2,016E+11;16;11;6;715;2;1;1;2;6;27;LES SALIGNONS;M;0;0;740
2,016E+11;16;11;26;130;3;1;1;1;7;239;;M;0;0;740
2,016E+11;16;12;21;1800;3;1;1;8;3;80;ROUTE DES ARAVIS;M;0;0;740
2,016E+11;16;1;5;715;3;1;1;2;1;42;;M;0;0;740
2,016E+11;16;2;12;1615;1;2;1;4;6;42;Avenue de Genève;M;0;0;740
2,016E+11;16;2;21;1630;1;1;1;1;2;42;;M;0;0;740
2,016E+11;16;2;27;2230;5;2;1;1;6;42;avenue d'Aoste;M;0;0;740
2,016E+11;16;4;6;1600;1;2;1;1;6;42;396 AVENUE DE STAUFEN;M;4610500;632600;740
2,016E+11;16;4;12;2030;3;1;1;1;7;212;;M;0;0;740
2,016E+11;16;7;16;1800;1;2;2;1;3;42;230 BD PIERRE MONOD;M;0;0;740
2,016E+11;16;8;23;1530;1;1;1;1;6;42;;M;0;0;740
2,016E+11;16;10;1;2000;3;1;1;2;1;212;ROUTE DES EVEAUX;M;0;0;740
2,016E+11;16;10;3;1815;1;2;4;1;6;42;5165 AVENUE DE GENEVE;M;0;0;740
2,016E+11;16;11;12;1230;1;2;1;1;3;110;;M;0;0;740
2,016E+11;16;11;16;1130;1;2;1;1;6;42;AVENUE DU BUET;M;4605700;643100;740
2,016E+11;16;11;18;400;3;1;1;2;6;42;;M;0;0;740
2,016E+11;16;11;22;1430;1;1;6;1;1;42;ROUTE DES SARCELLES;M;0;0;740
2,016E+11;16;12;26;1815;3;1;1;1;6;42;;M;0;0;740
2,016E+11;16;1;23;1930;1;1;1;1;1;56;ROUTE DU BOUCHET;M;0;0;740
2,016E+11;16;2;13;1145;1;2;1;4;1;56;;M;0;0;740
2,016E+11;16;7;9;1600;1;1;1;1;3;56;ROUTE DES MOTTETS;M;0;0;740
2,016E+11;16;8;7;1400;1;1;1;1;1;290;;M;0;0;740
2,016E+11;16;1;1;1830;3;1;1;1;1;83;;M;4588900;662400;740
2,016E+11;16;4;5;830;1;2;6;1;6;236;ROND POINT DES THERMES;M;0;0;740
2,016E+11;16;8;2;1630;1;2;1;1;1;173;ROUTE EDMOND DE ROTCHILD;M;0;0;740
2,016E+11;16;8;9;1815;1;2;6;2;6;236;298 AV DU MONT D'ARBOIS;M;4588800;670800;740
2,016E+11;16;9;15;915;1;2;1;1;6;236;563 AVENUE DE GENEVE;M;0;0;740
2,016E+11;16;10;19;1530;1;1;1;1;3;236;1880 ROUTE DE MEGEVE;M;0;0;740
2,016E+11;16;1;11;900;1;2;2;2;6;224;RUE DE LA PATIENCE;M;0;0;740
2,016E+11;16;2;19;1215;1;2;1;1;1;250;36 avenue des Aravis;M;0;0;740
2,016E+11;16;4;11;1500;1;2;1;1;3;250;186 ROUTE DE TOISINGES;M;0;0;740
2,016E+11;16;5;13;2030;5;1;1;9;1;7;;M;0;0;740
2,016E+11;16;5;15;2045;3;2;1;1;6;253;215 ROUTE DE LA FORET;M;0;0;740
2,016E+11;16;6;25;2015;1;2;4;1;1;224;IMPASSE DES TAMPES;M;0;0;740
2,016E+11;16;7;1;1830;1;1;2;1;3;90;CHEMIN DE LA BATHIA;M;0;0;740
2,016E+11;16;8;7;945;1;1;1;1;1;116;;M;0;0;740
2,016E+11;16;8;26;1500;1;1;4;1;3;116;;M;0;0;740
2,016E+11;16;9;9;1700;1;1;1;1;3;90;;M;0;0;740
2,016E+11;16;9;30;1815;1;2;7;1;6;224;990, AV DE LA LIBERATION;M;0;0;740
2,016E+11;16;9;5;720;1;1;4;3;1;18;;M;0;0;740
2,016E+11;16;10;29;1515;1;1;2;1;1;116;;M;0;0;740
2,016E+11;16;11;30;2330;3;1;2;1;6;90;LIEU DIT LA MADELEINE;M;0;0;740
2,016E+11;16;12;14;1800;3;1;2;5;3;7;;M;0;0;740
2,016E+11;16;12;30;100;5;1;6;1;6;42;;M;4607100;639100;740
2,016E+11;16;2;6;1245;1;1;1;1;3;208;1755 ROUTE DE SERVOZ;M;0;0;740
2,016E+11;16;3;12;1800;1;1;1;1;7;256;2410 ROUTE DU DORAN;M;0;0;740
2,016E+11;16;4;28;1430;1;2;1;1;2;208;AVENUE DE MARLIOZ;M;0;0;740
2,016E+11;16;5;7;1915;1;1;6;1;4;208;;M;0;0;740
2,016E+11;16;7;2;745;1;2;1;2;1;208;avenue de Marlioz;M;0;0;740
2,016E+11;16;7;22;1845;1;2;3;3;6;256;AVENUE DU MONT BLANC;M;0;0;740
2,016E+11;16;8;25;1345;1;2;1;1;6;208;;M;4551100;618200;740
2,016E+11;16;8;25;1830;1;1;1;1;7;89;1045 ROUTE DE LA JORASSE;M;0;0;740
2,016E+11;16;8;31;1415;1;1;1;1;1;256;ROUTE DE NANT CRY;M;0;0;740
2,016E+11;16;11;7;1515;1;2;1;1;6;256;RUE DES TROIS LACS;M;0;0;740
2,016E+11;16;11;19;600;5;1;1;3;3;256;LIEU DIT LE BOIS NOIR;M;0;0;740
2,016E+11;16;11;24;1800;3;1;1;1;7;103;2542 RTE BERNARD HINAULT;M;0;0;740
2,016E+11;16;12;23;1230;1;2;1;7;6;256;73 ANCIENNE RTE COMBLOUX;M;0;0;740
2,016E+11;16;1;14;1145;1;1;1;4;6;134;PONT DES GETS;M;0;0;740
2,016E+11;16;1;29;1530;1;2;1;1;7;258;RUE COGNAC JAY;M;0;0;740
2,016E+11;16;2;23;1645;1;2;1;2;6;134;rd pt de la colombièr;M;0;0;740
2,016E+11;16;7;11;100;5;2;1;1;6;134;ROUTE DU ROCHER;M;0;0;740
2,016E+11;16;7;11;1600;1;2;1;1;6;183;CHEMIN HAUTS DE QUICY;M;0;0;740
2,016E+11;16;7;28;1730;1;2;1;1;1;276;ROUTE D'ANNEMASSE;M;0;0;740
2,016E+11;16;8;2;930;1;1;1;1;1;258;;M;0;0;740
2,016E+11;16;10;28;1045;1;1;1;1;1;183;;M;0;0;740
2,016E+11;16;3;31;1100;1;2;6;1;6;243;RUE DES MUGUETS;M;0;0;740
2,016E+11;16;6;27;1300;1;1;1;1;4;243;;M;4619900;675400;740
2,016E+11;16;8;22;1300;1;1;6;1;3;44;;M;0;0;740
2,016E+11;16;9;18;245;4;1;1;2;5;16;ROUTE DE COLLONGES;M;0;0;740
2,016E+11;16;10;29;600;3;1;1;1;3;243;ROUTE DE CERVONNEX;M;0;0;740
2,016E+11;16;10;25;1830;3;2;6;3;6;243;GIRATOIRE DU CASINO;M;0;0;740
2,016E+11;16;12;28;1925;5;2;8;1;3;82;PASSAGE NIVEAU AV GENEVE;M;0;0;740
2,016E+11;16;1;10;115;5;1;1;9;1;211;2462 ROUTE D'ARBUSIGNY;M;0;0;740
2,016E+11;16;4;9;345;3;2;8;1;6;220;10 ROUTE DE LA ROCHE;M;0;0;740
2,016E+11;16;5;4;1845;1;1;1;1;2;262;;M;0;0;740
2,016E+11;16;6;10;1415;1;1;3;1;5;128;;M;0;0;740
2,016E+11;16;6;10;1510;1;1;1;1;7;220;;M;0;0;740
2,016E+11;16;7;2;1815;1;1;6;1;2;211;;M;0;0;740
2,016E+11;16;8;5;2345;3;1;6;1;6;94;;M;0;0;740
2,016E+11;16;9;1;1730;1;1;1;1;2;197;;M;0;0;740
2,016E+11;16;9;11;800;1;2;1;1;1;94;;M;0;0;740
2,016E+11;16;10;14;2245;3;1;1;5;5;128;;M;0;0;740
2,016E+11;16;11;5;1815;3;2;1;3;2;40;181 AVENUE DU LEMAN;M;0;0;740
2,016E+11;16;11;25;715;2;1;1;1;5;197;;M;0;0;740
2,016E+11;16;12;25;1200;1;1;1;1;5;94;;M;4618400;630200;740
2,016E+11;16;1;28;550;4;2;2;1;3;88;;M;0;0;740
2,016E+11;16;2;12;1400;1;1;1;4;1;88;;M;0;0;740
2,016E+11;16;8;28;1815;1;1;1;1;6;6;ROUTE DES PONTS;M;0;0;740
2,016E+11;16;9;7;2215;5;2;3;1;3;309;ROUTE DE BELLEGARDE;M;0;0;740
2,016E+11;16;9;14;1830;1;1;3;1;3;314;ROUTE DE SAINT JULIEN;M;0;0;740
2,016E+11;16;9;18;145;3;1;1;8;6;288;ROUTE DU BIOLLAY;M;0;0;740
2,016E+11;16;9;18;700;2;2;1;2;5;309;ROUTE DE LA GARE;M;0;0;740
2,016E+11;16;9;28;1215;1;2;2;7;1;96;RUE DU STADE;M;0;0;740
2,016E+11;16;10;7;745;2;1;1;8;5;228;;M;0;0;740
2,016E+11;16;10;28;645;2;2;1;1;3;9;;M;0;0;740
2,016E+11;16;11;29;2145;3;2;1;1;6;96;ROUTE DE CHOSAL - FECHY;M;0;0;740
2,016E+11;16;12;8;1745;2;1;1;5;3;288;;M;0;0;740
2,016E+11;16;4;1;1900;1;1;3;1;6;77;;M;0;0;740
2,016E+11;16;4;27;1930;1;2;2;1;1;86;ROUTE DU VILLARD;M;0;0;740
2,016E+11;16;5;28;415;3;1;1;8;6;130;CHEMIN DU VOLLAND;M;0;0;740
2,016E+11;16;6;5;1630;1;1;1;1;6;109;;M;0;0;740
2,016E+11;16;7;18;1400;1;1;1;1;5;71;;M;0;0;740
2,016E+11;16;9;12;1945;2;1;1;1;6;131;;M;0;0;740
2,016E+11;16;9;26;1240;1;1;1;1;6;109;LIEU DIT D'ARCALOD;M;0;0;740
2,016E+11;16;9;27;1930;2;1;1;1;7;65;ROUTE DES DAINES;M;0;0;740
2,016E+11;16;9;30;2200;3;2;1;1;6;65;;M;0;0;740
2,016E+11;16;10;2;1230;1;1;1;1;6;184;;M;0;0;740
2,016E+11;16;11;13;1730;3;1;4;2;6;29;RUE DE LA CRIE;M;0;0;740
2,016E+11;16;2;16;2115;5;2;1;1;6;58;11 ROUTE DU RYZ;M;0;0;740
2,016E+11;16;5;21;1215;1;1;1;1;7;308;;M;0;0;740
2,016E+11;16;7;11;1850;1;1;1;1;1;63;COL DE MORGINS;M;0;0;740
2,016E+11;16;8;11;1530;1;2;1;1;3;58;LA PANTHIAZ;M;0;0;740
2,016E+11;16;9;12;1200;1;1;1;1;7;1;;M;0;0;740
2,016E+11;16;10;5;1915;3;1;1;1;5;58;CHAMP BENE;M;0;0;740
2,016E+11;16;11;10;1530;1;1;1;2;1;1;LIEU DIT MELON;M;0;0;740