Num_Acc;an;mois;jour;hrmn;lum;agg;int;atm;col;com;adr;gps;lat;long;dep
2,016E+11;16;2;13;2000;5;2;1;2;5;37;Rue de la vallée verte;M;0;0;740
2,016E+11;16;7;6;1230;1;1;1;1;7;32;LA CHEVRERIE;M;0;0;740
2,016E+11;16;7;8;145;4;2;1;1;6;32;LIEU DIT LE BORGEL;M;0;0;740
2,016E+11;16;7;9;1350;1;1;1;1;6;222;;M;0;0;740
2,016E+11;16;7;10;1800;1;1;1;1;1;38;;M;0;0;740
2,016E+11;16;9;10;2145;3;1;1;1;6;38;;M;0;0;740
2,016E+11;16;9;11;700;2;1;1;1;1;38;LIEU DIT LES MOUILLES;M;0;0;740
2,016E+11;16;11;25;1015;1;2;3;1;6;38;ROUTE DE PLAINE JOUX;M;0;0;740
2,016E+11;16;1;24;2130;5;2;1;2;6;249;LA BEUNAZ;M;0;0;740
2,016E+11;16;4;26;1600;1;1;1;1;7;127;;M;0;0;740
2,016E+11;16;5;14;1705;1;1;1;1;5;127;;M;0;0;740
2,016E+11;16;9;28;600;5;2;4;1;1;218;RUE DU PONT DE DRANSE;M;0;0;740
2,016E+11;16;10;26;1230;1;1;1;1;1;57;;M;0;0;740
2,016E+11;16;12;5;1915;3;1;1;1;6;146;ROUTE DE LA FRUITIERE;M;0;0;740
2,016E+11;16;5;22;415;3;1;6;1;6;307;;M;0;0;630
2,016E+11;16;11;3;1400;1;1;4;1;3;307;;M;4571160;307460;630
2,016E+11;16;1;22;2345;3;1;1;2;6;229;;M;0;0;630
2,016E+11;16;3;11;930;1;1;4;1;4;40;;M;0;0;630
2,016E+11;16;4;29;1630;1;1;1;1;5;154;;M;0;0;630
2,016E+11;16;5;5;1145;1;2;1;1;6;453;route de Bouzel;M;0;0;630
2,016E+11;16;5;27;1545;1;1;1;1;3;34;;M;0;0;630
2,016E+11;16;6;6;1815;1;1;2;1;3;157;;M;0;0;630
2,016E+11;16;6;15;1300;1;1;1;1;1;216;;M;0;0;630
2,016E+11;16;6;18;1845;1;1;1;1;6;226;;M;0;0;630
2,016E+11;16;6;25;1545;1;1;1;1;1;434;;M;0;0;630
2,016E+11;16;6;27;930;1;1;1;1;6;146;;M;0;0;630
2,016E+11;16;7;1;1215;1;1;1;1;7;273;;M;4572633;322555;630
2,016E+11;16;7;3;1615;1;1;1;1;1;146;;M;0;0;630
2,016E+11;16;7;8;1815;1;1;1;7;3;40;;M;0;0;630
2,016E+11;16;7;15;2030;1;1;1;1;7;229;;M;0;0;630
2,016E+11;16;8;2;1830;1;2;2;1;1;40;10 rue Carnot;M;4572370;333940;630
2,016E+11;16;9;2;1345;1;1;1;1;6;229;;M;0;0;630
2,016E+11;16;9;9;1845;1;1;1;1;2;273;;M;0;0;630
2,016E+11;16;10;30;1615;1;1;2;5;3;146;;M;0;0;630
2,016E+11;16;11;6;2015;3;1;1;4;1;334;;M;0;0;630
2,016E+11;16;11;26;1115;1;1;1;1;5;273;;M;0;0;630
2,016E+11;16;12;5;845;1;1;1;1;3;368;;M;0;0;630
2,016E+11;16;2;8;1245;1;1;1;3;1;426;;M;0;0;630
2,016E+11;16;5;31;1800;1;1;1;3;1;47;;M;4559800;272400;630
2,016E+11;16;6;3;2000;1;1;1;1;7;397;;M;4561010;268490;630
2,016E+11;16;8;12;1230;1;1;1;1;1;346;;M;4541800;269800;630
2,016E+11;16;8;15;1215;1;1;1;1;1;47;;M;4559600;272900;630
2,016E+11;16;11;3;1530;1;1;1;1;6;190;;M;4553200;255300;630
2,016E+11;16;2;1;1715;1;1;1;7;3;263;;M;0;0;630
2,016E+11;16;2;25;130;3;1;1;2;6;263;;M;4578900;305000;630
2,016E+11;16;7;2;1600;1;1;1;1;7;263;;M;4582000;301800;630
2,016E+11;16;7;12;1715;1;1;1;1;1;254;;M;0;0;630
2,016E+11;16;7;16;1630;1;1;1;1;1;263;;M;4576100;301300;630
2,016E+11;16;5;18;1630;1;2;1;1;1;284;6 chemin de decauville;M;4579190;324270;630
2,016E+11;16;6;7;1745;1;2;1;1;6;284;;M;4579930;324590;630
2,016E+11;16;10;11;1115;1;2;1;1;2;200;RD 54;M;0;0;630
2,016E+11;16;10;15;745;2;1;1;1;3;284;;M;0;0;630
2,016E+11;16;11;10;1715;5;2;1;1;2;284;46 avenue roger coulon;M;4579901;324337;630
2,016E+11;16;11;18;1530;1;2;1;1;1;284;77 av du docteur Besserv;M;4579901;325626;630
2,016E+11;16;2;6;1000;1;1;1;1;7;219;;M;4580000;292400;630
2,016E+11;16;3;18;1430;1;1;1;1;3;248;;M;4571300;291200;630
2,016E+11;16;4;3;1630;1;1;1;1;7;264;;M;4563500;282500;630
2,016E+11;16;5;26;1000;1;1;1;1;7;370;;M;4565400;266400;630
2,016E+11;16;6;18;345;3;1;1;1;7;386;;M;4573700;279900;630
2,016E+11;16;8;25;1515;1;1;1;1;1;219;;M;4578600;286900;630
2,016E+11;16;9;16;1930;3;2;1;3;1;248;RD 2089;M;4572600;289800;630
2,016E+11;16;10;26;1515;1;1;1;2;6;416;;M;0;0;630
2,016E+11;16;12;5;1045;1;1;1;1;7;386;;M;4573800;281800;630
2,016E+11;16;12;18;1045;1;1;6;1;6;257;;M;4572770;289020;630
2,016E+11;16;7;28;2015;1;1;1;1;1;306;;M;4570400;321700;630
2,016E+11;16;8;6;530;2;1;1;1;6;214;;M;4569300;319300;630
2,016E+11;16;9;2;815;1;1;1;1;5;472;;M;4561600;326500;630
2,016E+11;16;9;8;800;1;1;2;1;1;396;;M;4566500;306900;630
2,016E+11;16;10;20;800;2;1;9;1;3;455;;M;4567300;314400;630
2,016E+11;16;11;26;445;3;1;1;1;7;262;;M;4571400;315700;630
2,016E+11;16;12;12;630;2;1;6;5;7;262;;M;0;0;630
2,016E+11;16;2;6;1330;1;2;1;6;6;10;49 route de beurrières;M;4540938;372500;630
2,016E+11;16;4;29;1115;1;2;1;1;1;10;;M;4542600;372700;630
2,016E+11;16;5;23;630;2;1;1;2;6;179;;M;4561420;372220;630
2,016E+11;16;8;7;1615;1;1;1;1;7;374;;M;4553100;381000;630
2,016E+11;16;8;12;100;3;2;1;1;6;10;85 route nationale;M;4541700;372700;630
2,016E+11;16;8;13;900;1;1;1;1;6;211;;M;0;0;630
2,016E+11;16;8;15;1730;1;1;1;1;7;3;;M;4554000;378600;630
2,016E+11;16;9;12;1015;1;1;1;1;1;10;;M;4543900;372500;630
2,016E+11;16;9;17;2015;5;2;3;2;3;3;avenue Emmanuel Chabrier;M;4554640;373880;630
2,016E+11;16;10;8;1715;1;1;1;1;6;3;;M;4552900;375400;630
2,016E+11;16;10;19;1200;1;1;1;2;6;319;;M;4552100;394000;630
2,016E+11;16;12;16;2200;5;2;1;1;4;211;1 route d'Arlanc;M;4547840;372640;630
2,016E+11;16;3;26;1830;1;1;1;7;6;173;;M;0;0;630
2,016E+11;16;4;30;1430;1;1;1;2;6;331;;M;4551400;392500;630
2,016E+11;16;5;28;1545;1;1;1;3;7;412;;M;4540500;388400;630
2,016E+11;16;10;13;1445;1;1;1;3;6;139;;M;4538500;375900;630
2,016E+11;16;8;20;1500;1;1;1;2;7;314;;M;4558500;362900;630
2,016E+11;16;11;6;1715;2;1;1;4;6;314;;M;4556600;362800;630
2,016E+11;16;2;12;715;2;2;1;1;6;178;avenue Jean JAURES;M;4554829;325730;630
2,016E+11;16;4;6;1215;1;2;1;1;1;422;Rte des DAUPHINS d'AUVER;M;0;0;630
2,016E+11;16;5;7;1030;1;2;1;1;3;178;31 rue de Bizaleix;M;4554610;323640;630
2,016E+11;16;5;18;745;1;2;4;1;3;178;bd de la sous préfecture;M;0;0;630
2,016E+11;16;5;26;1515;1;1;6;1;6;121;;M;4561360;321100;630
2,016E+11;16;6;1;1530;1;1;1;1;6;342;;M;4555160;309180;630
2,016E+11;16;6;5;1200;1;1;1;1;7;172;;M;0;0;630
2,016E+11;16;7;4;2315;3;1;1;1;6;466;;M;4550960;313660;630
2,016E+11;16;7;21;1530;1;2;1;1;2;380;rue principale;M;0;0;630
2,016E+11;16;7;31;900;1;1;9;2;7;452;;M;0;0;630
2,016E+11;16;8;12;1000;1;2;1;1;6;178;74 rue du 8 mai;M;4554365;323891;630
2,016E+11;16;8;23;2045;3;2;1;1;7;234;;M;0;0;630
2,016E+11;16;8;26;2115;5;2;1;1;6;250;18 route de coudes;M;0;0;630
2,016E+11;16;9;5;1130;1;2;3;1;3;178;boulevard Miterrand;M;4554010;325420;630
2,016E+11;16;11;1;1845;3;1;1;1;1;122;;M;0;0;630
2,016E+11;16;11;1;1700;1;1;1;1;7;172;;M;0;0;630
2,016E+11;16;11;23;1800;3;1;1;1;4;160;;M;0;0;630
2,016E+11;16;11;30;1345;1;2;3;1;3;73;rue de la combe;M;4558491;318395;630
2,016E+11;16;12;12;1230;1;2;4;1;1;411;rue du chateau;M;4559033;320480;630
2,016E+11;16;12;20;1930;5;2;1;2;6;178;16 boulevard pasteur;M;4554710;324600;630
2,016E+11;16;7;3;1000;1;1;1;1;6;440;;M;0;0;630
2,016E+11;16;7;13;1615;1;1;1;1;1;247;;M;0;0;630
2,016E+11;16;8;3;1715;1;1;1;1;3;247;;M;0;0;630
2,016E+11;16;8;26;845;1;2;1;1;6;38;rue de la Gazelle;M;4550970;293400;630
2,016E+11;16;8;25;1245;1;1;1;7;1;335;;M;4555390;300700;630
2,016E+11;16;10;17;1300;1;1;1;1;1;247;;M;0;0;630
2,016E+11;16;1;24;1345;1;1;1;1;7;31;;M;4544200;327500;630
2,016E+11;16;2;3;1200;1;2;1;8;6;415;32 route de condat;M;4555180;338090;630
2,016E+11;16;5;16;1315;1;1;1;1;1;392;;M;4552100;331200;630
2,016E+11;16;6;13;1745;1;1;1;2;7;375;;M;4549700;331700;630
2,016E+11;16;9;3;1130;1;1;1;1;1;29;;M;4548600;334400;630
2,016E+11;16;12;16;2330;3;1;1;8;1;392;;M;4550500;334500;630
2,016E+11;16;12;28;1645;1;2;6;1;6;50;2 rue des sarralières;M;4541380;332020;630
2,016E+11;16;3;3;1930;3;1;1;2;6;209;;M;4549000;322100;630
2,016E+11;16;8;19;2200;5;2;1;1;6;352;22 Route de brioude;M;4545660;323870;630
2,016E+11;16;10;3;1800;1;1;3;1;1;7;;M;4536980;316380;630
2,016E+11;16;12;24;1045;1;2;1;1;6;352;5 Avenue Antoine Porte;M;4545880;323820;630
2,016E+11;16;2;10;15;3;1;6;8;6;1;;M;4600960;319750;630
2,016E+11;16;3;4;900;1;1;9;1;6;35;;M;0;0;630
2,016E+11;16;3;16;1815;1;1;1;8;1;327;;M;0;0;630
2,016E+11;16;5;19;1200;1;1;1;1;7;181;;M;0;0;630
2,016E+11;16;6;20;1400;1;2;1;1;6;68;7imp ds volcans (rés vol;M;4594650;313950;630
2,016E+11;16;7;30;2345;3;1;1;8;6;143;limite avec 03;M;0;0;630
2,016E+11;16;8;6;1830;1;1;1;1;6;116;;M;0;0;630
2,016E+11;16;10;1;1530;1;1;1;1;7;68;;M;0;0;630
2,016E+11;16;11;25;915;1;2;1;1;1;12;Rue fontaine de jade -;M;4601200;316900;630
2,016E+11;16;10;15;1815;2;2;1;1;3;295;place des sports;M;4601870;335510;630
2,016E+11;16;10;31;200;3;1;1;8;3;115;;M;4586400;264700;630
2,016E+11;16;11;15;1100;1;1;1;1;1;228;;M;4591200;271000;630
2,016E+11;16;2;28;930;1;1;1;1;6;286;;M;0;0;630
2,016E+11;16;3;16;800;1;1;3;8;3;390;;M;4610840;307990;630
2,016E+11;16;3;18;1645;1;1;1;1;3;471;;M;0;0;630
2,016E+11;16;5;21;1430;1;1;1;1;1;373;;M;0;0;630
2,016E+11;16;7;8;1715;1;1;1;1;7;187;;M;0;0;630
2,016E+11;16;9;5;1245;1;1;1;1;7;377;;M;0;0;630
2,016E+11;16;9;17;1300;1;1;1;2;5;338;;M;0;0;630
2,016E+11;16;10;17;1445;1;1;1;2;1;281;;M;0;0;630
2,016E+11;16;3;13;1215;1;1;1;1;6;470;;M;4585200;304600;630
2,016E+11;16;6;9;2330;3;1;1;1;7;92;;M;4591300;296000;630
2,016E+11;16;8;21;1530;1;1;1;1;6;470;;M;4586000;301900;630
2,016E+11;16;1;4;1645;1;2;1;1;6;276;route de courpieres;M;4582980;350100;630
2,016E+11;16;1;24;1600;1;2;1;1;6;430;11 rue A. Saint Exupéry;M;4585669;354300;630
2,016E+11;16;5;2;1330;1;1;1;1;1;276;;M;0;0;630
2,016E+11;16;6;27;1815;1;2;1;7;3;430;avenue pierre guerrin;M;4585750;355080;630
2,016E+11;16;7;25;745;1;2;1;1;1;430;AVENUE DES ETATS UNIS;M;4585778;354178;630
2,016E+11;16;7;31;1830;1;1;1;1;1;430;;M;0;0;630
2,016E+11;16;8;20;1800;1;1;1;7;1;430;;M;4586730;349620;630
2,016E+11;16;10;5;2145;5;2;1;1;7;8;lieu dit la meule;M;0;0;630
2,016E+11;16;10;14;1230;1;2;1;2;6;430;RUE SCHROBENHAUSEN;M;4585140;354110;630
2,016E+11;16;10;21;2345;5;1;1;5;6;393;étang des prades/restau;M;4589460;359800;630
2,016E+11;16;10;22;2015;3;1;1;1;6;151;;M;0;0;630
2,016E+11;16;12;24;30;3;1;1;1;6;138;;M;0;0;630
2,016E+11;16;1;11;1615;1;2;1;3;3;195;4 route de Culhat;M;4583000;337699;630
2,016E+11;16;5;16;1600;1;1;1;1;2;16;;M;0;0;630
2,016E+11;16;9;7;1815;1;2;2;1;1;195;rue Henri Pourrat;M;4583410;338910;630
2,016E+11;16;10;14;1700;1;1;1;2;1;195;;M;0;0;630
2,016E+11;16;10;29;915;1;1;1;5;6;16;;M;4575000;362800;630
2,016E+11;16;11;10;1130;1;2;1;1;6;125;32 Avenue de Thiers;M;4575670;353860;630
2,016E+11;16;11;14;1630;1;2;1;1;6;125;Avenue Pourrat;M;4576380;354000;630
2,016E+11;16;12;12;1345;1;2;2;1;3;195;rue jacques salez;M;4582770;338380;630
2,016E+11;16;5;1;1100;1;2;1;1;1;291;Les petits-bardins, d906;M;4598800;348500;630
2,016E+11;16;6;16;1715;1;1;6;1;2;291;;M;4594300;348700;630
2,016E+11;16;6;19;1900;1;1;1;1;6;128;;M;4590900;339900;630
2,016E+11;16;6;25;1530;1;1;1;1;6;102;;M;4599100;355800;630
2,016E+11;16;6;26;1945;1;1;1;1;7;291;;M;4598700;350800;630
2,016E+11;16;8;30;1530;1;1;1;1;6;271;;M;0;0;630
2,016E+11;16;10;9;2030;3;1;1;1;3;271;;M;0;0;630
2,016E+11;16;10;20;845;1;1;1;1;1;128;;M;4592000;337500;630
2,016E+11;16;11;25;1445;1;1;1;1;6;271;;M;0;0;630
2,016E+11;16;1;15;1530;1;1;1;2;2;40;;M;0;0;30
2,016E+11;16;5;25;915;1;2;1;1;5;316;rn7;M;0;0;30
2,016E+11;16;6;29;1530;1;1;1;1;6;121;;M;0;0;30
2,016E+11;16;7;9;730;1;1;1;1;4;316;;M;0;0;30
2,016E+11;16;9;4;515;3;1;1;1;6;316;;M;0;0;30
2,016E+11;16;10;7;1430;1;1;1;1;5;316;;M;0;0;30
2,016E+11;16;11;4;1600;1;1;1;1;1;85;;M;0;0;30
2,016E+11;16;11;13;700;2;1;1;2;7;316;;M;0;0;30
2,016E+11;16;11;28;1030;1;1;1;1;6;9;;M;4666900;313600;30
2,016E+11;16;5;13;1800;1;1;1;1;7;46;;M;4645800;291700;30
2,016E+11;16;6;9;800;1;1;1;1;1;117;;M;0;0;30
2,016E+11;16;6;20;1815;1;2;1;1;6;36;rue de la paroisse;M;4658800;305800;30
2,016E+11;16;11;27;1130;1;1;1;1;1;241;;M;4668800;311600;30
2,016E+11;16;1;11;1530;1;1;1;2;3;102;;M;0;0;30
2,016E+11;16;3;23;1815;1;1;1;1;6;300;;M;0;0;30
2,016E+11;16;6;17;930;1;2;1;1;6;102;31 rue Nationale;M;0;0;30
2,016E+11;16;8;24;915;1;1;1;7;7;173;;M;0;0;30
2,016E+11;16;8;30;1530;1;1;1;1;3;265;;M;0;0;30
2,016E+11;16;3;10;845;1;2;1;1;1;155;N°67 bd Gambetta;M;0;0;30
2,016E+11;16;1;6;1530;1;1;1;1;2;74;;M;0;0;30
2,016E+11;16;3;19;1715;1;1;1;1;7;76;;M;0;0;30
2,016E+11;16;5;31;1330;1;1;2;3;3;180;;M;0;0;30
2,016E+11;16;6;29;745;1;1;1;1;6;120;;M;0;0;30
2,016E+11;16;7;25;1515;1;1;2;1;3;19;;M;0;0;30
2,016E+11;16;8;19;1400;1;1;1;7;5;197;;M;0;0;30
2,016E+11;16;9;12;1645;1;2;1;7;6;74;12 route nationale;M;0;0;30
2,016E+11;16;9;26;1645;1;1;1;1;5;74;;M;0;0;30
2,016E+11;16;10;5;1415;1;2;1;1;6;74;route nationale;M;0;0;30
2,016E+11;16;2;21;1745;1;1;2;7;3;176;;M;0;0;30
2,016E+11;16;2;25;1015;1;1;1;2;3;83;;M;0;0;30
2,016E+11;16;3;12;1115;1;2;1;1;3;267;Départementale 1;M;0;0;30
2,016E+11;16;4;1;1215;1;1;1;2;1;83;;M;0;0;30
2,016E+11;16;4;28;2015;2;1;1;1;6;254;;M;0;0;30
2,016E+11;16;6;5;1845;1;1;1;1;6;227;;M;0;0;30
2,016E+11;16;9;25;915;1;1;1;1;3;267;;M;4633300;328600;30
2,016E+11;16;10;2;515;3;1;1;1;6;227;;M;0;0;30
2,016E+11;16;11;16;1545;1;1;1;8;6;62;;M;0;0;30
2,016E+11;16;2;17;1;3;1;1;1;6;26;;M;0;0;30
2,016E+11;16;6;10;945;1;1;1;1;3;73;;M;0;0;30
2,016E+11;16;7;29;2030;1;1;1;1;1;69;;M;0;0;30
2,016E+11;16;9;17;2230;3;1;1;2;7;69;;M;4646700;312500;30
2,016E+11;16;9;25;515;3;1;1;1;1;99;;M;4636900;302100;30
2,016E+11;16;10;4;2345;3;1;1;1;6;162;;M;0;0;30
2,016E+11;16;10;12;1830;1;1;9;1;7;99;;M;0;0;30
2,016E+11;16;11;1;200;3;1;1;5;6;247;;M;0;0;30
2,016E+11;16;12;16;1345;1;1;1;1;3;287;;M;4640800;316700;30
2,016E+11;16;12;22;2345;3;1;1;5;6;92;;M;4647300;316700;30
2,016E+11;16;2;10;2000;3;1;1;2;1;212;;M;0;0;30
2,016E+11;16;4;28;400;3;1;1;1;7;317;;M;0;0;30
2,016E+11;16;5;6;1630;1;1;1;1;7;279;;M;4626000;255400;30
2,016E+11;16;7;5;2315;3;1;1;1;6;217;;M;0;0;30
2,016E+11;16;9;10;2230;3;1;1;1;1;185;;M;0;0;30
2,016E+11;16;9;26;1515;1;1;1;1;6;212;;M;0;0;30
2,016E+11;16;10;22;1015;1;2;1;1;6;195;Place des Thermes;M;0;0;30
2,016E+11;16;2;13;1930;3;1;5;2;3;150;;M;0;0;30
2,016E+11;16;4;6;1400;1;2;1;1;1;297;RUE JEAN PETRAIN;M;0;0;30
2,016E+11;16;12;7;1800;5;2;1;1;3;84;;M;0;0;30
2,016E+11;16;6;11;1745;1;2;1;1;6;82;rue du docteur Paul Fabr;M;0;0;30
2,016E+11;16;8;15;1930;1;2;6;1;6;159;RD37;M;0;0;30
2,016E+11;16;8;27;1145;1;2;1;1;6;7;le bourg;M;0;0;30
2,016E+11;16;8;30;1500;1;1;1;7;1;7;;M;0;0;30
2,016E+11;16;9;8;1330;1;1;1;1;6;129;;M;4647400;238200;30
2,016E+11;16;6;30;1630;1;1;1;1;6;107;;M;0;0;30
2,016E+11;16;4;23;1700;1;2;2;2;3;315;Avenue  félix  mioche;M;0;0;30
2,016E+11;16;7;19;500;3;1;1;1;2;186;;M;0;0;30
2,016E+11;16;6;9;1715;1;2;2;1;3;306;Rue de quinssat;M;0;0;30
2,016E+11;16;9;16;730;2;1;1;1;6;110;;M;0;0;30
2,016E+11;16;11;9;1030;1;1;3;2;3;157;;M;0;0;30
2,016E+11;16;11;13;1815;3;1;1;2;1;236;;M;0;0;30
2,016E+11;16;12;6;830;1;2;1;9;3;45;Route de la chaux;M;0;0;30
2,016E+11;16;3;31;915;1;1;1;1;6;118;;M;0;0;30
2,016E+11;16;4;13;1415;1;1;1;1;7;133;;M;0;0;30
2,016E+11;16;6;2;1800;1;2;1;2;2;118;rue andre CAVARD;M;0;0;30
2,016E+11;16;6;4;45;3;1;1;8;6;89;;M;0;0;30
2,016E+11;16;6;29;1730;1;1;1;1;7;118;;M;0;0;30
2,016E+11;16;7;11;1000;1;1;1;9;6;107;;M;0;0;30
2,016E+11;16;8;7;2130;3;1;1;1;7;166;;M;0;0;30
2,016E+11;16;8;23;2245;3;1;1;1;1;107;;M;0;0;30
2,016E+11;16;10;1;1430;1;1;1;1;1;268;;M;0;0;30
2,016E+11;16;11;16;1300;1;1;1;1;1;43;;M;0;0;30
2,016E+11;16;11;17;1215;1;1;1;1;1;220;;M;0;0;30
2,016E+11;16;11;28;1945;5;1;1;1;3;182;;M;0;0;30
2,016E+11;16;12;16;530;3;1;1;1;1;133;;M;0;0;30
2,016E+11;16;12;16;1845;5;2;1;1;6;118;impasse Jean Moulin;M;0;0;30
2,016E+11;16;8;22;1115;1;1;1;1;7;274;;M;0;0;30
2,016E+11;16;1;15;1815;3;1;1;1;1;226;;M;0;0;30
2,016E+11;16;2;16;1200;1;1;1;1;6;105;;M;0;0;30
2,016E+11;16;4;28;1430;1;1;1;1;1;105;;M;0;0;30
2,016E+11;16;8;8;1815;1;1;1;1;7;257;;M;0;0;30
2,016E+11;16;10;10;915;1;2;1;1;6;284;la vauvre;M;0;0;30
2,016E+11;16;10;31;2030;3;1;1;5;6;257;;M;0;0;30
2,016E+11;16;11;6;1700;3;2;1;1;6;138;chez diot;M;0;0;30
2,016E+11;16;11;20;1630;1;1;1;1;7;250;;M;0;0;30
2,016E+11;16;11;28;1800;3;1;1;1;2;284;;M;0;0;30
2,016E+11;16;12;1;815;1;1;1;5;7;181;;M;0;0;30
2,016E+11;16;7;4;1015;1;1;2;1;3;131;;M;4616300;364500;30
2,016E+11;16;2;9;700;1;1;2;9;3;215;;M;0;0;30
2,016E+11;16;8;28;1830;1;2;1;1;2;298;74, Avenue de Chazeuil;M;4632500;339400;30
2,016E+11;16;12;11;645;3;1;1;9;6;91;;M;4625400;343100;30
2,016E+11;16;12;27;815;2;1;1;5;6;187;;M;4632700;343300;30
2,016E+11;16;3;5;900;1;1;1;4;6;76;;M;4492400;215800;150
2,016E+11;16;4;23;500;3;1;1;3;6;267;;M;4493700;233800;150
2,016E+11;16;9;15;1445;1;1;1;1;1;221;;M;4489000;235100;150
2,016E+11;16;9;18;1515;1;1;1;2;1;221;;M;4488700;233600;150
2,016E+11;16;10;17;1615;1;1;1;1;6;211;;M;4501200;225900;150
2,016E+11;16;11;26;1300;1;1;1;1;1;14;;M;4493900;242000;150
2,016E+11;16;2;27;2100;3;1;1;2;6;122;;M;4468800;218500;150
2,016E+11;16;4;1;1500;1;2;1;1;1;122;place de l'europe;M;4471700;219900;150
2,016E+11;16;4;20;1630;1;1;1;6;7;184;;M;0;0;150
2,016E+11;16;5;2;400;3;1;1;1;7;122;;M;4468500;218800;150
2,016E+11;16;5;5;1845;1;1;1;1;3;212;;M;0;0;150
2,016E+11;16;7;17;2315;5;1;6;1;1;122;;M;0;0;150
2,016E+11;16;12;6;1430;1;1;1;7;3;196;;M;0;0;150
2,016E+11;16;12;12;1045;1;1;1;5;3;30;;M;0;0;150
2,016E+11;16;12;14;1415;1;1;1;8;6;122;;M;0;0;150
2,016E+11;16;12;18;1500;1;1;1;1;3;150;;M;0;0;150
2,016E+11;16;11;27;530;3;1;1;1;7;156;;M;0;0;150
2,016E+11;16;12;1;830;2;1;1;9;1;117;;M;0;0;150
2,016E+11;16;1;29;1945;3;1;1;2;3;74;;M;0;0;150
2,016E+11;16;5;4;1300;1;1;1;1;1;266;;M;0;0;150
2,016E+11;16;5;22;915;1;1;1;1;1;154;;M;0;0;150
2,016E+11;16;7;10;1530;1;1;1;9;6;113;;M;4509000;267200;150
2,016E+11;16;10;16;1915;3;1;1;1;1;258;;M;4499200;263100;150
2,016E+11;16;11;13;1045;1;1;1;5;6;74;;M;0;0;150
2,016E+11;16;12;6;1430;1;2;1;1;6;258;PK 71;M;4499700;263500;150
2,016E+11;16;5;27;745;1;2;1;1;6;120;5 avenue de la gare;M;4522600;234100;150
2,016E+11;16;7;19;1030;1;1;1;1;2;220;;M;4519000;240300;150
2,016E+11;16;5;6;1715;1;1;1;8;2;40;;M;0;0;150
2,016E+11;16;6;1;1215;1;1;1;2;6;9;;M;4526000;270200;150
2,016E+11;16;7;22;1045;1;1;1;2;1;116;;M;4527800;275100;150
2,016E+11;16;12;28;1400;1;2;1;7;3;110;Le Bourg;M;0;0;150
2,016E+11;16;7;3;530;2;1;1;1;6;205;;M;0;0;150
2,016E+11;16;12;7;1915;3;1;1;1;2;202;;M;4514100;240600;150
2,016E+11;16;12;10;1200;1;1;1;1;6;70;;M;4510600;253700;150
2,016E+11;16;2;16;1145;1;1;2;1;3;250;;M;4536800;251200;150
2,016E+11;16;8;3;15;3;1;1;1;6;92;;M;0;0;150
2,016E+11;16;11;25;1700;2;1;1;8;6;265;;M;0;0;150
2,016E+11;16;3;27;700;2;1;1;2;6;231;;M;4510700;306800;150
2,016E+11;16;5;24;1830;1;1;1;1;5;164;;M;4505000;304700;150
2,016E+11;16;6;1;1030;1;2;1;3;3;187;RD 721 - PK 00 +400;M;0;0;150
2,016E+11;16;8;6;645;2;1;1;7;6;232;;M;4502600;298600;150
2,016E+11;16;8;15;1830;1;1;1;1;7;107;;M;4494800;330200;150
2,016E+11;16;9;23;2330;3;1;1;1;7;187;;M;4505700;308100;150
2,016E+11;16;10;13;1145;1;2;1;2;7;187;roueyre;M;0;0;150
2,016E+11;16;10;23;1430;3;1;1;1;6;262;;M;4502300;305200;150
2,016E+11;16;11;10;1515;1;2;9;3;3;187;leopold chastang;M;4504400;307300;150
2,016E+11;16;1;7;1700;2;1;1;1;7;151;;M;0;0;150
2,016E+11;16;3;4;1845;2;1;1;3;3;127;;M;4520600;309200;150
2,016E+11;16;8;12;1745;1;1;1;1;7;98;;M;4527600;309700;150
2,016E+11;16;9;6;815;1;1;1;2;1;127;;M;0;0;150
2,016E+11;16;10;23;1915;2;1;1;1;1;151;;M;4520200;308600;150
2,016E+11;16;11;11;945;1;1;1;8;6;43;;M;0;0;150
2,016E+11;16;11;14;800;1;1;1;2;6;43;;M;4520700;309000;150
2,016E+11;16;12;23;1630;1;1;1;1;1;43;;M;4519900;308600;150
2,016E+11;16;3;27;2215;3;1;1;1;7;253;;M;0;0;150
2,016E+11;16;7;13;2315;3;1;1;1;7;61;;M;0;0;150
2,016E+11;16;7;26;1530;1;1;1;1;1;244;;M;4507800;293500;150
2,016E+11;16;7;27;930;1;2;1;1;7;1;18 rue du 19 mars 1962;M;4523400;293800;150
2,016E+11;16;11;7;845;1;1;1;9;1;138;;M;0;0;150
2,016E+11;16;1;12;1605;1;1;3;4;1;154;LA PIERRE PLANTEE;M;4478180;388880;430
2,016E+11;16;1;29;745;2;1;1;5;1;42;VERS LE TOTEM;M;4493770;381574;430
2,016E+11;16;4;17;315;3;1;1;8;6;257;LIEU-DIT CONCOURET;M;4502340;373593;430
2,016E+11;16;4;28;1145;1;1;1;1;6;176;200M CARREF DU CHIER;M;4498880;369704;430
2,016E+11;16;5;8;2145;3;1;1;1;1;39;PLAINE D'AUNAC;M;4491960;384400;430
2,016E+11;16;6;22;1915;1;1;1;1;6;174;"LIEU-DIT ""CEREYSET""";;;;430
2,016E+11;16;8;20;745;1;1;1;2;1;45;CLARY;M;4503380;385070;430
2,016E+11;16;9;23;1830;1;1;1;1;6;221;X;M;4497210;366380;430
2,016E+11;16;10;21;2330;3;1;1;1;6;174;AVANT VILLAGE DOLAIZON;M;4500730;383275;430
2,016E+11;16;10;26;1745;2;1;1;1;6;45;VERS CLARY;M;4503370;385007;430
2,016E+11;16;11;8;1830;3;1;1;8;2;174;X;M;4498950;382278;430
2,016E+11;16;1;24;1130;1;1;1;7;2;252;ENTRE MALFANT ET FONTANE;;;;430