Num_Acc;an;mois;jour;hrmn;lum;agg;int;atm;col;com;adr;gps;lat;long;dep
2,016E+11;16;5;23;1545;1;1;1;1;1;194;X;M;4506880;404110;430
2,016E+11;16;10;8;830;1;1;1;1;6;218;LE COLLET;M;4505790;406165;430
2,016E+11;16;10;14;1115;1;1;1;2;6;194;X;M;4508150;405244;430
2,016E+11;16;11;12;1915;3;1;1;1;7;135;X;M;4492120;401001;430
2,016E+11;16;12;30;1345;1;1;1;1;6;229;PLAINE DE BLEU;M;4508980;381384;430
2,016E+11;16;3;6;2100;3;1;1;8;7;216;ORCENAC;M;4512170;382516;430
2,016E+11;16;3;13;1030;1;1;3;1;3;124;X;M;4509350;374971;430
2,016E+11;16;4;10;1755;1;1;1;1;5;152;"LIEU-DIT ""BLEU""";M;4508410;381897;430
2,016E+11;16;5;1;15;3;1;1;4;6;164;LA BARRAQUE;M;4523920;395581;430
2,016E+11;16;6;2;1145;1;1;1;1;7;124;LANTHENAS;M;4510180;377498;430
2,016E+11;16;8;9;1755;1;1;1;2;5;152;PLAINE DE BLEU;M;4507750;383887;430
2,016E+11;16;9;8;1815;1;2;1;1;1;216;CHEMIN DU LAC;;;;430
2,016E+11;16;11;5;130;3;1;1;1;6;197;;M;4508370;367505;430
2,016E+11;16;11;17;845;1;2;1;8;6;119;LE BOURG;M;4512160;390931;430
2,016E+11;16;12;17;1345;1;1;1;1;7;30;"LIEU-DIT""ORSENAC""";M;4511660;382762;430
2,016E+11;16;12;28;1430;1;2;1;1;5;230;LARCENAC;M;4513270;391927;430
2,016E+11;16;3;31;2015;2;1;1;3;3;79;X;M;4520000;350410;430
2,016E+11;16;5;21;2230;5;2;6;1;3;148;ROND POINT DE CHASSAGNE;M;4520920;351823;430
2,016E+11;16;10;2;1830;1;1;1;1;6;86;X;M;4525090;351052;430
2,016E+11;16;11;3;2115;3;1;1;1;6;22;;;;;430
2,016E+11;16;12;19;1615;1;1;3;2;3;117;LES LANIERS;M;4523990;345524;430
2,016E+11;16;4;9;1130;1;1;2;1;3;132;CHAVANIAC LAFAYETTE;M;4514270;356303;430
2,016E+11;16;5;6;1615;1;1;1;1;6;264;AUZAT;M;4518410;338591;430
2,016E+11;16;6;26;1815;1;1;2;1;5;132;CARREF ST GEORGES GARE;M;4515930;350519;430
2,016E+11;16;8;4;1115;1;1;1;1;6;234;"LIEU-DIT ""VILLENEUVE""";M;4496250;358560;430
2,016E+11;16;10;1;1230;1;1;1;8;3;112;PLAINE DE VON;M;4509960;350803;430
2,016E+11;16;3;26;1300;1;1;1;1;3;170;X;M;4527920;324990;430
2,016E+11;16;6;10;1330;1;2;1;1;1;185;RUE D'ARMOIS;;;;430
2,016E+11;16;8;17;1915;1;1;1;1;6;33;X;M;4531570;317926;430
2,016E+11;16;9;14;1345;1;1;1;3;3;17;"LIEU-DIT ""LINDRES""";M;4533430;339447;430
2,016E+11;16;11;21;615;3;1;3;6;3;120;ECHANGEUR DE LEMPDES SUD;M;4537720;328503;430
2,016E+11;16;1;8;1105;1;1;4;1;3;162;"LIEU-DIT ""ORCIER""";M;4521810;402196;430
2,016E+11;16;1;29;1415;1;1;1;1;6;203;LA SUCHERE;M;4516680;405933;430
2,016E+11;16;3;4;845;1;1;1;2;1;24;MALATAVERNE;M;4517010;406895;430
2,016E+11;16;3;9;815;1;1;1;1;1;268;VILLENEUVE;M;4514710;411634;430
2,016E+11;16;7;10;1115;1;1;2;1;3;268;LES CHAMPS DE CAYRES;M;4511730;415543;430
2,016E+11;16;11;21;1600;1;1;1;1;6;25;"LIEU-DIT""PIROLLES""";M;4527150;411355;430
2,016E+11;16;11;11;1500;1;1;1;2;3;25;LIEU-DIT VAURES;M;4522640;408760;430
2,016E+11;16;12;7;1745;5;2;1;1;6;162;RUE DE LA RÉPUBLIQUE;M;4520410;403282;430
2,016E+11;16;4;16;1800;1;1;1;1;1;12;L'HERMET;M;4535200;418621;430
2,016E+11;16;6;2;1345;1;2;1;2;6;12;37 AVENUE DE FIRMINY;M;4536970;420045;430
2,016E+11;16;7;9;1830;1;1;1;1;3;137;LES BRUYERES;M;4529180;414736;430
2,016E+11;16;8;2;1500;1;1;3;1;3;137;ANTONIANES;M;4531180;418729;430
2,016E+11;16;9;9;2100;5;2;1;1;6;137;RUE DES ACACIAS;;;;430
2,016E+11;16;1;8;1700;1;1;1;1;6;224;"LIEU-DIT ""CHANIBEAU""";M;4525370;421094;430
2,016E+11;16;3;17;715;2;2;1;1;6;153;RUE DU ROSSIGNOL;;;;430
2,016E+11;16;4;14;1815;1;1;1;1;5;223;MONTEE DE CHAMBAUD;M;4525170;434798;430
2,016E+11;16;4;30;1355;1;1;1;1;1;177;LIEU-DIT AUROURE;M;4533540;428135;430
2,016E+11;16;5;2;1100;1;1;1;1;1;223;PONT DE LA FAYE;M;4526950;433375;430
2,016E+11;16;6;7;1750;1;1;3;1;3;223;FONTIGNON;M;4525600;431337;430
2,016E+11;16;7;7;430;5;2;1;1;7;265;10 rue des Maronniers;M;0;0;430
2,016E+11;16;7;18;1500;1;1;1;1;1;224;LIEU-DIT LA ROUCHOUSE;M;4526090;419925;430
2,016E+11;16;8;7;1800;1;1;1;1;6;177;"LIEU-DIT ""LE CLARE""";;;;430
2,016E+11;16;10;27;1650;1;1;2;1;1;224;ACCES VILLAGE LE MONT;M;4525320;423252;430
2,016E+11;16;11;12;1500;1;1;1;1;5;213;AU DESSUS GARAGE FAYARD;M;4525070;427364;430
2,016E+11;16;3;13;300;3;1;1;1;6;163;X;M;4524150;442254;430
2,016E+11;16;4;1;2245;3;1;1;5;1;244;LE CROIX DE L'OEIL;M;4513760;429511;430
2,016E+11;16;4;20;2345;3;1;1;1;6;51;LE MOULIN DE BAYLE;M;4504590;433584;430
2,016E+11;16;6;16;730;1;1;2;8;3;244;BATHELANE;M;4512250;427729;430
2,016E+11;16;7;24;1255;1;1;1;1;6;87;X;M;4520160;435626;430
2,016E+11;16;9;11;30;3;1;1;1;6;142;LA BALAYE DES CÔTS;M;4514150;434211;430
2,016E+11;16;11;27;2015;3;1;1;1;6;262;RCEA-  RN 145;;;;30
2,016E+11;16;12;9;1645;1;2;6;1;3;185;sans, BLUM ( AVENUE LEON;;;;30
2,016E+11;16;1;26;920;1;2;2;1;7;101;sans, MARTYRS ( AVENUE D;;;;30
2,016E+11;16;1;1;2245;5;2;2;1;6;185;sans, PERI ( RUE GABRIEL;;;;30
2,016E+11;16;1;20;1735;2;2;2;1;3;185;50, GUESDE ( AVENUE JULE;;;;30
2,016E+11;16;4;20;1600;1;2;3;1;6;185;sans, NEGRE ( AVENUE JEA;;;;30
2,016E+11;16;3;26;930;1;2;1;1;6;185;41, COURTAIS   (DE  BOUL;;;;30
2,016E+11;16;2;25;1000;1;2;3;1;6;185;sans, THOMAS ( AVENUE AL;;;;30
2,016E+11;16;6;22;40;5;2;3;1;1;185;sans, KENNEDY ( AVENUE J;;;;30
2,016E+11;16;4;15;1720;1;2;1;1;6;185;103, REPUBLIQUE ( AV. DE;;;;30
2,016E+11;16;7;6;1640;1;2;3;1;6;185;sans, GUESDE ( AVENUE JU;;;;30
2,016E+11;16;6;14;2052;1;2;3;1;3;185;sans, SAINT - JEAN ( RUE;;;;30
2,016E+11;16;7;25;1615;1;2;1;1;2;262;0, RD 2144;;;;30
2,016E+11;16;8;24;1225;1;2;3;1;6;98;159, STALINGRAD ( AVENUE;;;;30
2,016E+11;16;8;25;1000;1;2;1;1;6;185;sans, COURTAIS   (DE  BO;;;;30
2,016E+11;16;10;3;1004;1;2;1;1;6;185;34, THIVRIER ( RUE CHRIS;;;;30
2,016E+11;16;10;11;715;5;2;2;1;6;185;SAINT - PIERRE ( PONT );;;;30
2,016E+11;16;9;15;1910;1;1;2;1;3;140;D 1089;;;;30
2,016E+11;16;10;18;740;2;2;1;1;3;185;DUCHET ( RUE JACQUES ALE;;;;30
2,016E+11;16;11;1;1500;1;2;1;1;2;211;sans, SAULT (ROUTE DE );;;;30
2,016E+11;16;8;4;1300;1;2;1;3;7;185;sans, RIMARD ( RUE DE );;;;30
2,016E+11;16;8;6;1900;1;1;3;1;1;185;sans, VOLTAIRE ( RUE );;;;30
2,016E+11;16;10;6;1440;1;2;6;1;6;185;sans, GUINEBERTS ( AVENU;;;;30
2,016E+11;16;3;10;835;1;2;9;1;6;321;39, CLADETS (RUE DES);;;;30
2,016E+11;16;5;4;1230;1;2;1;1;6;321;31, GRILLET (RUE DE);;;;30
2,016E+11;16;5;31;1635;1;2;1;3;6;190;169, LYON (ROUTE DE);;;;30
2,016E+11;16;6;21;820;1;2;1;1;3;190;47, PARIS (ROUTE ET RUE);;;;30
2,016E+11;16;7;8;1210;1;2;3;1;3;190;MEUNIER (AVENUE);;;;30
2,016E+11;16;8;2;1132;1;2;7;1;6;190;27, PASCAL (RUE BLAISE);;;;30
2,016E+11;16;8;21;2325;5;2;1;1;3;13;ISLES (AVENUE DES);;;;30
2,016E+11;16;8;24;1330;1;2;1;1;6;190;49, PARIS (ROUTE ET RUE);;;;30
2,016E+11;16;9;9;610;5;2;2;1;3;190;18, ROUGET DE LISLE (RUE;M;4656368;334216;30
2,016E+11;16;11;23;1705;2;2;1;1;6;190;CERF-VOLANT (RUE DU);;;;30
2,016E+11;16;12;2;1855;1;2;1;1;1;190;MONTILLY (ROUTE DE);;;;30
2,016E+11;16;3;30;915;1;2;2;2;1;134;D643;M;4912435;607888;570
2,016E+11;16;2;2;2145;5;2;1;1;5;17;22 RUE DE METZ;M;0;0;570
2,016E+11;16;2;4;1400;1;2;9;2;5;620;59 rue de briey;M;4919859;599451;570
2,016E+11;16;7;11;1400;1;1;1;1;1;17;GN 49.368 6.07;M;0;0;570
2,016E+11;16;7;16;1630;1;2;1;1;3;620;47 A rue de BRIEY;M;4919672;599624;570
2,016E+11;16;7;17;1530;1;1;1;7;6;622;;M;0;0;570
2,016E+11;16;8;7;1530;1;1;1;1;1;17;;M;0;0;570
2,016E+11;16;8;20;1715;1;2;1;1;1;481;Rue general koenig;M;0;0;570
2,016E+11;16;9;1;1600;1;2;9;1;3;134;route de briey;M;0;0;570
2,016E+11;16;10;20;1615;1;1;9;1;3;634;D7;M;4916481;608876;570
2,016E+11;16;12;8;2100;3;1;1;9;6;415;notre dame du gros chêne;M;4914240;609178;570
2,016E+11;16;1;10;1700;2;2;1;2;6;32;rue clémenceau;M;4907632;607753;570
2,016E+11;16;3;12;1445;1;1;1;1;1;350;ENTREE HOME-SALONS;M;4907557;609770;570
2,016E+11;16;3;22;915;1;2;1;1;3;39;D157C;M;4907470;610723;570
2,016E+11;16;5;12;1845;1;1;1;2;7;39;;M;0;0;570
2,016E+11;16;5;31;1600;1;2;1;8;1;32;100 rue Clemenceau;M;0;0;570
2,016E+11;16;7;14;1530;1;1;1;1;7;39;;M;0;0;570
2,016E+11;16;7;22;500;2;1;1;1;2;578;;M;0;0;570
2,016E+11;16;8;6;145;3;1;1;1;2;32;;M;0;0;570
2,016E+11;16;9;1;930;1;1;1;1;3;515;VOIR 5 DECIMALES;M;4902984;605175;570
2,016E+11;16;10;17;1115;1;2;1;2;6;515;54 rue Foch;M;4902560;605077;570
2,016E+11;16;11;11;320;4;2;1;1;6;416;4 rue de metz;M;4899061;608893;570
2,016E+11;16;1;13;2115;3;1;1;2;1;511;;M;4918131;606310;570
2,016E+11;16;1;24;2045;5;2;1;8;3;663;RUE DE METZ;M;4923472;616819;570
2,016E+11;16;6;4;2000;1;2;1;1;1;433;ROUTE DE MARANGE;M;0;0;570
2,016E+11;16;7;12;1730;1;2;1;1;3;663;rue maurice bacquet;M;0;0;570
2,016E+11;16;8;4;1645;1;1;7;1;6;433;GN 49.238 6.17;M;0;0;570
2,016E+11;16;9;29;730;1;1;1;1;1;111;;M;0;0;570
2,016E+11;16;11;20;1845;3;1;1;2;6;211;D112B;M;4918994;609933;570
2,016E+11;16;11;22;1705;5;2;1;2;6;433;Grand Rue;M;4920979;616104;570
2,016E+11;16;1;6;745;2;2;1;2;6;572;10 rue principale;M;4899637;642873;570
2,016E+11;16;1;18;1800;5;2;1;8;6;708;rue nationale;M;0;0;570
2,016E+11;16;4;30;1915;1;1;2;2;3;605;;M;4895594;630131;570
2,016E+11;16;5;7;1900;1;2;1;1;6;572;53 rue de metz;M;4901796;638360;570
2,016E+11;16;5;19;1745;1;2;1;1;3;218;rue principale;M;0;0;570
2,016E+11;16;7;24;1645;1;1;1;1;6;718;;M;0;0;570
2,016E+11;16;1;22;645;2;1;1;1;6;716;GN 49.232 6.22;M;0;0;570
2,016E+11;16;2;3;1800;3;1;1;8;1;43;;M;0;0;570
2,016E+11;16;2;29;1330;1;1;1;1;7;438;GN 49.166 6.211;M;0;0;570
2,016E+11;16;5;2;700;1;2;6;1;2;193;Rue Gay Lussac;M;4923700;621700;570
2,016E+11;16;5;3;1430;1;1;1;2;6;249;GN49.151 6.354;M;0;0;570
2,016E+11;16;5;14;1830;1;1;1;1;3;43;GN 49.262 6.201;M;0;0;570
2,016E+11;16;5;19;1430;1;1;4;1;3;654;GN 49.121 6.363;M;4911602;636303;570
2,016E+11;16;5;26;1730;1;1;1;1;5;482;;M;0;0;570
2,016E+11;16;6;23;1800;1;1;1;1;6;716;;M;0;0;570
2,016E+11;16;7;7;230;3;1;6;1;6;43;GN 49.246 6.181;M;0;0;570
2,016E+11;16;7;30;1500;1;1;1;1;2;736;GN 49.194 6.341;M;0;0;570
2,016E+11;16;5;2;1945;1;2;6;1;1;106;place général de GAULLE;M;4929011;653514;570
2,016E+11;16;1;25;1800;5;2;1;1;6;160;35 rue de la HOUVE;M;4920713;669512;570
2,016E+11;16;3;7;1115;1;1;1;4;5;160;;M;0;0;570
2,016E+11;16;4;10;1630;1;2;1;1;6;205;rue de la Gare;M;4922590;663448;570
2,016E+11;16;11;21;1558;1;2;1;8;6;160;rue de Dillingen;M;4920830;669646;570
2,016E+11;16;1;8;745;2;1;1;9;3;95;;M;0;0;570
2,016E+11;16;5;19;1530;1;1;1;1;6;413;;M;0;0;570
2,016E+11;16;6;22;1500;1;2;1;1;3;209;18 rue de Crehange;M;4904696;659728;570
2,016E+11;16;7;6;1700;1;1;1;1;6;209;;M;4903327;660062;570
2,016E+11;16;10;8;1821;1;1;1;2;7;95;RD25;M;4914694;659553;570
2,016E+11;16;10;10;1710;1;2;1;1;6;209;Avenue André Gouy;M;4904914;660437;570
2,016E+11;16;10;11;1450;1;1;1;1;6;442;CD 910;M;4900803;652878;570
2,016E+11;16;10;13;1345;1;2;1;1;6;319;72 rue Principale;M;4900057;648534;570
2,016E+11;16;10;28;1120;1;1;1;5;6;284;6 rue principale;M;4911406;655669;570
2,016E+11;16;11;3;1905;5;2;1;1;6;209;33 rue de METZ;M;4904313;659914;570
2,016E+11;16;1;7;1600;1;1;1;1;3;753;GN 48.861 6.671;M;0;0;570
2,016E+11;16;3;11;2015;3;1;8;1;3;138;;M;4896316;648282;570
2,016E+11;16;9;13;1645;1;1;1;1;7;712;GN 48.78 6.519;M;0;0;570
2,016E+11;16;9;24;1630;1;1;1;1;7;424;;M;0;0;570
2,016E+11;16;1;6;1745;3;1;1;1;2;405;GN 48.819 6.751;M;0;0;570
2,016E+11;16;1;16;1400;1;2;1;1;2;177;131 FB de la Vergaville;M;0;0;570
2,016E+11;16;2;9;730;2;1;3;8;3;65;;M;0;0;570
2,016E+11;16;2;29;1500;1;2;1;1;6;60;3 route de Morhange;M;4890380;675543;570
2,016E+11;16;3;17;1215;1;1;1;1;7;65;;M;0;0;570
2,016E+11;16;3;20;2330;3;1;1;1;6;246;;M;0;0;570
2,016E+11;16;3;31;1545;1;1;1;1;1;177;;M;0;0;570
2,016E+11;16;5;4;1515;1;1;1;1;7;664;;M;0;0;570
2,016E+11;16;5;7;1715;1;1;1;1;6;469;;M;0;0;570
2,016E+11;16;5;28;1430;1;1;1;1;7;210;;M;0;0;570
2,016E+11;16;7;8;1;3;1;1;1;6;675;;M;0;0;570
2,016E+11;16;9;3;1115;1;1;1;1;6;86;;M;0;0;570
2,016E+11;16;1;6;2345;3;1;1;2;6;101;;M;0;0;570
2,016E+11;16;1;8;900;1;2;1;1;6;58;CD 31 Bis;M;0;0;570
2,016E+11;16;1;30;1815;5;2;1;3;6;13;rue de l'Eglise;M;0;0;570
2,016E+11;16;4;24;1145;1;2;3;1;1;521;rue du kelsberg - CD31;M;4917479;691906;570
2,016E+11;16;7;22;1300;1;2;1;1;1;521;Rue de Sarreguemines;M;4917884;692078;570
2,016E+11;16;10;27;1910;2;2;3;5;5;484;RD 603;M;4916376;685889;570
2,016E+11;16;11;14;30;3;2;1;9;6;13;rue de la Simbach;M;4918163;701878;570
2,016E+11;16;2;2;745;2;1;1;2;5;669;;M;0;0;570
2,016E+11;16;4;9;815;1;2;1;7;6;61;place de la fontaine;M;4913176;683934;570
2,016E+11;16;5;3;1715;1;2;1;1;1;176;Rue Principale - RD910;M;0;0;570
2,016E+11;16;7;5;2245;2;2;1;1;1;207;rue de la loi;M;0;0;570
2,016E+11;16;7;30;1230;1;2;1;1;2;207;place de Lorraine;M;0;0;570
2,016E+11;16;8;24;1745;1;2;1;1;3;466;27 rue principale;M;4910461;695980;570
2,016E+11;16;8;9;1500;1;1;1;1;7;669;;M;4913112;688451;570
2,016E+11;16;10;20;1805;1;1;1;1;3;337;D29;M;4905756;684368;570
2,016E+11;16;11;29;1520;1;2;3;1;3;208;rue du Village;M;4909283;689786;570
2,016E+11;16;2;24;1745;1;2;1;1;6;483;rue des poilus;M;0;0;570
2,016E+11;16;5;12;1845;1;2;3;1;3;483;rue de l'hôpital;M;4892368;663768;570
2,016E+11;16;6;7;330;3;2;1;1;6;483;14 rue de rode;M;4892000;662477;570
2,016E+11;16;6;11;1645;1;2;1;1;6;684;4 RUE PRINCIPALE;M;4905235;675187;570
2,016E+11;16;7;4;415;3;1;1;1;1;198;;M;0;0;570
2,016E+11;16;7;10;1700;1;2;1;1;3;384;18 RUE PRINCIPALE;M;0;0;570
2,016E+11;16;8;26;1945;1;2;1;1;6;692;D78 PR001;M;0;0;570
2,016E+11;16;9;19;2330;3;1;1;1;6;189;;M;0;0;570
2,016E+11;16;2;10;1915;3;1;1;1;6;556;;M;0;0;570
2,016E+11;16;1;4;815;2;1;1;8;2;119;GN 48.723 7.059;M;0;0;570
2,016E+11;16;5;22;1430;1;1;1;1;6;682;;M;0;0;570
2,016E+11;16;6;2;2030;2;1;1;2;7;630;;M;0;0;570
2,016E+11;16;7;21;2330;3;1;1;1;7;333;;M;0;0;570
2,016E+11;16;8;1;45;3;1;1;1;7;500;;M;0;0;570
2,016E+11;16;9;12;530;3;1;1;1;1;377;;M;0;0;570
2,016E+11;16;9;24;1415;1;1;1;1;7;544;;M;0;0;570
2,016E+11;16;2;23;800;1;1;1;2;2;468;;M;0;0;570
2,016E+11;16;3;15;1715;1;2;1;7;3;540;21 route de SARREBOURG;M;4876810;724832;570
2,016E+11;16;3;17;1630;1;1;1;1;1;163;;M;0;0;570
2,016E+11;16;3;27;2015;5;2;1;1;7;540;;M;4876803;725597;570
2,016E+11;16;5;11;1600;1;2;1;1;6;427;rue de PHALSBOURG;M;4873543;725032;570
2,016E+11;16;8;27;2100;1;2;1;1;6;299;2 rue des cerisiers;M;4866927;708714;570
2,016E+11;16;9;21;1300;1;2;1;1;1;742;chemin de dabo;M;0;0;570
2,016E+11;16;9;25;1630;1;2;1;1;7;33;CD 97 - PR 3+800;M;0;0;570
2,016E+11;16;2;6;30;5;2;1;5;6;408;50 rue de forbach;M;4915676;698847;570
2,016E+11;16;4;20;615;2;1;1;1;6;752;;M;0;0;570
2,016E+11;16;5;21;1745;1;2;1;1;3;6;16 Rue de Wiesviller;M;4904508;718211;570
2,016E+11;16;5;29;130;5;2;1;2;6;633;Rue de Neunkirch;M;4909359;710751;570
2,016E+11;16;7;17;1145;1;2;1;1;2;355;rue des vergers;M;0;0;570
2,016E+11;16;8;23;2330;3;2;1;1;6;750;D110H;M;0;0;570
2,016E+11;16;9;15;800;1;2;1;1;6;260;62B Rue de la République;M;4915129;703033;570
2,016E+11;16;5;5;1715;1;1;1;1;7;541;;M;0;0;570
2,016E+11;16;7;23;2230;3;1;1;1;7;294;;M;0;0;570
2,016E+11;16;8;28;1700;2;1;1;1;6;89;;M;0;0;570
2,016E+11;16;9;29;1400;1;1;1;1;7;577;GN 49.039,7.419 FORET;M;0;0;570
2,016E+11;16;10;2;2200;3;1;1;8;3;541;;M;0;0;570
2,016E+11;16;3;27;1445;1;2;1;1;6;206;59 alphonse lamartine;M;4930400;609569;570
2,016E+11;16;6;8;1330;1;1;1;1;3;206;;M;0;0;570
2,016E+11;16;12;12;900;1;1;1;1;6;206;RN 52 PK 17.750;M;4929858;612295;570
2,016E+11;16;2;28;945;1;1;1;1;6;345;;M;0;0;570
2,016E+11;16;3;9;645;2;2;1;1;6;191;RD2;M;0;0;570
2,016E+11;16;7;2;1015;1;1;1;1;5;767;GN 49.345 6.212;M;0;0;570
2,016E+11;16;7;2;1545;1;1;1;1;2;287;;M;0;0;570
2,016E+11;16;8;25;700;1;1;1;1;6;358;;M;0;0;570
2,016E+11;16;9;6;645;2;1;1;5;5;767;;M;0;0;570
2,016E+11;16;1;30;2015;5;2;1;9;1;582;rue de metz;M;4929766;616459;570
2,016E+11;16;4;2;1715;1;1;1;1;6;582;;M;0;0;570
2,016E+11;16;4;12;1815;1;2;1;1;6;474;boucle de la sente;M;0;0;570
2,016E+11;16;7;5;1730;1;2;1;1;5;474;rue des ponts;M;4926182;616883;570
2,016E+11;16;8;20;230;3;1;9;1;6;582;;M;4929856;616913;570
2,016E+11;16;10;3;1915;3;1;1;1;7;683;;M;0;0;570
2,016E+11;16;10;11;1100;1;2;6;1;3;582;le marabout;M;4929702;616452;570
2,016E+11;16;10;31;2250;3;2;1;1;1;582;D953 - lieu-dit le Marab;M;4929615;616566;570
2,016E+11;16;11;13;1935;3;1;9;2;1;582;RD 953;M;4929542;616630;570
2,016E+11;16;3;9;1545;1;2;1;1;6;157;60 Rue du Bois le Prêtre;M;4885300;606300;540
2,016E+11;16;3;20;830;1;1;1;8;1;376;;M;4879694;624809;540
2,016E+11;16;8;11;1130;1;2;1;1;6;157;Avenue de GAULLE;M;4883959;607118;540
2,016E+11;16;9;10;1545;1;1;1;1;1;315;;M;0;0;540
2,016E+11;16;11;15;1700;3;1;2;2;3;59;;M;4883955;616419;540
2,016E+11;16;12;15;1445;2;1;1;5;6;193;;M;4890100;597100;540
2,016E+11;16;12;15;1745;3;2;1;1;6;179;1 Rue de metz;M;4892300;617900;540
2,016E+11;16;1;11;745;2;2;1;2;1;301;01 rue des capucines;M;4835000;655300;540
2,016E+11;16;2;2;1845;3;1;1;3;1;89;;M;4877200;626900;540
2,016E+11;16;3;6;2230;3;1;1;1;6;250;;M;4865768;637256;540
2,016E+11;16;3;15;1715;1;1;1;8;2;89;;M;4826700;643300;540
2,016E+11;16;4;5;1645;1;1;1;2;6;462;;M;4895700;654300;540
2,016E+11;16;4;18;1700;1;1;1;7;4;89;;M;4876600;626400;540
2,016E+11;16;5;4;1700;1;1;1;1;5;571;;M;4861700;625000;540
2,016E+11;16;6;19;1545;1;1;1;1;6;37;;M;4858260;622522;540
2,016E+11;16;6;19;1900;1;1;1;1;7;345;;M;4859300;627300;540
2,016E+11;16;7;10;1030;1;1;6;1;6;462;;M;0;0;540
2,016E+11;16;7;15;2315;3;1;1;1;6;108;;M;0;0;540
2,016E+11;16;7;23;700;1;1;1;2;6;527;;M;4853848;625385;540
2,016E+11;16;8;11;1430;1;1;1;1;3;558;;M;4869916;633983;540
2,016E+11;16;9;16;1900;2;2;1;1;7;159;avenue des vosges;M;0;0;540
2,016E+11;16;10;9;1600;1;2;1;2;1;374;rue de l'ancienne gare;M;0;0;540
2,016E+11;16;11;2;1630;1;1;1;1;6;462;;M;4899800;656600;540
2,016E+11;16;11;16;1900;3;1;1;2;6;113;;M;4823300;653500;540
2,016E+11;16;11;22;1945;3;1;1;2;6;462;;M;4898900;660800;540
2,016E+11;16;11;24;1115;1;2;1;2;7;462;place saint jacques;M;4899200;655000;540
2,016E+11;16;12;29;1000;1;1;1;5;7;571;;M;4804700;642300;540
2,016E+11;16;3;12;1500;1;2;1;1;3;215;44 rue de liverdun;M;4879000;610100;540
2,016E+11;16;4;20;1615;1;2;1;7;1;215;Rue du Saule Gaillard;M;0;0;540
2,016E+11;16;7;8;645;1;1;1;1;5;305;;M;4873909;621607;540
2,016E+11;16;7;20;1615;1;1;1;9;3;115;;M;0;0;540
2,016E+11;16;8;8;1530;1;1;1;1;6;215;;M;4877500;619000;540
2,016E+11;16;9;22;1400;1;2;1;1;6;430;Place du 10 septembre;M;0;0;540
2,016E+11;16;3;4;700;2;1;1;2;1;366;;M;0;0;540
2,016E+11;16;3;31;1315;1;1;1;1;5;434;;M;4873800;620000;540
2,016E+11;16;4;1;1100;1;2;1;1;6;397;06 rue des MARTYRS;M;0;0;540
2,016E+11;16;6;22;1315;1;2;1;1;6;43;26 Rue Jacques Callot;M;4899100;617100;540
2,016E+11;16;11;30;1815;5;2;1;1;6;432;;M;4800500;617100;540
2,016E+11;16;2;16;1730;1;1;1;1;6;22;;M;4901200;603900;540
2,016E+11;16;12;27;1445;1;1;1;1;3;546;;M;4896800;602500;540
2,016E+11;16;1;6;2040;5;2;3;2;3;95;0, HUGO (PLACE VICTOR);M;4613211;345674;30
2,016E+11;16;12;16;1750;3;2;1;1;6;95;39, VICHY (AVENUE DE;M;4613346;345022;30
2,016E+11;16;1;9;2005;5;2;2;8;3;310;0, ALSACE (RUE D');M;4612585;342674;30
2,016E+11;16;12;21;2245;5;2;2;1;3;310;0, DENIERE (BOULEVARD;M;4613049;343316;30
2,016E+11;16;1;13;1700;1;2;1;8;3;95;3, INDUSTRIE (RUE DE L');M;4613772;345693;30
2,016E+11;16;1;25;1105;1;2;1;1;6;310;0, DENIERE (BOULEVARD);M;4612432;343689;30
2,016E+11;16;2;8;1100;1;2;3;8;3;310;0, BLANC (RUE LOUIS);M;4613120;341747;30
2,016E+11;16;2;12;1740;1;2;1;1;6;310;AILES (ALLEE DES);M;4614215;341462;30
2,016E+11;16;3;1;1350;1;2;2;8;3;95;0, DRAPEAU (AVENUE DU);M;4613339;345657;30
2,016E+11;16;3;6;140;5;2;3;1;3;95;CHARMEIL (ROUTE DE);M;4614097;344474;30
2,016E+11;16;3;26;1700;1;1;1;1;1;310;101, ETATS-UNIS (BOULEVA;M;4612364;341748;30
2,016E+11;16;4;1;1250;1;2;2;1;1;310;0, THERMALE (AVENUE);M;4613451;341914;30
2,016E+11;16;4;16;1835;1;1;3;2;2;310;0, GRAVES (BOULEVARD DES;M;4613391;343173;30
2,016E+11;16;4;28;1900;1;2;1;1;6;310;0, EMBALLAGE (RUE DE L');M;4613036;343137;30
2,016E+11;16;4;26;1945;3;2;3;8;5;95;21, ROMAINVILLE (RUE DE);M;4614189;343146;30
2,016E+11;16;5;6;1445;1;2;1;1;6;310;105, CELESTINS (AVENUE D;M;4612639;343014;30
2,016E+11;16;5;4;1730;1;2;1;1;6;310;0, JUIN (Esplanade Mar‚c;M;4612025;341842;30
2,016E+11;16;5;11;1855;1;1;1;8;1;23;101, CHARMEIL (ROUTE DE);M;4614557;339570;30
2,016E+11;16;5;11;1218;1;2;1;1;6;310;AILES (ALLEE DES);M;4614267;341499;30
2,016E+11;16;5;6;1240;1;2;3;1;3;310;0, GRAVES (BOULEVARD DES;M;4613486;343165;30
2,016E+11;16;5;14;1835;1;2;3;8;3;310;0, CARNOT (BOULEVARD);M;4612345;342772;30
2,016E+11;16;5;18;2050;2;2;3;8;3;310;0, RUSSIE (BOULEVARD DE);M;4612247;341872;30