Num_Acc;an;mois;jour;hrmn;lum;agg;int;atm;col;com;adr;gps;lat;long;dep
2,016E+11;16;5;24;1115;1;2;1;1;6;310;62, CELESTINS (AVENUE DE;M;4612378;342907;30
2,016E+11;16;5;28;915;1;2;1;1;6;310;0, JAURES (RUE JEAN);M;4612994;342354;30
2,016E+11;16;6;7;1315;1;2;1;2;1;23;REPUBLIQUE (AVENUE DE LA;M;4611847;341607;30
2,016E+11;16;6;16;2050;1;2;1;1;2;23;0, RHIN ET DANUBE (RUE);M;4611291;341624;30
2,016E+11;16;6;22;1720;1;2;6;1;3;23;AUBERGER (AVENUE FERNAND;;;;30
2,016E+11;16;7;1;1810;1;2;2;1;3;95;0, BONNET (RUE JEAN);M;4613983;344634;30
2,016E+11;16;6;23;2000;1;2;1;1;6;1;THIERS (AVENUE DE);M;4609613;344667;30
2,016E+11;16;7;4;1310;1;2;1;1;6;310;17, LYAUTEY (RUE DU MARE;M;4612014;343233;30
2,016E+11;16;7;2;1015;1;2;3;1;3;23;0, RHIN ET DANUBE (RUE);M;4611393;341599;30
2,016E+11;16;7;28;1205;1;2;3;1;3;310;0, LYON (AVENUE DE);M;4612997;345150;30
2,016E+11;16;8;5;1230;1;1;1;1;6;23;0, MOULIN MAZAN (CHEMIN;M;4610628;340060;30
2,016E+11;16;8;13;1150;1;1;3;1;3;95;0, RD 906B;M;4614376;348394;30
2,016E+11;16;8;10;1140;1;2;6;1;2;23;AUBERGER (AVENUE FERNAND;M;4611700;341378;30
2,016E+11;16;9;12;1325;1;2;1;1;3;23;0, VICHY (AVENUE DE);M;4612467;340194;30
2,016E+11;16;9;15;815;1;2;1;1;5;23;37, GANNAT (ROUTE DE);M;4612858;338483;30
2,016E+11;16;8;24;1155;1;2;3;1;2;310;0, BORDEAUX (RUE DE);M;4612640;343292;30
2,016E+11;16;10;18;1700;1;2;3;1;3;95;0, PERONNET (BOULEVARD G;M;4612822;344447;30
2,016E+11;16;10;27;1715;1;2;1;1;2;23;122, VICHY (AVENUE DE);M;4612416;340246;30
2,016E+11;16;10;26;1617;1;2;1;1;3;310;0, GRAMONT (AVENUE DE);M;4612831;343047;30
2,016E+11;16;11;18;1740;5;2;2;2;6;310;0, ETATS-UNIS (BOULEVARD;M;4612624;341726;30
2,016E+11;16;11;26;1130;1;2;1;1;6;95;0, PONT DE LA MERE (RUE;M;4613179;345374;30
2,016E+11;16;11;26;1810;5;2;3;1;3;310;0, SIDI BRAHIM (RUE);M;4612019;343483;30
2,016E+11;16;11;30;1740;1;2;2;1;3;310;0, JAURES (RUE JEAN);M;4613677;342293;30
2,016E+11;16;11;30;1600;1;2;2;1;3;23;0, RUSSIE (AVENUE DE);M;4611632;340950;30
2,016E+11;16;12;12;650;5;2;2;1;6;310;0, GRAMONT (AVENUE DE;M;4612943;343167;30
2,016E+11;16;9;15;2000;2;1;1;2;3;277;;M;4916435;580852;540
2,016E+11;16;2;9;1330;1;1;1;6;1;334;;M;4930390;582131;540
2,016E+11;16;3;7;215;3;1;1;9;6;29;;M;4936331;592231;540
2,016E+11;16;3;12;2145;3;1;1;1;6;84;;M;4931564;582938;540
2,016E+11;16;5;4;2345;5;2;1;1;6;533;27 rue marc raty;M;4932100;592300;540
2,016E+11;16;5;29;245;3;1;1;2;6;56;;M;4942500;577800;540
2,016E+11;16;6;4;2030;1;1;1;1;6;194;;M;4941300;582600;540
2,016E+11;16;6;23;2030;1;1;1;1;7;536;;M;4929700;589700;540
2,016E+11;16;7;7;1645;1;2;1;1;6;29;9 ROUTE DE SERROUVILLE;M;4937000;589100;540
2,016E+11;16;7;13;2200;3;1;1;8;6;533;;M;4955400;552600;540
2,016E+11;16;7;20;1615;1;1;1;1;3;69;;M;4940100;592200;540
2,016E+11;16;7;25;1900;1;2;1;1;6;282;32 grand rue;M;4938882;579736;540
2,016E+11;16;8;16;215;3;1;9;1;5;69;;M;4940030;592452;540
2,016E+11;16;10;5;2330;3;1;1;1;7;436;;M;4934891;577209;540
2,016E+11;16;10;14;1745;1;2;1;1;7;536;RUE LORIS BATIGNANI;M;4930900;590800;540
2,016E+11;16;2;18;530;3;1;1;1;2;269;;M;4860042;638704;540
2,016E+11;16;6;18;2230;3;1;1;1;6;83;CC de Bonviller à Einvil;M;4838295;629421;540
2,016E+11;16;2;26;2100;3;1;1;1;1;359;;M;4851800;640700;540
2,016E+11;16;12;8;1545;1;1;1;1;7;222;;M;4848300;651700;540
2,016E+11;16;1;10;2000;5;2;1;2;6;152;49 rue de la gare;M;4856700;639300;540
2,016E+11;16;1;24;500;3;1;1;5;6;183;;M;4842300;646600;540
2,016E+11;16;4;27;1145;1;1;1;1;6;449;Lieu-dit a La Guinguette;M;4857700;646800;540
2,016E+11;16;5;15;345;3;1;1;1;6;359;;M;4857000;635400;540
2,016E+11;16;8;10;1800;1;2;1;1;6;40;rue de la renaissance;M;4883800;648600;540
2,016E+11;16;12;10;1500;1;1;1;7;3;40;;M;4851788;690598;540
2,016E+11;16;8;4;2045;2;1;1;3;1;377;;M;0;0;540
2,016E+11;16;9;6;745;1;1;9;1;3;377;5 route de Baccarat;M;4851307;679913;540
2,016E+11;16;9;30;2030;3;1;1;2;6;217;;M;4846469;673230;540
2,016E+11;16;11;14;415;3;1;1;9;6;39;;M;0;0;540
2,016E+11;16;1;21;2200;3;1;1;4;6;105;Lieu-dit Rut de la tonne;M;4855600;583900;540
2,016E+11;16;1;28;845;1;1;1;1;1;380;;M;4862200;585600;540
2,016E+11;16;3;20;1145;1;1;1;1;1;102;;M;4870500;585500;540
2,016E+11;16;4;10;1415;1;1;1;1;6;426;;M;4864600;600600;540
2,016E+11;16;5;27;2330;3;2;1;1;6;189;71 rue l'abbé l'enfant;M;0;0;540
2,016E+11;16;8;5;1130;1;1;1;1;6;162;;M;4865100;583700;540
2,016E+11;16;9;10;1515;1;1;1;1;5;146;;M;0;0;540
2,016E+11;16;10;19;1015;2;1;1;2;6;548;;M;4855100;578700;540
2,016E+11;16;12;5;1345;1;1;1;1;6;232;;M;0;0;540
2,016E+11;16;12;22;1915;3;1;1;1;1;327;;M;0;0;540
2,016E+11;16;1;12;1015;1;1;2;2;1;208;;M;4874545;594723;540
2,016E+11;16;10;11;1515;1;1;1;1;2;490;;M;4877409;605395;540
2,016E+11;16;3;24;1600;1;2;1;1;2;318;Route de Saizerais/av Lo;M;0;547318;540
2,016E+11;16;3;29;1915;2;1;1;1;3;557;;M;4869260;605509;540
2,016E+11;16;5;12;815;1;1;1;8;1;463;;M;4879600;596900;540
2,016E+11;16;5;24;1600;1;1;1;1;3;272;;M;4875557;595499;540
2,016E+11;16;12;18;1830;5;1;1;1;1;7;;M;4873462;599238;540
2,016E+11;16;12;30;2100;5;2;1;1;6;318;50 Route de Pompey;M;0;0;540
2,016E+11;16;7;21;100;5;2;1;8;6;318;;M;4874500;606800;540
2,016E+11;16;8;25;1700;1;1;1;7;3;346;;M;4875000;595000;540
2,016E+11;16;3;15;615;2;2;1;1;6;369;;M;4879900;521943;550
2,016E+11;16;12;26;1715;3;1;1;2;1;123;;M;4800000;0;550
2,016E+11;16;2;22;1900;3;1;1;1;4;291;;M;4869400;535527;550
2,016E+11;16;3;17;1715;1;1;1;1;6;335;;M;4863511;522486;550
2,016E+11;16;4;17;1830;1;1;1;1;7;348;;M;0;0;550
2,016E+11;16;4;20;1715;1;2;1;1;3;132;33 rue de Savonnières;M;4861012;509278;550
2,016E+11;16;7;21;1645;1;2;1;1;4;291;rue leroux;M;4869368;531461;550
2,016E+11;16;8;23;1030;1;1;1;1;5;291;;M;0;0;550
2,016E+11;16;8;30;2215;3;1;1;1;6;132;;M;0;0;550
2,016E+11;16;10;18;1600;1;2;1;1;6;291;Rue de général de Gaulle;M;0;0;550
2,016E+11;16;10;9;1630;1;1;1;1;1;446;;M;4883310;530065;550
2,016E+11;16;3;4;1645;2;1;1;2;5;288;;M;0;0;550
2,016E+11;16;7;4;815;1;2;3;2;3;122;avenue de verdun;M;4866000;581100;550
2,016E+11;16;7;30;1745;1;1;1;1;7;454;;M;0;0;550
2,016E+11;16;8;12;1015;1;1;1;1;1;196;;M;4882200;569200;550
2,016E+11;16;11;29;1430;1;2;7;7;6;122;Place Charles De Gaulle;M;0;0;550
2,016E+11;16;1;8;815;1;1;9;8;7;333;;M;0;0;550
2,016E+11;16;3;31;1430;1;2;1;1;6;463;rue Morguesson;M;4889020;554074;550
2,016E+11;16;5;16;1730;1;1;2;1;3;229;;M;4886174;552170;550
2,016E+11;16;8;27;1645;1;1;1;1;3;386;;M;4894086;575091;550
2,016E+11;16;9;3;30;3;1;1;1;6;386;;M;4894400;575500;550
2,016E+11;16;1;9;1930;5;2;1;2;6;396;rue voie d'échelle;M;0;0;550
2,016E+11;16;1;25;2300;3;1;1;1;6;334;;M;0;0;550
2,016E+11;16;2;20;800;1;1;1;3;6;472;;M;4870900;550700;550
2,016E+11;16;6;16;1100;1;1;1;1;3;459;;M;4861100;538900;550
2,016E+11;16;10;24;1930;3;1;1;3;6;348;;M;4853800;523600;550
2,016E+11;16;12;23;1845;3;1;1;1;1;533;;M;0;0;550
2,016E+11;16;9;10;1545;1;1;1;1;3;145;;M;4934200;540000;550
2,016E+11;16;9;30;1130;1;1;1;2;1;324;;M;0;0;550
2,016E+11;16;4;18;1145;1;1;4;7;1;250;;M;4955393;515268;550
2,016E+11;16;1;8;2030;5;2;1;1;6;292;4 route nationale;M;4935426;520086;550
2,016E+11;16;7;2;1900;1;2;1;1;7;48;09 avenue des tilleuls;M;0;0;550
2,016E+11;16;10;28;1630;3;1;1;1;7;155;;M;0;0;550
2,016E+11;16;1;15;1515;1;1;1;6;1;363;;M;4909742;576186;550
2,016E+11;16;1;25;1530;1;1;1;8;7;153;;M;4922168;553157;550
2,016E+11;16;4;7;1500;1;1;1;1;7;465;;M;4904077;556749;550
2,016E+11;16;5;10;1345;1;2;1;8;1;2;route nationale;M;4919722;553636;550
2,016E+11;16;9;13;1330;1;1;1;1;7;8;;M;0;0;550
2,016E+11;16;11;13;140;3;1;1;8;6;2;;M;4919991;555062;550
2,016E+11;16;12;28;1715;3;1;1;1;3;535;;M;0;0;550
2,016E+11;16;1;20;1615;1;1;1;1;2;160;;M;4817496;648103;880
2,016E+11;16;4;6;1600;1;1;1;1;6;160;;M;4816897;648490;880
2,016E+11;16;8;25;1200;1;1;1;1;3;273;;M;4821361;650099;880
2,016E+11;16;11;1;1800;5;2;1;1;5;439;5 route des Vosges;M;4817005;637163;880
2,016E+11;16;11;9;1415;1;2;6;2;3;483;RD 41 PK 011.000;M;4819065;636848;880
2,016E+11;16;12;4;915;1;1;2;1;6;253;;M;4820172;649485;880
2,016E+11;16;1;6;1400;3;1;1;3;6;78;;M;4820263;672240;880
2,016E+11;16;3;7;715;2;2;1;8;6;26;route de SAINT DIE;M;4821244;656776;880
2,016E+11;16;5;2;1700;1;2;1;1;6;262;1 route de corcieux;M;4818880;674706;880
2,016E+11;16;5;16;515;2;1;1;2;6;76;;M;4825515;672826;880
2,016E+11;16;6;2;2200;3;1;1;2;7;464;;M;4810352;669612;880
2,016E+11;16;8;5;1200;1;2;6;2;3;78;Rond poin dame de Bruyer;M;4820894;672197;880
2,016E+11;16;10;4;1415;1;1;2;1;3;261;Ch. du Tinturon/Elies;M;4820001;668527;880
2,016E+11;16;12;20;1600;1;2;1;1;6;101;10 RUE DES FUSILLES;M;4813719;660031;880
2,016E+11;16;1;4;915;1;1;1;1;7;90;;M;4835694;628914;880
2,016E+11;16;6;24;2015;2;2;1;1;1;458;;M;4839635;625558;880
2,016E+11;16;9;8;2200;5;1;1;1;6;355;;M;4834511;633939;880
2,016E+11;16;9;19;2015;3;1;1;1;7;90;;M;4837627;627155;880
2,016E+11;16;6;10;1630;1;1;1;1;3;65;;M;4809308;606253;880
2,016E+11;16;6;12;645;2;2;1;2;7;390;Rue du four;M;4814204;569711;880
2,016E+11;16;6;25;315;3;1;1;3;7;61;;M;4807170;597188;880
2,016E+11;16;6;30;1715;1;2;1;1;6;258;19, rue de Bellune;M;4807400;578200;880
2,016E+11;16;7;10;1145;1;1;5;1;3;450;;M;4798652;579536;880
2,016E+11;16;8;13;1615;1;2;1;1;7;65;rue des Rochottes;M;4809990;605223;880
2,016E+11;16;9;11;1630;1;1;1;1;6;16;;M;4807529;602066;880
2,016E+11;16;9;16;915;1;1;1;2;6;16;;M;4807831;602527;880
2,016E+11;16;9;25;1830;1;1;1;1;1;52;;M;4810920;609194;880
2,016E+11;16;11;24;1000;1;1;1;5;6;248;;M;4803055;583021;880
2,016E+11;16;12;10;1115;1;2;1;7;6;258;Rue de Bellune;M;4806896;578043;880
2,016E+11;16;1;10;530;3;1;1;1;6;21;;M;4830414;669792;880
2,016E+11;16;3;27;1215;1;1;1;3;7;367;;M;4838279;679254;880
2,016E+11;16;5;9;815;1;1;1;1;5;521;;M;4830453;660346;880
2,016E+11;16;5;20;1445;1;1;6;2;7;367;;M;4834029;665204;880
2,016E+11;16;7;26;1745;1;1;1;1;7;367;;M;4829172;658491;880
2,016E+11;16;7;31;1115;1;1;1;1;6;412;;M;4837004;678001;880
2,016E+11;16;1;3;545;5;1;6;2;7;99;;M;4822228;628914;880
2,016E+11;16;1;24;1800;5;2;4;8;6;342;;M;4829683;643717;880
2,016E+11;16;2;15;1800;3;1;1;2;6;465;;M;4826346;638911;880
2,016E+11;16;2;19;1045;3;1;9;2;6;313;;M;4834424;644573;880
2,016E+11;16;2;20;1515;1;1;1;2;7;294;37 Rue de Dompaire;M;4823947;633364;880
2,016E+11;16;4;29;700;1;2;1;1;5;465;14 rue de Lorraine;M;4825231;641862;880
2,016E+11;16;5;10;600;2;1;3;2;3;327;;M;4829443;637780;880
2,016E+11;16;5;15;815;1;1;1;1;3;190;;M;4842936;637643;880
2,016E+11;16;6;30;1545;1;2;1;1;6;465;2 place Jules Ferry;M;4825246;642123;880
2,016E+11;16;7;27;1115;1;2;1;1;1;465;93 rue alsace;M;4825051;642115;880
2,016E+11;16;7;27;1445;1;2;6;1;3;465;rond point de la rotonde;M;4824602;642515;880
2,016E+11;16;8;2;1630;1;1;1;2;7;204;;M;4825976;646759;880
2,016E+11;16;8;21;1730;1;1;1;1;7;313;;M;4834697;646102;880
2,016E+11;16;8;23;1745;1;2;1;1;7;379;rue de Damas aux Bois;M;4836233;647129;880
2,016E+11;16;9;1;715;2;1;1;1;6;247;;M;4826872;638503;880
2,016E+11;16;10;8;2000;3;1;1;1;6;327;;M;4832551;635799;880
2,016E+11;16;10;21;2000;3;1;1;8;6;204;;M;4824738;644335;880
2,016E+11;16;11;7;730;1;2;1;1;6;465;;M;4825108;642197;880
2,016E+11;16;1;15;2115;5;2;1;4;6;530;5 rue des cailloux;M;4804492;640765;880
2,016E+11;16;2;29;730;2;1;1;1;6;235;;M;4801797;623470;880
2,016E+11;16;8;6;1000;1;1;1;1;1;88;;M;4803155;632776;880
2,016E+11;16;8;25;715;1;1;1;7;1;225;;M;4810355;651399;880
2,016E+11;16;11;20;1800;5;2;3;2;6;234;13 route de Hautmougey;M;4805565;624004;880
2,016E+11;16;1;6;1645;2;2;1;1;6;321;3 RUE 1ERE ARMEE;M;4835650;569102;880
2,016E+11;16;1;18;800;2;2;1;1;6;321;av du général de gaulle;M;4835289;569274;880
2,016E+11;16;3;2;1630;1;1;1;1;6;95;;M;4831169;586124;880
2,016E+11;16;3;20;1400;1;1;1;1;6;460;;M;4839992;572968;880
2,016E+11;16;3;22;1000;1;2;1;1;6;321;Rond point Voilquin;M;4835676;569205;880
2,016E+11;16;4;10;545;3;1;1;1;6;183;;M;4838281;567641;880
2,016E+11;16;4;20;1600;1;2;1;1;1;305;rue du Vair;M;4841989;570118;880
2,016E+11;16;4;20;1700;1;1;1;1;5;232;;M;4847444;589557;880
2,016E+11;16;6;6;1645;1;2;1;1;3;118;Grande rue;M;4840622;568375;880
2,016E+11;16;6;27;1515;1;2;1;1;6;219;;M;4844855;567655;880
2,016E+11;16;7;15;1745;1;2;6;1;6;321;place albert Voilquin;M;4835695;569261;880
2,016E+11;16;7;20;1200;1;1;1;1;7;460;;M;4840135;571806;880
2,016E+11;16;10;31;1815;5;2;1;1;6;352;Chevalier de la barre;M;4825825;567212;880
2,016E+11;16;11;16;1615;5;2;1;2;6;95;29 Pierre de Coubertin;M;4829816;584509;880
2,016E+11;16;6;1;1430;1;1;2;1;1;233;;M;4812202;623510;880
2,016E+11;16;6;14;1330;1;1;1;1;3;304;;M;4830470;615127;880
2,016E+11;16;6;21;815;1;2;1;1;1;39;29 Avenue Victor Hugo;M;4832083;604570;880
2,016E+11;16;9;9;1030;1;2;1;1;6;304;RUE ABBE GREGOIRE;M;4830368;613382;880
2,016E+11;16;11;20;2115;5;2;2;1;3;357;;M;4831921;612881;880
2,016E+11;16;3;28;1930;2;1;1;3;4;403;;M;4824189;607334;880
2,016E+11;16;6;24;1845;1;1;1;2;5;79;;M;4820780;584463;880
2,016E+11;16;7;28;1845;1;1;1;1;6;30;;M;4820302;614157;880
2,016E+11;16;8;14;1730;1;1;1;1;6;403;;M;4824092;607870;880
2,016E+11;16;8;28;945;1;2;1;1;6;516;50 rue division leclerc;M;4819832;595717;880
2,016E+11;16;10;3;900;1;1;3;7;3;403;;M;4824566;608521;880
2,016E+11;16;1;31;30;3;2;1;3;6;351;Les Granges de PlombiÃ¿r;M;4796661;644707;880
2,016E+11;16;3;11;1530;1;2;1;1;1;158;rue de l'eglise;M;4809280;661058;880
2,016E+11;16;8;14;1315;1;1;1;1;6;12;;M;4813344;651931;880
2,016E+11;16;8;28;2145;5;2;3;1;3;358;RUE DE JARMENIL D159B;M;4811035;657419;880
2,016E+11;16;2;4;1745;5;2;1;2;6;116;20, rue de la 3Ã¿me DIA;M;4796317;683694;880
2,016E+11;16;2;12;1145;1;1;6;1;1;486;;M;4800694;671138;880
2,016E+11;16;4;7;1845;1;1;1;1;1;116;20 Route du Ménil;M;4794089;682954;880
2,016E+11;16;4;19;815;1;1;3;7;3;486;;M;4802123;671071;880
2,016E+11;16;7;18;1515;1;2;1;1;3;486;Rue des cailles;M;4799978;672249;880
2,016E+11;16;8;6;1430;1;1;1;1;7;75;;M;4800967;697583;880
2,016E+11;16;11;4;2115;5;1;1;8;7;447;;M;4794864;680056;880
2,016E+11;16;12;2;1330;1;2;1;7;6;116;32 RUE DE LA 3EME DIA;M;4796223;683732;880
2,016E+11;16;6;6;1300;1;1;1;1;1;408;;M;4790969;668602;880
2,016E+11;16;7;29;130;5;2;1;1;6;468;5 RUE DES LIBERATEURS;M;4787686;675871;880
2,016E+11;16;8;6;330;3;1;6;1;6;408;;M;4793624;663961;880
2,016E+11;16;8;31;1215;1;2;1;1;7;302;;M;4790435;677929;880
2,016E+11;16;9;6;1200;1;2;3;1;3;468;AVENUE DE LA RESISTANCE;M;4787486;676216;880
2,016E+11;16;10;3;1230;1;2;2;1;3;426;;M;4785922;682428;880
2,016E+11;16;11;17;730;2;2;1;2;6;468;RUE JULES FERRY;M;4788003;676473;880
2,016E+11;16;11;26;1030;1;2;6;7;3;408;RUE DIEUDONNE THIEBAUT;M;4792686;665965;880
2,016E+11;16;12;31;1015;1;2;1;1;6;468;8 rue de la courbe;M;4787935;676018;880
2,016E+11;16;10;15;1700;1;2;1;1;1;116;route du faing;M;4796734;683311;880
2,016E+11;16;9;8;1200;1;1;1;1;1;182;;M;4829119;707118;880
2,016E+11;16;10;29;1500;1;2;6;1;6;445;;M;4824857;695519;880
2,016E+11;16;1;2;2245;3;1;1;2;7;218;;M;4814133;681923;880
2,016E+11;16;1;26;1600;1;1;1;1;1;244;Vanémont;M;4819871;686583;880
2,016E+11;16;4;15;1900;1;1;1;1;6;218;;M;4814462;680597;880
2,016E+11;16;5;7;1030;1;1;1;1;6;115;;M;4816404;690930;880
2,016E+11;16;5;8;1900;1;1;1;1;1;181;;M;4818971;701351;880
2,016E+11;16;6;18;1830;1;1;1;2;6;349;;M;4811290;705960;880
2,016E+11;16;8;8;800;1;1;1;1;6;198;;M;4810770;690825;880
2,016E+11;16;8;7;1030;1;1;1;1;6;349;;M;4816814;705046;880
2,016E+11;16;10;19;1845;3;1;1;2;1;198;;M;4817056;692563;880
2,016E+11;16;11;5;1730;5;2;1;2;6;181;9 route de Saint Dié;M;4818423;698908;880
2,016E+11;16;2;22;1515;1;2;1;1;6;196;108 boulevard d'alsace;M;4807683;688495;880
2,016E+11;16;3;15;615;2;2;1;4;6;196;chemin de la Papinia;M;4807393;686175;880
2,016E+11;16;4;10;1600;1;1;1;1;3;196;;M;4807777;679611;880
2,016E+11;16;4;15;2230;5;1;1;2;6;470;;M;4808496;676325;880
2,016E+11;16;5;26;2000;1;1;3;1;3;531;Boulevard de Colmar;M;4808333;690906;880
2,016E+11;16;9;9;915;1;2;1;1;3;196;RUE CHARLES DE GAULLE;M;4806918;683701;880
2,016E+11;16;9;24;1415;1;1;1;1;5;531;;M;4807007;695923;880
2,016E+11;16;9;29;1130;1;2;3;1;1;196;CHEMIN DU TOUR DU LAC;M;4806956;683747;880
2,016E+11;16;10;22;1600;1;1;1;1;1;196;;M;4806516;685648;880
2,016E+11;16;12;18;1230;1;1;1;1;3;531;;M;4808357;693635;880
2,016E+11;16;12;20;1930;1;2;1;1;1;196;45 rue Charles de Gaulle;M;4807002;687711;880
2,016E+11;16;2;15;1800;5;2;1;8;3;372;rue pasteur;M;4840492;684045;880
2,016E+11;16;4;23;1800;1;2;1;8;6;372;rue charles weill;M;4810676;684228;880
2,016E+11;16;7;16;1045;1;2;1;1;6;372;Avenue du 21Ã¿me BCP;M;4840547;684699;880
2,016E+11;16;8;7;1145;1;1;1;1;6;373;;M;4850676;710588;880
2,016E+11;16;10;2;830;3;1;1;1;6;328;;M;4832707;685821;880
2,016E+11;16;3;8;745;1;1;1;2;1;433;;M;0;0;670
2,016E+11;16;4;2;1145;1;1;1;1;1;28;;M;0;0;670
2,016E+11;16;4;4;1715;1;1;1;1;5;464;;M;0;0;670
2,016E+11;16;4;19;1130;1;1;2;1;2;28;;M;0;0;670
2,016E+11;16;4;28;1000;1;1;1;1;3;146;;M;0;0;670
2,016E+11;16;5;8;1100;1;1;1;1;1;233;;M;0;0;670
2,016E+11;16;5;8;1830;1;2;3;1;3;216;rue de benfeld;M;0;0;670
2,016E+11;16;5;14;830;1;2;6;1;3;28;rond-point de l'EUROPE;M;0;0;670
2,016E+11;16;6;18;1130;1;2;1;2;6;28;rue des jardins;M;0;0;670
2,016E+11;16;6;18;2200;5;2;1;1;3;55;rue de rhinau;M;0;0;670
2,016E+11;16;7;31;1730;1;1;1;1;3;216;;M;4838200;751400;670
2,016E+11;16;9;13;1145;1;1;1;1;1;55;;M;0;0;670
2,016E+11;16;9;19;1400;1;1;1;1;3;192;;M;0;0;670
2,016E+11;16;10;11;915;1;1;1;1;6;397;;M;0;0;670
2,016E+11;16;11;8;1215;1;1;1;2;6;233;;M;0;0;670
2,016E+11;16;12;2;1930;3;1;1;1;3;285;;M;0;0;670
2,016E+11;16;12;7;1030;3;1;1;5;6;464;;M;0;0;670
2,016E+11;16;12;19;1430;1;2;1;7;6;55;place de la mairie;M;0;0;670
2,016E+11;16;1;12;730;2;2;1;1;3;137;Rue de l'industrie;M;0;0;670
2,016E+11;16;3;7;1530;1;2;1;1;3;131;rue de la Brigade Alsace;M;0;0;670
2,016E+11;16;4;18;1030;1;1;1;2;3;131;;M;0;0;670
2,016E+11;16;5;9;1530;1;2;1;1;3;131;PV, ANGLE RUE INDUSTRIE;M;0;0;670
2,016E+11;16;5;7;1315;1;2;1;1;6;137;27 rue de Lyon;M;0;0;670
2,016E+11;16;6;18;445;5;2;1;1;6;378;rue du Général Leclerc;M;0;0;670
2,016E+11;16;7;5;1900;1;2;1;1;6;131;rue du tramway parking;M;0;0;670
2,016E+11;16;9;29;1500;1;2;1;1;3;131;rue des fusiliers marins;M;0;0;670
2,016E+11;16;10;20;2200;3;1;1;1;6;1;;M;0;0;670
2,016E+11;16;12;8;2100;5;2;9;1;1;137;7 rue industrie;M;0;0;670
2,016E+11;16;1;11;2030;3;1;1;1;2;200;;M;0;0;670
2,016E+11;16;1;29;1215;1;1;1;1;2;130;;M;0;0;670
2,016E+11;16;5;13;815;1;1;1;2;7;130;;M;0;0;670
2,016E+11;16;6;27;1730;1;2;6;1;3;130;rue georges besse;M;0;0;670
2,016E+11;16;6;29;945;1;1;1;1;6;154;;M;0;0;670
2,016E+11;16;7;19;1700;1;2;1;7;6;130;D468;M;0;0;670
2,016E+11;16;8;12;1845;1;1;1;1;2;130;;M;0;0;670
2,016E+11;16;9;4;1615;1;2;6;9;3;130;Rond point D288 et D988;M;0;0;670
2,016E+11;16;11;2;1215;1;1;1;1;6;154;;M;0;0;670
2,016E+11;16;1;22;2330;3;1;1;2;6;348;;M;0;0;670
2,016E+11;16;2;24;1515;1;1;1;1;7;348;;M;0;0;670
2,016E+11;16;7;2;900;1;1;1;1;6;557;;M;0;0;670
2,016E+11;16;7;2;1830;1;1;1;1;1;348;;M;0;0;670
2,016E+11;16;8;26;1645;1;2;1;1;7;223;;M;0;0;670
2,016E+11;16;9;13;930;1;1;1;7;6;348;;M;0;0;670
2,016E+11;16;9;28;1045;1;2;1;7;2;348;rue marechal juin;M;0;0;670
2,016E+11;16;10;28;1915;5;2;9;1;6;348;BOULEVARD DE L4EUROPE;M;0;0;670
2,016E+11;16;6;21;715;1;2;1;1;3;331;51 rue principale;M;0;0;670
2,016E+11;16;9;11;1545;1;1;1;1;1;203;;M;0;0;670
2,016E+11;16;3;19;1630;1;1;1;1;3;345;;M;0;0;670
2,016E+11;16;9;25;1500;1;2;1;1;3;46;rue du moulin;M;0;0;670
2,016E+11;16;10;13;1715;1;2;9;1;3;46;rue de Rohrwiller;M;0;0;670
2,016E+11;16;1;5;1430;1;2;1;2;6;300;Rue de la Gare;M;0;0;670
2,016E+11;16;3;12;1515;1;1;9;1;1;300;;M;0;0;670
2,016E+11;16;3;20;2030;5;2;1;1;6;127;SPV, 14 RUE PRINCIPALE;M;0;0;670
2,016E+11;16;5;2;1045;1;2;1;1;6;98;CD 392;M;0;0;670
2,016E+11;16;5;8;1000;1;1;3;1;5;98;;M;0;0;670
2,016E+11;16;5;27;730;1;2;1;1;6;127;D45 - rue de Strasbourg;M;0;0;670
2,016E+11;16;6;12;530;2;1;1;2;6;98;;M;0;0;670
2,016E+11;16;6;17;1430;1;2;1;8;3;300;Quai des Abattoirs;M;0;0;670
2,016E+11;16;6;16;1200;1;2;9;8;1;300;RD2422;M;0;0;670
2,016E+11;16;7;15;1;5;2;1;1;6;300;15 rue de la source;M;0;0;670
2,016E+11;16;9;2;815;1;2;1;1;1;300;04 route de Mutzig;M;0;0;670
2,016E+11;16;9;7;845;1;2;1;1;6;313;route de STRASBOURG;M;0;0;670
2,016E+11;16;4;11;1545;1;1;1;1;1;299;;M;0;0;670
2,016E+11;16;4;17;1900;3;1;1;1;6;299;;M;0;0;670
2,016E+11;16;6;21;1930;1;2;6;1;3;45;SPV;M;0;0;670