Num_Acc;an;mois;jour;hrmn;lum;agg;int;atm;col;com;adr;gps;lat;long;dep
2,016E+11;16;7;20;2030;1;2;1;1;1;411;21 rue général Leclerc;M;0;0;670
2,016E+11;16;9;22;1200;1;1;1;1;1;411;;M;0;0;670
2,016E+11;16;10;29;1930;3;1;1;1;3;329;;M;0;0;670
2,016E+11;16;8;30;1630;1;1;1;1;7;436;;M;0;0;670
2,016E+11;16;3;19;1530;1;1;1;1;1;342;;M;0;0;670
2,016E+11;16;4;22;2200;3;1;1;1;6;377;;M;0;0;670
2,016E+11;16;8;1;1845;1;2;1;1;1;543;grand rue;M;0;0;670
2,016E+11;16;8;3;1545;1;1;1;1;6;414;;M;0;0;670
2,016E+11;16;8;13;1445;1;1;1;1;2;66;;M;0;0;670
2,016E+11;16;11;5;1915;5;2;1;2;3;414;RD1420;M;0;0;670
2,016E+11;16;1;22;2245;5;2;1;2;7;520;rue du général de gaulle;M;0;0;670
2,016E+11;16;3;11;1800;1;2;1;1;7;282;ZONE DE L'ELIPSE;M;0;0;670
2,016E+11;16;3;27;945;1;1;1;2;3;240;;M;0;0;670
2,016E+11;16;5;9;1515;1;1;1;1;7;77;;M;0;0;670
2,016E+11;16;5;21;1445;1;1;1;1;1;122;;M;0;0;670
2,016E+11;16;7;9;1600;1;1;1;1;3;81;;M;0;0;670
2,016E+11;16;7;13;1500;1;1;1;1;6;520;;M;0;0;670
2,016E+11;16;11;8;1745;3;1;1;2;4;282;;M;0;0;670
2,016E+11;16;10;3;900;1;1;1;1;1;240;;M;0;0;670
2,016E+11;16;11;3;1545;2;1;1;7;3;61;;M;0;0;670
2,016E+11;16;12;12;1630;1;1;1;8;1;61;;M;0;0;670
2,016E+11;16;5;14;1030;1;2;1;8;1;425;rue de Monswiller;M;0;0;670
2,016E+11;16;8;6;530;2;1;1;1;2;478;;M;0;0;670
2,016E+11;16;8;13;2245;3;1;1;1;3;553;;M;0;0;670
2,016E+11;16;10;7;1245;1;1;1;1;1;302;;M;0;0;670
2,016E+11;16;10;7;1545;1;1;1;1;1;149;;M;0;0;670
2,016E+11;16;11;23;1745;3;1;1;1;3;149;;M;0;0;670
2,016E+11;16;12;14;1615;1;1;1;8;3;244;;M;0;0;670
2,016E+11;16;3;24;1630;1;1;1;1;7;278;;M;4893800;720500;670
2,016E+11;16;4;2;645;2;1;1;1;1;509;;M;0;0;670
2,016E+11;16;4;14;1830;1;1;9;1;3;156;;M;4871400;775700;670
2,016E+11;16;10;11;2015;3;1;1;1;6;230;;M;4881300;782700;670
2,016E+11;16;11;30;1315;1;2;1;1;3;67;Rue de l'Ecole;M;4873300;771000;670
2,016E+11;16;2;1;1130;1;2;3;8;3;452;rue du kirchberg;M;0;0;670
2,016E+11;16;2;26;1400;1;2;6;1;1;214;route des romains;M;0;0;670
2,016E+11;16;5;17;1615;1;1;1;1;3;5;;M;0;0;670
2,016E+11;16;6;5;1530;1;2;1;1;3;375;26, Rue Principale;M;0;0;670
2,016E+11;16;7;30;1400;1;1;1;1;6;153;;M;0;0;670
2,016E+11;16;9;6;1645;1;1;1;1;6;375;;M;0;0;670
2,016E+11;16;11;1;1600;1;2;3;1;5;150;rue de Molsheim;M;0;0;670
2,016E+11;16;12;22;645;3;1;1;5;1;214;;M;0;0;670
2,016E+11;16;1;16;2145;3;1;1;9;1;151;;M;0;0;670
2,016E+11;16;5;26;2115;3;1;1;1;6;205;;M;0;0;670
2,016E+11;16;6;19;930;1;1;1;1;6;519;;M;0;0;670
2,016E+11;16;7;2;1130;1;2;1;8;3;151;RUE LAMARTINE;M;0;0;670
2,016E+11;16;8;5;845;1;1;1;1;1;519;;M;0;0;670
2,016E+11;16;4;12;1815;1;2;1;2;3;65;rue principale;M;0;0;670
2,016E+11;16;5;16;2000;1;2;1;1;7;350;34 rue Canal;M;0;0;670
2,016E+11;16;5;26;1900;1;2;1;1;2;118;Avenue du Gal de Gaulle;M;0;0;670
2,016E+11;16;8;8;815;1;2;6;1;1;551;Route de Wasselonne;M;0;0;670
2,016E+11;16;12;16;845;2;1;1;5;1;118;;M;0;0;670
2,016E+11;16;2;8;915;1;1;1;1;5;239;;M;0;0;670
2,016E+11;16;3;23;1645;1;2;1;1;3;115;30 rue de muttersholtz;M;0;0;670
2,016E+11;16;5;8;1100;1;1;1;1;6;63;;M;0;0;670
2,016E+11;16;5;9;1715;1;1;1;1;3;362;;M;0;0;670
2,016E+11;16;6;12;915;1;1;3;1;3;143;;M;0;0;670
2,016E+11;16;8;3;1530;1;1;1;1;6;362;;M;0;0;670
2,016E+11;16;9;18;200;5;2;1;2;1;490;37 RUE DE L'EGLISE;M;0;0;670
2,016E+11;16;10;5;715;2;1;1;1;6;73;;M;0;0;670
2,016E+11;16;10;31;1430;1;1;1;1;1;239;;M;0;0;670
2,016E+11;16;12;7;1715;2;1;1;5;6;426;;M;0;0;670
2,016E+11;16;12;23;1230;1;1;1;1;3;493;;M;0;0;670
2,016E+11;16;2;21;1615;1;1;1;1;1;125;;M;0;0;670
2,016E+11;16;4;10;1730;1;1;1;1;6;21;;M;0;0;670
2,016E+11;16;4;24;845;1;1;1;1;2;125;;M;0;0;670
2,016E+11;16;5;5;1830;1;1;1;1;1;295;;M;0;0;670
2,016E+11;16;5;31;1700;1;1;7;1;6;21;;M;0;0;670
2,016E+11;16;6;20;1730;1;1;1;1;7;21;;M;0;0;670
2,016E+11;16;7;9;1400;1;1;1;1;3;120;;M;0;0;670
2,016E+11;16;8;10;1745;1;2;1;1;1;21;13 rue du Gal Vandenberg;M;0;0;670
2,016E+11;16;9;23;1645;1;2;6;1;3;21;avenue des vosges;M;0;0;670
2,016E+11;16;9;29;1430;1;2;1;1;3;481;D05;M;0;0;670
2,016E+11;16;2;23;1215;1;1;1;2;3;547;;M;0;0;670
2,016E+11;16;3;20;1630;1;2;1;1;3;486;rue de Saasenheim;M;0;0;670
2,016E+11;16;4;25;1215;1;2;1;1;2;281;32 rue Foch;M;0;0;670
2,016E+11;16;5;4;1830;1;2;1;1;6;281;;M;0;0;670
2,016E+11;16;5;12;1930;1;1;1;2;7;196;;M;0;0;670
2,016E+11;16;5;18;1645;1;1;1;1;7;121;;M;0;0;670
2,016E+11;16;6;29;2100;1;1;1;1;6;19;;M;0;0;670
2,016E+11;16;7;6;15;3;1;1;1;6;486;;M;0;0;670
2,016E+11;16;7;17;2045;1;2;1;1;2;281;16 rue du Maréchal FOCH;M;0;0;670
2,016E+11;16;8;6;1745;1;2;9;1;7;281;3 cité de l'étang;M;0;0;670
2,016E+11;16;8;7;1830;1;1;1;1;6;311;;M;0;0;670
2,016E+11;16;9;27;1600;1;1;1;1;1;196;;M;0;0;670
2,016E+11;16;9;29;1315;1;1;1;1;1;422;;M;0;0;670
2,016E+11;16;10;6;715;1;1;1;1;6;19;;M;0;0;670
2,016E+11;16;11;3;730;2;1;1;1;7;281;;M;0;0;670
2,016E+11;16;11;25;2245;3;1;1;1;1;196;;M;0;0;670
2,016E+11;16;12;7;645;5;2;1;5;6;281;15 rue de l'Alma;M;0;0;670
2,016E+11;16;2;7;2100;3;1;1;9;7;351;;M;0;0;670
2,016E+11;16;4;6;1530;1;1;1;1;6;75;;M;0;0;670
2,016E+11;16;5;7;1500;1;1;1;1;7;75;;M;0;0;670
2,016E+11;16;5;20;1545;1;1;1;1;6;400;;M;0;0;670
2,016E+11;16;5;29;1045;1;1;1;1;7;544;;M;0;0;670
2,016E+11;16;6;30;1645;1;1;1;1;1;400;;M;0;0;670
2,016E+11;16;8;30;1845;1;1;1;1;7;544;;M;0;0;670
2,016E+11;16;10;16;1430;1;2;1;1;3;416;rue principale;M;0;0;670
2,016E+11;16;11;14;545;3;1;1;1;6;544;;M;0;0;670
2,016E+11;16;12;6;745;1;1;1;5;7;351;;M;0;0;670
2,016E+11;16;1;13;1445;1;2;1;2;3;261;Route du rhin;M;0;0;670
2,016E+11;16;2;18;2315;3;2;1;1;6;327;9 place Notre-dame-du-Ch;M;4897600;809800;670
2,016E+11;16;4;29;745;1;1;1;1;6;432;;M;4898800;808400;670
2,016E+11;16;5;18;1430;1;2;1;1;1;330;7 rue de la Gare;M;0;0;670
2,016E+11;16;11;17;1015;1;2;2;2;3;261;RUE DES PECHEURS;M;0;0;670
2,016E+11;16;12;30;1045;1;1;1;5;7;327;;M;0;0;670
2,016E+11;16;12;30;2015;3;1;8;5;6;261;;M;0;0;670
2,016E+11;16;1;8;800;2;2;1;1;6;487;PV, rue Docteur Deutsch;M;0;0;670
2,016E+11;16;1;14;1800;5;2;1;3;6;474;RUE DU DOCTEUR DEUTSCH;M;0;0;670
2,016E+11;16;1;22;2315;3;1;1;4;7;474;;M;0;0;670
2,016E+11;16;3;23;1030;1;1;1;2;1;206;;M;0;0;670
2,016E+11;16;4;18;1815;1;2;1;1;6;339;40 rue de l'Herbe;M;0;0;670
2,016E+11;16;7;26;1445;1;1;9;1;2;487;;M;0;0;670
2,016E+11;16;8;24;130;3;1;1;1;6;339;;M;0;0;670
2,016E+11;16;12;10;1945;3;1;1;2;7;487;;M;0;0;670
2,016E+11;16;1;25;930;1;1;1;7;3;110;;M;0;0;670
2,016E+11;16;1;13;1745;5;2;1;2;6;110;15 route de haguenau;M;0;0;670
2,016E+11;16;4;23;1330;1;1;1;2;1;550;;M;0;0;670
2,016E+11;16;5;26;1515;1;1;1;1;1;334;;M;0;0;670
2,016E+11;16;6;23;1530;1;1;1;1;1;263;;M;0;0;670
2,016E+11;16;7;17;145;3;1;1;1;6;160;;M;0;0;670
2,016E+11;16;7;24;2100;5;1;1;1;6;550;;M;0;0;670
2,016E+11;16;7;31;2300;3;1;1;1;1;550;;M;0;0;670
2,016E+11;16;8;13;1115;1;1;1;1;7;263;;M;0;0;670
2,016E+11;16;9;25;1530;1;1;1;1;6;353;;M;0;0;670
2,016E+11;16;10;16;1500;1;1;1;1;7;550;;M;0;0;670
2,016E+11;16;3;1;730;1;2;1;1;6;226;rue Sébastopol;M;4803999;713499;680
2,016E+11;16;1;9;1945;3;1;1;1;6;19;;M;4809153;756678;680
2,016E+11;16;1;12;2130;5;1;1;1;6;146;;M;4812691;736656;680
2,016E+11;16;2;11;245;5;2;1;1;6;227;16 rue principale;M;4810207;747131;680
2,016E+11;16;2;12;1745;2;2;1;2;6;146;ZAC Buhllfeld;M;4813300;736800;680
2,016E+11;16;3;2;1200;1;1;2;2;3;295;;M;4802741;740212;680
2,016E+11;16;4;18;915;1;1;1;2;1;295;;M;4801569;735360;680
2,016E+11;16;5;1;1400;1;2;4;1;1;157;;M;4811989;747641;680
2,016E+11;16;5;3;1515;1;2;3;1;3;145;GRAND RUE;M;4808505;739686;680
2,016E+11;16;5;4;1330;1;2;3;1;3;367;rue des mûriers;M;4806315;747377;680
2,016E+11;16;7;6;1700;1;1;3;1;2;7;;M;4805140;745288;680
2,016E+11;16;7;29;1730;1;2;1;1;2;145;34 grand'rue;M;4808141;739172;680
2,016E+11;16;10;23;2315;5;2;3;1;3;227;6 rue du rhin;M;4810124;747955;680
2,016E+11;16;10;29;2015;3;1;1;1;6;331;;M;4804777;746046;680
2,016E+11;16;11;29;330;3;1;1;1;7;367;;M;4805772;749750;680
2,016E+11;16;12;7;645;2;1;1;4;1;367;;M;4806553;746825;680
2,016E+11;16;12;11;600;3;1;1;1;7;38;;M;4808806;742997;680
2,016E+11;16;12;15;745;1;2;1;5;2;143;27 RUE DU GEN DE GAULLE;M;0;0;680
2,016E+11;16;12;21;515;3;1;1;1;6;19;;M;4809131;756576;680
2,016E+11;16;12;29;830;1;1;1;4;7;345;;M;4809054;748885;680
2,016E+11;16;3;26;1500;1;1;1;1;3;173;;M;4810293;718376;680
2,016E+11;16;6;8;1045;1;2;1;8;3;209;21b route du vin;M;4815000;732086;680
2,016E+11;16;6;23;815;1;2;1;1;6;162;rue du 18 décembre;M;0;0;680
2,016E+11;16;7;8;1100;1;1;3;1;3;164;;M;4813384;729037;680
2,016E+11;16;7;28;1400;1;1;1;1;3;173;;M;4808475;718606;680
2,016E+11;16;8;8;1545;1;1;1;1;2;5;;M;4813448;727188;680
2,016E+11;16;8;14;1045;1;1;1;7;3;5;;M;4813209;728988;680
2,016E+11;16;9;13;1630;1;1;1;1;7;249;;M;4812980;709174;680
2,016E+11;16;10;13;1500;1;1;1;1;1;162;;M;4814286;718192;680
2,016E+11;16;11;17;2130;3;1;1;1;6;26;;M;4813443;734122;680
2,016E+11;16;3;31;1815;1;2;1;1;3;226;Grand'rue;M;4804173;713311;680
2,016E+11;16;4;21;1845;1;1;1;1;6;358;;M;4800764;717485;680
2,016E+11;16;6;11;245;3;2;1;1;6;226;rue Tassigny;M;4803888;714278;680
2,016E+11;16;7;9;2100;1;2;1;1;2;226;12 rue des gentianes;M;4804022;715667;680
2,016E+11;16;6;26;1445;1;1;1;1;7;142;rue Principale;M;4805803;713034;680
2,016E+11;16;6;30;1230;1;1;1;1;6;204;;M;4800590;707344;680
2,016E+11;16;7;11;1930;1;2;3;1;3;329;rue d'Ampfersbach;M;4805252;709579;680
2,016E+11;16;8;23;1245;1;2;1;1;6;329;;M;4805420;710072;680
2,016E+11;16;8;30;1200;1;2;2;7;6;226;1 rue André LAMEY;M;4804242;713562;680
2,016E+11;16;11;24;1750;5;2;6;1;3;226;GIRATOIRE SUPER U;M;4804238;716010;680
2,016E+11;16;12;1;1545;1;2;1;1;6;226;GRAND RUE 1;M;4804116;713695;680
2,016E+11;16;6;2;900;1;1;1;2;6;69;;M;4798947;747868;680
2,016E+11;16;6;9;1715;1;1;1;1;1;351;;M;4800345;759349;680
2,016E+11;16;6;10;1215;1;1;3;1;2;69;;M;4796565;749361;680
2,016E+11;16;10;21;145;3;1;1;1;6;379;;M;0;0;680
2,016E+11;16;10;31;1545;1;1;6;1;7;1;;M;4801125;755471;680
2,016E+11;16;11;9;915;1;1;2;1;1;231;;M;4801373;753321;680
2,016E+11;16;11;30;2030;3;1;1;1;1;36;;M;4805367;751588;680
2,016E+11;16;12;7;745;1;1;1;5;1;16;;M;4793082;748874;680
2,016E+11;16;12;12;1745;3;1;4;1;3;36;;M;4805477;755692;680
2,016E+11;16;2;14;1430;1;1;1;8;3;28;;M;4820843;740545;680
2,016E+11;16;6;1;845;1;2;3;1;1;28;chemin Weibelsgass;M;4820429;735398;680
2,016E+11;16;7;3;400;3;1;1;1;1;269;;M;4817656;734278;680
2,016E+11;16;11;26;2100;3;1;1;1;7;147;;M;4817730;732392;680
2,016E+11;16;1;8;1730;5;2;3;3;6;298;50 rue jean jaurès;M;4825206;719470;680
2,016E+11;16;3;16;730;1;1;1;1;5;185;;M;4826906;726445;680
2,016E+11;16;5;21;800;1;1;1;1;7;298;;M;4825153;715454;680
2,016E+11;16;6;29;1715;1;1;3;7;5;294;;M;4825586;720404;680
2,016E+11;16;10;22;1315;1;2;2;1;1;283;rue des Beaux Champs;M;4827981;727181;680
2,016E+11;16;11;16;1400;1;1;1;2;1;185;;M;4826683;729955;680
2,016E+11;16;12;2;1415;1;1;3;1;7;298;;M;4825089;719177;680
2,016E+11;16;1;3;2130;3;1;6;2;7;365;;M;4805428;731050;680
2,016E+11;16;2;1;845;1;1;1;1;6;338;;M;4809466;723542;680
2,016E+11;16;2;7;1145;1;2;1;2;7;155;121 ROUTE DE COLMAR;M;4808983;731776;680
2,016E+11;16;2;26;1800;2;2;1;1;6;365;219 route de Rouffach;M;4805450;733139;680
2,016E+11;16;3;10;2245;3;1;1;1;6;78;;M;4804955;731715;680
2,016E+11;16;3;18;1715;1;2;1;1;1;374;12 rue Hertzog;M;4808629;731404;680
2,016E+11;16;3;1;745;1;2;6;1;3;155;2 rte de Turckheim;M;4809451;730565;680
2,016E+11;16;7;2;1500;1;1;4;1;3;365;;M;4806538;730899;680
2,016E+11;16;9;2;1145;1;1;1;1;7;78;;M;4803586;729633;680
2,016E+11;16;9;23;930;1;2;2;1;3;338;route des trois Epis;M;4808384;725844;680
2,016E+11;16;9;27;1515;1;2;6;1;6;374;rue herzog logelbach;M;4808558;731382;680
2,016E+11;16;9;25;1700;1;1;1;1;2;155;rue de la Hardt;M;0;0;680
2,016E+11;16;9;29;1230;1;2;6;1;7;374;ROND POINT RD1 BIS RD11;M;4808435;731040;680
2,016E+11;16;10;12;1730;1;1;1;1;3;374;;M;0;0;680
2,016E+11;16;10;19;1745;1;1;6;1;4;155;;M;4809172;732085;680
2,016E+11;16;10;15;1900;3;1;1;1;7;78;;M;4804748;732222;680
2,016E+11;16;10;31;1445;1;1;1;1;4;374;;M;4808019;731191;680
2,016E+11;16;10;22;2015;5;2;3;1;3;155;1 route d'Ammerschwihr;M;4809910;730247;680
2,016E+11;16;11;9;1115;1;2;1;1;6;155;01 rue des trois epis;M;4809900;730600;680
2,016E+11;16;11;19;1445;1;1;1;1;6;155;;M;0;0;680
2,016E+11;16;12;22;815;1;2;1;1;2;374;RD83 - WETTOLSHEIM;M;0;0;680
2,016E+11;16;1;4;1145;1;2;1;1;6;222;rue du ruisseau;M;0;0;680
2,016E+11;16;1;5;1930;3;1;1;2;3;187;;M;4752783;740046;680
2,016E+11;16;2;17;1615;1;1;1;1;1;139;;M;4757724;721040;680
2,016E+11;16;6;24;2145;5;2;1;1;7;355;Rue du 19 novembre;M;4754798;730291;680
2,016E+11;16;6;29;1615;1;2;1;1;7;4;Rue du troisième Zouave;M;4762363;724117;680
2,016E+11;16;7;16;1030;1;1;1;1;1;187;;M;4752187;741672;680
2,016E+11;16;8;5;1330;1;1;1;8;6;138;;M;4760640;725845;680
2,016E+11;16;8;20;1330;1;2;1;1;3;377;ROUTE D'ALTKIRCH;M;4762374;727082;680
2,016E+11;16;8;24;1830;1;2;3;1;7;148;D 16, pk 20 + 650;M;4760233;734257;680
2,016E+11;16;10;18;1445;1;1;1;1;3;96;;M;0;0;680
2,016E+11;16;10;25;2315;5;2;1;1;6;333;7 rue de Belfort;M;0;0;680
2,016E+11;16;11;23;1645;1;1;1;1;7;377;;M;4761559;726412;680
2,016E+11;16;12;1;1430;1;2;1;1;3;17;D 419;M;0;0;680
2,016E+11;16;2;9;945;1;1;2;1;3;50;;M;4765225;704684;680
2,016E+11;16;2;19;845;1;1;1;1;6;86;;M;4767774;712011;680
2,016E+11;16;4;21;1045;1;1;1;1;7;215;;M;4762446;702652;680
2,016E+11;16;4;28;115;3;1;1;1;6;152;;M;4768342;727642;680
2,016E+11;16;5;8;200;3;1;6;1;3;127;;M;4765664;722233;680
2,016E+11;16;5;12;1530;1;2;8;3;6;152;;M;4767166;726696;680
2,016E+11;16;6;24;1115;1;2;1;1;2;68;25 rue de bale;M;4763043;712174;680
2,016E+11;16;8;3;1445;1;1;1;1;7;68;;M;4766691;722037;680
2,016E+11;16;8;18;1900;1;2;1;1;6;68;62 rue de bâle;M;4763058;713453;680
2,016E+11;16;10;2;745;2;2;1;1;6;356;39 grand-rue;M;4764043;726460;680
2,016E+11;16;11;19;1800;5;2;1;2;7;125;44 rue principale;M;4769561;712059;680
2,016E+11;16;12;1;1215;1;1;1;1;6;127;;M;4766635;725144;680
2,016E+11;16;12;2;1800;3;1;1;1;7;81;;M;0;0;680
2,016E+11;16;12;6;715;2;2;1;5;6;77;70 route de Hegenbach;M;4766141;718744;680
2,016E+11;16;12;6;1230;1;1;1;1;6;200;;M;4761690;708746;680
2,016E+11;16;12;15;645;2;2;1;9;3;119;28 rue de Cernay;M;0;0;680
2,016E+11;16;12;30;945;1;1;1;1;3;52;;M;0;0;680
2,016E+11;16;4;2;1615;1;2;3;1;3;181;rue du gros verger;M;4745039;720303;680
2,016E+11;16;4;8;1630;1;2;1;1;3;347;51 rue de Ferrette;M;4749812;730669;680
2,016E+11;16;6;25;1500;1;2;7;1;6;98;16, rue de Lepuix;M;4796283;714941;680
2,016E+11;16;7;6;900;1;1;1;1;6;306;;M;4753562;718723;680
2,016E+11;16;1;3;500;3;1;1;1;6;258;;M;4783340;727613;680
2,016E+11;16;1;3;1715;3;1;3;1;3;242;;M;4797608;737371;680
2,016E+11;16;2;8;1945;3;1;1;3;2;82;;M;4783655;734201;680
2,016E+11;16;4;20;1230;1;1;1;1;3;41;;M;4789831;753732;680
2,016E+11;16;4;15;1930;2;2;1;1;1;82;D4B;M;4786727;733900;680
2,016E+11;16;5;26;845;1;2;2;1;3;266;Intersection RD47-CD201;M;4789765;735334;680
2,016E+11;16;6;25;930;1;1;2;1;1;266;;M;4789764;735335;680
2,016E+11;16;7;1;1700;1;1;1;7;1;82;;M;4786975;736329;680
2,016E+11;16;7;15;1945;1;1;3;1;3;82;;M;4787658;738947;680
2,016E+11;16;9;6;2330;5;2;1;1;6;82;D2 PK 16;M;4786741;734976;680
2,016E+11;16;9;10;900;1;1;1;1;2;242;;M;0;0;680
2,016E+11;16;9;12;1500;1;2;6;1;3;258;rue d'Ensisheim;M;4784060;731296;680
2,016E+11;16;9;15;500;3;1;1;1;6;37;;M;4795017;741209;680
2,016E+11;16;9;27;1545;1;1;1;1;3;258;;M;0;0;680
2,016E+11;16;10;3;1515;1;1;1;1;1;140;;M;4791277;746324;680
2,016E+11;16;10;6;1330;1;1;2;1;3;91;;M;4791713;756524;680
2,016E+11;16;10;9;1630;1;1;1;1;7;290;;M;0;0;680
2,016E+11;16;10;5;1945;3;1;1;1;6;140;;M;4789057;741617;680
2,016E+11;16;10;14;1745;1;1;2;1;3;266;;M;4790459;740187;680
2,016E+11;16;10;30;2245;3;1;6;5;6;82;;M;0;0;680
2,016E+11;16;10;31;1915;3;1;1;5;3;228;;M;4792938;735973;680
2,016E+11;16;11;2;2215;3;1;1;5;7;242;;M;4796492;740713;680
2,016E+11;16;11;5;1200;1;1;1;2;6;41;;M;0;0;680
2,016E+11;16;11;7;815;1;1;1;3;1;242;;M;4797126;737319;680
2,016E+11;16;11;15;1845;3;1;4;1;2;225;;M;4785551;745144;680
2,016E+11;16;11;19;1930;3;1;1;1;1;235;;M;0;0;680
2,016E+11;16;11;21;1745;3;1;1;2;6;225;;M;0;0;680
2,016E+11;16;12;1;1345;1;2;6;1;1;82;place de verdun;M;0;0;680
2,016E+11;16;12;7;715;2;1;1;5;7;91;;M;0;0;680
2,016E+11;16;12;7;845;1;1;1;1;7;140;;M;4788873;744413;680
2,016E+11;16;12;10;2000;3;1;1;1;7;228;;M;0;0;680
2,016E+11;16;12;15;845;1;2;1;5;7;258;24 rue de Guebwiller;M;0;0;680
2,016E+11;16;12;19;545;3;1;1;1;6;82;;M;0;0;680
2,016E+11;16;12;22;1700;5;2;2;1;6;258;Rue d'ensisheim;M;4783482;730260;680
2,016E+11;16;12;28;15;3;1;1;1;7;258;;M;0;0;680
2,016E+11;16;12;29;755;2;1;1;5;7;242;;M;4797908;737492;680
2,016E+11;16;12;29;1030;1;1;1;5;7;140;;M;4788873;744445;680
2,016E+11;16;12;31;1530;1;1;1;8;6;266;;M;4790098;733111;680
2,016E+11;16;3;6;1215;1;2;3;1;3;255;rue de la chapelle;M;4798230;729125;680
2,016E+11;16;3;22;2000;3;1;1;1;2;255;;M;4798050;729413;680
2,016E+11;16;5;29;1915;2;2;3;2;7;255;rue du Schauenberg;M;4798397;728587;680
2,016E+11;16;6;10;1500;1;1;1;1;7;251;;M;4800521;721383;680
2,016E+11;16;7;16;145;3;1;1;8;7;251;;M;4797941;722664;680
2,016E+11;16;8;18;1100;1;1;1;1;7;364;;M;4794801;724620;680
2,016E+11;16;9;8;1430;1;1;3;1;3;318;;M;4796919;721490;680
2,016E+11;16;9;14;1715;1;1;1;1;6;123;;M;0;0;680
2,016E+11;16;9;30;1845;1;1;1;1;6;287;;M;0;0;680
2,016E+11;16;10;7;2115;3;1;1;1;7;134;;M;4801309;730757;680
2,016E+11;16;10;8;1630;1;2;1;1;5;116;Rue de ROUFFACH;M;4793382;729340;680
2,016E+11;16;11;4;1415;1;2;1;1;3;287;09 rue louis pasteur;M;4795997;729227;680
2,016E+11;16;11;9;1815;3;1;1;2;2;287;;M;4796078;730855;680
2,016E+11;16;11;8;1255;1;1;1;1;6;116;;M;0;0;680
2,016E+11;16;11;26;1530;1;2;1;1;7;318;26 rue de la vallée;M;4795979;724148;680
2,016E+11;16;1;5;1400;1;2;1;8;6;154;Avenue des rives de l'il;M;4777239;736102;680
2,016E+11;16;1;6;1745;5;2;1;2;6;154;33 RUE DES VOSGES;M;4777918;733964;680
2,016E+11;16;1;6;1745;5;2;1;2;6;154;rue de Mulhouse;M;4777525;734652;680
2,016E+11;16;1;20;1300;1;2;2;1;3;154;FRIBOURG AVENUE 226;M;4776381;737531;680
2,016E+11;16;6;12;1745;1;2;1;1;6;154;rue des jonquilles;M;4776358;736686;680
2,016E+11;16;10;27;1900;5;2;2;1;3;154;3 rue du chateau d'eau;M;4779093;734773;680
2,016E+11;16;11;28;645;3;2;2;8;6;154;36 rue de riedisheim;M;4776279;736304;680
2,016E+11;16;12;6;1200;1;2;1;5;6;154;Grand Chemin de Sausheim;M;4776023;737785;680
2,016E+11;16;12;8;1100;1;2;1;1;4;154;avenue de Fribourg;M;4776238;737304;680
2,016E+11;16;12;13;1245;1;2;4;1;3;154;81 rue de mulhouse;M;4776548;734738;680
2,016E+11;16;12;27;900;1;2;1;1;3;154;48 AVENUE DE BELGIQUE;M;4776735;736802;680
2,016E+11;16;12;28;1400;1;2;3;1;3;154;RUE DES VOSGES;M;4777954;734562;680
2,016E+11;16;2;19;1245;1;2;1;2;6;270;64 RUE PRINCIPALE;M;4777958;728142;680
2,016E+11;16;5;25;1345;1;2;1;1;6;195;4 rue verdi;M;4774719;728479;680
2,016E+11;16;6;29;2030;1;2;3;1;3;195;D20;M;4775854;729253;680
2,016E+11;16;7;5;1100;1;2;1;1;2;384;faubourg de mulhouse;M;4770227;730801;680
2,016E+11;16;7;8;200;3;1;1;1;2;195;;M;4776203;726363;680
2,016E+11;16;2;11;1745;2;2;1;2;6;135;rue de Hegenheim;M;0;0;680
2,016E+11;16;4;22;1645;1;2;3;1;3;121;22 avenue de souprosse;M;4752525;747835;680
2,016E+11;16;5;6;1245;1;2;1;1;6;286;8 RUE DE KEMBS;M;4763793;753375;680
2,016E+11;16;5;23;30;5;2;3;2;6;135;rue des tulipes;M;4757934;753121;680
2,016E+11;16;6;24;1215;1;1;2;1;1;135;;M;4759086;754997;680
2,016E+11;16;6;25;1045;1;2;1;1;3;120;82A rue de hégenheim;M;4754003;749630;680
2,016E+11;16;6;23;915;1;1;1;1;7;182;;M;4750178;748600;680
2,016E+11;16;7;12;1530;1;1;1;8;1;135;;M;4756965;749875;680
2,016E+11;16;7;18;800;1;1;1;1;6;42;;M;4761957;748936;680
2,016E+11;16;8;4;815;1;2;3;1;3;286;5 rue de village-neuf;M;4763651;753533;680
2,016E+11;16;8;7;1130;1;1;1;1;7;94;;M;4753686;742902;680
2,016E+11;16;8;15;1900;1;1;6;1;3;135;;M;4758700;752100;680
2,016E+11;16;9;29;130;3;1;1;1;7;286;;M;4762650;755477;680
2,016E+11;16;10;8;1700;1;1;1;1;5;135;;M;4757100;749000;680
2,016E+11;16;11;9;1800;5;2;1;2;6;135;rue de Folgensbourg;M;4757800;751600;680
2,016E+11;16;1;19;1930;4;2;3;4;7;163;rue du moulin;M;4765353;750461;680
2,016E+11;16;9;13;600;1;1;1;1;6;327;;M;4762122;743168;680
2,016E+11;16;11;3;1530;1;1;1;1;3;174;;M;0;0;680
2,016E+11;16;11;11;1745;5;2;6;2;6;309;;M;4766832;744115;680
2,016E+11;16;11;24;1830;5;2;2;5;3;163;1 rue de Habsheim;M;4769080;750285;680