Num_Acc;an;mois;jour;hrmn;lum;agg;int;atm;col;com;adr;gps;lat;long;dep
2,016E+11;16;2;2;1800;5;2;8;1;6;334;Rue Humberger;M;4781241;709583;680
2,016E+11;16;3;19;1545;1;1;1;1;7;279;;M;4776825;709025;680
2,016E+11;16;5;14;1700;1;1;1;1;7;40;;M;4781917;706035;680
2,016E+11;16;8;14;1400;1;1;1;1;3;372;;M;4786701;712161;680
2,016E+11;16;8;11;1230;1;2;3;1;6;40;rue du rhin;M;4782079;708229;680
2,016E+11;16;9;5;1345;1;2;1;1;3;334;121 rue Kleber;M;4779884;710398;680
2,016E+11;16;9;8;1530;1;2;1;1;3;334;RUE GERTHOFFER;M;4781128;710119;680
2,016E+11;16;9;10;1930;2;1;1;1;7;106;;M;4788959;710546;680
2,016E+11;16;9;16;2100;3;1;1;1;2;12;;M;4778552;714917;680
2,016E+11;16;9;24;1245;1;2;1;1;1;180;route de thann;M;4779396;710818;680
2,016E+11;16;10;2;1415;1;1;1;1;6;106;;M;4788991;711455;680
2,016E+11;16;10;4;1755;2;2;1;7;4;348;Route de Cernay;M;4780730;712590;680
2,016E+11;16;10;4;1800;2;2;1;7;2;348;Route de Cernay;M;4780724;712469;680
2,016E+11;16;11;3;930;1;1;1;1;6;279;;M;4776861;709022;680
2,016E+11;16;11;15;330;5;2;3;1;7;372;rue de la Grande Armée;M;4785016;706347;680
2,016E+11;16;12;1;1215;1;2;1;1;6;348;BERGER ANDRE RUE;M;4780861;711636;680
2,016E+11;16;11;30;1130;1;2;3;1;2;372;42 rue de la grande armé;M;4784165;707394;680
2,016E+11;16;12;16;1715;5;2;6;5;6;334;Faubourg des Vosges;M;4781582;708701;680
2,016E+11;16;12;28;1900;5;2;1;1;6;348;route de mulhouse;M;4780223;713113;680
2,016E+11;16;4;10;1430;1;2;3;1;3;359;rue de cernay;M;4783463;718177;680
2,016E+11;16;5;18;1645;1;2;1;1;1;63;17 avenue montaigne;M;4780675;718282;680
2,016E+11;16;5;31;830;1;1;4;2;3;63;;M;4780263;717607;680
2,016E+11;16;7;3;1030;1;1;1;1;6;63;;M;4779213;718286;680
2,016E+11;16;7;12;1645;1;1;1;1;2;63;;M;4781406;719576;680
2,016E+11;16;9;17;1400;1;1;2;2;2;63;;M;4778813;717852;680
2,016E+11;16;9;19;2015;5;2;3;9;3;63;rue poincaré;M;0;0;680
2,016E+11;16;9;23;1730;1;2;3;1;1;63;Faubourg de belfort;M;4779575;717264;680
2,016E+11;16;10;11;1645;1;1;4;2;2;63;Echangeur RD83;M;4778901;717788;680
2,016E+11;16;10;18;845;1;1;1;1;6;342;;M;4783792;715095;680
2,016E+11;16;10;19;1730;1;1;1;1;5;359;;M;4784729;714319;680
2,016E+11;16;10;21;2015;3;1;1;1;6;63;;M;4779329;718411;680
2,016E+11;16;10;24;800;2;1;1;2;4;63;;M;4779732;714972;680
2,016E+11;16;10;27;1145;1;1;1;1;2;63;;M;4778816;718001;680
2,016E+11;16;10;31;1030;1;2;1;1;3;63;42 Avenue du Général de;M;4780064;718223;680
2,016E+11;16;11;1;2315;5;2;1;1;6;322;route départementale 35;M;4781132;716102;680
2,016E+11;16;11;6;745;1;1;4;2;6;63;;M;4778824;718112;680
2,016E+11;16;11;9;1000;1;1;4;1;2;63;;M;4779012;718074;680
2,016E+11;16;12;2;1800;3;1;1;1;2;63;;M;4779997;719010;680
2,016E+11;16;12;13;830;2;1;1;5;2;63;;M;4779313;718386;680
2,016E+11;16;12;18;1030;1;1;1;5;6;63;;M;4784012;716621;680
2,016E+11;16;3;1;2200;3;2;1;4;1;344;;M;4788928;689949;680
2,016E+11;16;5;8;1245;1;2;3;1;2;213;Rue du 1er Décembre;M;4787128;697409;680
2,016E+11;16;5;25;1400;1;1;1;1;6;247;;M;4795055;700245;680
2,016E+11;16;6;11;1200;1;2;1;1;5;102;RD431;M;4790492;709061;680
2,016E+11;16;7;1;845;1;2;1;1;4;89;03 route de bussang;M;4788857;699793;680
2,016E+11;16;7;16;2150;2;2;1;1;6;262;MITZACH RUE DE;M;4787784;701550;680
2,016E+11;16;7;30;800;1;2;3;1;3;89;Route Nationale 66;M;4788897;699601;680
2,016E+11;16;8;26;1145;1;2;1;1;6;151;11 Rue des Romains;M;4788621;699094;680
2,016E+11;16;10;2;1745;1;1;1;1;6;370;;M;4799798;696848;680
2,016E+11;16;10;14;1330;1;1;6;1;6;292;;M;4787820;701713;680
2,016E+11;16;10;25;1430;1;1;3;8;3;344;;M;4788987;697463;680
2,016E+11;16;10;28;1730;2;1;1;1;6;370;;M;4799283;696202;680
2,016E+11;16;11;4;2000;3;1;1;2;6;247;;M;4795075;700851;680
2,016E+11;16;11;18;2315;3;1;1;2;6;370;;M;4795400;695700;680
2,016E+11;16;1;8;1630;2;2;1;3;1;167;rue de la vallée;M;4778796;696511;680
2,016E+11;16;5;19;1515;1;2;4;1;1;60;54 rue principale;M;4772340;715015;680
2,016E+11;16;6;1;1615;1;1;1;1;3;60;;M;4773300;716600;680
2,016E+11;16;7;17;100;5;2;1;1;6;60;rue principale;M;4772683;715138;680
2,016E+11;16;1;10;2030;5;2;1;1;6;178;D4;M;4881753;436438;510
2,016E+11;16;6;16;330;3;1;1;1;6;538;D80;M;4890369;439819;510
2,016E+11;16;7;12;800;1;1;1;1;6;490;D1;M;4890687;455582;510
2,016E+11;16;12;2;845;1;1;2;1;3;193;D3/RUE DU TERME;M;4898916;450540;510
2,016E+11;16;12;10;2115;3;1;1;5;6;161;D37;M;4902904;417434;510
2,016E+11;16;1;14;1845;3;1;1;2;1;227;D2;M;4891413;435982;510
2,016E+11;16;2;10;1800;2;1;2;1;6;389;D19/D35;M;4913297;433714;510
2,016E+11;16;2;28;1730;1;1;1;1;1;544;D977;M;4923186;454927;510
2,016E+11;16;5;14;1130;1;1;2;1;3;326;D994/CE37;M;4910532;431826;510
2,016E+11;16;6;10;1;5;2;1;1;2;388;D21;M;4913812;436562;510
2,016E+11;16;7;30;1515;1;1;1;1;1;326;D944;M;4910444;426177;510
2,016E+11;16;2;1;845;1;1;1;1;6;612;D933;M;4888410;403160;510
2,016E+11;16;2;8;1315;1;2;3;2;3;411;RUE MIDOIN;M;4895760;403868;510
2,016E+11;16;4;10;945;1;1;1;7;2;638;D36;M;4885739;410759;510
2,016E+11;16;6;6;1515;1;2;6;1;6;612;D9;M;4890557;400600;510
2,016E+11;16;8;8;1800;1;1;1;1;6;612;D36;M;4889199;402852;510
2,016E+11;16;8;18;1430;1;1;1;1;6;435;D933;M;4892272;418395;510
2,016E+11;16;8;24;1745;1;1;1;1;5;239;D933;M;4887032;396122;510
2,016E+11;16;8;25;600;2;1;3;1;3;411;D9/VC3;M;4896381;402815;510
2,016E+11;16;9;25;1815;1;1;1;1;5;435;D933;M;4891775;416418;510
2,016E+11;16;10;15;1530;1;2;3;1;3;413;R APPERT RAULIN/DU STADE;M;4902395;404559;510
2,016E+11;16;10;16;1930;3;1;1;1;7;612;D9;M;4887319;399933;510
2,016E+11;16;12;10;1400;1;1;1;8;5;413;D9;M;4899679;403124;510
2,016E+11;16;2;5;1745;2;2;1;1;7;425;RUE DU VIEUX MOULIN;M;4912360;367787;510
2,016E+11;16;5;6;1845;1;2;1;1;6;592;RUE DU MOULIN;M;4910468;373527;510
2,016E+11;16;7;19;1400;1;2;1;1;3;217;D3;M;4908036;364800;510
2,016E+11;16;11;15;730;2;2;1;2;6;346;8 RUE DU HUIT MAI;M;4908245;375445;510
2,016E+11;16;11;20;945;1;1;1;3;7;63;D1;M;4908819;377896;510
2,016E+11;16;12;21;2045;3;1;1;1;6;136;D23;M;4909636;376707;510
2,016E+11;16;3;25;2245;3;1;1;5;1;167;N4;M;4874353;444328;510
2,016E+11;16;6;3;2145;5;2;3;2;6;10;D209/D53;M;4866746;391348;510
2,016E+11;16;1;8;800;2;1;1;9;7;33;D11;M;4897112;377790;510
2,016E+11;16;6;11;1515;1;1;1;2;7;579;D47;M;4878723;348680;510
2,016E+11;16;6;20;1715;1;2;1;2;4;380;D933;M;4887107;354763;510
2,016E+11;16;6;23;1915;1;2;1;1;6;380;D933;M;4887686;353825;510
2,016E+11;16;6;24;1845;1;1;1;1;1;380;D373;M;4884132;355921;510
2,016E+11;16;11;18;800;1;2;1;1;1;380;RUE DU VAUX CLAIROIS;M;4886418;353535;510
2,016E+11;16;12;5;830;2;1;1;7;6;386;D47;M;4880143;354874;510
2,016E+11;16;2;19;815;1;1;2;1;3;402;D934/D375;M;4873072;350465;510
2,016E+11;16;3;27;645;2;2;1;2;6;9;D51;M;4858424;380256;510
2,016E+11;16;4;6;530;3;1;1;1;3;237;N4;M;0;0;510
2,016E+11;16;4;16;2330;3;2;1;8;6;155;D52;M;4853227;383660;510
2,016E+11;16;6;24;1400;1;1;2;1;3;402;D375/D934;M;4873075;350467;510
2,016E+11;16;9;3;1915;1;1;1;1;1;514;D53;M;4869542;377509;510
2,016E+11;16;9;7;815;1;1;1;1;2;514;N4;M;4872034;377164;510
2,016E+11;16;10;6;1515;1;1;1;6;3;432;D53;M;4869196;384042;510
2,016E+11;16;11;22;1300;1;1;2;1;3;402;D375/D934;M;4873080;350466;510
2,016E+11;16;12;2;1000;1;1;2;5;3;56;D48/D951;M;4861697;360703;510
2,016E+11;16;12;8;1645;2;2;3;1;3;9;D373/RUE DES BUCHETTES;M;4858522;381897;510
2,016E+11;16;3;30;1600;1;2;1;2;2;250;N31;M;4931029;368420;510
2,016E+11;16;4;27;2100;2;1;2;8;3;86;N31/D230;M;4930033;376398;510
2,016E+11;16;8;20;1315;1;2;1;1;6;250;D967;M;4931203;367957;510
2,016E+11;16;9;24;815;1;1;1;1;7;194;VC11;M;4926542;370386;510
2,016E+11;16;9;24;945;1;1;1;1;5;250;N31;M;4930866;371198;510
2,016E+11;16;10;12;930;1;1;1;5;1;198;ROUTE D'HOURGES;M;4926391;374460;510
2,016E+11;16;10;22;1045;1;1;1;5;5;250;N31;M;4930860;369837;510
2,016E+11;16;1;16;1;5;2;1;2;6;518;D26;M;4930586;397140;510
2,016E+11;16;2;22;1645;1;2;9;1;6;568;D330;M;4931488;396468;510
2,016E+11;16;3;30;2300;3;2;1;1;6;81;D228;M;4927030;382077;510
2,016E+11;16;4;17;1430;1;1;1;1;5;391;N31;M;4927585;385539;510
2,016E+11;16;5;7;1700;1;1;3;1;1;310;D980/VC;M;4922036;393760;510
2,016E+11;16;6;9;1300;1;2;6;1;3;569;D275;M;4926360;396453;510
2,016E+11;16;7;11;1445;1;2;9;1;3;569;rue Parc Millésime;M;4925434;396342;510
2,016E+11;16;7;12;1515;1;1;1;1;5;569;N31;M;4926112;394713;510
2,016E+11;16;7;12;845;1;2;2;1;3;391;D 26/RUE DE LA GRAVELLE;M;4927388;392135;510
2,016E+11;16;9;10;1445;1;2;1;1;6;282;R. MME EUGENE ROEDERER;M;4924471;391060;510
2,016E+11;16;9;9;1845;1;1;1;1;7;391;N31;M;4927518;386204;510
2,016E+11;16;5;12;1930;1;2;1;2;1;597;RUE PASTEUR;M;4906021;387776;510
2,016E+11;16;6;28;1915;1;1;1;1;1;64;D1;M;4904587;408275;510
2,016E+11;16;7;19;1100;1;2;1;1;6;210;D386;M;4906193;396504;510
2,016E+11;16;8;14;415;3;1;1;1;7;204;RUE DE DAMERY;M;4907911;386061;510
2,016E+11;16;9;12;915;1;1;1;1;3;331;D9;M;4911050;411160;510
2,016E+11;16;9;15;1930;1;2;1;1;3;2;D11;M;4901335;387388;510
2,016E+11;16;10;2;915;1;1;1;1;1;204;D1;M;4907139;388316;510
2,016E+11;16;10;22;815;1;1;1;1;6;488;D951;M;4912393;398884;510
2,016E+11;16;7;17;1430;1;1;1;1;6;328;N4;M;4874328;452449;510
2,016E+11;16;7;19;1730;1;1;1;1;2;340;N4;M;4874379;445349;510
2,016E+11;16;8;7;1345;1;1;1;1;6;8;D560;M;4862881;483046;510
2,016E+11;16;8;8;1045;1;2;1;1;1;647;D982;M;4874438;462637;510
2,016E+11;16;10;5;1745;1;2;3;1;2;649;BD CARNOT/AVE DU 106 RI;M;4872800;458900;510
2,016E+11;16;10;9;1745;1;1;3;1;1;156;D13/D58E1;M;4865880;464914;510
2,016E+11;16;10;20;1430;1;1;1;1;6;17;CHEMIN DE SAINT CHERON;M;4864504;457993;510
2,016E+11;16;11;5;1600;1;1;1;1;1;141;D302;M;4883111;450073;510
2,016E+11;16;7;9;1;3;1;1;1;6;635;D14;M;4881341;486054;510
2,016E+11;16;7;31;1100;1;1;2;1;3;531;N4/D58E2;M;4869619;469372;510
2,016E+11;16;8;4;1600;1;1;1;2;1;539;D61;M;4881497;480065;510
2,016E+11;16;1;14;545;2;1;1;4;7;40;D982;M;4878965;468308;510
2,016E+11;16;1;16;1445;1;1;1;9;7;144;D16;M;4873599;489495;510
2,016E+11;16;8;2;1230;1;1;1;2;1;507;D3;M;4909066;490963;510
2,016E+11;16;9;1;1130;1;2;1;1;7;137;12 rue de la fontaine;M;4979712;467191;80
2,016E+11;16;4;10;915;1;1;1;1;6;427;;M;0;0;80
2,016E+11;16;4;19;1400;1;2;6;1;2;362;rethel;M;4952084;437021;80
2,016E+11;16;5;31;1930;1;1;1;1;6;48;;M;0;0;80
2,016E+11;16;1;22;1045;1;2;1;7;6;6;place de la République -;M;4853900;414400;100
2,016E+11;16;4;25;815;1;1;1;1;6;91;;M;4850400;428700;100
2,016E+11;16;5;5;1745;1;2;1;1;1;6;RD 441;M;4854000;414499;100
2,016E+11;16;7;18;1130;1;1;1;1;7;195;;M;4857100;430300;100
2,016E+11;16;9;10;215;5;2;1;1;1;6;rue de troyes;M;4853800;414499;100
2,016E+11;16;9;26;800;1;1;1;5;6;216;;M;4867899;419210;100
2,016E+11;16;10;4;2015;3;1;1;1;6;149;;M;4838900;410900;100
2,016E+11;16;10;14;445;3;2;1;1;6;216;24 rue Charles DE GAULLE;M;4867600;419600;100
2,016E+11;16;10;29;1645;1;1;8;1;6;429;;M;4852200;411900;100
2,016E+11;16;12;11;430;3;1;1;1;6;4;;M;4858400;415400;100
2,016E+11;16;3;29;945;1;1;1;1;5;373;;M;4820289;400366;100
2,016E+11;16;4;13;1600;1;1;1;1;5;342;;M;4816377;405227;100
2,016E+11;16;8;20;1545;1;1;1;1;6;120;;M;4801958;411096;100
2,016E+11;16;9;21;1800;1;2;1;1;3;140;;M;4804130;390783;100
2,016E+11;16;4;14;1600;1;2;1;1;7;344;rue de pelletier;M;4823080;406647;100
2,016E+11;16;5;8;1615;1;1;1;1;7;349;;M;4834090;397448;100
2,016E+11;16;7;12;700;1;1;1;1;1;391;;M;4837122;410624;100
2,016E+11;16;7;24;1915;1;1;1;1;7;363;;M;4820980;413294;100
2,016E+11;16;8;3;1715;1;1;1;1;6;412;;M;4831763;413165;100
2,016E+11;16;10;22;1945;3;1;1;1;2;282;;M;4836531;394950;100
2,016E+11;16;12;2;1515;1;2;1;1;2;115;rue de la république;M;4833000;412300;100
2,016E+11;16;12;19;1900;3;1;1;1;1;260;;M;4822400;411000;100
2,016E+11;16;1;5;1045;1;1;1;1;6;415;;M;4827600;372300;100
2,016E+11;16;4;9;1615;1;2;1;1;3;156;19 rue léandre denis;M;4827756;388327;100
2,016E+11;16;4;29;1415;1;2;1;1;3;396;rue du chaast;M;4822422;392262;100
2,016E+11;16;6;2;30;3;2;1;3;7;125;rue de la source;M;4833500;382800;100
2,016E+11;16;7;13;1900;1;1;1;1;2;415;;M;4826600;374500;100
2,016E+11;16;8;19;1500;1;1;1;1;7;37;;M;4820200;387600;100
2,016E+11;16;9;1;1600;1;2;1;1;1;3;rue des vannes;M;4822600;373300;100
2,016E+11;16;11;27;1430;1;1;1;1;6;156;;M;4828200;386400;100
2,016E+11;16;3;19;800;1;1;1;1;6;209;;M;4836600;431000;100
2,016E+11;16;6;10;800;1;1;1;1;3;238;;M;4824282;432965;100
2,016E+11;16;7;21;1600;1;1;1;1;1;375;;M;4828400;419299;100
2,016E+11;16;9;17;645;2;1;1;2;7;238;;M;4824155;437269;100
2,016E+11;16;3;11;730;2;1;1;1;1;33;;M;4822712;472291;100
2,016E+11;16;7;18;1600;1;1;1;1;1;48;;M;4819253;456736;100
2,016E+11;16;10;24;1015;1;1;1;3;6;250;;M;4825787;467593;100
2,016E+11;16;12;20;1345;1;2;1;8;3;250;rue du prieuré;M;4825800;466700;100
2,016E+11;16;4;13;1400;1;1;1;1;3;372;;M;4836945;469962;100
2,016E+11;16;7;4;1015;1;1;1;1;6;428;;M;4833200;474200;100
2,016E+11;16;10;12;1430;1;2;1;1;1;94;côte des vignes;M;4851800;456800;100
2,016E+11;16;12;9;1330;1;1;1;1;1;285;;M;4842413;453710;100
2,016E+11;16;1;12;1915;3;1;1;1;3;295;;M;4808183;438412;100
2,016E+11;16;1;23;545;3;1;1;1;6;261;;M;4798600;449800;100
2,016E+11;16;4;12;1630;1;1;2;1;5;295;;M;4807900;438900;100
2,016E+11;16;4;29;1230;1;2;1;1;3;79;;M;4794041;425795;100
2,016E+11;16;7;2;1845;1;1;1;1;6;437;;M;4814500;430400;100
2,016E+11;16;7;5;1145;1;1;1;1;3;68;;M;4805431;439073;100
2,016E+11;16;8;5;1545;1;1;1;2;7;141;;M;0;0;100
2,016E+11;16;8;24;1700;1;1;1;1;3;213;;M;4815954;441348;100
2,016E+11;16;10;6;1015;1;2;1;1;6;187;62 grande rue;M;4807163;447320;100
2,016E+11;16;11;10;1045;1;1;2;8;3;317;;M;4801300;433000;100
2,016E+11;16;11;10;2015;5;2;1;3;3;158;RD671;M;4814900;426400;100
2,016E+11;16;11;11;2045;5;1;1;1;5;437;;M;4814500;429800;100
2,016E+11;16;11;17;2315;3;1;1;2;5;34;;M;0;0;100
2,016E+11;16;12;15;845;1;1;2;1;1;68;;M;4805400;439000;100
2,016E+11;16;12;28;1415;1;1;1;9;6;418;;M;4809500;432300;100
2,016E+11;16;1;22;715;2;1;1;1;1;259;;M;4846488;343475;100
2,016E+11;16;4;10;245;4;2;1;2;6;31;2 grande rue;M;4854925;357827;100
2,016E+11;16;5;1;1715;1;1;1;1;6;106;;M;4846179;342227;100
2,016E+11;16;5;6;845;1;1;1;1;6;20;;M;4870500;394300;100
2,016E+11;16;6;12;1200;1;1;1;1;7;370;;M;4838940;349011;100
2,016E+11;16;9;5;1300;1;1;1;2;1;355;;M;4851852;348298;100
2,016E+11;16;9;16;1715;1;1;1;8;6;259;;M;4847101;345597;100
2,016E+11;16;10;22;1945;3;1;9;1;6;31;;M;4855100;358774;100
2,016E+11;16;11;26;1800;2;1;1;1;3;298;;M;0;0;100
2,016E+11;16;12;1;1915;3;1;9;1;1;268;;M;4849338;351692;100
2,016E+11;16;12;5;1845;3;1;1;1;7;254;;M;4858292;349767;100
2,016E+11;16;10;16;1415;1;2;1;1;3;289;;M;4857500;396800;100
2,016E+11;16;10;22;1915;3;1;1;5;2;234;;M;4848436;388852;100
2,016E+11;16;11;30;845;2;2;1;1;2;323;RD 619;M;4851000;372400;100
2,016E+11;16;9;14;2300;3;1;1;1;7;56;PR;M;4807006;499758;520
2,016E+11;16;10;30;1400;1;1;1;1;1;422;;M;4802829;505954;520
2,016E+11;16;11;18;1215;1;1;1;2;7;114;;M;4801297;490589;520
2,016E+11;16;1;9;130;3;1;1;5;6;64;;M;4818850;558377;520
2,016E+11;16;2;21;1600;1;1;1;1;6;183;;M;4820304;539826;520
2,016E+11;16;11;7;1945;3;2;1;1;6;237;RD 202;M;4826475;562712;520
2,016E+11;16;1;25;1615;1;2;1;7;2;353;7 rue des  Dolmens;M;4802154;533434;520
2,016E+11;16;6;12;1845;1;1;1;1;5;248;;M;4803452;542040;520
2,016E+11;16;9;10;15;3;1;1;1;6;353;;M;4804839;535805;520
2,016E+11;16;5;21;1130;1;1;1;1;1;58;;M;4820426;514886;520
2,016E+11;16;9;3;1215;1;1;1;1;7;330;;M;4818305;486652;520
2,016E+11;16;9;9;1800;1;1;1;1;7;251;;M;4815125;508512;520
2,016E+11;16;9;24;1730;1;2;1;1;7;322;13 rue du haut du tartre;M;4819248;506944;520
2,016E+11;16;10;10;2315;3;1;1;1;1;221;;M;4815073;502690;520
2,016E+11;16;9;28;1645;1;2;9;1;2;253;RD 619;M;4818168;498194;520
2,016E+11;16;10;27;430;3;1;1;5;6;310;;M;4827789;502558;520
2,016E+11;16;10;29;915;1;1;1;1;7;253;;M;4818866;498822;520
2,016E+11;16;2;12;2200;3;1;1;2;1;269;;M;4785764;535774;520
2,016E+11;16;2;19;730;1;1;1;1;7;432;;M;4794727;527962;520
2,016E+11;16;4;23;1215;1;1;1;2;1;348;;M;4793059;543108;520
2,016E+11;16;5;13;1115;1;1;1;1;1;37;;M;4791042;540122;520
2,016E+11;16;6;8;1700;1;1;1;1;2;36;;M;4782186;540048;520
2,016E+11;16;7;16;1715;1;1;1;1;6;105;89 rue du lac;M;4791174;538586;520
2,016E+11;16;10;28;1530;1;1;1;1;6;447;chemin du Moulin;M;4788416;526472;520
2,016E+11;16;5;7;2345;5;2;1;1;6;332;Avenue de Bourgogne;M;4800124;548870;520
2,016E+11;16;7;10;1715;1;1;1;1;6;208;demandé localisation;M;4791847;583190;520
2,016E+11;16;12;4;1615;1;1;1;1;7;60;;M;4793969;576907;520
2,016E+11;16;1;17;1400;1;1;1;1;3;119;;M;4781752;549103;520
2,016E+11;16;8;6;1245;1;1;1;1;7;93;;M;4780015;542260;520
2,016E+11;16;8;19;1230;1;1;1;1;1;513;;M;4783191;572000;520
2,016E+11;16;4;16;1900;1;1;1;1;1;529;;M;4773258;531159;520
2,016E+11;16;6;9;1715;1;1;1;1;7;62;;M;4779661;531570;520
2,016E+11;16;7;3;1700;1;1;1;1;7;28;;M;4784425;503299;520
2,016E+11;16;9;28;2030;5;2;1;1;6;405;Moto cross non homologué;M;4768017;529201;520
2,016E+11;16;10;2;730;2;1;1;1;1;529;perm. valide date faits;M;4771648;529982;520
2,016E+11;16;12;5;1230;1;1;1;9;6;431;;M;4782914;514011;520
2,016E+11;16;2;5;1615;1;1;1;8;1;512;PR27.10 erroné/corrigé;M;4846295;512978;520
2,016E+11;16;2;8;1215;1;1;1;3;7;512;;M;4846868;512688;520
2,016E+11;16;3;31;715;2;1;1;5;1;456;;M;4837959;517398;520
2,016E+11;16;5;15;1815;1;1;1;1;7;118;;M;4848203;509433;520
2,016E+11;16;5;17;830;1;1;1;1;6;250;;M;4844835;514302;520
2,016E+11;16;7;17;630;2;1;1;5;7;230;;M;4831849;515313;520
2,016E+11;16;7;23;1645;1;1;1;1;7;347;;M;4859052;508084;520
2,016E+11;16;9;14;1030;1;1;1;1;3;118;;M;4848131;512716;520
2,016E+11;16;9;24;800;1;2;3;1;1;29;36 rue Antoine Labreveux;M;4847337;513724;520
2,016E+11;16;9;27;1645;1;1;1;1;1;442;;M;4842042;514687;520
2,016E+11;16;10;8;1745;1;1;1;2;2;194;;M;4859196;503147;520
2,016E+11;16;10;24;1930;5;2;1;2;6;484;22 grande rue;M;4844652;516929;520
2,016E+11;16;11;26;1515;1;1;1;1;7;440;;M;4837246;515311;520
2,016E+11;16;3;13;1845;2;2;9;1;6;149;route nationale;M;4841503;494046;520
2,016E+11;16;8;2;1315;1;1;1;2;7;359;;M;4836454;481815;520
2,016E+11;16;8;23;1745;1;2;1;1;1;171;CD.2;M;4842795;496332;520
2,016E+11;16;2;12;1230;1;1;1;8;3;555;;M;4741984;515324;210
2,016E+11;16;3;25;815;1;1;3;2;3;179;;M;4740337;511584;210
2,016E+11;16;8;23;1415;1;1;1;1;7;555;;M;4739271;511688;210
2,016E+11;16;9;12;15;3;2;1;1;6;535;Avenue de la gare;M;4737021;507951;210
2,016E+11;16;11;1;1620;1;1;1;1;2;555;D28 - PK 10+668;M;4739794;513229;210
2,016E+11;16;1;6;1315;1;2;1;3;1;367;rue de longchamp;M;4725044;534200;210
2,016E+11;16;2;28;1500;1;2;1;1;6;38;rue du Colonel REDOUTEY;M;4719147;539117;210
2,016E+11;16;4;13;1315;1;2;1;1;6;38;rue du bief pérou;M;4717782;540448;210
2,016E+11;16;6;25;900;1;2;1;1;6;371;25 rue bizot;M;4713644;533976;210
2,016E+11;16;8;13;1030;1;2;1;1;7;699;rue des rosiers;M;4721184;534184;210
2,016E+11;16;8;29;715;2;1;9;1;1;699;;M;4720475;534574;210
2,016E+11;16;9;1;1615;1;2;1;1;1;639;GRANDE RUE;M;4717943;535141;210
2,016E+11;16;10;13;1910;5;2;1;2;6;38;rue du château;M;4719199;538430;210
2,016E+11;16;10;19;800;2;2;3;1;3;38;1 rue de chevigny;M;4719375;539393;210
2,016E+11;16;3;17;1430;1;1;1;1;1;352;;M;4722373;524331;210
2,016E+11;16;4;10;445;5;2;1;1;6;370;10 Rue de Fauverney;M;4727340;517107;210
2,016E+11;16;6;5;1800;1;1;1;1;7;261;;M;0;0;210
2,016E+11;16;9;13;1800;1;1;1;1;3;106;;M;4724533;509835;210
2,016E+11;16;1;29;1245;1;1;1;1;7;113;;M;4720181;502801;210
2,016E+11;16;1;29;1700;1;1;1;1;2;458;;M;4720174;508166;210
2,016E+11;16;3;17;1530;1;2;3;1;3;295;carrefour D31 / D122;M;4722596;496918;210
2,016E+11;16;5;16;1400;1;2;2;1;3;295;;M;4722490;497078;210
2,016E+11;16;6;5;1945;1;1;1;1;7;390;;M;4726639;499893;210
2,016E+11;16;7;25;2345;5;2;1;1;6;442;D974;M;4719249;496859;210
2,016E+11;16;8;8;1430;1;1;1;1;3;586;;M;4721789;506559;210
2,016E+11;16;8;11;1145;1;2;1;1;3;390;D974;M;4728218;500884;210
2,016E+11;16;12;2;1020;1;1;1;9;6;132;Départementale 31 - PK 5;M;4722446;491987;210
2,016E+11;16;3;3;1445;1;2;1;2;1;496;rue de franche comté;M;4730404;541966;210
2,016E+11;16;9;13;1900;1;1;2;1;3;437;;M;4734875;537522;210
2,016E+11;16;1;9;1200;1;1;1;2;3;391;;M;4744314;511808;210
2,016E+11;16;3;11;1945;3;1;1;1;6;421;;M;4755890;492249;210
2,016E+11;16;3;23;330;3;1;1;1;1;599;;M;4757158;520644;210
2,016E+11;16;1;1;1415;1;1;1;1;6;37;;M;4698874;476015;210
2,016E+11;16;1;4;1500;1;1;1;1;3;412;;M;4696899;477725;210
2,016E+11;16;1;22;1845;3;1;1;2;3;541;;M;0;0;210