Num_Acc;an;mois;jour;hrmn;lum;agg;int;atm;col;com;adr;gps;lat;long;dep
2,016E+11;16;3;30;1500;1;2;1;8;3;206;52 avenue de mayen;M;4797767;342668;890
2,016E+11;16;4;19;1600;1;1;2;1;3;230;;M;4798308;344634;890
2,016E+11;16;7;9;1145;1;2;1;1;3;206;Av Gal de Gaulle;M;4797530;339342;890
2,016E+11;16;10;9;700;2;1;1;1;1;335;;M;4798927;336909;890
2,016E+11;16;12;1;1000;1;2;1;1;2;206;25 bld Lesire Lacam;M;4798390;340088;890
2,016E+11;16;12;6;1130;1;1;1;1;1;37;;M;4795268;330701;890
2,016E+11;16;7;29;1700;1;1;1;1;1;86;;M;4788326;308269;890
2,016E+11;16;12;4;2230;3;1;1;9;6;484;;M;4791998;332643;890
2,016E+11;16;2;12;1130;1;2;1;3;6;55;Av Josephine Normand;M;4799212;362147;890
2,016E+11;16;3;25;1830;1;1;1;8;6;218;;M;4796519;346776;890
2,016E+11;16;6;23;730;1;2;1;7;5;257;avenue Edouard Branly;M;4796847;353263;890
2,016E+11;16;7;9;1230;1;2;6;1;3;257;avenue du Port;M;4796165;350444;890
2,016E+11;16;7;24;1100;1;2;9;1;1;257;110 rue Jean Jaurès;M;4796334;350693;890
2,016E+11;16;11;11;1300;1;1;1;1;2;85;;M;0;0;890
2,016E+11;16;12;27;2245;5;2;1;5;3;50;route de la Gare;M;4792752;351997;890
2,016E+11;16;7;23;630;1;1;1;1;6;239;;M;4818725;332012;890
2,016E+11;16;1;20;1700;1;1;2;1;3;255;;M;4831326;322048;890
2,016E+11;16;3;12;1315;1;2;1;1;1;309;Rue des saule;M;4828831;320851;890
2,016E+11;16;3;30;1100;1;1;1;2;4;391;;M;4836583;323300;890
2,016E+11;16;4;24;1145;1;1;1;1;3;255;;M;4832177;322486;890
2,016E+11;16;8;6;630;5;2;1;1;6;414;Route de Sens;M;4829049;339941;890
2,016E+11;16;10;29;1130;1;1;1;1;1;332;;M;4829667;305020;890
2,016E+11;16;10;29;1430;1;1;1;1;3;414;;M;0;0;890
2,016E+11;16;3;14;915;1;1;1;1;3;264;;M;4815503;303286;890
2,016E+11;16;3;18;915;1;1;2;7;3;404;;M;4815572;318669;890
2,016E+11;16;9;1;1300;1;1;1;1;3;442;;M;4809649;313214;890
2,016E+11;16;9;10;1930;1;1;1;1;7;404;;M;4816958;320364;890
2,016E+11;16;12;22;700;3;1;1;2;3;209;;M;4817227;298302;890
2,016E+11;16;5;14;1400;1;1;1;1;2;348;;M;4805224;329199;890
2,016E+11;16;9;17;1845;1;1;1;8;6;348;;M;0;0;890
2,016E+11;16;11;20;1345;1;1;2;2;3;388;;M;4793740;323858;890
2,016E+11;16;5;28;1730;1;1;1;1;6;418;;M;4783443;396070;890
2,016E+11;16;7;13;1030;1;1;1;8;1;407;;M;4782154;407596;890
2,016E+11;16;6;4;145;3;1;1;8;7;410;;M;4722041;608088;250
2,016E+11;16;6;20;1345;1;1;1;1;5;36;;M;4719380;596587;250
2,016E+11;16;7;8;1730;1;1;1;1;2;245;;M;4720110;603551;250
2,016E+11;16;9;23;1400;1;1;1;1;7;58;;M;4719713;598295;250
2,016E+11;16;11;18;545;3;1;1;1;7;418;;M;0;0;250
2,016E+11;16;12;27;1745;2;1;1;1;1;58;;M;4720311;599643;250
2,016E+11;16;7;2;2045;2;1;1;1;7;300;;M;4712500;625300;250
2,016E+11;16;7;6;1645;1;1;1;1;7;415;;M;4703900;628800;250
2,016E+11;16;8;14;1515;1;1;1;1;2;331;;M;4709600;623900;250
2,016E+11;16;9;11;330;3;2;1;1;6;199;RUE DE L'EGLISE;M;4700182;607154;250
2,016E+11;16;9;11;1145;1;1;1;1;6;339;;M;4704140;625657;250
2,016E+11;16;10;3;930;1;2;1;7;6;434;RUE EUGENE CUSENIER;M;4710378;615172;250
2,016E+11;16;10;22;945;1;2;1;1;6;434;58 rue Pierre VERNIER;M;4710510;614892;250
2,016E+11;16;12;30;1530;1;1;1;1;6;535;;M;4713800;621900;250
2,016E+11;16;1;25;1530;1;1;1;1;1;511;;M;4711200;601600;250
2,016E+11;16;4;29;1815;1;1;1;1;7;154;;M;4711854;591070;250
2,016E+11;16;6;30;2330;3;1;1;1;1;488;;M;4702017;586584;250
2,016E+11;16;7;2;1045;1;1;1;1;1;84;;M;4714400;589100;250
2,016E+11;16;10;16;1630;1;1;1;1;7;443;;M;4710100;593100;250
2,016E+11;16;2;27;1600;1;2;1;1;6;284;rue du stade;M;4752991;681778;250
2,016E+11;16;3;20;1715;1;1;6;1;1;97;;M;4752800;685900;250
2,016E+11;16;7;30;1915;1;2;2;1;6;284;rue Pierre Curie;M;4752834;682278;250
2,016E+11;16;11;10;1345;1;2;8;2;6;57;rue hermetey;M;4753594;679243;250
2,016E+11;16;2;27;1400;1;1;1;1;6;350;;M;4748096;668830;250
2,016E+11;16;5;25;1900;1;2;6;1;7;632;Rue de la Cray;M;4748136;678041;250
2,016E+11;16;10;21;1415;1;2;1;1;6;13;roude départementale D37;M;4751892;675078;250
2,016E+11;16;1;8;145;3;1;1;9;6;228;;M;4751300;687600;250
2,016E+11;16;3;17;1715;1;2;6;1;3;228;Rue Emile Beley;M;4750900;686500;250
2,016E+11;16;4;29;1630;1;2;1;1;6;367;29 les montoilles;M;4745500;680500;250
2,016E+11;16;5;2;2115;5;2;1;1;7;237;;M;4752800;691100;250
2,016E+11;16;7;9;1930;1;2;1;1;3;228;avenue Oemichen;M;4751664;686633;250
2,016E+11;16;8;5;1030;1;2;1;1;6;228;Avenue oehmichen;M;4752030;688824;250
2,016E+11;16;10;18;2030;5;2;1;2;6;367;33 rue de Beaulieu;M;4744566;681515;250
2,016E+11;16;11;22;1315;1;1;1;1;1;4;;M;0;0;250
2,016E+11;16;1;5;815;1;1;1;2;1;108;;M;4724700;683500;250
2,016E+11;16;5;15;1200;1;1;1;1;7;471;;M;4729400;663500;250
2,016E+11;16;5;26;1545;1;2;1;1;3;370;829 rue du Pont;M;4744861;678689;250
2,016E+11;16;7;27;1815;1;2;1;1;1;426;CD 437 - PK 17;M;4734857;676140;250
2,016E+11;16;8;10;1615;1;1;1;1;7;463;CD123 PR1+200;M;4740041;675347;250
2,016E+11;16;3;17;1930;3;1;1;1;1;47;;M;0;0;250
2,016E+11;16;6;14;2015;1;1;3;1;3;505;;M;4748189;631504;250
2,016E+11;16;7;13;2145;2;2;1;1;6;47;15 rue des fossés;M;4735249;636321;250
2,016E+11;16;10;9;30;3;1;1;1;6;465;;M;4731769;635991;250
2,016E+11;16;10;21;730;2;1;1;1;1;279;;M;0;0;250
2,016E+11;16;11;3;2030;3;1;1;1;5;313;;M;4735867;641048;250
2,016E+11;16;2;22;900;1;1;1;1;6;18;;M;4738700;661100;250
2,016E+11;16;2;23;2230;5;2;1;9;6;530;16 rue de la Basilique;M;4730900;660200;250
2,016E+11;16;4;3;1745;1;2;1;1;2;529;rue de Lattre de Tassign;M;4729996;658837;250
2,016E+11;16;7;8;1930;1;1;1;1;1;306;;M;4739808;646306;250
2,016E+11;16;8;8;1945;1;1;1;1;6;232;;M;4749800;662800;250
2,016E+11;16;9;2;2015;3;1;4;1;1;19;;M;4745671;656916;250
2,016E+11;16;10;6;400;5;2;1;1;6;315;20bis rue Bourlier;M;4744663;658662;250
2,016E+11;16;10;24;1545;1;2;1;1;1;22;route de montbeliard;M;4751684;666459;250
2,016E+11;16;12;8;2115;3;1;1;1;6;315;;M;4739900;658200;250
2,016E+11;16;12;29;1645;1;1;1;1;1;315;;M;4745778;659499;250
2,016E+11;16;1;13;1815;3;1;1;1;6;197;;M;0;0;250
2,016E+11;16;4;12;1730;1;2;1;1;1;598;RUE DE L ANCIEN MOULIN;M;4734666;610787;250
2,016E+11;16;5;16;1745;1;2;1;1;3;495;carrefour rd683 - gare;M;4727900;611400;250
2,016E+11;16;9;1;115;3;1;1;1;7;576;;M;4728768;615378;250
2,016E+11;16;9;16;1700;1;1;1;1;1;132;;M;4733267;617227;250
2,016E+11;16;10;7;1330;1;1;3;1;3;111;;M;0;0;250
2,016E+11;16;11;23;2230;3;1;1;1;6;197;;M;4730985;619259;250
2,016E+11;16;1;12;1200;1;1;1;2;1;262;;M;4713183;658082;250
2,016E+11;16;4;15;2300;3;1;1;3;6;600;;M;4714516;653925;250
2,016E+11;16;5;2;715;1;1;1;2;1;262;;M;4713800;658600;250
2,016E+11;16;6;6;2045;1;1;1;2;6;219;;M;4714200;635900;250
2,016E+11;16;6;17;1715;1;2;1;1;6;453;23 grande rue;M;4721711;654192;250
2,016E+11;16;7;13;2330;5;2;1;1;3;578;3 rue de la piscine;M;4715199;634538;250
2,016E+11;16;8;2;1700;1;1;1;7;6;231;;M;4720545;643499;250
2,016E+11;16;8;25;745;1;1;1;1;6;601;;M;4717725;639855;250
2,016E+11;16;9;2;1330;1;1;2;1;3;343;;M;4708453;645432;250
2,016E+11;16;9;2;1830;1;1;1;1;6;432;;M;4714589;653619;250
2,016E+11;16;12;23;1700;2;1;2;1;1;219;;M;4714258;637455;250
2,016E+11;16;1;24;1830;3;1;1;1;5;440;;M;0;0;250
2,016E+11;16;2;2;1730;2;1;1;8;4;157;;M;4687681;640549;250
2,016E+11;16;2;14;2100;3;1;1;1;6;515;;M;4686748;625842;250
2,016E+11;16;3;6;1730;1;1;1;4;1;440;;M;4699857;632924;250
2,016E+11;16;3;13;545;3;1;1;1;1;110;;M;4691136;627670;250
2,016E+11;16;6;22;1800;1;1;1;1;5;634;;M;4696616;634529;250
2,016E+11;16;6;26;330;3;1;1;1;6;25;;M;0;0;250
2,016E+11;16;8;5;1700;1;1;1;9;5;201;;M;4691724;632022;250
2,016E+11;16;9;12;945;1;1;1;1;3;110;;M;4690901;626703;250
2,016E+11;16;10;3;1045;1;1;1;1;4;282;;M;4697447;634336;250
2,016E+11;16;10;29;1215;1;2;1;1;3;259;;M;0;0;250
2,016E+11;16;3;16;930;3;1;1;1;5;318;;M;4675808;638682;250
2,016E+11;16;4;22;2345;3;1;6;2;6;514;;M;4677634;634202;250
2,016E+11;16;5;5;1500;1;1;1;1;2;75;;M;4681886;623692;250
2,016E+11;16;5;6;1515;1;2;1;1;7;307;RD9;M;4677469;636858;250
2,016E+11;16;6;9;1815;1;1;1;1;6;525;;M;4681420;629354;250
2,016E+11;16;7;16;1300;1;1;1;1;7;320;;M;4678876;627551;250
2,016E+11;16;9;9;600;2;2;1;1;6;318;;M;4676086;638902;250
2,016E+11;16;9;20;745;1;1;1;5;6;413;;M;4668600;622800;250
2,016E+11;16;10;10;1130;1;1;1;1;7;308;;M;4679027;635778;250
2,016E+11;16;10;10;715;5;2;1;1;6;413;3 Grande rue;M;4671007;619213;250
2,016E+11;16;10;28;1930;5;1;1;1;6;308;;M;4678905;637168;250
2,016E+11;16;11;30;600;3;1;1;1;3;318;;M;0;0;250
2,016E+11;16;3;11;1730;1;1;1;1;1;512;;M;0;0;250
2,016E+11;16;5;22;1415;1;1;1;1;6;403;;M;4703209;665935;250
2,016E+11;16;7;24;1315;1;2;1;1;3;411;rue des moulinots;M;4705419;660135;250
2,016E+11;16;7;27;915;1;2;6;1;6;411;01 avenue de la gare;M;4705504;660561;250
2,016E+11;16;9;8;1630;1;2;3;1;3;411;RD 461;M;4705306;661662;250
2,016E+11;16;9;14;1200;1;2;1;7;6;512;Rue de la Corneille;M;4716152;673929;250
2,016E+11;16;10;1;2330;3;1;1;2;1;321;;M;4705766;667589;250
2,016E+11;16;10;10;1815;1;1;1;1;4;240;;M;4704585;663294;250
2,016E+11;16;10;18;1715;1;1;1;1;5;240;;M;4710859;661967;250
2,016E+11;16;10;26;1015;1;1;1;1;3;240;;M;4708941;663349;250
2,016E+11;16;11;29;1015;1;2;1;1;1;411;44 rue de la louhière;M;4706219;660612;250
2,016E+11;16;1;6;1845;3;2;1;1;6;70;12, AV DE VERDUN;M;4408700;621506;40
2,016E+11;16;2;23;1715;1;2;1;1;3;70;AV DE VERDUN;M;4408760;621751;40
2,016E+11;16;3;25;1805;1;1;1;1;6;70;CHAMPTERCIER (RTE DE);M;4407430;617727;40
2,016E+11;16;4;13;900;1;2;1;1;6;70;8, GASSENDI (BD);M;4409170;623285;40
2,016E+11;16;4;26;1115;1;1;6;1;3;70;RP 11 NOVEMBRE 1918;M;4409110;623110;40
2,016E+11;16;5;29;1400;1;1;1;2;7;70;RUE DU SOUVENIR FRANCAIS;M;4410780;626108;40
2,016E+11;16;5;26;1500;1;2;1;1;3;70;49 AV DE VERDUN;M;4408790;622004;40
2,016E+11;16;7;27;1830;1;1;1;1;3;70;MARCOUX ( RTE DE );M;4410570;625667;40
2,016E+11;16;9;9;1105;1;1;1;1;7;70;NICE (RTE);M;4406580;620813;40
2,016E+11;16;10;11;1645;1;2;1;1;6;70;HUIT MAI 1945 (AV. DU);M;4409020;623664;40
2,016E+11;16;12;1;1625;1;2;1;1;2;70;SIMONE PELISSIER ( RUE );M;4408570;622427;40
2,016E+11;16;12;12;1550;1;2;1;1;6;70;TAMPINET (RUE DU);M;4409130;623150;40
2,016E+11;16;12;16;1740;5;2;3;1;5;70;NOEL (AV. DU COL.);M;4407370;618222;40
2,016E+11;16;2;21;1530;1;1;1;1;1;537;;M;4663353;546403;390
2,016E+11;16;3;5;600;5;1;1;1;6;170;Chavannes;M;4667447;548557;390
2,016E+11;16;4;19;1915;1;1;3;1;3;177;;M;4667870;562596;390
2,016E+11;16;5;14;915;1;1;2;5;3;458;;M;4661624;560947;390
2,016E+11;16;6;12;700;1;1;1;2;7;348;;M;4664564;558268;390
2,016E+11;16;7;10;1315;1;1;1;1;7;326;;M;4659382;566898;390
2,016E+11;16;9;6;1500;1;2;1;1;6;408;Rue du Château d'Eau;M;4658538;570247;390
2,016E+11;16;10;16;630;3;1;1;1;7;348;;M;4664532;558299;390
2,016E+11;16;9;13;1715;1;1;4;1;3;534;;M;4652756;564055;390
2,016E+11;16;8;11;1645;1;1;2;1;3;104;RD1/Chemin de La Marre;M;4682976;540885;390
2,016E+11;16;8;18;1630;1;1;1;2;1;508;Rue du Lavoir;M;4683154;557690;390
2,016E+11;16;3;4;1430;1;1;2;8;3;543;;M;4678115;590583;390
2,016E+11;16;7;1;1815;1;1;3;1;3;9;;M;4684337;591843;390
2,016E+11;16;7;17;1930;1;1;3;1;3;481;;M;4678020;592645;390
2,016E+11;16;10;4;2045;3;1;1;1;6;389;;M;4673521;586008;390
2,016E+11;16;12;2;1730;5;2;2;1;3;97;Jean Jaures - St Exupery;M;4673694;591966;390
2,016E+11;16;6;23;1830;1;2;1;1;6;325;rue bardenet;M;4690183;579283;390
2,016E+11;16;9;8;1115;1;2;1;7;6;13;Prom. des Tiercelines;M;4690401;577367;390
2,016E+11;16;6;17;715;1;1;2;8;3;83;;M;4682057;607166;390
2,016E+11;16;6;19;1815;1;1;1;8;1;331;;M;4676477;616861;390
2,016E+11;16;9;10;2030;3;1;1;1;6;228;;M;4665145;606047;390
2,016E+11;16;12;20;2300;3;1;1;1;6;129;;M;4664718;594092;390
2,016E+11;16;7;7;1645;1;1;1;1;6;535;;M;4686683;567598;390
2,016E+11;16;11;30;1200;1;2;6;7;3;13;;M;4690324;577300;390
2,016E+11;16;1;12;1400;1;1;1;2;7;103;;M;4698309;584950;390
2,016E+11;16;1;25;715;3;2;1;1;1;399;rue des deux ponts;M;4700118;566874;390
2,016E+11;16;6;18;700;1;1;1;2;6;133;Chemin de Salins;M;4689576;588197;390
2,016E+11;16;8;14;1715;1;2;1;1;7;439;;M;4699677;582254;390
2,016E+11;16;9;11;1200;1;1;1;1;7;436;;M;4688962;589352;390
2,016E+11;16;11;18;2015;5;2;1;2;2;206;09 route de Pontarlier;M;4699861;573688;390
2,016E+11;16;2;6;500;3;1;1;1;6;526;;M;4703586;541412;390
2,016E+11;16;2;6;1645;1;1;1;1;5;252;;M;4703168;545823;390
2,016E+11;16;2;27;1430;1;1;1;1;4;501;;M;4713436;543420;390
2,016E+11;16;5;3;1300;1;2;3;1;3;101;RD6/Rue de Monnières;M;4710582;544413;390
2,016E+11;16;7;28;1715;1;2;1;1;3;526;2 Av. de la République;M;4705649;541382;390
2,016E+11;16;10;7;1730;1;1;1;1;2;30;Rue des Ecus;M;4711659;550725;390
2,016E+11;16;1;5;730;3;1;1;8;3;365;;M;4694573;560228;390
2,016E+11;16;6;9;1430;1;2;1;1;3;149;11 grande rue;M;4702082;571757;390
2,016E+11;16;7;26;1230;1;2;3;1;3;365;8 Rue Léon GUIGNARD;M;4698169;560182;390
2,016E+11;16;2;29;1600;1;2;1;1;1;235;50 rue de Salans;M;4715088;577015;390
2,016E+11;16;4;16;1445;1;1;1;2;7;96;;M;4726003;553143;390
2,016E+11;16;9;4;2215;3;1;1;2;6;476;;M;4701905;536199;390
2,016E+11;16;2;25;1300;1;1;2;1;3;68;;M;4628195;579136;390
2,016E+11;16;5;6;1430;1;1;1;1;7;453;;M;4644335;580826;390
2,016E+11;16;4;19;1715;1;1;3;1;3;470;RN5;M;4648495;605416;390
2,016E+11;16;5;3;1530;1;1;1;3;3;470;;M;4650244;602978;390
2,016E+11;16;6;1;845;1;1;1;2;1;131;14 Route de la Vallière;M;4659886;589596;390
2,016E+11;16;6;25;730;1;1;1;1;6;494;;M;4659017;591995;390
2,016E+11;16;7;10;1000;1;1;1;1;6;367;;M;4653614;602400;390
2,016E+11;16;7;17;1130;1;1;1;1;3;367;;M;4656356;600480;390
2,016E+11;16;8;3;1715;1;1;3;1;3;258;Les Bouviers;M;4653450;590412;390
2,016E+11;16;8;16;1215;1;1;3;1;3;487;;M;4657601;598473;390
2,016E+11;16;8;31;1100;1;1;1;1;5;470;;M;4644415;608283;390
2,016E+11;16;10;5;1515;1;1;3;1;3;126;;M;4660774;596226;390
2,016E+11;16;11;2;715;2;1;1;1;6;130;;M;4648508;584116;390
2,016E+11;16;1;12;1700;1;2;1;3;6;112;, TILLEULS (BD.DES);M;4383500;578388;40
2,016E+11;16;2;21;1500;1;2;1;1;6;112;RYCKBUSCH(AVENUE);M;4383130;579893;40
2,016E+11;16;2;20;620;3;1;3;1;1;112;D907;M;4383240;576250;40
2,016E+11;16;4;15;1655;1;1;1;1;6;112;975, ROBERT (CH.DE);M;4381300;579134;40
2,016E+11;16;5;11;1640;1;2;1;8;1;112;MOULIN NEUF (AV.DU);M;4382960;579336;40
2,016E+11;16;5;14;2310;5;2;1;1;3;112;15, PELLOUTIER (BD. CASI;M;4383470;578153;40
2,016E+11;16;6;22;800;1;2;3;1;3;112;442, TEMPS PERDU (BD.DU);M;4382620;578710;40
2,016E+11;16;7;2;1255;1;2;1;1;6;112;POMPIDOU (AV.GEORGES);M;4382260;578653;40
2,016E+11;16;8;19;1750;1;2;2;1;3;112;CASSIN(AVENUE RENE);M;4382210;578987;40
2,016E+11;16;9;9;2130;5;2;2;1;1;112;LUBERON (AV. DU);M;4383270;577113;40
2,016E+11;16;9;24;630;3;1;1;1;6;112;;M;4381440;580250;40
2,016E+11;16;9;29;855;1;2;3;1;3;112;CHAR (RUE R.);M;4382950;578697;40
2,016E+11;16;10;8;2035;5;2;3;1;7;112;197, CHAR (RUE R.);M;4383050;578634;40
2,016E+11;16;10;22;1225;1;2;3;1;5;112;DE GAULLE (BD. CH.);M;4382980;578781;40
2,016E+11;16;11;8;1150;1;2;1;1;4;112;DEPARTEMENTALE 4096;M;4383610;580237;40
2,016E+11;16;12;14;1210;1;2;6;1;3;112;77, SAVELS (AV. DES);M;4382650;578053;40
2,016E+11;16;12;8;1400;1;1;1;1;3;112;D907;M;4381040;581168;40
2,016E+11;16;5;12;1245;1;1;3;1;1;134;;M;4762753;607189;700
2,016E+11;16;5;12;1340;1;1;2;1;3;390;;M;4762355;629365;700
2,016E+11;16;8;25;2230;3;1;1;1;2;111;;M;4764175;625539;700
2,016E+11;16;9;3;1815;1;1;2;7;3;111;;M;4764431;628864;700
2,016E+11;16;10;12;1400;1;1;1;1;1;166;;M;4764849;619770;700
2,016E+11;16;1;24;515;5;2;1;9;6;17;9 route de saint remy;M;4786268;611732;700
2,016E+11;16;2;6;830;1;2;1;1;3;292;départementale 44;M;4782929;589339;700
2,016E+11;16;3;15;1400;1;2;1;1;6;202;1 rue de la filature;M;4793076;602834;700
2,016E+11;16;4;22;1730;1;2;3;1;3;292;rue du 8 mai 1945;M;4783898;591432;700
2,016E+11;16;4;23;1145;1;1;1;2;6;202;;M;4792249;601389;700
2,016E+11;16;6;13;1645;1;1;3;1;3;572;;M;4781215;576904;700
2,016E+11;16;11;20;1845;3;1;1;1;7;170;;M;4784187;602662;700
2,016E+11;16;1;7;1745;3;1;1;8;7;148;;M;4764353;602828;700
2,016E+11;16;6;5;1415;1;1;2;1;3;482;Rue de Duez et les Gogue;M;4767232;597071;700
2,016E+11;16;6;23;1515;1;2;1;1;6;267;18 RUE DE JUSSEY;M;4780105;592801;700
2,016E+11;16;10;28;1700;1;1;4;1;3;482;;M;4768905;600371;700
2,016E+11;16;4;10;30;5;2;2;1;3;309;Carrefour CD 15 / CD 25;M;4744764;620638;700
2,016E+11;16;4;15;915;1;1;1;3;1;109;;M;4736138;603774;700
2,016E+11;16;5;8;2230;3;1;1;1;1;326;;M;4745777;608566;700
2,016E+11;16;5;28;1545;1;1;1;1;1;575;;M;4734218;600440;700
2,016E+11;16;9;8;830;1;2;3;1;3;575;16 rue de Vesoul;M;4734163;601904;700
2,016E+11;16;10;21;1315;1;1;1;1;1;431;;M;4746512;609727;700
2,016E+11;16;11;27;1800;3;1;1;1;3;383;;M;4739526;606494;700
2,016E+11;16;12;8;530;3;1;1;9;6;431;;M;4748277;610232;700
2,016E+11;16;12;18;345;3;1;1;1;1;109;;M;4735397;602906;700
2,016E+11;16;7;10;1515;1;1;1;1;7;260;;M;4766475;655336;700
2,016E+11;16;8;8;100;3;1;1;1;1;81;;M;4768567;645764;700
2,016E+11;16;9;6;1130;1;1;8;1;3;310;;M;4768653;647075;700
2,016E+11;16;1;13;1215;1;1;1;1;3;451;;M;4769920;659525;700
2,016E+11;16;2;27;1030;1;1;1;1;5;451;;M;4769954;660110;700
2,016E+11;16;7;29;1115;1;1;2;1;3;339;;M;4774328;655626;700
2,016E+11;16;9;30;715;2;2;5;1;3;120;rue jean jaurès;M;4768998;664285;700
2,016E+11;16;1;14;1930;5;2;1;2;7;561;331 353rue de la prairie;M;4754852;642585;700
2,016E+11;16;5;7;1845;1;1;1;1;7;561;;M;4757360;643489;700
2,016E+11;16;6;12;1115;1;1;2;2;3;561;;M;4754799;643910;700
2,016E+11;16;7;6;1115;1;2;9;7;6;561;Parking  INTERMARCHE;M;4754517;643203;700
2,016E+11;16;11;22;730;2;2;1;1;6;497;28 rue marcel durrey;M;4756518;674112;700
2,016E+11;16;1;20;700;2;1;1;2;7;98;;M;4775102;633147;700
2,016E+11;16;3;7;1545;1;2;2;2;3;93;10 rue des prés;M;4779946;632586;700
2,016E+11;16;4;8;1730;1;1;1;1;6;537;;M;4766763;632107;700
2,016E+11;16;1;1;2230;5;2;1;1;6;279;18 rue de l'arsenal;M;4744724;558728;700
2,016E+11;16;1;30;1515;1;2;1;3;6;279;;M;4743428;560122;700
2,016E+11;16;2;12;1915;5;2;1;3;7;26;5 avenue Charles Couyba;M;4745290;558980;700
2,016E+11;16;6;7;815;1;2;3;1;3;394;RD 177 PK 2;M;4738444;568580;700
2,016E+11;16;6;20;700;2;1;1;5;1;461;;M;4745308;567408;700
2,016E+11;16;6;23;1015;1;2;1;1;6;279;12 rue edmond pigalle;M;4744621;559212;700
2,016E+11;16;7;6;1400;1;2;3;1;3;279;Quai Mavia;M;4744959;558037;700
2,016E+11;16;7;9;950;1;2;1;1;6;279;Avenue Carnot;M;4744839;559330;700
2,016E+11;16;7;22;1900;1;1;1;1;1;446;;M;4747150;560685;700
2,016E+11;16;9;25;1400;1;1;1;1;3;376;;M;4745322;555051;700
2,016E+11;16;11;12;1615;2;2;1;1;1;529;25 grande rue;M;4742988;556737;700
2,016E+11;16;12;27;1515;1;2;1;7;6;279;30 avenue Carnot;M;4744790;559532;700
2,016E+11;16;4;9;2015;3;1;1;1;6;525;;M;4766172;583525;700
2,016E+11;16;6;26;1245;1;1;4;1;3;520;;M;4760482;584282;700
2,016E+11;16;7;4;1230;1;1;3;1;3;37;;M;4755063;569058;700
2,016E+11;16;7;12;1415;1;2;1;1;2;198;Rue Alfred Dornier;M;4755483;567755;700
2,016E+11;16;9;9;1830;1;2;4;1;3;58;rue des vignes du puisot;M;4750672;567544;700
2,016E+11;16;11;15;700;3;1;1;1;5;525;;M;4764553;581110;700
2,016E+11;16;4;15;1700;1;1;1;1;3;282;;M;4741860;581940;700
2,016E+11;16;6;21;2200;3;1;1;1;7;527;;M;4746718;591887;700
2,016E+11;16;6;23;2230;5;2;3;1;3;152;Place Coligny;M;4739294;575906;700
2,016E+11;16;11;23;1100;1;1;1;1;1;510;;M;4735708;557057;700
2,016E+11;16;11;23;1600;1;1;1;1;6;181;;M;4734403;582670;700
2,016E+11;16;12;29;1000;1;1;2;1;3;152;;M;4738280;577667;700
2,016E+11;16;4;10;1600;1;1;1;1;6;12;;M;0;0;900
2,016E+11;16;4;10;1515;1;1;1;1;7;93;;M;0;0;900
2,016E+11;16;7;9;1415;1;1;1;7;1;15;;M;0;0;900
2,016E+11;16;6;18;200;3;1;1;9;6;56;;M;0;0;900
2,016E+11;16;7;7;200;5;2;1;1;7;81;33 route de Pfetterhouse;M;0;0;900
2,016E+11;16;8;3;1945;1;2;6;1;6;33;rue de verdun;M;0;0;900
2,016E+11;16;10;2;1730;1;1;1;2;6;81;;M;0;0;900
2,016E+11;16;11;19;2000;5;1;9;1;3;33;;M;0;0;900
2,016E+11;16;1;6;1730;3;2;1;2;6;67;Les Errues - RD83;M;0;0;900
2,016E+11;16;1;15;700;3;1;1;4;5;44;;M;0;0;900
2,016E+11;16;2;24;430;3;1;1;5;6;100;;M;0;0;900
2,016E+11;16;3;1;745;1;1;1;9;6;59;;M;0;0;900
2,016E+11;16;3;18;930;1;2;1;1;3;52;faubourg d'alsace;M;0;0;900
2,016E+11;16;3;24;1230;1;2;1;1;6;52;Faubourg de Belfort;M;0;0;900
2,016E+11;16;3;30;1745;1;1;1;1;6;3;;M;0;0;900
2,016E+11;16;4;19;1915;1;2;3;7;6;3;12 rue des errues;M;0;0;900
2,016E+11;16;6;2;1300;1;2;1;3;7;5;rue de GAULLE;M;0;0;900
2,016E+11;16;7;10;1330;1;2;1;1;3;58;RUE DU GENERAL DE GAULLE;M;0;0;900
2,016E+11;16;7;23;1500;1;1;1;1;1;85;;M;0;0;900
2,016E+11;16;8;9;1300;1;1;1;1;7;54;;M;0;0;900