Num_Acc;an;mois;jour;hrmn;lum;agg;int;atm;col;com;adr;gps;lat;long;dep
2,016E+11;16;8;13;1430;1;1;1;1;7;65;;M;0;0;900
2,016E+11;16;8;24;800;1;2;1;7;6;52;Carrefour CD12 -CD465;M;0;0;900
2,016E+11;16;8;27;215;3;1;1;1;6;44;;M;0;0;900
2,016E+11;16;12;9;2030;5;2;1;8;3;52;67 rue de la 1ère DFL;M;0;0;900
2,016E+11;16;12;13;430;3;1;1;1;1;36;;M;0;0;900
2,016E+11;16;12;26;1745;1;1;1;1;5;52;;M;0;0;900
2,016E+11;16;3;29;1445;1;1;1;4;7;21;;M;0;0;900
2,016E+11;16;12;11;430;3;1;1;1;6;17;;M;0;0;900
2,016E+11;16;12;26;1215;1;1;1;5;3;50;;M;0;0;900
2,016E+11;16;1;30;1815;3;1;1;1;6;2;ST PHILIBERT;M;0;0;260
2,016E+11;16;2;12;1345;1;1;1;8;1;134;;M;4542752;501154;380
2,016E+11;16;4;28;845;1;1;1;1;6;131;;M;0;0;380
2,016E+11;16;5;10;1315;1;1;1;1;5;72;;M;0;0;380
2,016E+11;16;6;4;515;2;1;1;1;6;332;BOIS ROUSSET;M;0;0;260
2,016E+11;16;7;16;1345;1;1;1;1;6;344;;M;0;0;380
2,016E+11;16;8;7;400;3;1;1;1;1;332;LES BERTEUX;M;0;0;260
2,016E+11;16;8;28;115;3;1;1;1;2;332;A7;M;0;0;260
2,016E+11;16;9;18;845;1;1;1;2;2;19;;M;0;0;380
2,016E+11;16;10;12;1615;1;1;1;1;1;336;montee gd paves;M;4548540;483256;380
2,016E+11;16;12;6;1445;1;1;1;1;2;344;;M;0;0;380
2,016E+11;16;12;9;2100;3;1;1;1;5;344;;M;4540216;481489;380
2,016E+11;16;1;8;1800;3;1;1;8;7;252;A7;M;0;0;260
2,016E+11;16;1;9;1300;1;1;9;2;6;362;A7;M;0;0;260
2,016E+11;16;1;14;1615;1;1;1;1;2;156;A7;M;0;0;260
2,016E+11;16;1;17;2045;3;1;9;1;6;156;AIRE DE LA BOUTERNE;M;0;0;260
2,016E+11;16;1;19;1715;1;1;1;1;1;252;A7;M;0;0;260
2,016E+11;16;1;30;2045;3;1;1;1;6;124;FONTGIRARD;M;0;0;260
2,016E+11;16;1;30;1145;1;1;2;1;3;64;FREYDIER;M;4492745;495141;260
2,016E+11;16;1;28;1615;1;1;1;1;2;72;A7;M;0;0;260
2,016E+11;16;2;1;1000;1;1;3;1;3;64;LES CHIROUZES;M;4492745;495140;260
2,016E+11;16;2;5;2300;3;2;3;1;6;166;BD FREDERIC MISTRAL;M;0;0;260
2,016E+11;16;2;8;1315;1;1;2;1;3;197;RTE DE CHARPEY;M;0;0;260
2,016E+11;16;2;15;1515;1;1;3;1;3;124;ILES DU CHEZ;M;0;0;260
2,016E+11;16;3;31;1715;1;1;1;1;6;165;A7;M;0;0;260
2,016E+11;16;4;1;1130;1;1;9;1;5;362;BRETELLE INSERTION N S;M;0;0;260
2,016E+11;16;4;9;1530;1;1;1;1;6;64;AVENUE DE ROMANS;M;4491292;502017;260
2,016E+11;16;4;10;2045;3;1;1;1;6;124;ILES DU CHEZ;M;0;0;260
2,016E+11;16;5;6;1500;1;1;1;1;7;100;RACHAT;M;0;0;260
2,016E+11;16;5;30;900;1;1;6;1;2;212;VILLEPAT;M;0;0;260
2,016E+11;16;6;4;1130;1;1;1;1;4;72;PRES BREDOUX;M;0;0;260
2,016E+11;16;7;1;1445;1;1;1;1;1;206;LE ROZET EST;M;0;0;260
2,016E+11;16;7;6;2230;3;1;1;1;6;166;CHEMIN DES VEYRAS;M;4474069;478162;260
2,016E+11;16;7;8;1800;1;1;1;1;6;165;ST GENYS;M;0;0;260
2,016E+11;16;7;13;2115;1;1;1;1;6;206;CHEMIN DE RANCHI;M;4483194;497180;260
2,016E+11;16;7;21;830;1;1;1;1;4;250;LES CHASSIS SUD;M;0;0;260
2,016E+11;16;7;27;2345;3;1;1;1;4;72;OMELETTE;M;0;0;260
2,016E+11;16;8;6;300;3;1;1;1;6;58;A7;M;0;0;260
2,016E+11;16;8;11;1415;1;1;1;1;7;37;LES TROIS BUCHES;M;0;0;260
2,016E+11;16;8;14;2115;2;1;1;1;4;165;A 7;M;0;0;260
2,016E+11;16;8;13;1600;1;1;2;1;5;166;RD 104 N  RD 204;M;0;0;260
2,016E+11;16;8;17;1645;1;1;1;1;3;165;AV JOSEPH COMBIER;M;0;0;260
2,016E+11;16;9;11;1600;1;1;1;1;1;165;RN 7;M;0;0;260
2,016E+11;16;9;19;2330;3;1;1;1;6;165;RTE DE LA VOULTE;M;0;0;260
2,016E+11;16;9;21;1845;1;1;1;1;1;197;LES PETITS CHAMPS;M;0;0;260
2,016E+11;16;9;30;1345;1;1;1;1;6;362;PONT ANGLAIS;M;0;0;260
2,016E+11;16;10;4;840;1;1;1;1;1;144;BUFFIERES;M;0;0;260
2,016E+11;16;10;5;1615;1;1;1;1;6;295;AIRE DE LA GALAURE;M;0;0;260
2,016E+11;16;10;12;1720;1;1;1;1;6;362;A7;M;0;0;260
2,016E+11;16;10;16;950;1;1;4;1;7;232;LES CURES;M;0;0;260
2,016E+11;16;10;29;1415;1;1;1;1;3;165;A7;M;0;0;260
2,016E+11;16;11;4;805;1;1;2;1;6;166;RN 7;M;4474080;480669;260
2,016E+11;16;11;6;1515;1;1;1;1;3;64;LES SIMONDINS;M;4492837;496722;260
2,016E+11;16;11;10;1715;2;1;2;2;3;166;intersection RN7 // Via;M;4474079;480681;260
2,016E+11;16;11;21;650;3;2;1;6;1;165;RN7;M;0;0;260
2,016E+11;16;11;28;1925;3;1;3;1;6;197;RD 143;M;0;0;260
2,016E+11;16;12;21;1550;1;1;1;1;6;252;A7;M;0;0;260
2,016E+11;16;1;19;1545;1;1;1;1;5;107;;M;0;0;130
2,016E+11;16;2;7;945;1;2;8;2;1;113;D96 - LOGISSONS;M;0;0;130
2,016E+11;16;3;25;1830;1;1;1;1;3;40;;M;0;0;130
2,016E+11;16;3;8;800;1;1;2;1;3;51;;M;4354647;514868;130
2,016E+11;16;3;23;800;1;1;1;1;6;34;RD 99;M;0;0;130
2,016E+11;16;4;11;1000;1;1;2;1;3;89;;M;4382966;493117;130
2,016E+11;16;4;24;1745;1;1;1;6;3;51;;M;0;0;130
2,016E+11;16;1;18;1645;1;1;1;1;3;95;;M;0;0;130
2,016E+11;16;8;4;2230;3;1;1;8;7;111;;M;0;0;130
2,016E+11;16;1;16;630;2;1;1;1;1;60;;M;0;0;130
2,016E+11;16;4;6;1500;1;2;1;1;3;41;Rue mignet;M;0;0;130
2,016E+11;16;5;15;1500;1;2;1;1;1;41;Départementale D58;M;4343819;546482;130
2,016E+11;16;5;31;1800;1;1;1;1;3;60;5422-5446 Route de la Cô;M;4349167;553117;130
2,016E+11;16;6;22;2100;2;1;1;1;1;41;;M;4347076;545287;130
2,016E+11;16;7;11;1230;1;2;1;1;1;41;place Roger Bossa;M;0;0;130
2,016E+11;16;9;17;2015;3;2;1;1;3;62;Avenue de la source;M;4342383;547986;130
2,016E+11;16;11;15;2245;3;1;1;1;1;41;;M;0;0;130
2,016E+11;16;12;23;1115;1;1;1;1;6;41;;M;4347312;547725;130
2,016E+11;16;1;7;1330;1;1;1;2;6;48;;M;0;0;130
2,016E+11;16;3;1;845;1;2;1;1;3;59;RD 96;M;0;0;130
2,016E+11;16;3;2;1745;1;2;3;1;3;59;RD96;M;0;0;130
2,016E+11;16;4;18;1415;1;1;9;1;3;59;;M;0;0;130
2,016E+11;16;4;20;1730;1;2;1;1;6;48;bd de la République;M;4363698;563809;130
2,016E+11;16;6;17;845;1;2;1;1;6;99;D952;M;0;0;130
2,016E+11;16;8;8;1800;1;1;1;1;2;74;;M;0;0;130
2,016E+11;16;9;14;1815;1;1;1;1;1;99;;M;0;0;130
2,016E+11;16;6;30;1745;1;1;1;7;3;15;;M;0;0;130
2,016E+11;16;7;21;1830;1;2;1;1;1;15;423 avenue de violesi;M;0;0;130
2,016E+11;16;7;30;930;1;2;1;1;6;15;avenue de la croix d'or;M;4346080;540606;130
2,016E+11;16;8;4;800;1;2;1;7;3;15;avenue thiers;M;0;0;130
2,016E+11;16;8;16;1830;1;2;1;1;3;15;;M;0;0;130
2,016E+11;16;12;5;1730;2;2;1;1;1;15;Avenue Beausoleil;M;4346478;541487;130
2,016E+11;16;12;8;1930;1;2;1;1;6;15;2400 avenue thiers;M;4344786;542507;130
2,016E+11;16;5;31;1500;1;1;1;1;3;110;;M;0;0;130
2,016E+11;16;7;5;815;1;1;2;1;1;110;;M;0;0;130
2,016E+11;16;7;6;1015;1;2;1;1;1;110;blvd de l'europe;M;0;0;130
2,016E+11;16;7;8;900;1;1;1;1;3;110;;M;0;0;130
2,016E+11;16;9;17;1100;1;2;1;1;7;72;avenue de la libération;M;4344478;563475;130
2,016E+11;16;10;11;1715;1;1;1;1;2;110;;M;4345074;568194;130
2,016E+11;16;1;7;1045;1;1;1;1;2;4;;M;0;0;130
2,016E+11;16;2;1;1500;1;1;1;6;7;4;;M;0;0;130
2,016E+11;16;4;26;1215;1;1;1;1;6;4;;M;4372677;464162;130
2,016E+11;16;5;29;1630;1;1;1;1;6;4;;M;0;0;130
2,016E+11;16;7;13;1645;1;1;1;1;5;4;;M;0;0;130
2,016E+11;16;8;15;1845;1;1;1;1;3;4;;M;0;0;130
2,016E+11;16;9;18;1615;1;1;1;1;7;4;;M;0;0;130
2,016E+11;16;10;19;1630;1;1;1;1;7;4;;M;4361262;447928;130
2,016E+11;16;10;24;1115;1;2;1;1;3;4;AVENUE MARECHAL LYAUTEY;M;0;0;130
2,016E+11;16;10;26;1645;1;1;1;1;2;4;;M;0;0;130
2,016E+11;16;1;28;1200;1;2;1;1;3;27;58 Av. de la libération;M;4388542;486284;130
2,016E+11;16;1;28;1830;3;1;1;8;6;27;;M;0;0;130
2,016E+11;16;5;1;1300;1;1;1;1;3;66;;M;4388267;491521;130
2,016E+11;16;6;15;830;1;2;6;1;6;66;avenue agricole viala;M;4387851;490251;130
2,016E+11;16;6;17;1630;1;1;1;1;6;27;3405 Route d'Avignon;M;4390772;481255;130
2,016E+11;16;7;10;2200;3;1;1;1;1;27;;M;0;0;130
2,016E+11;16;8;13;345;3;1;2;1;3;66;;M;0;0;130
2,016E+11;16;8;16;1830;1;1;2;1;3;66;;M;4385300;490400;130
2,016E+11;16;9;2;1915;1;1;2;1;3;66;1011 Route de Cabannes;M;4387333;491455;130
2,016E+11;16;9;7;300;3;1;1;1;6;66;;M;4386974;491408;130
2,016E+11;16;9;22;1900;1;1;2;1;3;27;;M;4386850;484186;130
2,016E+11;16;11;27;615;3;1;1;1;6;66;;M;0;0;130
2,016E+11;16;3;7;1600;1;2;3;1;1;96;Avenue d'Arles;M;4345367;442782;130
2,016E+11;16;3;13;1545;1;1;1;1;4;96;;M;0;0;130
2,016E+11;16;6;6;1615;1;1;1;1;5;96;;M;0;0;130
2,016E+11;16;9;25;445;3;1;1;1;6;96;;M;0;0;130
2,016E+11;16;2;23;2045;3;1;1;1;6;97;;M;0;0;130
2,016E+11;16;3;1;545;5;2;1;6;1;97;12 av de la République;M;4363816;480981;130
2,016E+11;16;3;23;1700;1;1;6;1;6;97;;M;4363998;491485;130
2,016E+11;16;4;16;1545;1;1;6;1;3;97;;M;4363783;482931;130
2,016E+11;16;5;1;445;3;1;1;8;6;97;;M;4362589;474876;130
2,016E+11;16;6;16;1645;1;1;1;1;1;97;;M;0;0;130
2,016E+11;16;7;19;315;4;2;1;1;6;97;avenue de craponne;M;4365239;480129;130
2,016E+11;16;8;3;515;1;1;6;1;3;97;;M;0;0;130
2,016E+11;16;8;17;1900;1;1;1;1;7;97;;M;0;0;130
2,016E+11;16;10;2;1230;1;1;1;1;6;97;;M;4363564;482802;130
2,016E+11;16;10;25;2230;3;1;1;1;6;97;;M;4369489;497367;130
2,016E+11;16;11;27;1830;3;1;1;1;5;97;;M;0;0;130
2,016E+11;16;12;18;545;3;1;1;1;6;97;PetChemin de Chambremont;M;4363862;481210;130
2,016E+11;16;12;23;145;3;1;1;1;6;97;;M;0;0;130
2,016E+11;16;4;13;1915;1;1;9;8;3;100;;M;0;0;130
2,016E+11;16;5;27;2015;1;1;2;1;3;100;38B Route de Tarascon;M;4379788;480169;130
2,016E+11;16;6;27;1730;1;1;1;1;1;66;543 D30A;M;4381943;489325;130
2,016E+11;16;10;30;1015;1;2;1;1;6;100;Bd Victor Hugo;M;4378752;483160;130
2,016E+11;16;12;7;1415;3;2;1;1;6;100;;M;4379829;483361;130
2,016E+11;16;1;31;1715;1;2;1;1;4;42;avenue de verdun;M;0;0;130
2,016E+11;16;3;18;1100;1;1;1;1;6;30;;M;0;0;130
2,016E+11;16;3;26;515;5;1;1;1;6;42;;M;0;0;130
2,016E+11;16;4;28;1700;1;1;1;1;3;42;;M;0;0;130
2,016E+11;16;5;29;1130;1;1;1;1;1;30;;M;4326601;566557;130
2,016E+11;16;9;14;1715;1;1;1;2;3;30;;M;0;0;130
2,016E+11;16;11;11;1600;1;1;1;1;6;42;;M;0;0;130
2,016E+11;16;11;28;1400;1;2;1;1;7;42;route départementale 396;M;0;0;130
2,016E+11;16;12;18;1245;1;1;1;1;7;42;RD 2  DEPARTEMENTALE;M;0;0;130
2,016E+11;16;1;31;1645;1;1;1;1;1;22;;M;4321523;555246;130
2,016E+11;16;2;7;1145;1;1;1;2;1;22;;M;0;0;130
2,016E+11;16;3;2;1745;1;2;1;1;1;23;;M;0;0;130
2,016E+11;16;3;10;1645;1;2;1;1;3;23;CD3;M;0;0;130
2,016E+11;16;3;29;1500;1;1;1;1;1;22;;M;0;0;130
2,016E+11;16;4;13;900;1;1;1;1;6;23;36 Chemin de Sainte-Cath;M;4320750;563108;130
2,016E+11;16;4;28;2215;5;2;1;1;6;22;rue de l'arène;M;4321371;554024;130
2,016E+11;16;5;24;1115;1;1;1;1;1;22;;M;0;0;130
2,016E+11;16;5;29;1545;1;1;1;1;1;22;;M;0;0;130
2,016E+11;16;6;6;1115;1;2;1;1;2;22;avenue de la marne;M;0;0;130
2,016E+11;16;6;30;1300;1;1;1;1;5;22;;M;0;0;130
2,016E+11;16;6;30;1715;2;1;1;1;6;22;;M;0;0;130
2,016E+11;16;7;16;1930;1;2;1;1;3;22;avenue de la gare;M;0;0;130
2,016E+11;16;10;9;900;1;1;1;1;7;22;;M;4324476;554667;130
2,016E+11;16;11;25;1815;3;1;1;1;1;22;;M;4323562;554324;130
2,016E+11;16;12;2;915;1;1;9;1;1;22;;M;4322268;558036;130
2,016E+11;16;6;3;1630;1;1;1;1;1;85;;M;4324896;558585;130
2,016E+11;16;7;8;1400;1;2;1;1;5;119;rue rené gassin;M;4326800;553300;130
2,016E+11;16;6;8;1930;1;1;1;1;6;13;;M;0;0;130
2,016E+11;16;7;21;945;1;1;1;1;2;13;;M;0;0;130
2,016E+11;16;9;14;1600;1;1;1;2;5;73;;M;4340436;558047;130
2,016E+11;16;11;3;1030;1;1;1;1;3;13;;M;0;0;130
2,016E+11;16;12;6;715;2;1;1;1;1;46;déchetterie Gardanne;M;4345178;549604;130
2,016E+11;16;3;18;1615;1;1;1;1;1;16;;M;4338992;560421;130
2,016E+11;16;4;19;715;2;1;1;1;1;86;;M;0;0;130
2,016E+11;16;5;21;1000;1;2;1;1;5;16;15 av messieurs boyers;M;4339545;559277;130
2,016E+11;16;6;24;1700;1;2;1;1;7;86;1420 Route Nationale de;M;4333601;560109;130
2,016E+11;16;7;9;1700;1;1;1;1;5;31;av. des marroniers;M;0;0;130
2,016E+11;16;7;28;2300;5;2;1;1;6;86;RD 96 QUARTIER REPOS EST;M;0;0;130
2,016E+11;16;8;13;1615;1;1;1;1;5;7;;M;0;0;130
2,016E+11;16;9;17;1245;1;2;9;1;3;86;RD96;M;0;0;130
2,016E+11;16;11;23;1100;1;2;1;1;6;16;;M;4339363;559441;130
2,016E+11;16;6;3;2230;3;1;1;1;2;92;;M;0;0;130
2,016E+11;16;6;29;2330;3;1;6;1;7;14;rond point vahine ?;M;0;0;130
2,016E+11;16;7;7;1000;1;1;1;1;6;92;;M;4353212;505104;130
2,016E+11;16;9;21;1200;1;1;1;1;1;14;;M;4352006;519180;130
2,016E+11;16;11;3;1845;3;1;1;1;3;14;;M;4351563;520189;130
2,016E+11;16;11;8;915;1;2;6;1;1;14;rd pt charles de gaulle;M;0;0;130
2,016E+11;16;6;19;1615;1;1;1;1;7;35;;M;0;0;130
2,016E+11;16;7;13;1645;1;1;1;1;1;35;;M;0;0;130
2,016E+11;16;12;11;400;3;2;1;1;6;35;faubourg de l'hirondelle;M;4369650;503884;130
2,016E+11;16;3;1;1930;3;1;1;1;1;105;;M;0;0;130
2,016E+11;16;6;2;1300;1;1;1;1;6;115;;M;0;0;130
2,016E+11;16;1;12;830;1;1;1;1;3;64;;M;4381901;494808;130
2,016E+11;16;2;1;1500;1;1;1;1;1;89;;M;4382538;493422;130
2,016E+11;16;2;19;1845;3;1;1;1;2;116;;M;0;0;130
2,016E+11;16;2;28;745;1;1;1;1;6;67;;M;0;0;130
2,016E+11;16;3;18;815;1;1;1;1;1;64;;M;0;0;130
2,016E+11;16;3;20;1445;1;1;1;1;2;116;;M;4385480;492100;130
2,016E+11;16;6;25;1715;1;1;1;1;3;76;;M;4381717;501285;130
2,016E+11;16;7;9;1800;1;2;1;1;3;76;RD7n;M;0;0;130
2,016E+11;16;7;31;1030;2;1;1;3;6;67;717 Avenue des Vergers;M;4382295;501570;130
2,016E+11;16;8;19;1545;1;1;6;1;1;76;;M;0;0;130
2,016E+11;16;9;7;1930;1;2;1;1;1;89;chemin du clos de Verqui;M;0;0;130
2,016E+11;16;10;30;645;2;1;1;1;3;67;;M;4376463;506175;130
2,016E+11;16;11;1;1915;3;1;1;1;2;64;;M;4380631;496138;130
2,016E+11;16;11;21;1145;1;1;1;3;1;76;;M;4382577;502914;130
2,016E+11;16;12;6;330;3;1;1;5;7;67;;M;0;0;130
2,016E+11;16;12;19;1300;1;1;1;1;6;64;;M;0;0;130
2,016E+11;16;3;10;1600;1;1;1;1;6;82;;M;0;0;130
2,016E+11;16;7;5;2230;3;1;1;1;1;82;;M;0;0;130
2,016E+11;16;7;12;1715;1;1;1;1;1;84;;M;0;0;130
2,016E+11;16;9;4;1630;1;1;1;1;6;84;;M;0;0;130
2,016E+11;16;10;26;2015;3;1;1;1;7;24;;M;4372784;525199;130
2,016E+11;16;1;30;1100;1;1;1;1;1;110;;M;4403410;610025;40
2,016E+11;16;3;5;15;3;1;1;2;7;46;;M;4403470;617210;40
2,016E+11;16;3;31;1745;1;2;1;1;1;217;LES PRÉS DU RIOU;M;4414980;615054;40
2,016E+11;16;5;15;1145;1;1;1;1;1;97;;M;4420050;627642;40
2,016E+11;16;5;17;845;1;1;1;1;1;70;;M;4406980;618105;40
2,016E+11;16;6;11;1645;1;1;1;1;3;24;;M;4423990;636280;40
2,016E+11;16;6;14;1745;1;1;1;1;1;122;;M;4405870;610716;40
2,016E+11;16;6;27;1745;1;1;1;1;5;110;;M;4404460;613240;40
2,016E+11;16;7;7;1840;1;1;2;1;3;110;;M;4403810;614541;40
2,016E+11;16;7;8;1800;1;1;1;1;1;1;;M;4406040;616540;40
2,016E+11;16;7;24;1830;1;1;1;2;7;217;;M;4414200;611802;40
2,016E+11;16;7;31;1100;1;1;1;1;5;97;;M;4420610;627413;40
2,016E+11;16;12;15;1300;1;1;6;1;1;70;;M;4406590;617293;40
2,016E+11;16;4;3;200;3;1;6;1;6;143;;M;4388490;590820;40
2,016E+11;16;5;22;1715;1;1;1;1;1;189;VL A = CAMPING CAR;M;4375710;592647;40
2,016E+11;16;6;23;1915;1;1;1;1;7;94;;M;4376890;587902;40
2,016E+11;16;7;12;1445;1;1;1;1;1;94;CHEMIN AURABELLE;M;4373490;586467;40
2,016E+11;16;8;1;30;3;1;1;1;6;94;;M;4375090;585327;40
2,016E+11;16;8;1;1430;1;2;1;1;6;94;VL+CARAVANE;M;4375940;588536;40
2,016E+11;16;8;8;30;3;1;1;1;7;189;;M;4377690;597467;40
2,016E+11;16;8;9;1100;1;1;6;1;2;230;RP DES 4 CHEMINS;M;4380040;583325;40
2,016E+11;16;8;21;1200;1;1;1;1;6;189;;M;4376450;593036;40
2,016E+11;16;8;30;1615;1;1;1;1;1;230;;M;4381530;593215;40
2,016E+11;16;11;20;1745;2;1;1;1;1;230;;M;4379740;584605;40
2,016E+11;16;12;21;1745;3;1;1;1;6;230;;M;4379140;584710;40
2,016E+11;16;5;20;1615;1;1;3;1;3;79;;M;4408240;601647;40
2,016E+11;16;5;23;2015;1;1;1;1;7;49;;M;4411050;599416;40
2,016E+11;16;6;2;1230;1;1;1;1;1;145;;M;4413480;597074;40
2,016E+11;16;6;14;1145;1;1;1;1;1;116;;M;4404160;600460;40
2,016E+11;16;7;24;1145;1;1;3;1;3;49;;M;4410660;600437;40
2,016E+11;16;7;18;830;1;2;1;1;1;49;AVENUE JEAN MOULIN;M;4408610;600787;40
2,016E+11;16;9;28;1615;1;1;1;1;6;79;;M;4409620;602320;40
2,016E+11;16;10;16;1845;2;2;1;1;3;49;AVENUE DU GNL DE GAULLE;M;4410190;600871;40
2,016E+11;16;11;12;1715;2;1;1;1;7;108;;M;4403540;606532;40
2,016E+11;16;11;19;2100;3;1;1;1;6;127;;M;4406390;593988;40
2,016E+11;16;11;24;600;3;1;1;2;6;116;;M;4396500;592089;40
2,016E+11;16;4;24;1415;1;2;1;1;7;22;GRANDE RUE;M;4395970;637941;40
2,016E+11;16;5;5;1800;1;1;1;1;7;55;;M;4396190;632717;40
2,016E+11;16;5;17;1615;1;1;1;1;6;31;;M;4390390;613992;40
2,016E+11;16;7;14;1200;1;1;1;1;6;55;;M;4396190;632717;40
2,016E+11;16;7;30;1815;1;1;3;1;3;28;;M;4398450;619703;40
2,016E+11;16;11;3;1015;1;1;1;1;2;59;;M;4399610;638447;40
2,016E+11;16;1;19;1730;2;2;1;1;6;143;ALLÉE ARTHUR GOUIN;M;4391620;591861;40
2,016E+11;16;4;27;1930;2;1;6;1;3;242;;M;4388860;586988;40
2,016E+11;16;7;7;930;1;1;3;1;3;143;;M;4392280;591168;40
2,016E+11;16;7;15;30;5;1;1;1;4;152;;M;4381810;574672;40
2,016E+11;16;8;22;1200;1;1;3;1;1;106;;M;4395850;589692;40
2,016E+11;16;10;24;345;3;1;1;1;1;106;;M;4395690;589513;40
2,016E+11;16;5;4;1400;1;1;1;1;6;86;;M;4439140;667405;40
2,016E+11;16;5;24;1500;1;1;1;1;3;86;;M;4439600;669117;40
2,016E+11;16;6;27;1100;1;1;1;1;7;96;;M;4432570;680607;40
2,016E+11;16;7;8;1530;1;2;3;1;3;19;CHEMIN DES COLPTEURS;M;4438500;666102;40
2,016E+11;16;7;17;1715;1;1;3;1;1;19;;M;4439140;667250;40
2,016E+11;16;7;18;115;3;1;1;1;6;19;;M;4439390;665022;40
2,016E+11;16;7;30;1115;1;1;1;1;7;96;COL BONNETTE - JAUSIERS;M;4433240;681085;40
2,016E+11;16;8;14;1800;1;1;1;1;1;226;;M;4435710;661942;40
2,016E+11;16;9;5;2200;3;1;1;1;7;193;;M;4451560;674430;40
2,016E+11;16;9;25;1200;1;1;1;1;7;120;;M;4446600;681840;40
2,016E+11;16;10;8;1215;1;1;1;1;1;100;;M;4444560;685804;40
2,016E+11;16;10;20;1400;1;1;1;1;6;33;;M;4444830;624131;40
2,016E+11;16;1;21;1615;1;1;1;1;6;198;;M;4445410;635729;40
2,016E+11;16;4;2;1645;1;1;1;8;6;33;;M;4446360;626908;40
2,016E+11;16;4;7;1445;1;1;1;1;7;205;;M;4432660;639371;40
2,016E+11;16;4;10;2230;3;1;1;1;6;198;;M;4444650;633921;40
2,016E+11;16;7;1;1630;1;1;1;1;2;154;;M;4451010;635620;40
2,016E+11;16;7;2;1545;1;1;1;1;7;161;;M;4440170;650858;40
2,016E+11;16;8;14;1515;1;1;1;1;6;161;LES CLARIONDS;M;4435650;648375;40
2,016E+11;16;4;10;1145;1;1;1;1;7;69;;M;4384660;654428;40
2,016E+11;16;5;16;1430;1;1;1;1;6;69;;M;4387980;655594;40
2,016E+11;16;9;24;1430;1;1;1;1;6;39;;M;4383540;648494;40
2,016E+11;16;4;29;1530;1;2;1;1;6;76;D4202 FACE GENDARMERIE;M;4395040;681658;40
2,016E+11;16;6;7;845;1;1;1;1;7;76;;M;4392710;679802;40
2,016E+11;16;7;13;2345;5;2;1;1;6;8;;M;4396540;666810;40
2,016E+11;16;2;4;2215;3;1;1;1;7;219;;M;4410710;657377;40
2,016E+11;16;6;9;1130;1;1;3;1;3;61;;M;4418360;663034;40
2,016E+11;16;7;2;1115;1;1;1;1;1;173;;M;4397810;650823;40
2,016E+11;16;7;16;1630;1;1;1;1;1;136;;M;4399090;653597;40
2,016E+11;16;12;21;300;3;2;1;1;7;6;PK 55+300;M;4428510;657388;40
2,016E+11;16;2;17;1145;1;1;1;1;6;81;;M;4374210;597375;40
2,016E+11;16;2;29;1200;1;1;1;1;7;144;;M;4379410;634077;40
2,016E+11;16;7;5;1200;1;1;1;1;6;189;;M;4377750;597696;40
2,016E+11;16;7;6;1530;1;1;1;1;7;144;;M;4378030;628064;40
2,016E+11;16;7;18;1015;1;1;1;1;3;172;;M;4384650;616488;40
2,016E+11;16;8;25;210;3;1;1;1;6;157;;M;4385030;614752;40
2,016E+11;16;9;6;1900;1;1;1;1;1;166;;M;4380310;611936;40
2,016E+11;16;10;1;1100;1;1;1;3;1;166;;M;4380710;611246;40
2,016E+11;16;10;3;1630;1;1;1;1;7;144;;M;4380070;625875;40
2,016E+11;16;11;1;1615;1;1;1;1;6;144;;M;4380150;625583;40
2,016E+11;16;12;14;1330;1;1;1;1;6;172;;M;4383220;614169;40
2,016E+11;16;3;6;230;3;2;1;1;6;88;AVENUE DE LA PAIX;M;4395220;577381;40
2,016E+11;16;3;21;1630;1;1;3;1;5;188;;M;4392280;577737;40
2,016E+11;16;4;17;2215;3;1;1;1;6;242;;M;4388050;584875;40
2,016E+11;16;5;23;1400;1;1;1;1;2;242;;M;4389780;583508;40
2,016E+11;16;6;12;1830;1;2;1;1;6;88;;M;4395960;578081;40
2,016E+11;16;7;18;1345;1;1;1;1;1;160;;M;4386590;568386;40
2,016E+11;16;9;1;145;5;2;1;1;6;151;LA GRAND RUE;M;4395580;583173;40
2,016E+11;16;12;20;2130;3;1;1;1;6;104;;M;4397000;573416;40
2,016E+11;16;12;22;1600;1;2;1;1;6;88;14 BD DE LA TOURETTE;M;4395880;577988;40
2,016E+11;16;6;10;115;3;1;1;1;6;208;;M;4399840;554564;40
2,016E+11;16;7;24;1945;1;1;1;2;7;208;;M;4396270;553073;40
2,016E+11;16;8;28;1215;1;1;1;1;3;141;;M;4401150;569963;40
2,016E+11;16;9;10;1145;1;2;2;1;1;132;LE VILLAGE;M;4401240;560925;40
2,016E+11;16;10;29;1515;1;2;2;1;3;163;RD 18 -AVENUE BROCHERY;M;4417770;556574;40
2,016E+11;16;11;2;700;1;1;1;1;1;79;;M;4406110;602034;40
2,016E+11;16;11;25;300;5;1;1;3;6;49;;M;4409440;600994;40
2,016E+11;16;4;17;1830;1;1;1;1;3;63;;M;4376530;575828;40
2,016E+11;16;5;4;1800;1;1;3;1;3;63;;M;4376080;575423;40
2,016E+11;16;7;1;1130;1;1;3;1;3;245;INTER CH ST ROCH;M;4386040;583552;40
2,016E+11;16;8;25;215;3;1;1;1;6;63;;M;4375440;574976;40
2,016E+11;16;11;18;1730;2;1;1;1;1;152;;M;4380060;575673;40
2,016E+11;16;11;28;830;1;1;1;7;6;197;;M;4380390;577236;40
2,016E+11;16;12;18;1130;1;1;1;9;3;242;;M;4389440;583774;40
2,016E+11;16;7;15;1030;1;1;3;1;1;75;;M;4416420;594980;40
2,016E+11;16;7;22;845;1;1;1;1;6;123;;M;4425160;588088;40
2,016E+11;16;4;15;1415;1;1;1;1;7;231;;M;4426130;597405;40
2,016E+11;16;1;18;2100;3;1;1;4;1;53;;M;4433956;577880;50
2,016E+11;16;4;4;1445;1;1;1;1;3;103;;M;4426355;590424;50