Num_Acc;an;mois;jour;hrmn;lum;agg;int;atm;col;com;adr;gps;lat;long;dep
2,016E+11;16;10;14;2049;5;2;2;3;6;437;route de dammartin en go;M;4903658;279927;770
2,016E+11;16;11;23;2050;3;1;1;1;6;233;départementale 27;M;4899698;279367;770
2,016E+11;16;12;22;943;1;1;2;1;1;344;N330 X D41;M;4905270;278629;770
2,016E+11;16;12;30;1710;2;1;1;5;1;430;D9D ROUTE DE NOEFORT;M;4906748;278567;770
2,016E+11;16;2;29;1505;1;1;9;1;2;239;D231;M;4865553;314797;770
2,016E+11;16;3;1;1915;3;1;1;2;1;239;D231 ROUTE DE PROVINS;M;4864692;316405;770
2,016E+11;16;3;29;1815;1;2;1;2;6;72;D72;M;4854009;346358;770
2,016E+11;16;4;13;1345;1;1;1;4;7;26;D100;M;4859117;341311;770
2,016E+11;16;5;2;830;1;1;2;7;6;246;D236 X D78;M;4857811;336984;770
2,016E+11;16;5;30;1915;1;1;1;3;3;32;D55;M;4871195;323935;770
2,016E+11;16;6;25;630;2;1;1;2;1;66;;M;0;0;770
2,016E+11;16;9;29;1230;1;1;1;1;7;530;D71;M;4861030;333294;770
2,016E+11;16;4;9;2145;3;1;1;2;7;321;D412;M;4840200;323339;770
2,016E+11;16;8;25;915;1;1;1;1;2;286;;M;4850940;310717;770
2,016E+11;16;1;5;805;2;1;2;2;3;327;D12 X D201;M;4855057;300044;770
2,016E+11;16;1;20;1345;1;1;1;1;6;190;D201;M;4853421;302281;770
2,016E+11;16;8;16;745;1;1;2;1;3;327;D201 X D12;M;4855052;300055;770
2,016E+11;16;9;1;615;3;1;1;1;2;89;D213 TOURNEBOEUF;M;4849790;294586;770
2,016E+11;16;9;11;1745;1;1;1;1;7;90;D49;M;4854796;318755;770
2,016E+11;16;10;2;345;3;1;1;1;6;327;D408 ROUTE DE NANGIS;M;4855633;298232;770
2,016E+11;16;2;16;830;1;1;1;1;6;59;RTE DE ST PERAVY;M;4794198;175943;450
2,016E+11;16;3;20;1145;1;1;1;6;3;313;;M;4806276;181458;450
2,016E+11;16;3;30;1545;1;2;1;1;6;8;5 R DE LA GARE;M;4808134;187909;450
2,016E+11;16;4;24;830;1;1;1;1;7;59;1800 RD 2157;M;4793409;175899;450
2,016E+11;16;6;23;2215;5;2;2;1;3;248;R GARE/BD VERDUN;M;4804906;169791;450
2,016E+11;16;7;23;1300;1;1;1;1;2;62;;M;4799369;188133;450
2,016E+11;16;7;23;1715;1;1;1;1;1;8;;M;0;0;450
2,016E+11;16;9;10;15;3;1;1;1;7;93;RTE PROVENCHERE;M;4802241;184677;450
2,016E+11;16;11;7;1815;3;1;6;2;7;8;;M;0;0;450
2,016E+11;16;1;26;1230;1;1;3;1;3;24;D 2152/R CHEVET;M;4781701;167852;450
2,016E+11;16;3;20;1815;1;1;1;1;7;116;;M;4781125;158437;450
2,016E+11;16;5;5;1845;1;2;1;1;6;28;9 RTE DE MESSAS;M;4779841;162831;450
2,016E+11;16;9;27;715;2;2;1;1;6;179;24 BIS RTE DE SOLOGNE;M;4776942;169798;450
2,016E+11;16;12;21;700;5;2;6;1;3;28;AV VENDOME;M;0;0;450
2,016E+11;16;12;27;1045;2;2;1;1;3;317;R DES EAUX BLEUES;M;0;0;450
2,016E+11;16;3;31;1945;3;1;1;2;6;82;LA PIERRE BLANCHE;M;4788861;225689;450
2,016E+11;16;4;1;800;1;1;1;1;1;316;RTE BELLEGARDE;M;4796231;236881;450
2,016E+11;16;5;8;1530;1;1;1;1;1;346;;M;4793965;228253;450
2,016E+11;16;9;2;1130;1;2;7;1;6;82;PL DE LA NOUVELLE HALLE;M;4786371;222262;450
2,016E+11;16;1;16;400;5;2;6;1;6;89;RDPT REUILLY;M;4789409;204026;450
2,016E+11;16;3;27;2300;3;2;1;1;6;89;R DE LA MOMELEE;M;4791169;202589;450
2,016E+11;16;4;4;2100;1;1;3;1;2;126;D 424/R TOUCHE;M;4789806;211202;450
2,016E+11;16;6;28;1515;1;1;1;1;2;89;;M;4791249;202354;450
2,016E+11;16;11;19;1745;3;2;1;1;1;194;AV DE NEUVILLE;M;0;0;450
2,016E+11;16;2;4;845;1;2;3;8;3;272;RTE CONCYR/R CORMES;M;4781977;194708;450
2,016E+11;16;4;19;2130;2;2;1;1;1;272;AV G.GALLOUX;M;0;0;450
2,016E+11;16;5;17;745;1;1;1;1;6;282;RTE TREMBLEAU--CHARENNES;M;4783389;182281;450
2,016E+11;16;12;15;830;1;1;1;8;1;272;;M;4779951;193128;450
2,016E+11;16;2;13;2145;5;2;1;2;6;226;RTE SULLY;M;4779189;225122;450
2,016E+11;16;9;28;1745;1;2;3;1;3;311;RTE CHATEAUNEUF/RTE JARG;M;4783467;222499;450
2,016E+11;16;11;10;2315;3;1;1;2;6;173;;M;4785021;214674;450
2,016E+11;16;11;21;745;2;2;1;1;2;173;32 RTE ORLEANS;M;4786144;210989;450
2,016E+11;16;12;13;2345;3;1;1;1;7;335;;M;0;0;450
2,016E+11;16;3;6;1300;1;2;3;1;3;179;D 951/ACCES ZI;M;4775288;167009;450
2,016E+11;16;6;15;945;1;1;1;1;3;59;;M;0;0;450
2,016E+11;16;6;24;1400;1;1;3;1;3;203;D 3/RTE AUNAY;M;4785682;170615;450
2,016E+11;16;12;2;2145;3;1;1;1;3;337;;M;4802836;155327;450
2,016E+11;16;2;17;1000;1;2;2;1;6;155;D 941/D 951;M;4768113;263005;450
2,016E+11;16;3;3;1800;1;2;6;1;3;155;RDPT D 940;M;0;0;450
2,016E+11;16;6;15;730;1;1;1;2;1;155;;M;4769625;265053;450
2,016E+11;16;6;28;1730;1;1;1;1;6;108;;M;4762541;250301;450
2,016E+11;16;7;13;1230;1;1;1;8;6;155;;M;4771309;261416;450
2,016E+11;16;7;18;1345;1;1;1;1;1;155;;M;4769672;264992;450
2,016E+11;16;7;23;2245;3;1;1;1;6;291;LE GRAND VALOT;M;4763745;263933;450
2,016E+11;16;9;15;615;3;1;1;2;6;291;;M;4767210;264638;450
2,016E+11;16;11;13;1800;5;1;2;2;3;155;;M;0;0;450
2,016E+11;16;11;17;330;3;1;1;2;6;291;;M;4767583;264193;450
2,016E+11;16;11;23;1500;1;2;1;1;6;155;R YSER;M;4769269;263348;450
2,016E+11;16;12;23;1730;3;1;1;1;1;108;;M;4758339;248639;450
2,016E+11;16;12;29;2045;5;2;1;5;6;108;18 RTE CERDON;M;4762522;249011;450
2,016E+11;16;4;28;715;2;2;1;1;1;87;RTE DE GIEN;M;4759527;275565;450
2,016E+11;16;11;18;730;2;1;1;2;3;53;;M;4765405;272209;450
2,016E+11;16;11;29;800;2;1;1;1;7;87;;M;0;0;450
2,016E+11;16;1;15;1600;1;1;2;7;3;315;D 59/D 320;M;4772997;234702;450
2,016E+11;16;2;29;700;2;1;1;1;5;51;;M;4783596;235381;450
2,016E+11;16;3;12;1600;1;1;1;1;6;340;MARCON;M;4766257;234832;450
2,016E+11;16;4;7;900;1;2;1;1;6;268;35 R UE DE VILLEMURLIN;M;4773924;243666;450
2,016E+11;16;4;11;1300;1;1;1;2;1;244;;M;4776915;244299;450
2,016E+11;16;4;12;1815;1;1;1;1;3;270;RTE ST AIGNAN;M;4782049;231872;450
2,016E+11;16;5;26;215;3;1;1;1;6;122;;M;4775724;252856;450
2,016E+11;16;6;6;700;2;1;1;5;2;340;LE RIDEAU;M;4770743;236720;450
2,016E+11;16;6;23;530;1;1;1;5;6;336;;M;4773477;228246;450
2,016E+11;16;7;14;730;1;1;1;1;6;184;;M;4772037;250775;450
2,016E+11;16;7;22;1630;1;1;1;1;1;63;;M;4763655;242022;450
2,016E+11;16;7;30;1715;1;1;2;7;3;63;;M;4763671;244837;450
2,016E+11;16;12;3;1915;3;1;1;1;7;315;;M;0;0;450
2,016E+11;16;12;11;630;3;1;1;2;6;63;;M;4759741;239826;450
2,016E+11;16;12;14;1930;3;2;1;1;3;164;45 RUE DU VAL;M;0;0;450
2,016E+11;16;12;21;1215;1;2;1;1;2;315;22 R GRAND SULLY;M;4776606;237431;450
2,016E+11;16;12;31;1430;1;1;1;5;6;244;;M;4776937;244044;450
2,016E+11;16;1;28;2330;3;1;1;1;6;247;;M;4800098;267859;450
2,016E+11;16;2;1;1600;1;1;1;1;1;345;LES BUGES;M;4793579;267228;450
2,016E+11;16;2;5;1700;1;1;1;1;6;239;;M;4789928;261151;450
2,016E+11;16;2;6;2000;3;1;1;1;6;256;RTE CHEVALLERIE;M;4796819;256503;450
2,016E+11;16;3;28;645;2;1;1;2;6;322;;M;4801816;288372;450
2,016E+11;16;6;20;530;2;2;1;1;6;329;LES PLANTES;M;4794226;299501;450
2,016E+11;16;7;7;1845;1;1;2;1;3;211;LES JOIGNEAUX;M;0;0;450
2,016E+11;16;7;10;1215;1;1;2;1;3;113;D 32/D332;M;4805531;293712;450
2,016E+11;16;8;22;2015;1;1;3;1;3;275;D 36/MARE AUX TILLEULS;M;4796293;291191;450
2,016E+11;16;8;28;1800;1;1;1;1;7;129;;M;0;0;450
2,016E+11;16;10;1;2000;5;2;1;1;5;279;20 AV ST THIBAULT;M;4795242;285305;450
2,016E+11;16;10;4;1430;1;1;1;1;7;250;;M;0;0;450
2,016E+11;16;3;6;1615;1;1;1;1;7;77;;M;4785823;285812;450
2,016E+11;16;9;29;1100;1;1;2;1;5;312;;M;4790582;273302;450
2,016E+11;16;10;10;845;1;1;2;1;3;85;D 37/VC;M;4783563;284989;450
2,016E+11;16;12;16;1630;1;2;1;1;6;210;;M;0;0;450
2,016E+11;16;1;10;1600;1;1;2;2;3;343;LES RENARDS;M;4803889;263634;450
2,016E+11;16;1;15;1715;1;1;1;4;1;61;;M;4804408;275487;450
2,016E+11;16;1;24;1145;1;2;2;1;3;127;R AMPERE/R CAPIOTERIE;M;4814149;276697;450
2,016E+11;16;6;19;1;5;2;1;1;6;158;46 RUE DE LA GARE;M;4804864;264874;450
2,016E+11;16;8;23;1945;1;2;1;7;6;206;5 R DES JUIFS;M;4804581;262463;450
2,016E+11;16;11;30;1845;2;2;1;1;6;104;R ROBERT PICHON;M;4802836;272117;450
2,016E+11;16;2;29;1815;1;1;3;1;3;293;D 2160/R HUILERIE;M;4799515;261166;450
2,016E+11;16;8;23;830;2;1;1;7;6;187;;M;0;0;450
2,016E+11;16;2;14;330;3;1;1;2;6;157;;M;4815305;237521;450
2,016E+11;16;6;8;745;1;1;1;5;2;137;;M;4812658;219516;450
2,016E+11;16;11;4;2115;3;1;1;1;1;50;;M;0;0;450
2,016E+11;16;12;3;1445;1;1;1;1;3;157;;M;0;0;450
2,016E+11;16;12;28;1800;3;1;1;1;1;119;;M;0;0;450
2,016E+11;16;2;6;945;1;2;1;1;6;132;D28;M;4810565;243725;450
2,016E+11;16;3;24;1145;1;1;1;1;6;159;;M;0;0;450
2,016E+11;16;4;10;700;2;1;1;5;6;35;RTE ORLEANS;M;4802677;236899;450
2,016E+11;16;4;17;845;1;1;1;1;6;258;;M;4820283;248132;450
2,016E+11;16;12;21;930;1;1;1;1;1;30;;M;0;0;450
2,016E+11;16;1;22;800;1;1;1;8;7;236;;M;4829629;236442;450
2,016E+11;16;5;13;1545;1;2;1;1;6;191;50 R DE BOIGNEVILLE;M;4830001;240727;450
2,016E+11;16;9;14;2225;3;1;1;3;1;198;;M;4821492;230077;450
2,016E+11;16;4;28;745;1;1;1;1;3;125;;M;0;0;180
2,016E+11;16;6;5;1045;1;1;1;2;7;84;;M;4745590;259789;180
2,016E+11;16;8;5;1915;1;1;1;1;1;144;;M;0;0;180
2,016E+11;16;9;3;600;3;1;1;1;6;241;;M;4732452;282414;180
2,016E+11;16;9;24;600;3;1;1;1;7;272;;M;4726905;272931;180
2,016E+11;16;12;11;1600;1;1;2;8;3;116;;M;0;0;180
2,016E+11;16;2;13;30;3;1;1;8;3;38;;M;4675530;245094;180
2,016E+11;16;6;4;1800;1;2;3;1;3;197;Rue Anatole FRANCE;M;4672015;250011;180
2,016E+11;16;7;17;1900;1;1;1;1;3;197;;M;4671539;253091;180
2,016E+11;16;8;27;2345;5;2;1;1;6;38;;M;0;0;180
2,016E+11;16;8;31;1800;1;2;1;1;6;38;rue du pont;M;4676713;242621;180
2,016E+11;16;11;1;1315;1;2;6;1;6;197;;M;4672944;249638;180
2,016E+11;16;10;31;1630;1;1;1;1;1;180;;M;4703744;243956;180
2,016E+11;16;5;13;1300;1;1;3;2;3;31;D2076/Les bourbonneries;M;0;0;180
2,016E+11;16;6;12;1200;1;2;1;1;6;31;route de bourges;M;4689824;272445;180
2,016E+11;16;7;21;1430;1;1;1;1;3;242;;M;4684237;293649;180
2,016E+11;16;8;3;715;2;1;1;1;6;155;;M;0;0;180
2,016E+11;16;8;22;1600;1;2;1;1;3;175;Grande rue;M;0;0;180
2,016E+11;16;8;30;1045;1;2;1;1;6;108;ruze henri barbusse;M;0;0;180
2,016E+11;16;9;7;1615;1;1;1;1;2;242;;M;4683293;295778;180
2,016E+11;16;9;19;1930;2;1;2;1;7;164;;M;4684310;298189;180
2,016E+11;16;11;3;715;2;1;1;5;6;48;;M;4692967;294821;180
2,016E+11;16;11;20;430;3;1;1;1;6;160;;M;4701028;287837;180
2,016E+11;16;11;25;815;1;1;1;2;7;242;;M;4681158;291030;180
2,016E+11;16;12;7;800;2;1;1;1;1;160;;M;0;0;180
2,016E+11;16;5;21;1130;1;1;1;1;2;290;;M;4727800;220600;180
2,016E+11;16;4;11;1330;1;1;2;1;3;138;;M;0;0;180
2,016E+11;16;2;6;1900;3;1;1;1;6;190;;M;0;0;180
2,016E+11;16;11;24;2030;3;1;1;1;1;28;;M;4710542;230775;180
2,016E+11;16;1;15;415;3;2;1;9;6;181;;M;0;0;180
2,016E+11;16;2;14;800;2;1;1;1;6;157;;M;4704186;228238;180
2,016E+11;16;3;25;230;3;1;1;1;6;55;;M;0;0;180
2,016E+11;16;5;15;1115;1;1;1;1;2;157;;M;0;0;180
2,016E+11;16;9;9;1600;1;1;1;1;2;207;;M;4699183;224379;180
2,016E+11;16;10;23;2245;3;1;1;2;7;66;;M;4697469;222870;180
2,016E+11;16;11;2;1500;1;1;1;8;1;137;;M;4686939;217277;180
2,016E+11;16;11;28;1530;1;2;1;7;6;207;avenue gabriel dordain;M;4699251;244541;180
2,016E+11;16;1;9;1545;1;1;1;1;2;100;;M;4844085;135608;280
2,016E+11;16;3;16;1730;1;2;1;1;2;337;rue charles de gaulle;M;4841864;135594;280
2,016E+11;16;4;17;1630;1;1;1;1;1;278;;M;4846687;160155;280
2,016E+11;16;4;22;1230;1;2;1;2;7;201;6 rue de saussay;M;4850884;154092;280
2,016E+11;16;5;2;2000;1;1;1;1;6;22;RD 939;M;4849019;138316;280
2,016E+11;16;5;8;1700;1;1;1;1;1;104;rue Charles Péguy;M;4849122;159026;280
2,016E+11;16;5;11;720;2;1;1;5;2;6;;M;4843677;142371;280
2,016E+11;16;6;25;1645;1;1;3;7;3;22;;M;4847573;140821;280
2,016E+11;16;7;10;1015;1;1;1;7;2;358;;M;4852727;156778;280
2,016E+11;16;8;7;530;2;1;1;1;1;6;;M;4843564;141492;280
2,016E+11;16;8;25;1215;1;1;2;1;3;358;;M;4849502;149601;280
2,016E+11;16;8;27;1630;1;1;1;1;1;278;;M;4846629;159877;280
2,016E+11;16;9;8;1430;1;1;3;1;3;358;;M;4849503;149601;280
2,016E+11;16;9;11;1715;1;2;1;1;6;122;23 RUE HAIE AUX CHATS;M;4833025;151536;280
2,016E+11;16;10;7;30;3;1;1;1;6;358;;M;0;0;280
2,016E+11;16;10;24;1815;2;1;1;2;5;22;;M;4849143;137935;280
2,016E+11;16;11;25;1715;2;1;1;8;7;245;;M;4836498;139208;280
2,016E+11;16;12;8;1315;1;1;1;1;1;35;;M;4837588;153279;280
2,016E+11;16;12;8;1600;1;2;2;1;3;34;1 RUE AUX FLEURS;M;0;0;280
2,016E+11;16;2;15;930;3;1;1;8;6;341;;M;4863173;126850;280
2,016E+11;16;4;17;1615;1;1;1;1;6;147;;M;0;0;280
2,016E+11;16;5;7;630;1;1;1;1;7;386;;M;4854300;130619;280
2,016E+11;16;5;21;1030;1;2;9;1;6;116;Rue de l'Arsenal Parking;M;4844840;123806;280
2,016E+11;16;7;8;2100;1;1;1;1;7;323;;M;0;0;280
2,016E+11;16;8;22;1915;1;1;2;1;3;89;;M;4860852;124392;280
2,016E+11;16;9;2;315;3;1;1;1;6;89;;M;4859276;123075;280
2,016E+11;16;9;9;500;3;2;1;1;6;89;rue emile vivier;M;4858532;124358;280
2,016E+11;16;10;20;1230;1;1;1;1;6;341;;M;4862321;125870;280
2,016E+11;16;12;18;1730;3;1;1;5;6;386;;M;4855700;128900;280
2,016E+11;16;12;24;2000;3;1;1;1;6;89;;M;4861000;124500;280
2,016E+11;16;5;2;745;1;1;1;1;1;66;;M;4823279;126110;280
2,016E+11;16;6;10;1330;1;1;1;1;5;196;;M;4828720;122704;280
2,016E+11;16;6;30;1545;1;1;1;1;1;234;;M;4834657;123441;280
2,016E+11;16;8;4;1545;1;1;1;1;6;398;;M;4818012;109768;280
2,016E+11;16;8;7;145;3;1;1;1;6;123;;M;4822199;107912;280
2,016E+11;16;10;2;1545;1;1;1;1;2;41;;M;4831827;127327;280
2,016E+11;16;10;29;1845;2;1;1;1;6;66;;M;0;0;280
2,016E+11;16;1;4;1745;3;1;1;1;6;191;;M;4862600;164900;280
2,016E+11;16;4;17;330;3;1;1;8;6;208;;M;4850183;173162;280
2,016E+11;16;5;10;1815;1;1;1;2;1;140;;M;4857564;169332;280
2,016E+11;16;5;17;1515;1;1;2;1;3;23;;M;4852350;162746;280
2,016E+11;16;5;27;1215;1;1;1;1;7;52;;M;0;0;280
2,016E+11;16;7;30;1345;1;1;1;1;1;298;;M;4858245;155039;280
2,016E+11;16;8;12;645;1;1;1;1;6;227;;M;4859621;160127;280
2,016E+11;16;12;27;1115;1;1;1;7;7;140;;M;4858100;167741;280
2,016E+11;16;2;25;1320;1;1;2;1;3;391;;M;4820086;193443;280
2,016E+11;16;4;18;1000;1;1;1;1;3;284;;M;4824090;195651;280
2,016E+11;16;6;4;1700;1;1;1;8;3;320;;M;4825593;155674;280
2,016E+11;16;6;26;945;1;1;1;1;6;189;;M;4822998;179319;280
2,016E+11;16;12;18;2100;3;1;1;1;3;25;;M;4825517;196502;280
2,016E+11;16;1;10;645;3;1;1;2;6;103;;M;4798276;124011;280
2,016E+11;16;1;13;1630;1;2;1;1;6;88;rue jean moulin;M;4807358;133266;280
2,016E+11;16;2;1;1545;1;1;1;1;1;356;;M;4807613;112831;280
2,016E+11;16;2;18;1200;1;1;1;1;2;356;;M;4807587;117801;280
2,016E+11;16;2;27;300;3;1;1;1;6;205;;M;4812047;124847;280
2,016E+11;16;4;13;1800;1;2;1;1;3;88;63 boulevard Kellerman;M;4807200;134467;280
2,016E+11;16;5;9;1800;1;2;1;2;6;103;rue jean chauveau;M;4799349;123767;280
2,016E+11;16;6;7;2000;1;2;1;2;3;88;Rue de la République;M;4807075;133302;280
2,016E+11;16;7;1;1;5;2;1;1;6;103;16, Rue de Brou;M;4799473;123166;280
2,016E+11;16;7;7;1500;1;2;1;1;1;75;pk 073.000;M;4803583;130641;280
2,016E+11;16;8;13;1345;1;2;1;1;7;88;Rue Pasteur;M;4807475;134701;280
2,016E+11;16;8;20;1700;1;2;1;1;1;88;RUE DE LA REPUBLIQUE;M;4807124;133737;280
2,016E+11;16;8;31;1845;1;2;1;7;6;103;rue Montgreffier;M;4799577;123202;280
2,016E+11;16;9;15;1715;1;1;3;1;2;75;;M;4805399;132377;280
2,016E+11;16;9;30;2345;3;1;1;2;6;256;;M;0;0;280
2,016E+11;16;12;5;1715;3;1;1;5;6;93;;M;4814210;120019;280
2,016E+11;16;4;4;815;1;1;1;1;6;153;;M;4815558;135716;280
2,016E+11;16;5;22;1540;1;1;1;2;1;259;;M;4821423;140133;280
2,016E+11;16;7;10;1215;1;2;1;1;6;382;RUE DES CLOS;M;4808420;174083;280
2,016E+11;16;7;22;1530;1;1;1;1;1;51;;M;4819749;141328;280
2,016E+11;16;11;18;1000;1;1;1;1;3;259;;M;4822204;140369;280
2,016E+11;16;11;21;745;3;1;1;2;6;176;;M;4827000;148700;280
2,016E+11;16;12;27;1215;1;1;1;1;3;418;;M;4813761;150363;280
2,016E+11;16;3;3;1005;1;1;2;2;3;61;;M;4823488;114876;280
2,016E+11;16;3;16;1930;2;1;1;1;7;61;;M;4818970;116085;280
2,016E+11;16;3;4;1155;1;1;2;1;1;170;;M;4869867;128932;280
2,016E+11;16;7;15;815;1;1;1;1;7;14;;M;0;0;280
2,016E+11;16;7;27;815;1;1;9;1;2;178;;M;4875682;148200;280
2,016E+11;16;10;22;1345;1;1;2;1;3;171;;M;0;0;280
2,016E+11;16;11;17;1215;1;1;1;8;5;394;;M;0;0;280
2,016E+11;16;11;29;1000;1;2;1;1;6;45;7 route de louvilliers;M;4872915;126314;280
2,016E+11;16;1;12;1830;3;1;1;1;2;375;;M;4877169;147098;280
2,016E+11;16;6;19;1500;1;1;1;1;3;377;;M;4883653;138609;280
2,016E+11;16;7;6;1830;1;1;1;1;3;1;;M;4879305;140087;280
2,016E+11;16;7;8;30;3;1;1;1;6;50;;M;0;0;280
2,016E+11;16;7;27;1445;1;2;3;1;3;293;RD 928/RD 16;M;4886747;146999;280
2,016E+11;16;7;28;845;1;2;1;1;2;7;35 RUE HUBERT BARAINE;M;4884933;143302;280
2,016E+11;16;1;27;1715;2;1;1;8;5;46;;M;4867543;91516;280
2,016E+11;16;2;25;1330;1;1;1;1;3;226;;M;4863769;114506;280
2,016E+11;16;5;13;2030;1;1;1;1;1;373;;M;0;0;280
2,016E+11;16;11;10;1545;3;1;1;2;1;130;;M;4852720;112935;280
2,016E+11;16;12;17;1300;1;1;1;5;7;226;;M;4861341;116584;280
2,016E+11;16;1;10;1630;1;1;1;2;7;94;;M;4864291;150135;280
2,016E+11;16;7;28;100;3;1;1;1;6;118;;M;0;0;280
2,016E+11;16;6;9;1715;1;2;2;1;3;280;rue  marin  dubuard;M;4831981;81828;280
2,016E+11;16;6;22;2000;1;1;1;2;1;144;;M;4826484;80732;280
2,016E+11;16;11;11;230;3;1;1;2;6;280;;M;0;0;280
2,016E+11;16;11;13;830;2;1;1;1;6;280;;M;4829793;79860;280
2,016E+11;16;12;9;2315;3;1;1;1;2;31;;M;0;0;280
2,016E+11;16;12;14;1615;1;2;1;1;3;280;rue  maute  lelasseux;M;4831671;81812;280
2,016E+11;16;1;21;745;2;2;1;1;6;214;2 avenue du perche;M;4846649;100916;280
2,016E+11;16;3;18;1400;1;1;1;1;7;232;;M;4853413;93302;280
2,016E+11;16;5;5;1900;1;2;1;1;6;387;Avenue de la gare;M;4831447;99685;280
2,016E+11;16;5;7;1330;1;2;1;1;3;214;Rue Jean Renauldon;M;4846840;100808;280
2,016E+11;16;5;15;1730;1;1;1;1;1;373;;M;0;0;280
2,016E+11;16;7;1;845;1;1;1;2;6;282;;M;4833604;114165;280
2,016E+11;16;8;20;1315;1;1;1;1;7;161;;M;4828339;107782;280
2,016E+11;16;10;30;1730;1;1;1;1;1;335;;M;4843612;102842;280
2,016E+11;16;11;25;1800;3;1;1;1;7;161;;M;0;0;280
2,016E+11;16;12;22;900;3;1;1;5;6;331;;M;0;0;280
2,016E+11;16;1;14;1730;2;1;1;1;6;70;;M;4645060;157103;360
2,016E+11;16;1;21;1315;1;2;1;1;6;48;4 RUE DES ECOLES;M;4656120;160973;360
2,016E+11;16;4;13;1815;1;2;1;1;3;154;AVENUE DU VIVIER;;;;360
2,016E+11;16;7;19;1630;1;1;1;1;1;157;;M;4669330;155163;360
2,016E+11;16;9;26;1015;1;1;2;1;3;6;;M;4657080;150017;360
2,016E+11;16;12;4;1200;1;1;2;1;3;70;;M;4642630;158615;360
2,016E+11;16;12;10;1830;3;1;1;1;6;20;;M;0;0;360
2,016E+11;16;6;4;200;5;2;4;1;6;31;AV DU 11 NOV/RD 138;M;4689100;142627;360
2,016E+11;16;6;23;1630;1;1;4;7;1;194;;M;4690950;134334;360
2,016E+11;16;7;31;1545;1;1;1;1;7;90;;M;0;0;360
2,016E+11;16;9;9;1745;2;2;1;7;6;241;AVENUE LEON BLUM;M;4683800;154200;360
2,016E+11;16;9;26;1745;1;1;1;1;3;194;;M;0;0;360
2,016E+11;16;10;11;745;2;2;3;1;5;241;carrefour RD943 / RD 27;M;0;0;360
2,016E+11;16;11;26;445;3;1;1;5;5;74;;M;0;0;360
2,016E+11;16;2;17;1715;1;2;7;1;6;34;PLACE ALBERT BOIVIN;M;4725470;165400;360
2,016E+11;16;6;8;1135;1;2;3;1;3;24;;M;4700010;168338;360
2,016E+11;16;7;8;1445;1;1;1;1;7;191;;M;0;0;360
2,016E+11;16;9;18;1645;1;2;1;1;6;233;16 ROUTE DE VALENCAY;M;0;0;360
2,016E+11;16;10;1;515;3;1;1;2;6;151;;M;4720510;167552;360
2,016E+11;16;9;30;1215;1;1;4;1;3;93;;M;0;0;360
2,016E+11;16;10;25;1915;2;1;1;1;7;229;;M;0;0;360
2,016E+11;16;11;11;2315;3;1;1;1;6;93;;M;0;0;360
2,016E+11;16;12;18;545;5;2;1;5;6;34;14 rue de Verdun;M;0;0;360
2,016E+11;16;1;6;815;1;2;1;1;1;165;BÉNAVENT;M;4666310;101669;360
2,016E+11;16;2;8;1345;1;1;1;2;7;168;1 ROUTE DU PLAIX;M;4650780;133866;360
2,016E+11;16;7;13;2345;3;1;1;1;1;53;;M;0;0;360
2,016E+11;16;8;10;745;1;1;1;1;6;165;;M;4669800;103722;360
2,016E+11;16;9;3;1845;1;1;1;1;7;213;;M;4666500;99816;360
2,016E+11;16;9;18;1615;1;2;9;1;1;18;;M;0;0;360
2,016E+11;16;10;22;1945;3;1;1;1;6;192;;M;0;0;360
2,016E+11;16;10;26;1415;1;1;1;1;2;96;;M;0;0;360
2,016E+11;16;11;16;1845;3;1;1;1;7;51;;M;0;0;360
2,016E+11;16;12;11;1830;3;1;2;5;3;96;;M;0;0;360
2,016E+11;16;3;14;1745;1;1;1;1;1;186;;M;4666170;210554;360
2,016E+11;16;4;23;1000;1;1;1;2;7;130;;M;4658660;209709;360
2,016E+11;16;5;28;1545;1;1;3;1;3;146;;M;4644530;173645;360
2,016E+11;16;7;9;2245;4;2;1;1;5;143;NOHANT;M;4662800;197098;360
2,016E+11;16;7;31;1500;1;1;1;1;7;43;;M;0;0;360
2,016E+11;16;8;14;1100;1;1;1;1;6;127;;M;4659780;201101;360
2,016E+11;16;9;23;1530;1;1;1;1;1;221;;M;0;0;360
2,016E+11;16;10;4;1115;1;1;1;1;1;214;;M;0;0;360
2,016E+11;16;10;19;1400;1;2;1;1;3;46;;M;0;0;360
2,016E+11;16;11;18;1800;5;2;1;2;5;46;LIEU DIT BELLE PLACE;M;4656490;198200;360
2,016E+11;16;12;11;500;3;1;1;1;7;143;;M;0;0;360
2,016E+11;16;2;22;1845;3;1;1;2;1;9;;M;4672030;171594;360
2,016E+11;16;3;13;2100;3;1;1;1;6;56;;M;4653870;173832;360
2,016E+11;16;9;11;1645;1;2;1;1;3;5;RUE VICTOR HUGO;M;0;0;360
2,016E+11;16;2;25;1615;1;1;1;1;6;171;;;;;360
2,016E+11;16;3;6;800;1;1;1;1;6;190;;M;4686900;189200;360