Num_Acc;an;mois;jour;hrmn;lum;agg;int;atm;col;com;adr;gps;lat;long;dep
2,016E+11;16;3;12;1415;1;2;1;1;1;140;27 RUE DE LA GARE;M;4688510;186183;360
2,016E+11;16;3;28;1630;1;1;1;6;7;98;;M;4698410;193025;360
2,016E+11;16;4;27;730;1;2;1;1;6;88;RUE DES ALOUETTES;M;4694800;198400;360
2,016E+11;16;8;15;2245;3;1;1;1;6;37;;M;0;0;360
2,016E+11;16;1;11;745;5;2;1;3;7;3;AVENUE DES MONTILS;M;0;0;370
2,016E+11;16;1;14;1230;1;2;1;1;3;3;PONT DU MARECHAL LECLERC;M;0;0;370
2,016E+11;16;2;16;1630;1;2;1;1;6;3;RUE J J ROUSSEAU;M;0;0;370
2,016E+11;16;2;22;1745;1;2;1;1;6;3;10 ROUTE DE BLOIS;M;0;0;370
2,016E+11;16;4;1;1645;1;1;1;1;2;185;;M;4743600;98300;370
2,016E+11;16;4;19;1545;1;2;1;1;2;3;BD  ANATOLE FRANCHE;M;0;0;370
2,016E+11;16;6;8;1500;1;1;1;1;3;185;;M;4743800;101400;370
2,016E+11;16;6;20;1515;1;2;1;1;3;3;BOULEVARD SAINT DENIS;M;0;0;370
2,016E+11;16;5;6;700;2;2;1;1;6;171;LE GROS ORMEAU;;;;370
2,016E+11;16;6;27;1900;1;1;6;1;6;3;;M;4741900;101800;370
2,016E+11;16;7;10;915;1;2;1;1;3;3;ESPLANADE DU MARCHE;;;;370
2,016E+11;16;8;4;1515;1;1;1;1;3;185;;M;0;0;370
2,016E+11;16;9;9;1715;1;2;1;1;6;3;AVENUE DE TOURS;M;4741900;97000;370
2,016E+11;16;9;22;600;5;1;1;1;3;3;;M;4742600;100499;370
2,016E+11;16;9;8;1730;1;2;1;1;6;3;PONT MARECHAL LECLERC;M;0;0;370
2,016E+11;16;10;4;1655;1;1;1;1;6;161;RUE DU Gal de Gaulle;M;4745266;108869;370
2,016E+11;16;10;20;1300;1;1;2;8;3;131;;M;4747083;102892;370
2,016E+11;16;10;22;1610;1;2;1;1;6;3;20  QUAI DU GL DE GAULLE;M;4741182;97937;370
2,016E+11;16;10;28;1000;1;1;1;5;3;3;BLD SAINT DENIS HOR;M;4739449;99615;370
2,016E+11;16;11;5;1815;5;2;3;2;7;230;RUE GENTIL;M;4746666;99445;370
2,016E+11;16;11;14;1650;1;1;1;1;3;163;;M;4744239;95437;370
2,016E+11;16;11;14;1755;2;1;2;1;3;131;;M;4747078;102891;370
2,016E+11;16;12;1;1645;1;2;1;1;1;3;AVENUE DES MONTILS;M;4740184;98048;370
2,016E+11;16;11;20;515;3;1;1;2;1;43;LIEU DIT LES SAUGES;M;4746208;108197;370
2,016E+11;16;6;13;815;1;2;1;8;5;9;CD31;M;4753100;99300;370
2,016E+11;16;8;25;1745;1;2;1;1;1;243;17 rte grottes prétrifia;M;0;0;370
2,016E+11;16;1;1;15;3;2;1;8;6;217;83 QUAI DE LA LOIRE;M;0;0;370
2,016E+11;16;4;7;1445;1;1;1;1;7;55;;M;0;0;370
2,016E+11;16;6;24;930;1;1;2;1;3;109;LES GALARDONS;M;4742700;56800;370
2,016E+11;16;7;8;1700;1;1;1;1;6;2;;M;0;0;370
2,016E+11;16;7;14;900;1;1;1;1;6;139;;M;0;0;370
2,016E+11;16;7;22;1945;1;1;1;1;6;81;;M;4744400;34500;370
2,016E+11;16;8;14;600;2;1;1;1;7;2;;M;4744200;42700;370
2,016E+11;16;9;24;1045;1;1;1;1;5;109;LA BUTTE;M;0;0;370
2,016E+11;16;1;15;2215;3;1;2;1;1;245;;M;4751300;59500;370
2,016E+11;16;6;26;1930;1;1;1;1;6;170;LA FROGERIE;M;4763100;57600;370
2,016E+11;16;9;15;1000;1;1;1;1;1;59;;M;4746300;58000;370
2,016E+11;16;5;29;1830;2;1;1;2;1;169;;M;4761000;92100;370
2,016E+11;16;6;17;1045;1;1;1;1;2;153;;M;0;0;370
2,016E+11;16;7;10;300;3;2;1;1;6;9;41 BD DU GAL DE GAULLE;M;0;0;370
2,016E+11;16;9;15;1815;1;2;1;1;3;281;AVENUE LEON BRULE;M;4741500;79900;370
2,016E+11;16;9;24;130;3;1;1;1;7;240;;M;4760600;94800;370
2,016E+11;16;1;6;2015;3;1;1;1;6;72;179 ROUTE DE SAUMUR;M;0;0;370
2,016E+11;16;2;3;1715;1;1;1;1;5;242;;M;4723100;11800;370
2,016E+11;16;2;5;1315;1;1;1;1;1;58;7 RUE DE LA PERICHETTE;M;0;0;370
2,016E+11;16;2;29;230;3;1;1;1;6;31;LIEUDIT POT BLANC;M;4731600;19200;370
2,016E+11;16;4;8;1515;1;1;1;1;2;120;;M;0;0;370
2,016E+11;16;4;24;1015;1;2;1;1;6;248;ROUTE  DE LERNE;M;0;0;370
2,016E+11;16;5;26;1515;1;1;1;1;1;72;ROUTE DE MARCAY;M;0;0;370
2,016E+11;16;6;5;1545;1;2;1;1;1;210;le bourg;M;4722400;32000;370
2,016E+11;16;6;19;1200;1;1;2;1;1;72;LES PETITES CROIX;M;0;0;370
2,016E+11;16;9;2;1130;1;1;1;1;3;82;;M;0;0;370
2,016E+11;16;9;14;930;1;2;1;1;1;72;avenue francois mitteran;M;4717200;23400;370
2,016E+11;16;9;21;1745;1;2;1;1;2;22;rue du parc;M;0;0;370
2,016E+11;16;1;26;800;1;1;1;1;7;77;;M;0;0;370
2,016E+11;16;3;24;1315;1;1;1;1;5;123;LA CUEILMINAUT;M;4732200;38500;370
2,016E+11;16;5;5;1730;1;2;1;1;7;123;92  RUE DE NANTES;M;0;0;370
2,016E+11;16;5;10;245;3;1;1;1;6;232;101 RUE DOROTHEE DE DINO;M;4729000;30200;370
2,016E+11;16;6;2;715;1;1;1;2;1;232;;M;4729000;32500;370
2,016E+11;16;6;19;2245;3;1;1;1;6;123;;M;4738100;36200;370
2,016E+11;16;6;22;1230;1;1;1;3;1;14;;M;0;0;370
2,016E+11;16;1;10;1130;1;1;1;3;6;51;;M;0;0;370
2,016E+11;16;2;4;1945;3;1;3;2;1;278;LA CHARBAUDIERE;M;0;0;370
2,016E+11;16;2;25;1745;1;1;1;1;1;256;;M;0;0;370
2,016E+11;16;4;27;1215;1;1;1;1;3;196;;M;0;0;370
2,016E+11;16;5;5;2145;3;1;1;1;1;226;;M;0;0;370
2,016E+11;16;6;9;845;1;1;1;7;1;226;ROUTE DE SEPMES;M;0;0;370
2,016E+11;16;8;15;115;3;2;1;1;6;105;1 RUE GODARD;M;0;0;370
2,016E+11;16;8;24;815;1;1;1;1;1;178;;M;0;0;370
2,016E+11;16;8;30;2230;3;1;1;1;6;226;LIEU DIT LA LIBERTE;M;0;0;370
2,016E+11;16;9;7;1315;1;1;1;1;7;216;RUE DE SABLONNEAU;M;0;0;370
2,016E+11;16;2;18;1630;1;1;1;2;1;192;;M;4723500;90300;370
2,016E+11;16;2;21;2045;3;1;1;1;7;127;;M;4723300;109300;370
2,016E+11;16;5;28;1015;1;1;1;1;5;16;LIEU DIT GARENNE;M;4720000;92200;370
2,016E+11;16;7;19;1100;1;1;1;1;3;108;;M;0;0;370
2,016E+11;16;7;25;1600;1;1;1;1;1;53;;M;0;0;370
2,016E+11;16;7;26;1930;1;1;1;1;3;53;;M;0;0;370
2,016E+11;16;8;13;930;1;1;2;1;3;157;LIEU DIT LA BOIRE;M;4718600;132400;370
2,016E+11;16;10;2;1400;1;1;1;1;7;49;;M;4717500;97800;370
2,016E+11;16;1;10;1715;2;1;1;3;7;28;LIEUDIT  BEAUVAIS;M;4678700;99800;370
2,016E+11;16;4;12;1115;1;1;1;1;3;1;Lieudit RIVES;M;4694500;71100;370
2,016E+11;16;5;9;1200;1;1;1;1;6;94;LA SERCLERE;M;4703300;76500;370
2,016E+11;16;5;29;1645;2;2;1;1;6;115;LIEU-DIT RIVES;M;0;0;370
2,016E+11;16;5;27;1900;1;2;1;1;3;250;RUE NATIONALE;M;0;0;370
2,016E+11;16;6;24;530;2;1;1;1;1;85;LE BAS  VAU;M;4725100;88600;370
2,016E+11;16;7;18;2000;1;1;9;7;7;250;;M;4726100;71800;370
2,016E+11;16;7;19;2000;1;1;1;1;1;211;;M;0;0;370
2,016E+11;16;7;22;2015;1;2;1;1;6;6;LA BAUDINIERE;M;4728500;58300;370
2,016E+11;16;8;28;1015;1;2;9;1;3;159;rue du val de l'indre;M;4728200;62400;370
2,016E+11;16;10;3;1600;1;1;1;1;1;104;;M;0;0;370
2,016E+11;16;9;14;930;1;1;1;1;5;67;;M;4751930;143915;410
2,016E+11;16;1;21;1430;1;2;1;7;1;252;;M;4766235;144214;410
2,016E+11;16;2;26;1745;1;1;1;1;3;252;9 RUE DE LA GARE;M;4767719;145773;410
2,016E+11;16;4;27;2045;2;1;1;1;6;136;;M;4773217;150034;410
2,016E+11;16;4;28;1045;1;1;2;1;3;8;;M;4773055;155581;410
2,016E+11;16;6;8;1645;1;1;1;1;7;71;;M;4767491;162765;410
2,016E+11;16;8;1;945;1;1;1;1;7;136;;M;4771804;148423;410
2,016E+11;16;8;6;1300;1;2;2;1;3;136;RD 2152;M;4770386;151536;410
2,016E+11;16;11;4;2230;5;2;1;2;6;8;;M;4772549;157083;410
2,016E+11;16;12;12;745;5;2;2;2;6;288;Rue du moulin;M;4766250;137190;410
2,016E+11;16;12;18;545;5;2;1;5;6;220;14 rue nationale;M;4768811;156394;410
2,016E+11;16;4;16;1500;1;1;1;2;1;70;D207;M;0;0;330
2,016E+11;16;8;6;1945;1;2;2;1;6;214;V.PENETRANTE NORD;M;4500311;-118699;330
2,016E+11;16;10;9;1700;1;1;1;1;2;528;;M;0;0;330
2,016E+11;16;10;18;1745;1;1;1;1;1;97;;M;0;0;330
2,016E+11;16;1;4;1915;3;1;1;3;6;2;La Croix Rouge;M;4788147;-348384;290
2,016E+11;16;1;15;845;2;1;1;4;1;234;Ty Gueros;M;4788055;-348867;290
2,016E+11;16;2;17;130;3;1;1;1;6;234;Kergamp;M;4783537;-350182;290
2,016E+11;16;2;27;145;3;1;1;2;1;234;;M;4784982;-351375;290
2,016E+11;16;3;30;345;3;1;1;1;7;234;;M;4784961;-351105;290
2,016E+11;16;3;29;1615;1;2;1;1;1;233;rue de kerglanchard;M;4787649;-356073;290
2,016E+11;16;7;17;100;3;1;1;1;6;233;Kergostiou;M;4786275;-355224;290
2,016E+11;16;8;25;1815;1;1;1;1;5;2;Le Nivinen;M;4789615;-344926;290
2,016E+11;16;9;11;945;1;1;1;1;7;233;rue du Faouet;M;4787776;-354420;290
2,016E+11;16;9;20;1745;1;1;9;1;3;234;Petit KERMEC;M;4785533;-351350;290
2,016E+11;16;10;5;815;2;1;1;8;5;297;Beg An Hent;M;4788079;-353773;290
2,016E+11;16;11;6;245;3;1;1;1;6;234;Kerganet;M;4786303;-350656;290
2,016E+11;16;12;15;900;1;1;1;8;6;230;Villeneuve Combout ;M;0;0;290
2,016E+11;16;12;26;1700;2;2;7;1;6;233;kervail;M;4786982;-357516;290
2,016E+11;16;3;15;1900;1;1;1;1;7;236;Beg Penlan;M;4784329;-369363;290
2,016E+11;16;4;9;1415;1;1;1;1;6;150;Le petit Pariou;M;4782982;-361584;290
2,016E+11;16;4;28;1000;1;1;6;1;1;31;lann-Justce;M;4780075;-355529;290
2,016E+11;16;5;6;1700;1;1;1;1;7;31; Kerdreis;M;4779721;-354281;290
2,016E+11;16;10;17;1745;1;1;1;1;4;300;;M;4787734;-365344;290
2,016E+11;16;11;18;1215;1;1;1;1;6;236;;M;0;0;290
2,016E+11;16;11;21;1545;1;1;1;7;1;150;;M;4781840;-361914;290
2,016E+11;16;1;4;1330;1;1;1;2;7;281;Locunduff;M;4800630;-382268;290
2,016E+11;16;1;12;1900;3;1;1;8;1;241; route de Coray;M;4797617;-383286;290
2,016E+11;16;1;22;1815;3;1;1;2;2;146;Croas Men;M;4790732;0;290
2,016E+11;16;6;11;445;3;1;1;1;6;146;Rte de Rosporden KERAMPA;M;4789765;-380369;290
2,016E+11;16;7;1;1515;1;1;1;1;7;4;Loretta;M;4795232;-372175;290
2,016E+11;16;8;1;1400;1;1;1;1;7;274; kergroach ;M;4799851;-370246;290
2,016E+11;16;8;16;1900;1;2;1;7;6;241;rue de scaer;M;4796106;-381319;290
2,016E+11;16;10;12;1500;1;1;1;1;1;49;Kerzoues;M;4798277;-387101;290
2,016E+11;16;11;24;1830;3;1;1;1;2;4;Saint Adrien;M;4797019;-370977;290
2,016E+11;16;12;2;630;4;2;1;9;1;241;rue de Bannalec;M;4795486;-381093;290
2,016E+11;16;2;17;1300;1;2;1;1;1;88;cd5;M;4336385;523896;130
2,016E+11;16;12;10;1500;1;1;1;1;1;88;Vallon du Gipier;M;4336157;527109;130
2,016E+11;16;5;6;600;2;2;1;1;7;28;R DU GOULOT;M;4905770;234540;950
2,016E+11;16;6;6;2355;5;2;1;1;6;20;64 rue georges CLEMENCEA;M;4717627;-157910;440
2,016E+11;16;6;20;2045;1;2;1;2;6;20;65 rue des pontreaux;M;4717722;-160340;440
2,016E+11;16;8;23;2345;5;1;6;1;2;20;rd pt victor schoelcher;M;4718649;-160118;440
2,016E+11;16;11;3;1445;1;2;1;1;6;20;Rue Jules Vallés;M;4717474;-156920;440
2,016E+11;16;11;7;1550;1;2;6;7;3;20;rue Gustave Gustavsburg;M;4717402;-160997;440
2,016E+11;16;4;11;1515;1;2;6;1;2;199;Cr Verdun - Av cezarée;M;0;0;330
2,016E+11;16;6;20;1000;1;2;6;1;1;199;Inters D260 D650E3;M;0;0;330
2,016E+11;16;6;30;1845;1;2;1;1;7;199;66 R.Dejean Castaing;M;4463126;-110490;330
2,016E+11;16;8;8;245;5;2;1;1;6;199;Av Ml Lattre de Tassigny;M;4463953;-111789;330
2,016E+11;16;9;10;2145;5;2;1;1;1;199;33 Crs de VERDUN;M;4463616;-107613;330
2,016E+11;16;10;15;1300;1;2;1;1;1;199;26 CRS REPUBLIQUE;M;4463740;-106747;330
2,016E+11;16;12;27;1800;2;2;1;1;3;199;6 cours de verdun;M;4463637;-107210;330
2,016E+11;16;1;5;1445;1;1;1;2;1;205;;M;4573010;126599;870
2,016E+11;16;3;25;1945;3;1;1;2;1;205;;M;4573030;126653;870
2,016E+11;16;6;23;700;2;1;1;1;6;19;;M;4574640;130781;870
2,016E+11;16;7;16;915;1;1;1;1;2;169;;M;4568700;122800;870
2,016E+11;16;12;21;1745;3;1;1;1;5;148;;M;4571560;138152;870
2,016E+11;16;1;6;1855;5;2;1;1;1;155;50, LIBERTE AV.DE LA;M;4356659;707062;60
2,016E+11;16;1;15;1500;1;2;3;1;5;4;NICE(RN.7) AV.ET RTE DE;;;;60
2,016E+11;16;1;15;1700;2;2;1;1;3;155;50, LIBERTE AV.DE LA;M;4356655;707067;60
2,016E+11;16;1;17;435;5;2;1;1;6;155;1070, SAINT BERNARD CH.;M;4358761;705557;60
2,016E+11;16;1;24;1250;1;2;3;1;1;4;48, CANNES(RN.7) AV.DE;M;4357343;708746;60
2,016E+11;16;2;1;1140;1;2;1;1;1;4;32, ROSTAGNE AV.DE LA;M;4356986;711949;60
2,016E+11;16;2;9;30;5;2;1;1;6;4;440, NICE(RN.7) AV.ET RT;M;4360531;712336;60
2,016E+11;16;2;10;1500;1;2;3;1;3;4;15, ALBERT 1ER BD ET SQU;M;4357877;712260;60
2,016E+11;16;2;10;550;5;2;1;1;7;155;148, LIBERTE AV.DE LA;M;4356960;707827;60
2,016E+11;16;2;19;2030;5;2;2;1;5;4;301, BIOT (CD.4) RTE DE;M;4336464;707283;60
2,016E+11;16;2;23;1600;1;2;3;7;6;4;VILMORIN AV.ET SQUARE;M;4357334;710905;60
2,016E+11;16;3;8;1310;1;2;1;1;3;4;4 BIS, FOURNEL BADINE CH;M;4357955;711712;60
2,016E+11;16;3;8;1445;1;2;1;1;3;4;CARRIAT AV.BENOIT;M;4358512;710714;60
2,016E+11;16;3;10;845;1;2;1;1;6;4;20, ALBERT 1ER BD ET SQU;M;4357880;712257;60
2,016E+11;16;3;11;900;1;2;3;1;3;4;1, CHATAIGNIERS AV.DU;M;4358058;711717;60
2,016E+11;16;3;14;825;1;2;4;1;2;155;196, LIBERTE AV.DE LA;M;4357095;708206;60
2,016E+11;16;3;19;1246;1;2;1;1;3;4;1595, BRETON BD ANDRE;;;;60
2,016E+11;16;3;20;1852;5;2;1;1;3;4;480, NICE(RN.7) AV.ET RT;M;4360428;712300;60
2,016E+11;16;3;21;1430;1;2;1;1;6;4;SAINT CLAUDE CH.DE;M;4359562;710621;60
2,016E+11;16;3;29;1550;1;2;2;1;3;4;35, GARDIOLE BACON BD;M;4356252;713651;60
2,016E+11;16;3;29;1640;1;2;1;1;5;4;544, TROIS MOULINS RUE D;M;4336116;704259;60
2,016E+11;16;3;31;755;1;1;2;1;3;4;CHATAIGNIERS AV.DU;M;4358091;711494;60
2,016E+11;16;4;12;130;5;2;1;1;6;4;849, GARDIOLE BACON BD;M;4334073;708228;60
2,016E+11;16;4;12;2029;2;2;1;1;6;155;57, ROUSTAN AV.ET BD DES;M;4356594;707458;60
2,016E+11;16;4;12;1325;1;2;1;1;1;4;14, CHATAIGNIERS AV.DU;M;4358091;711492;60
2,016E+11;16;4;18;1645;1;2;1;1;1;4;258, SAINT MAYMES CH.DE;M;4357917;708551;60
2,016E+11;16;4;20;1550;1;2;3;1;2;155;220, LIBERTE AV.DE LA;M;4357224;708427;60
2,016E+11;16;4;20;1843;1;2;1;1;6;4;13, ROCHAT AV.PHILIPPE;M;4358520;711694;60
2,016E+11;16;5;5;730;1;1;1;1;5;155;1336, RD6007;M;4357229;708438;60
2,016E+11;16;5;13;2122;5;2;9;1;3;155;128, LIBERTE AV.DE LA;M;4334102;704369;60
2,016E+11;16;5;16;2038;1;2;1;1;3;4;2793, SAINT CLAUDE CH.DE;M;4336092;705114;60
2,016E+11;16;5;17;2048;5;2;2;1;3;4;JOFFRE AV.MARECHAL;M;4334097;706389;60
2,016E+11;16;5;20;1428;1;2;1;1;6;4;83, WILSON BD;M;4357212;711548;60
2,016E+11;16;5;22;2333;4;2;1;1;6;4;RD6098;M;4336126;707318;60
2,016E+11;16;5;24;1323;1;2;2;1;6;4;GRASSE RTE DE;M;4360269;708782;60
2,016E+11;16;5;25;1300;1;2;1;1;3;4;59, NICE(RN.7) AV.ET RTE;;;;60
2,016E+11;16;5;26;1930;1;2;1;1;3;4;1219, SAINT CLAUDE CH.DE;M;4359800;710338;60
2,016E+11;16;5;28;1955;1;2;2;1;6;4;712, SARRAZINE AV.DE LA;M;4335419;706247;60
2,016E+11;16;6;4;615;2;2;1;1;6;4;2661, SAINT CLAUDE CH.DE;M;4360256;708714;60
2,016E+11;16;6;4;1600;1;2;2;2;3;4;BIOT (CD.4) RTE DE;M;4361292;712452;60
2,016E+11;16;6;9;1930;1;2;1;3;1;4;635, QUATRE CHEMINS CH.D;M;4360267;711549;60
2,016E+11;16;6;24;830;1;2;3;1;3;4;POINCARE BD RAYMOND;M;4357355;710032;60
2,016E+11;16;6;25;2210;5;1;1;1;5;4;RD6098;M;4335477;707313;60
2,016E+11;16;7;13;845;1;2;1;1;6;4;BOURGEOIS AV.GASTON;;;;60
2,016E+11;16;7;13;2330;3;2;1;1;6;4;VERDUN AV.DE;M;4358393;712532;60
2,016E+11;16;7;13;2330;5;2;1;1;7;4;796, NICE(RN.7) AV.ET RT;M;4336251;707249;60
2,016E+11;16;7;17;1500;1;2;1;1;6;155;1856, SAINT BERNARD CH.;M;4359347;705686;60
2,016E+11;16;7;17;1950;1;2;1;1;4;4;1, VAUTRIN BD DU GENERAL;M;4358485;711864;60
2,016E+11;16;7;20;948;1;2;1;1;6;4;1620, GREC AV.JULES;M;4360134;711277;60
2,016E+11;16;7;22;2047;2;1;1;8;7;4;1, BORD DE MER RN.98 LA;M;4336370;707350;60
2,016E+11;16;7;24;100;5;1;1;8;6;4;1, RD6007;;;;60
2,016E+11;16;7;24;945;1;2;1;1;5;4;1587, SAINT CLAUDE CH.DE;M;4335588;705599;60
2,016E+11;16;7;24;1550;1;1;1;1;3;4;GRASSE RTE DE;M;4360321;706363;60
2,016E+11;16;7;27;2004;1;2;1;1;5;4;832, NICE(RN.7) AV.ET RT;M;4360730;712415;60
2,016E+11;16;7;30;333;5;2;1;1;7;4;C.D. 35 BIS;M;4335269;705325;60
2,016E+11;16;7;30;940;1;2;2;1;3;4;753, GAROUPE CH.DE LA;M;4355490;713304;60
2,016E+11;16;7;30;2239;5;2;1;1;3;4;3345, NICE(RN.7) AV.ET R;;;;60
2,016E+11;16;8;2;1750;1;2;1;1;6;155;07, POURTALET AV.HENRI;M;4358068;705544;60
2,016E+11;16;8;8;2353;5;2;3;1;3;4;5, WILSON BD;M;4334459;707137;60
2,016E+11;16;8;10;2141;5;2;3;1;3;4;65, POINCARE BD RAYMOND.;M;4334197;706153;60
2,016E+11;16;8;14;157;5;2;1;1;3;4;30, POINCARE BD RAYMOND.;M;4357319;711444;60
2,016E+11;16;8;20;2025;2;2;1;1;3;4;477, GREC AV.JULES;M;4359151;711662;60
2,016E+11;16;8;21;1530;1;2;1;1;3;4;SAINT CLAUDE CH.DE;M;4360291;708674;60
2,016E+11;16;8;22;1515;1;2;1;1;6;4;SAINT CLAUDE CH.DE;;;;60
2,016E+11;16;8;23;1308;1;1;1;1;6;155;742, LIBERTE AV.DE LA;M;4355754;706261;60
2,016E+11;16;8;25;2120;5;1;1;1;3;4;SAINT JEAN RTE ET CH.DE;;;;60
2,016E+11;16;9;1;2330;5;2;3;1;3;4;CANNES(RN.7) AV.DE;M;4334244;705146;60
2,016E+11;16;9;3;1530;1;2;1;1;6;4;NOVEMBRE 11 AVE;M;4358779;712140;60
2,016E+11;16;9;3;1619;1;2;2;1;3;155;42, DEUX VALLONS BD DES;M;4357690;705295;60
2,016E+11;16;9;4;625;5;2;1;1;6;4;45, REIBAUD AV.;M;4358471;711430;60
2,016E+11;16;9;7;2330;5;1;1;1;6;155;RD6007;M;4355218;705784;60
2,016E+11;16;9;13;1400;1;2;1;1;2;4;35, CANNES(RN.7) AV.DE;M;4357505;709414;60
2,016E+11;16;9;14;1110;1;2;1;1;6;155;3, TAPIS VERT AV.DU;M;4357625;705676;60
2,016E+11;16;9;17;1145;1;2;2;1;3;4;SUQUETTE CH.DE LA;M;4360428;710641;60
2,016E+11;16;9;21;1830;1;2;1;8;6;4;NICE(RN.7) AV.ET RTE DE;M;4360346;712283;60
2,016E+11;16;9;22;1800;2;2;1;1;6;155;122, LIBERTE AV.DE LA;M;4356952;707631;60
2,016E+11;16;9;28;1315;1;1;1;1;1;155;296, LIBERTE AV.DE LA;;;;60
2,016E+11;16;9;29;1315;1;2;1;1;3;4;CAP BD DU;;;;60
2,016E+11;16;10;2;2130;5;1;1;1;5;155;RD6007;;;;60
2,016E+11;16;10;8;1257;1;2;1;1;3;4;427, AMES DU PURGATOIRE;M;4359052;710001;60
2,016E+11;16;10;8;2040;5;2;3;1;3;4;1257, RD6007;M;4336411;707341;60
2,016E+11;16;10;11;841;1;1;1;3;1;155;742, LIBERTE AV.DE LA;M;4355771;706270;60
2,016E+11;16;10;8;1050;1;2;1;1;3;4;EUCALYPTUS AV.ET CH.DES;M;4357825;790334;60
2,016E+11;16;10;21;1430;1;2;1;1;6;4;51, CANNES(RN.7) AV.DE;M;4357386;709087;60
2,016E+11;16;10;27;1910;5;2;1;1;6;4;2081, NICE(RN.7) AV.ET R;M;4361802;712882;60
2,016E+11;16;10;30;915;1;2;1;1;7;155;41, CANNES AV.DE;M;4357596;704978;60
2,016E+11;16;11;8;1035;1;2;1;1;6;4;736, GAROUPE BD DE LA;;;;60
2,016E+11;16;11;14;1530;1;2;1;1;6;4;230, FONTONNE AV. DE LA;M;4360009;711870;60
2,016E+11;16;11;22;1111;1;2;1;3;4;4;420, NICE(RN.7) AV.ET RT;M;4360338;712474;60
2,016E+11;16;11;23;730;2;1;1;2;1;155;690, LIBERTE AV.DE LA;M;4355823;706324;60
2,016E+11;16;11;28;1505;1;2;1;1;3;155;1609, SAINT BERNARD CH.;M;4359035;705823;60
2,016E+11;16;11;30;1152;1;2;9;1;6;4;GRASSE RTE DE;M;4359618;709052;60
2,016E+11;16;12;4;1300;1;2;1;1;3;4;233, GRASSE RTE DE;M;4359209;710366;60
2,016E+11;16;12;6;1727;5;1;1;1;6;4;1245, GREC AV.JULES;M;4359771;711355;60
2,016E+11;16;12;8;1030;1;2;3;1;3;4;40, ROCHAT AV.PHILIPPE;M;4358602;711275;60
2,016E+11;16;12;8;1810;5;2;7;1;1;4;41, REIBAUD AV.;M;4358436;711518;60
2,016E+11;16;12;27;1210;1;2;6;1;6;4;2370, PELISSIER AV.JEAN;M;4360775;711144;60
2,016E+11;16;1;2;2150;5;2;1;1;3;27;GARE AVENUE DE LA;;;;60
2,016E+11;16;1;6;940;1;2;1;1;6;27;ALPES AVENUE DES;;;;60
2,016E+11;16;1;9;1715;1;2;1;1;6;27;33, GARE AVENUE DE LA;M;4365745;714741;60
2,016E+11;16;1;10;950;1;2;3;1;6;123;JEANNE D'ARC AVENUE;M;4366557;718678;60
2,016E+11;16;1;12;1325;1;2;1;1;4;27;36, NICE AVENUE DE (RN7);M;4365668;715627;60
2,016E+11;16;1;14;1825;5;2;3;1;3;27;GRASSE AVENUE DE;M;4365807;714301;60
2,016E+11;16;1;25;1600;1;2;1;1;6;27;71, FRANCE ROUTE DE;M;4366150;713018;60
2,016E+11;16;1;26;855;1;2;3;1;3;27;BUFFON RUE;M;4365696;714562;60
2,016E+11;16;1;27;1525;1;2;1;1;2;123;BORD DE MER RN 98;;;;60
2,016E+11;16;1;29;1030;1;2;1;1;6;27;PLAGE BOULEVARD DE LA;;;;60
2,016E+11;16;1;29;1500;1;2;1;1;2;123;BORD DE MER RN 98;;;;60
2,016E+11;16;2;6;520;5;2;1;1;1;123;MOATTI PASSAGE;;;;60
2,016E+11;16;2;1;1600;1;2;1;1;1;27;39, SALLES CHEMIN DES;M;4367109;714717;60
2,016E+11;16;2;5;1430;1;2;1;1;6;27;GARE AVENUE DE LA;;;;60
2,016E+11;16;2;5;1735;1;2;1;1;3;27;PROMENADE DE L HIPPODROM;M;4364751;714834;60
2,016E+11;16;2;18;1330;1;2;3;1;6;123;VESPINS ROUTE DES;M;4366044;718301;60
2,016E+11;16;2;11;800;1;2;1;1;6;27;34, GAUDE AVENUE DE LA;M;4366744;715212;60
2,016E+11;16;2;21;1630;1;2;1;1;2;27;68, NICE AVENUE DE (RN7);M;4365841;716113;60
2,016E+11;16;2;23;1910;1;2;1;1;6;27;JEAN PIERRE AVENUE DU CO;;;;60
2,016E+11;16;2;24;1000;1;2;1;1;3;27;67, VAL FLEURI CHEMIN DU;M;4366650;716892;60
2,016E+11;16;3;4;1330;1;2;3;1;2;123;OSSOLA JEAN BOULEVARD;M;4366881;718937;60
2,016E+11;16;3;7;850;1;2;1;1;6;27;CHENES AVENUE DES;;;;60
2,016E+11;16;3;8;1200;1;2;3;1;3;27;VENCE ROUTE DE;;;;60
2,016E+11;16;3;11;825;1;2;6;1;6;27;SCHUMAN ROND POINT MAURI;;;;60
2,016E+11;16;3;15;1805;1;2;1;1;4;123;MOSCHETTI RUE;;;;60
2,016E+11;16;3;18;1845;1;2;6;1;3;27;DRAKKAR ROND POINT;;;;60
2,016E+11;16;3;22;850;1;2;3;1;6;123;DE GAULLE GENERAL AVENUE;M;4366366;719379;60
2,016E+11;16;3;24;2020;5;2;3;1;3;27;BESSET AVENUE CYRILLE;M;4365972;715978;60
2,016E+11;16;3;24;950;1;2;1;1;2;123;PUGETS ROUTE DES;;;;60
2,016E+11;16;3;29;1000;1;2;1;1;6;27;10, CANNES AVENUE DE (RN;M;4365481;715013;60
2,016E+11;16;3;29;1740;1;2;1;1;6;27;BRECQ CHEMIN DU;M;4367141;714883;60
2,016E+11;16;4;4;950;1;2;1;1;2;27;89, NICE AVENUE DE (RN7);M;4365919;716529;60
2,016E+11;16;4;4;1100;1;2;1;1;3;27;76, GRASSE AVENUE DE;M;4365930;713517;60
2,016E+11;16;4;9;335;5;2;1;1;7;123;BORD DE MER RN 98;;;;60