Num_Acc;an;mois;jour;hrmn;lum;agg;int;atm;col;com;adr;gps;lat;long;dep
2,016E+11;16;4;13;1300;1;2;2;1;2;27;NICE AVENUE DE (RN7);M;4366072;717716;60
2,016E+11;16;4;13;1420;1;2;1;1;4;123;87, CURIE PIERRE ET MARI;M;4368358;718849;60
2,016E+11;16;4;14;1815;1;2;3;1;6;27;ST LAURENT CHEMIN DE;M;4366610;717567;60
2,016E+11;16;4;19;1030;1;2;3;1;6;27;RUE DES FRESNES;;;;60
2,016E+11;16;4;20;835;1;2;1;1;1;27;JEAN PIERRE AVENUE DU CO;M;4367098;715129;60
2,016E+11;16;4;21;1300;1;2;1;1;3;123;PAGNOL MARCEL BOULEVARD;M;4366721;718167;60
2,016E+11;16;4;23;1845;1;2;1;1;3;27;76, VAL FLEURI CHEMIN DU;M;4366735;716760;60
2,016E+11;16;4;24;2020;2;2;3;1;3;123;PLANS AVENUE DES;M;4367393;718758;60
2,016E+11;16;4;30;1735;1;2;3;1;3;27;FAUVETTES AVENUE DES;;;;60
2,016E+11;16;5;1;1040;1;2;1;1;6;27;GARE AVENUE DE LA;;;;60
2,016E+11;16;5;4;1435;1;2;1;1;2;27;31, BESSET AVENUE CYRILL;;;;60
2,016E+11;16;5;5;1945;1;2;1;1;6;123;922, DE GAULLE GENERAL A;;;;60
2,016E+11;16;5;14;800;1;2;1;1;6;123;225, PROVENCE BOULEVARD;;;;60
2,016E+11;16;5;26;1620;1;2;3;1;2;123;VESPINS ROUTE DES;;;;60
2,016E+11;16;6;8;1010;1;2;3;1;3;123;BORD DE MER RN 98;;;;60
2,016E+11;16;6;10;1815;1;2;1;1;3;27;GARE AVENUE DE LA;;;;60
2,016E+11;16;6;17;1920;1;2;1;1;6;27;8, 11 NOVEMBRE COURS DU;M;4366160;714988;60
2,016E+11;16;6;18;920;1;2;1;1;2;123;30, GARE ROUTE DE LA;M;4366049;718999;60
2,016E+11;16;6;18;1035;1;2;3;1;3;123;BORD DE MER RN 98;M;4366162;719421;60
2,016E+11;16;6;18;1300;1;2;1;1;6;123;LA PEROUSE QUAI;M;4365648;718094;60
2,016E+11;16;6;18;400;5;2;1;1;6;27;110, PLAGE BOULEVARD DE;M;4365708;717292;60
2,016E+11;16;7;2;1815;1;2;1;1;3;123;959, CURIE PIERRE ET MAR;;;;60
2,016E+11;16;5;28;1915;1;2;1;1;3;123;110, DELATTRE DE TASSIGN;;;;60
2,016E+11;16;7;6;850;1;2;1;1;1;27;88, VALLON DES VAUX CHEM;M;4367994;715625;60
2,016E+11;16;7;6;1700;1;2;1;1;6;27;ALPES AVENUE DES;;;;60
2,016E+11;16;7;13;2330;5;2;1;1;3;27;16, CANNES AVENUE DE (RN;M;4365380;714831;60
2,016E+11;16;7;14;1720;1;2;2;1;6;27;BESSET AVENUE CYRILLE;;;;60
2,016E+11;16;7;14;2135;2;2;2;1;3;27;NICE AVENUE DE (RN7);;;;60
2,016E+11;16;7;16;35;5;2;1;1;1;27;40, FERAUD RUE JEAN;;;;60
2,016E+11;16;8;5;2022;2;2;4;1;3;27;CANNES AVENUE DE (RN7);;;;60
2,016E+11;16;7;26;1200;1;2;3;1;3;123;ESPARTE CHEMIN DE L';;;;60
2,016E+11;16;8;12;1715;1;2;6;1;3;27;DRAKKAR ROND POINT;M;4366284;713190;60
2,016E+11;16;8;15;1240;1;2;6;1;3;27;DRAKKAR ROND POINT;M;4339460;707550;60
2,016E+11;16;8;16;1400;1;2;1;1;2;123;BORD DE MER RN 98;;;;60
2,016E+11;16;8;20;1505;1;2;1;1;6;123;602, DE GAULLE GENERAL A;M;4340030;711350;60
2,016E+11;16;8;22;1930;1;2;1;1;3;123;954, BARONNE ROUTE DE LA;;;;60
2,016E+11;16;9;9;820;1;2;3;1;3;27;22, VAL FLEURI CHEMIN DU;M;4366188;717277;60
2,016E+11;16;8;23;230;5;2;1;1;3;27;NICE AVENUE DE (RN7);M;4366051;717651;60
2,016E+11;16;9;19;1850;1;2;3;1;3;123;ISCLES CHEMIN DES;M;4370328;718459;60
2,016E+11;16;9;20;2230;5;2;1;1;2;123;GARE ROUTE DE LA;;;;60
2,016E+11;16;9;22;1030;1;2;2;1;6;27;DE GAULLE PLACE CHARLES;M;4366384;715094;60
2,016E+11;16;8;25;1530;1;2;1;1;3;123;VESPINS ROUTE DES;M;4939360;711170;60
2,016E+11;16;9;30;1610;1;2;1;1;3;123;CURIE PIERRE ET MARIE AV;M;4341420;711050;60
2,016E+11;16;10;1;2000;5;2;1;1;3;27;37, BESSET AVENUE CYRILL;M;4339470;709170;60
2,016E+11;16;10;3;1050;1;2;1;1;2;123;243, LECLERC GENERAL AVE;M;4340260;711240;60
2,016E+11;16;10;3;1806;1;2;3;1;5;123;547, FAHNESTOCK G. CORNI;M;4340280;711060;60
2,016E+11;16;10;7;1015;1;2;1;1;7;123;., AGRIMONT CORNICHE D';;;;60
2,016E+11;16;10;7;1410;1;2;2;1;3;27;PLATANES ALLEE DES;M;4339580;709040;60
2,016E+11;16;10;8;1320;1;2;1;1;3;27;07, NEGRO RUE LOUIS;M;4366372;715254;60
2,016E+11;16;10;8;1405;1;2;1;1;2;27;76, ALPES AVENUE DES;;;;60
2,016E+11;16;10;13;1150;1;2;1;3;2;123;ROND POINT COUBERTIN;M;4340190;711360;60
2,016E+11;16;10;13;1315;1;2;3;3;6;27;., COLLE AVENUE DE LA;M;4339540;707260;60
2,016E+11;16;10;15;1432;1;2;6;1;3;123;VERDUN AVENUE DE;M;4365885;719030;60
2,016E+11;16;10;18;1545;1;2;1;1;3;123;172, FRANCE D'OUTRE MER;M;4365910;719118;60
2,016E+11;16;10;22;1535;1;2;1;1;6;123;408, BORD DE MER RN 98;M;4339430;711430;60
2,016E+11;16;10;24;1158;1;1;1;1;6;27;POMPIDOU AVENUE GEORGES;M;4366300;715399;60
2,016E+11;16;10;26;1445;1;2;1;1;3;27;NICE AVENUE DE (RN7);M;4365807;716012;60
2,016E+11;16;10;27;1515;1;2;9;1;6;123;PARKING CAP 3000;;;;60
2,016E+11;16;10;29;1255;1;2;1;1;3;27;ST LAURENT CHEMIN DE;M;4339580;710310;60
2,016E+11;16;10;30;1145;1;1;1;1;6;27;12, GIONO RUE JEAN;M;4365858;716733;60
2,016E+11;16;11;1;1845;5;2;1;1;3;27;03, GRASSE AVENUE DE;M;4339240;708450;60
2,016E+11;16;11;4;2139;5;2;1;2;3;123;JOUHAUD EDMOND ESPLANADE;;;;60
2,016E+11;16;11;15;1020;1;2;1;1;3;123;417, PUGETS AVENUE DES;M;4367917;718831;60
2,016E+11;16;11;16;945;1;2;1;1;3;27;BOUCHER RUE HELENE;M;4339340;708440;60
2,016E+11;16;11;16;1020;1;2;1;1;6;123;1881, CURIE PIERRE ET MA;;;;60
2,016E+11;16;11;17;1150;1;2;1;1;2;123;CURIE PIERRE ET MARIE AV;M;4341080;711160;60
2,016E+11;16;11;20;1205;1;2;1;1;3;27;VERDUN AVENUE DE;;;;60
2,016E+11;16;11;21;1405;1;1;1;2;1;27;3690, GAUDE AVENUE DE LA;M;4369548;714902;60
2,016E+11;16;11;21;1920;5;2;1;2;3;27;NICE AVENUE DE (RN7);;;;60
2,016E+11;16;11;28;1640;1;2;3;1;3;27;GRASSE AVENUE DE;M;4339300;708290;60
2,016E+11;16;12;1;2000;5;2;1;1;6;123;256, DE GAULLE GENERAL A;M;4366466;719356;60
2,016E+11;16;12;5;928;1;1;1;1;5;123;CURIE PIERRE ET MARIE AV;M;4368591;718752;60
2,016E+11;16;12;15;650;5;2;2;1;1;27;VAL FLEURI CHEMIN DU;M;4366552;717027;60
2,016E+11;16;12;15;844;1;2;3;1;1;27;, DONAT AVENUE DOCTEUR M;M;4366076;714774;60
2,016E+11;16;12;16;1800;5;2;1;1;6;123;MOATTI PASSAGE;M;4366181;719356;60
2,016E+11;16;12;16;2229;5;2;1;1;1;123;MOATTI PASSAGE;;;;60
2,016E+11;16;12;18;1725;5;2;1;1;1;27;CHENES AVENUE DES;;;;60
2,016E+11;16;12;19;1300;1;2;1;2;6;27;ST LAURENT CHEMIN DE;;;;60
2,016E+11;16;12;19;1720;5;2;1;2;6;27;FRANCE ROUTE DE;;;;60
2,016E+11;16;12;21;645;1;2;1;8;2;123;158, BORD DE MER RN 98;;;;60
2,016E+11;16;12;21;1330;1;2;1;1;2;123;520, GARE ROUTE DE LA;M;4366248;719514;60
2,016E+11;16;12;16;1610;1;2;9;1;6;27;BESSET AVENUE CYRILLE;;;;60
2,016E+11;16;12;28;1625;1;2;1;1;1;27;15, ESPARTES CHEMIN DES;M;4366374;717453;60
2,016E+11;16;1;8;745;1;2;1;1;6;30;1033, CARIMAI (RUE);M;4357485;698732;60
2,016E+11;16;1;12;945;1;2;1;1;7;29;58, CROISETTE (BOULEVARD;M;4354933;702651;60
2,016E+11;16;1;12;1640;1;2;1;1;6;30;00, ROOSEVELT (AVENUE FR;;;;60
2,016E+11;16;1;15;810;1;2;1;1;3;29;24, PICAUD (AVENUE DU DO;;;;60
2,016E+11;16;1;15;916;1;2;1;1;3;29;50, VALLAURIS (AVENUE DE;M;4355786;702611;60
2,016E+11;16;1;16;1514;1;2;1;1;1;30;46, ROOSEVELT (AVENUE FR;;;;60
2,016E+11;16;1;21;1445;1;2;1;1;1;29;00, GRASSE (AVENUE DE);M;4355454;701609;60
2,016E+11;16;1;27;715;2;2;1;1;6;29;119, TONNER (AVENUE FRAN;M;4354944;697416;60
2,016E+11;16;1;30;1224;1;2;1;1;3;29;00, JOURDAN (AVENUE MICH;;;;60
2,016E+11;16;2;4;1541;1;2;1;1;2;29;REPUBLIQUE (BOULEVARD DE;;;;60
2,016E+11;16;2;11;1742;1;2;1;1;1;30;00, CAMPON (RUE;;;;60
2,016E+11;16;2;20;854;1;1;1;1;6;30;110, CARNOT (BOULEVARD);M;4333560;701000;60
2,016E+11;16;3;1;1825;5;2;1;1;6;30;50, MONTJOLI (AVENUE DU);M;4358008;700942;60
2,016E+11;16;3;2;1200;1;2;1;1;6;29;MASSENA (RUE);M;4333560;701000;60
2,016E+11;16;3;8;1120;1;2;1;1;6;30;FOCH (PLACE MARECHAL);M;4334080;700190;60
2,016E+11;16;3;14;805;1;2;1;1;3;29;01, SHAKESPEARE (RUE);M;4356198;701755;60
2,016E+11;16;3;19;1652;1;2;1;1;1;29;00, BERGIA (PLACE HENRI);;;;60
2,016E+11;16;3;20;1950;5;2;1;1;3;29;10, VALLOMBROSA (BOULEBA;M;4333100;700240;60
2,016E+11;16;3;22;755;1;2;1;1;6;29;64, JOURDAN (AVENUE MICH;M;4355277;697666;60
2,016E+11;16;3;22;1740;1;2;1;1;7;30;106, SADI CARNOT (BOULEV;M;4334492;700401;60
2,016E+11;16;3;25;1203;1;2;1;1;3;29;80, REPUBLIQUE (BOULEVAR;M;4355854;702204;60
2,016E+11;16;3;30;1015;1;2;1;1;1;30;110, SADI CARNOT (BOULEV;M;4356645;701650;60
2,016E+11;16;4;2;1007;1;2;1;1;3;29;MIDI (BOULEVARD DU);M;4354902;700445;60
2,016E+11;16;4;8;1537;1;2;1;1;2;29;175, TONNER (AVENUE FRAN;M;4354972;696758;60
2,016E+11;16;4;11;1508;1;2;1;1;6;30;34, SADI CARNOT (BOULEVA;M;4334329;701031;60
2,016E+11;16;4;13;1149;1;2;1;1;6;29;56, PICAUD (AVENUE DU DO;M;4355048;699254;60
2,016E+11;16;4;14;1445;1;2;1;1;4;30;99, CAMPON (RUE;M;4334101;700590;60
2,016E+11;16;4;19;720;1;2;1;1;3;29;15, HIBERT (BOULEVARD JE;M;4354843;700944;60
2,016E+11;16;4;21;1316;1;2;1;1;1;29;07, BUISSONS ARDENTS;M;4355843;696641;60
2,016E+11;16;4;22;1153;1;2;1;1;7;29;00, PANTIERO (PROMENADE;M;4355148;701465;60
2,016E+11;16;4;22;1520;1;2;1;1;3;29;00, GRASSE (AVENUE DE);M;;;60
2,016E+11;16;4;24;1940;1;2;1;1;6;29;47, CHEVALIER (AVENUE MA;M;4355455;695956;60
2,016E+11;16;4;12;1700;1;2;1;1;6;29;1, VOLTA (RUE);M;4333097;701453;60
2,016E+11;16;4;27;903;1;2;1;1;6;29;26, MIDI (BOULEVARD DU);;;;60
2,016E+11;16;4;29;1620;1;2;1;1;5;30;33, DOUMER (BOULEVARD PA;M;4356828;701192;60
2,016E+11;16;4;29;1650;1;2;1;1;6;29;10, ANCIENS COMBATTANTS;;;;60
2,016E+11;16;5;2;1545;1;2;1;1;2;30;61, ROOSEVELT (AVENUE FR;;;;60
2,016E+11;16;5;7;1152;1;2;1;1;3;29;00, VALLAURIS (AVENUE DE;M;4355887;703041;60
2,016E+11;16;5;10;900;1;2;1;1;2;30;CAMPON (RUE;;;;60
2,016E+11;16;5;12;1348;1;2;1;1;3;29;00, ANCIENS COMBATTANTS;M;4355275;701084;60
2,016E+11;16;5;14;1554;1;2;1;1;3;30;83, ROOSEVELT (AVENUE FR;M;4357415;699931;60
2,016E+11;16;5;14;1651;1;2;1;1;3;29;00, PICAUD (AVENUE DU DO;M;4355049;699365;60
2,016E+11;16;5;16;650;1;2;1;1;6;30;95, SADI CARNOT (BOULEVA;M;4356984;701633;60
2,016E+11;16;5;18;2045;2;2;1;1;3;29;00, BORDE (AVENUE DE LA);M;4356740;696758;60
2,016E+11;16;5;19;1920;1;2;1;1;6;29;15, RIOU (BOULEVARD DU);M;4356445;700233;60
2,016E+11;16;5;17;920;1;2;1;1;3;29;00, BORDE (AVENUE DE LA);M;4356725;696708;60
2,016E+11;16;5;21;1120;1;2;1;1;7;30;106, SADI CARNOT (BOULEV;M;4356275;701670;60
2,016E+11;16;5;21;1529;1;2;1;1;3;30;15, MONOD (RUE JEAN);M;4334352;659500;60
2,016E+11;16;5;21;1736;1;2;1;1;6;29;42, JUIN (AVENUE MARECHA;;;;60
2,016E+11;16;5;21;1800;1;2;1;1;6;29;119, MIDI (BOULEVARD DU);;;;60
2,016E+11;16;5;21;1815;1;2;1;1;6;30;74, ROOSEVELT (AVENUE FR;;;;60
2,016E+11;16;5;22;1425;1;2;1;1;6;30;74, CANNES (RUE DE);;;;60
2,016E+11;16;5;23;900;1;1;1;1;6;29;2, FAUVETTES (RUE DES);;;;60
2,016E+11;16;5;30;932;1;2;1;1;6;29;107, MIDI (BOULEVARD DU);;;;60
2,016E+11;16;6;2;1835;1;1;1;1;6;29;110, REPUBLIQUE (BOULEVA;;;;60
2,016E+11;16;6;6;1450;1;2;1;1;3;29;59, TONNER (AVENUE FRANC;M;4354952;697858;60
2,016E+11;16;6;12;1950;1;1;1;1;6;30;01, AUBAREDE (CHEMIN DE;M;4357309;698407;60
2,016E+11;16;6;13;722;1;2;1;1;3;29;15, PICAUD (AVENUE DU DO;M;4333013;700119;60
2,016E+11;16;6;14;623;1;2;1;1;6;29;MIDI (BOULEVARD DU);M;;;60
2,016E+11;16;6;25;1348;1;2;1;1;2;30;15, CARIMAI (RUE);;;;60
2,016E+11;16;6;29;1425;1;2;1;1;6;29;110, CROISETTE (BOULEVAR;M;4353998;703533;60
2,016E+11;16;7;8;1728;1;2;1;1;1;29;102, GARIBONDY (CHEMIN D;M;4355961;697081;60
2,016E+11;16;7;10;1521;1;2;1;1;6;29;6, MIDI (BOULEVARD DU);M;4354899;700501;60
2,016E+11;16;7;20;1650;1;2;1;7;3;29;139, JUIN (AVENUE MARECH;M;4332510;703131;60
2,016E+11;16;7;23;2145;5;2;1;2;5;29;110, MIDI (BOULEVARD DU);;;;60
2,016E+11;16;7;27;934;1;2;1;1;2;29;32, BACHAGA SAID BOUALAM;;;;60
2,016E+11;16;8;5;1348;1;1;1;1;3;30;15, COLBERT (RUE);M;4357070;701891;60
2,016E+11;16;8;5;1932;1;2;1;1;6;30;55, ROOSEVELT (AVENUE FR;M;4357177;700129;60
2,016E+11;16;8;5;2340;5;2;1;1;1;29;23, PICAUD (AVENUE DR) B;M;4355073;700131;60
2,016E+11;16;8;8;1610;1;2;1;1;3;29;10, CROIX DES GARDES (BO;M;4355344;700513;60
2,016E+11;16;8;9;1840;1;2;1;1;3;29;17, MIDI (BOULEVARD DU);M;4354965;699374;60
2,016E+11;16;8;10;1900;1;2;1;1;6;29;24, JOURDAN (AVENUE MICH;M;4355081;697873;60
2,016E+11;16;8;11;1057;1;2;1;7;6;29;38, CROISETTE (BOULEVARD;M;4355044;702275;60
2,016E+11;16;8;12;1129;1;2;1;1;6;29;110, TONNER (AVENUE FRAN;M;4354969;697414;60
2,016E+11;16;8;15;2335;5;2;1;1;6;29;11, CROISETTE (BOULEVARD;M;4355081;702063;60
2,016E+11;16;8;19;2200;5;2;1;1;3;29;BACHAGA SAID BOUALAM (AV;;;;60
2,016E+11;16;8;18;1830;1;2;1;1;2;29;MIDI (BOULEVARD DU);;;;60
2,016E+11;16;8;24;1740;1;2;1;1;6;29;93, ANTIBES (RUE D');;;;60
2,016E+11;16;9;2;1000;1;2;1;1;1;29;35, BROUSSAILLES (AVENUE;M;4333545;700237;60
2,016E+11;16;9;3;30;5;2;1;1;3;29;MIDI (BOULEVARD DU);M;4354452;696821;60
2,016E+11;16;9;10;2130;5;2;1;1;3;30;2, SADI CARNOT (BOULEVAR;M;4356770;701642;60
2,016E+11;16;9;10;1730;1;2;1;1;6;29;79, JUIN (AVENUE MARECHA;M;4354824;704077;60
2,016E+11;16;9;9;1226;1;2;1;1;6;29;01, CARNOT (BOULEVARD);M;4355425;701703;60
2,016E+11;16;9;16;1720;1;2;1;1;6;29;01, POESIE (AVENUE PIERR;M;4355147;696231;60
2,016E+11;16;9;20;1509;1;2;1;1;3;29;19, MIDI (BOULEVARD DU);M;4335491;699744;60
2,016E+11;16;9;23;40;5;2;1;1;6;29;44, HIBERT (BOULEVARD JE;;;;60
2,016E+11;16;9;25;114;5;2;1;1;6;29;01, POESIE (AVENUE PIERR;M;4355147;696231;60
2,016E+11;16;9;26;1725;1;1;1;1;1;29;28, MIDI (BOULEVARD DU);M;4354371;696585;60
2,016E+11;16;9;20;2156;5;2;1;1;6;29;01, PANTIERO (PROMENADE;M;4355072;701232;60
2,016E+11;16;9;30;1353;1;2;1;1;6;30;01, LECLERC (PLACE GENER;M;4357540;702226;60
2,016E+11;16;10;4;1837;1;2;1;1;3;29;15, BROUSSAILLES (AVENUE;M;4356288;700546;60
2,016E+11;16;10;8;1353;1;1;1;1;1;29;157, GRASSE (AVENUE DE);M;4355655;700697;60
2,016E+11;16;10;3;1345;1;2;1;1;6;29;82, REPUBLIQUE (BOULEVAR;M;4355872;702190;60
2,016E+11;16;10;6;2000;5;2;1;1;3;29;23, DUNAN (RUE RENE);M;4355142;696862;60
2,016E+11;16;10;10;1110;1;2;1;1;1;29;CROISETTE (BOULEVARD DE);M;4354283;703493;60
2,016E+11;16;10;12;1258;1;2;1;1;6;29;140, TONNER (AVENUE FRAN;M;4354989;697035;60
2,016E+11;16;10;12;1910;1;2;1;1;6;30;72, DOUMER (BOULEVARD PA;M;4354701;700865;60
2,016E+11;16;10;13;1800;5;2;1;1;6;29;110, PICAUD (AVENUE DR);M;4355053;699420;60
2,016E+11;16;10;14;736;1;2;1;1;6;30;110, SADI CARNOT (BOULEV;M;4356684;701653;60
2,016E+11;16;10;16;1145;1;2;1;1;6;30;58, PERIER (LE CANNET);M;4356581;699694;60
2,016E+11;16;10;20;804;1;2;1;1;6;29;68, REPUBLIQUE (BOULEVAR;M;4355771;702232;60
2,016E+11;16;10;24;400;5;2;1;1;6;29;25, FERRAGE (BOULEVARD D;M;4355356;701510;60
2,016E+11;16;10;28;830;1;2;1;1;6;29;100, CHEVALIER (AVENUE M;M;4356123;696263;60
2,016E+11;16;10;30;1711;1;2;1;1;3;29;PICAUD (AVENUE DU DOCTEU;M;4355074;700065;60
2,016E+11;16;11;1;1200;1;2;1;1;3;29;BACHAGA SAID BOUALAM (AV;M;4355270;700191;60
2,016E+11;16;11;1;1830;5;2;1;1;6;29;COUBERTIN (AVENUE PIERRE;M;4355560;696746;60
2,016E+11;16;11;3;1840;5;2;1;1;3;29;GOULD (ROND POINT);M;4354734;704658;60
2,016E+11;16;11;8;1800;5;2;1;1;3;29;00, RIVAGE (BOULEVARD DU;M;4354795;696213;60
2,016E+11;16;11;6;837;1;2;1;1;3;30;33, ROOSEVELT (AVENUE FR;M;4357033;700322;60
2,016E+11;16;11;13;1650;1;2;1;1;6;29;MONOD (RUE DU DOCTEUR GE;M;4357590;699731;60
2,016E+11;16;11;19;2250;5;2;1;1;2;29;BACHAGA SAID BOUALAM (AV;M;4355317;701266;60
2,016E+11;16;11;18;1334;1;2;1;1;6;29;50, PICAUD (AVENUE DU DO;M;4355074;699895;60
2,016E+11;16;11;24;1750;3;1;1;3;6;29;ROSE ST JEAN (CHEMIN DE;M;4355963;699035;60
2,016E+11;16;11;29;855;1;2;1;1;6;30;BENIDORM (PLACE);M;4357062;701495;60
2,016E+11;16;12;1;2200;5;2;1;1;3;30;00, SAUVAIGO (PLACE);M;4356978;699526;60
2,016E+11;16;12;2;1240;1;2;1;1;6;29;ANTIBES (RUE D');M;4355226;701621;60
2,016E+11;16;12;3;1731;5;2;1;1;6;30;AUBAREDE (CHEMIN DE L');M;4356704;698078;60
2,016E+11;16;12;8;835;1;2;1;1;6;29;03, BENEFIAT (AVENUE DE);M;4355911;702833;60
2,016E+11;16;12;10;1650;1;2;1;1;1;29;367, MYRTHES (BOULEVARD;M;4355791;697736;60
2,016E+11;16;12;25;436;5;2;1;1;6;29;86, MIDI (BOULEVARD DU);M;4354014;695867;60
2,016E+11;16;12;27;1045;1;2;1;1;6;29;DOZOL (AVENUE ANTHONY);M;4355159;697148;60
2,016E+11;16;12;28;1125;1;2;1;1;6;29;REPUBLIQUE (BOULEVARD DE;;;;60
2,016E+11;16;12;28;1700;2;2;1;1;3;30;108, CANNES (RUE DE);M;4356562;701981;60
2,016E+11;16;1;1;440;5;2;1;1;6;69;59, ORME (CHEMIN DE L');M;4365187;694466;60
2,016E+11;16;1;4;815;1;2;1;1;1;69;X, CASTORS (CHEMIN DES);M;4364217;693167;60
2,016E+11;16;1;5;1800;5;2;1;1;3;69;PAOUTE (ROUTE ET TRAVERS;M;4363216;695730;60
2,016E+11;16;1;6;1825;2;2;1;1;3;69;188, DRAGUIGNAN (ROUTE D;M;4364424;689901;60
2,016E+11;16;1;7;1335;1;2;1;1;6;69;14, ROUQUIER (BOULEVARD;M;4364474;693966;60
2,016E+11;16;1;7;1535;1;2;1;1;6;69;17, FRAGONARD (BOULEVARD;M;4365751;692205;60
2,016E+11;16;1;8;1220;1;2;6;1;3;69;CHASSEURS ALPINS (ROND-P;M;4365034;692231;60
2,016E+11;16;1;9;1410;1;2;1;8;6;69;144, SEMARD - LA GARE (A;M;4365339;692368;60
2,016E+11;16;1;10;15;5;2;1;1;7;69;196, SAINT EXUPERY (AVEN;M;4367311;694590;60
2,016E+11;16;1;10;340;5;2;1;1;7;69;180, PEGOMAS (ROUTE DE);M;4363095;693093;60
2,016E+11;16;1;13;810;1;2;4;1;5;69;112, RENOIR (AVENUE AUG;M;4368161;696080;60
2,016E+11;16;1;19;1115;1;2;9;1;3;69;x, CASTELARAS (CHEMIN DU;M;4363863;697600;60
2,016E+11;16;1;22;1640;2;2;3;1;1;69;95, MISTRAL (AVENUE ET P;M;4364597;691665;60
2,016E+11;16;1;23;1000;1;2;1;1;1;69;150, DRAGUIGNAN (ROUTE D;M;4364500;690115;60
2,016E+11;16;1;23;2200;5;2;6;1;7;69;0, HALTE (ROND-POINT);M;0;0;60
2,016E+11;16;1;24;1245;1;2;1;1;2;69;59, VALBONNE (ROUTE);M;4364098;698407;60
2,016E+11;16;1;22;1740;1;2;4;1;1;69;x, CANNES (ROUTE DE)  -R;M;4363950;694945;60
2,016E+11;16;1;29;1430;1;2;1;1;3;69;x, ORME (CHEMIN DE L');M;4365197;694455;60
2,016E+11;16;1;31;1710;1;1;1;1;6;69;X, PEYMEINADE (CHEMIN DE;M;4364762;690162;60
2,016E+11;16;2;1;1020;1;1;6;1;3;69;ROUMEGONS (CHEMIN, RUE E;M;4368016;696754;60
2,016E+11;16;2;1;1805;5;2;1;1;2;69;93, LIBERATION (AVENUE D;M;4364309;691295;60
2,016E+11;16;2;1;1940;5;2;1;1;6;69;***, TASSIGNY (AVENUE DE;M;4364901;693166;60
2,016E+11;16;2;3;1625;1;2;1;1;6;69;5, SAINT EXUPERY (AVENUE;M;4366078;693087;60
2,016E+11;16;2;5;1400;1;2;3;1;7;69;PLAN (ROUTE DU) -D304-;M;4364445;695437;60
2,016E+11;16;2;6;1615;1;2;3;1;3;69;17, MADELEINE;M;4365615;693516;60
2,016E+11;16;2;5;2342;5;2;1;1;3;69;3, DUNANT (AVENUE HENRI);M;4365022;692195;60
2,016E+11;16;2;5;1315;1;2;1;1;3;69;39, SIDI BRAHIM (AVENUE);M;4365119;692730;60
2,016E+11;16;2;8;1300;1;2;1;1;2;69;158, CANNES (ROUTE DE);M;4363560;695156;60
2,016E+11;16;2;13;750;2;1;1;1;6;69;106, BELLETRUD (BOULEVAR;M;4366665;688778;60
2,016E+11;16;2;13;750;1;1;1;1;1;69;321, PLASCASSIER (route;M;4364169;696880;60
2,016E+11;16;2;15;1845;2;2;1;1;7;69;17, DE LATTRE DE TASSIGN;M;4364918;692366;60
2,016E+11;16;2;19;1630;1;2;1;1;6;69;x, ROUQUIER (BOULEVARD E;M;4364270;694219;60
2,016E+11;16;2;19;1735;2;2;3;1;3;69;x, LECLERC (BOULEVARD DU;M;4365053;692141;60
2,016E+11;16;2;20;1530;1;2;1;1;2;69;4, ROUQUIER (BOULEVARD E;M;4364462;694068;60
2,016E+11;16;2;20;2330;5;1;1;1;7;69;165, PEGOMAS (ROUTE DE);M;4363216;693143;60
2,016E+11;16;2;21;1830;5;2;1;1;5;69;TASSIGNY (AVENUE DELATTR;M;4364897;692427;60
2,016E+11;16;2;23;1020;1;2;1;1;7;69;24, DUVAL (AVENUE MATHIA;M;4365209;692196;60
2,016E+11;16;2;23;1615;1;2;6;1;6;69;18, CRESP (COURS HONORE);M;4329260;655148;60
2,016E+11;16;3;2;1655;1;2;1;1;7;69;47, DE LATTRE DE TASSIGN;M;4364830;692666;60
2,016E+11;16;3;5;1754;1;2;1;1;7;69;233, SAINT MATHIEU (ROUT;M;4365984;695552;60
2,016E+11;16;3;6;2343;5;2;1;1;6;69;07, MAUPASSANT (AVENUE G;M;4365309;691432;60
2,016E+11;16;3;7;1320;1;2;3;1;3;69;JEU DE BALLON (BOULEVARD;M;4365794;693763;60
2,016E+11;16;3;10;1130;1;1;1;1;7;69;P‚n‚trante;M;4364236;693533;60
2,016E+11;16;3;11;2015;5;2;3;1;5;69;36, MARIGARDE (ROUTE DE;M;4365412;693060;60
2,016E+11;16;3;20;1730;1;2;1;1;6;69;x, JEU DE BALLON (BOULEV;M;4365840;692192;60
2,016E+11;16;3;23;1500;1;1;1;1;7;69;x, CANNES (ROUTE DE)  -R;;;;60
2,016E+11;16;3;25;1000;1;2;1;1;5;69;116, CANNES (ROUTE DE);M;4363833;695027;60
2,016E+11;16;3;27;1115;1;2;1;2;1;69;117, AURIBEAU (ROUTE D');M;4363059;691217;60
2,016E+11;16;3;30;1030;1;2;1;1;6;69;10, CRESP (COURS HONORE);;;;60
2,016E+11;16;4;3;150;5;2;6;1;7;69;132, MARIGARDE (ROUTE DE;M;4365384;694426;60
2,016E+11;16;4;4;700;1;2;1;1;6;69;58, SAINTE ANNE (CHEMIN,;M;4364958;690988;60
2,016E+11;16;4;6;1536;1;1;1;1;2;69;26, CLAVARY (CHEMIN DE);M;4362066;693041;60
2,016E+11;16;4;9;230;5;2;1;1;1;69;55, GRAND CHENE (CHEMIN;M;4363789;693138;60
2,016E+11;16;4;18;750;1;2;1;1;3;69;66, VICTOR HUGO  (BD);M;4365103;691958;60
2,016E+11;16;4;15;1245;1;2;1;1;7;69;17, DE LATTRE DE TASSIGN;M;4364931;692362;60