Num_Acc;an;mois;jour;hrmn;lum;agg;int;atm;col;com;adr;gps;lat;long;dep
2,016E+11;16;1;24;1205;1;2;1;1;3;88;46, GROSSO (JUSQU'AU Nø;M;4369845;725114;60
2,016E+11;16;1;24;1530;1;2;9;1;3;88;30, PASTEUR (BD);M;4342495;716464;60
2,016E+11;16;1;25;1710;2;2;8;1;6;88;8, SAPPIA (AV. HENRI);M;4373107;725373;60
2,016E+11;16;1;26;1420;1;1;3;1;3;88;252, GRENOBLE (ROUTE DE);;;;60
2,016E+11;16;1;26;1510;1;2;1;1;3;88;BARLA (RUE);M;4342059;716561;60
2,016E+11;16;1;26;1740;5;1;1;1;4;88;VOIE RAPIDE;;;;60
2,016E+11;16;1;28;1800;1;2;1;1;3;88;0, GRENOBLE (ROUTE DE);M;4340470;711591;60
2,016E+11;16;1;29;1715;5;2;1;1;1;88;2, MONTEL (BD PAUL);M;4340215;712333;60
2,016E+11;16;1;30;1815;5;2;1;1;6;88;GAL (R. AUGUSTE);M;4370738;728780;60
2,016E+11;16;1;31;1650;1;2;1;1;3;88;21, BUFFA (RUE DE LA);M;4369721;726265;60
2,016E+11;16;2;1;1110;1;2;1;1;2;88;51, MONZIE (R. ANATOLE D;;;;60
2,016E+11;16;2;1;1110;1;2;2;1;3;88;x, RAYNAUD (BD AUGUSTE);M;4371292;725875;60
2,016E+11;16;2;2;740;1;2;1;1;6;88;28, CARABACEL (BD);M;4342284;716430;60
2,016E+11;16;2;3;955;1;2;1;1;2;88;187, ANGLAIS (DU Nø 114;M;4368719;723859;60
2,016E+11;16;2;5;1330;1;2;1;1;5;88;16, COMBOUL (AV. RAYMOND;M;4370848;726757;60
2,016E+11;16;2;5;1610;1;2;3;1;3;88;0, LYAUTEY (AV. DU MAL);M;4371774;728177;60
2,016E+11;16;2;5;1740;5;2;3;1;3;159;0, ALBERT 1ER (AVENUE);M;4370431;730948;60
2,016E+11;16;2;6;300;5;1;1;1;7;88;TUNNEL DU PAILLON;;;;60
2,016E+11;16;2;6;2100;5;2;7;2;2;88;ARMEE DU RHIN (PLACE);;;;60
2,016E+11;16;2;8;700;2;2;3;1;3;88;58, SAINT-AUGUSTIN (AV.;M;4367486;722343;60
2,016E+11;16;2;8;1515;1;2;3;1;7;88;86, GAIRAUT (AV. DE);M;4343581;715306;60
2,016E+11;16;2;9;1930;5;2;1;2;6;88;0, SASSERNO (PL.);M;4370267;727093;60
2,016E+11;16;2;10;1100;1;1;1;1;3;88;0, SAINT-PHILIPPE (PL.);;;;60
2,016E+11;16;2;10;950;1;2;1;1;6;88;19, DIABLES BLEUS (AV. D;M;4370830;728923;60
2,016E+11;16;2;10;1850;5;2;1;1;4;88;385, ANGLAIS (A PARTIR D;M;4367013;722222;60
2,016E+11;16;2;11;1640;1;2;1;1;3;88;63, RAY (AV. DU);;;;60
2,016E+11;16;2;12;845;1;2;4;1;1;88;0, TERRON (CH. DE);M;4369550;721725;60
2,016E+11;16;2;12;1700;2;2;1;3;1;88;60, GAIRAUT (VIEUX CH.);;;;60
2,016E+11;16;2;13;712;2;2;1;1;6;88;149, TURIN (RTE DE);M;4372120;728858;60
2,016E+11;16;2;13;1445;1;2;1;1;2;88;X, MONET (TRAV. JEAN);M;4370732;728257;60
2,016E+11;16;2;13;1900;5;2;3;1;3;88;280, MADELEINE (BD DE LA;M;4370825;723083;60
2,016E+11;16;2;13;2000;5;2;1;1;6;88;52, CORNICHE FLEURIE (AV;M;4368274;721196;60
2,016E+11;16;2;16;1320;1;1;1;1;3;88;GRENOBLE (ROUTE DE);M;4340178;712103;60
2,016E+11;16;2;16;1450;1;2;1;1;2;88;55, ARBRE INFERIEUR (AV.;M;4371085;727893;60
2,016E+11;16;2;16;1635;1;2;1;1;6;88;0, BARLA (RUE);M;4342072;716571;60
2,016E+11;16;2;16;1650;1;2;1;1;4;88;0, PENETRANTE DU PAILLON;;;;60
2,016E+11;16;2;18;1515;1;2;2;1;3;88;X, GIOFFREDO (R.);M;4370215;727649;60
2,016E+11;16;2;18;1645;1;2;1;1;6;88;X, AMARYLLIS (PL. DES);M;4340334;712161;60
2,016E+11;16;2;19;830;1;2;1;1;6;88;169, ANGLAIS (DU Nø 114;M;4368809;724008;60
2,016E+11;16;2;19;1410;1;2;2;1;6;88;0, RUSSIE (R. DE);M;4342041;715592;60
2,016E+11;16;2;19;1145;1;2;1;1;5;88;0, MALRAUX (VOIE ET TUNN;M;4342201;715465;60
2,016E+11;16;2;19;1330;1;2;6;1;3;88;0, GRENOBLE (ROUTE DE);;;;60
2,016E+11;16;2;19;1645;1;2;3;1;3;88;NOTRE-DAME (AV.);M;4370395;726785;60
2,016E+11;16;2;20;2000;5;1;2;1;1;88;MONTEL (BD PAUL);M;4367378;720830;60
2,016E+11;16;2;22;140;5;2;1;1;1;88;0, RAYBAUD JOSEPH;M;4372868;728201;60
2,016E+11;16;2;23;1805;2;2;1;1;6;88;0, RISSO (BD);M;4342197;716544;60
2,016E+11;16;2;24;1325;1;2;3;1;3;88;BARLA (RUE);M;4370187;728283;60
2,016E+11;16;2;24;1440;1;2;1;1;3;88;63, GRENOBLE (ROUTE DE);M;4367083;720403;60
2,016E+11;16;2;25;1105;1;2;2;1;6;88;1, FRANCE (R. DE) A PART;M;4369527;725607;60
2,016E+11;16;2;25;1645;1;2;1;1;6;88;87, ANGLAIS (DU Nø 45 AU;M;4341187;714264;60
2,016E+11;16;2;28;1310;1;2;1;1;6;88;2, MONTEL (BD PAUL);M;4367079;721134;60
2,016E+11;16;3;1;800;1;2;1;1;2;88;VOIE RAPIDE;M;4370562;726258;60
2,016E+11;16;3;1;900;1;2;1;1;4;88;0, ANGLAIS (DU Nø 114 AU;M;4368867;724076;60
2,016E+11;16;3;1;1100;1;2;1;1;6;88;5, ROQUEBILLIERE (R. DE);M;4342177;717006;60
2,016E+11;16;3;2;750;1;2;1;1;3;88;144, TURIN (RTE DE);M;4372043;728767;60
2,016E+11;16;3;2;1910;5;2;1;1;2;88;12, ROBINI (AV. DR VICTO;;;;60
2,016E+11;16;3;2;2200;5;2;3;1;6;88;35, PARC IMPERIAL (BD DU;M;4370365;725210;60
2,016E+11;16;3;3;900;1;2;1;1;6;88;29, LYAUTEY (AV. DU MAL);M;4371200;728259;60
2,016E+11;16;3;3;1450;1;2;6;1;2;88;69, ROQUEBILLIERE (R. DE;M;4370797;728707;60
2,016E+11;16;3;4;750;1;1;1;1;2;88;0, PENETRANTE DU PAILLON;M;4373229;728908;60
2,016E+11;16;3;4;1710;1;2;1;1;2;88;VOIE RAPIDE;;;;60
2,016E+11;16;3;5;2110;5;2;1;1;3;88;RD 6202;;;;60
2,016E+11;16;3;8;750;1;2;1;1;3;88;105, LYAUTEY (AV. DU MAL;M;4371773;728179;60
2,016E+11;16;3;8;630;2;2;1;1;1;88;132, SAINT-ANTOINE (RTE;M;4369678;722839;60
2,016E+11;16;3;10;1345;1;2;2;1;3;88;01, VILLENEUVE (R. DE);M;4342239;715420;60
2,016E+11;16;3;11;800;1;2;2;1;5;88;0, ARSON (RUE);M;4370358;728848;60
2,016E+11;16;3;11;840;1;2;1;1;3;88;77, CORNICHE FLEURIE (AV;M;4368671;720823;60
2,016E+11;16;3;11;1600;1;2;1;1;6;88;73, PASTEUR (BD);M;4371639;728070;60
2,016E+11;16;3;11;1721;1;2;1;1;3;88;1, ANGLAIS (DU Nø 1 AU N;M;4369490;726603;60
2,016E+11;16;3;13;2130;5;1;1;1;6;88;LAUVETTA (CH. DE LA);M;4344443;718181;60
2,016E+11;16;3;13;2257;5;2;2;1;6;88;0, ROUGET-DE-LISLE (R.);M;4370614;726721;60
2,016E+11;16;3;15;920;1;2;1;1;2;88;2, CARABACEL (BD);M;4370308;727786;60
2,016E+11;16;3;15;940;1;2;1;1;3;88;1, CLUVIER (RUE);M;4370235;725403;60
2,016E+11;16;3;16;2240;5;2;1;2;6;88;7, MADELEINE (BD DE LA);;;;60
2,016E+11;16;3;17;1045;1;2;1;1;6;88;340, ANGLAIS (DU Nø 265;;;;60
2,016E+11;16;3;17;1605;1;2;1;1;6;88;81-83, GROSSO (A PARTIR;M;4370050;725083;60
2,016E+11;16;3;17;2022;5;2;1;1;7;88;25, THIERS (AV.);M;4370296;725950;60
2,016E+11;16;3;18;1205;1;2;1;1;2;88;GRENOBLE (ROUTE DE);;;;60
2,016E+11;16;3;18;2220;5;2;1;1;6;159;NAPOLEON III (BOULEVARD);M;4342227;719104;60
2,016E+11;16;3;20;530;5;2;1;1;5;88;ANGLAIS (DU Nø 114 AU Nø;M;4369502;726592;60
2,016E+11;16;3;20;2143;5;2;2;1;3;88;VERNIER (R.);M;4370736;726248;60
2,016E+11;16;3;21;1200;1;2;1;1;6;88;MADELEINE (BD DE LA);;;;60
2,016E+11;16;3;21;1850;1;2;1;1;6;88;48, BORNALA (AV. DE LA);M;4369528;723634;60
2,016E+11;16;3;23;1630;1;2;1;1;2;88;MATISSE (AV. HENRI);M;4367423;722137;60
2,016E+11;16;3;23;1300;1;2;6;1;3;88;0, GRENOBLE (ROUTE DE);;;;60
2,016E+11;16;3;23;1700;1;2;3;8;3;88;0, NAPOLEON III (BD);;;;60
2,016E+11;16;2;23;1700;1;2;3;8;3;88;0, NAPOLEON III (BD);M;4368446;722431;60
2,016E+11;16;3;24;1705;1;2;1;1;2;159;25, ALBERT 1ER (AVENUE);M;4370591;731023;60
2,016E+11;16;3;25;830;1;2;1;1;3;88;0, GRENOBLE (ROUTE DE);M;4369666;718857;60
2,016E+11;16;3;26;522;5;2;1;1;6;88;281, ANGLAIS (DU Nø 265;M;4368065;723117;60
2,016E+11;16;3;29;750;1;2;3;1;3;88;0, FRANCE (R. DE) DU Nø;M;4369326;724994;60
2,016E+11;16;3;30;1030;1;2;2;1;6;88;RAIBERTI (R.);M;4371064;726355;60
2,016E+11;16;3;30;1830;1;2;3;1;3;88;1, BORNALA (AV. DE LA);M;4369413;723841;60
2,016E+11;16;4;1;715;1;2;2;2;3;88;22, VOIE ROMAINE (AV. DE;M;4372879;727888;60
2,016E+11;16;4;1;2245;5;2;1;1;6;88;VERANY (BD J.B.);;;;60
2,016E+11;16;4;2;315;5;2;1;1;5;88;50, ANGLAIS (DU Nø 45 AU;M;4341371;715193;60
2,016E+11;16;4;4;1740;1;2;1;2;6;88;33, RIQUIER (BD DE);M;4370428;729029;60
2,016E+11;16;4;4;1845;2;2;1;2;3;88;14, GAMBETTA (JUSQU'AU N;M;4369593;725636;60
2,016E+11;16;4;6;840;1;1;1;1;6;88;0, GENIE (CH. DU);M;4344289;713342;60
2,016E+11;16;4;6;1830;1;2;2;1;3;88;0, TZAREWITCH (BD DU);M;4370280;725451;60
2,016E+11;16;4;6;2030;2;2;3;1;3;88;4, DEVOLUY (RUE PIERRE);M;4370329;727415;60
2,016E+11;16;4;7;1100;1;2;7;1;6;88;0, FONTAINE DU TEMPLE (P;;;;60
2,016E+11;16;4;7;1850;1;2;1;1;6;88;0, ARMEE DU RHIN (PLACE);M;4370708;728359;60
2,016E+11;16;4;7;1650;1;2;1;1;5;88;0, VOIE RAPIDE;;;;60
2,016E+11;16;4;8;2225;5;2;1;1;2;88;03, LIBERTE (R. DE LA);M;4369845;726820;60
2,016E+11;16;4;9;1530;1;2;1;1;3;88;67, ANGLAIS (DU Nø 45 AU;M;4369112;724655;60
2,016E+11;16;4;10;145;5;2;3;1;6;88;0, BELLET (AV. DE);M;4341297;714404;60
2,016E+11;16;4;11;1945;1;2;1;1;2;88;MADELEINE (AV. DE LA);M;4369845;724012;60
2,016E+11;16;4;12;1400;1;2;1;1;1;88;4, MELCHIOR DE VOGUE (R.;M;4370047;726580;60
2,016E+11;16;4;12;1425;1;2;2;1;1;88;0, ILE-DE-BEAUTE (PL. DE;M;4341557;717015;60
2,016E+11;16;4;12;1750;1;2;1;1;3;88;0, ARMEE DU RHIN (PLACE);M;4342256;716598;60
2,016E+11;16;4;13;1400;1;2;1;1;3;88;ANGLAIS (DU Nø 114 AU Nø;M;4368691;723825;60
2,016E+11;16;4;15;1525;1;2;1;1;3;88;FONTAINE DU TEMPLE (PL.;;;;60
2,016E+11;16;4;18;810;1;2;1;1;4;88;211, ANGLAIS (DU N° 114;M;4368601;723732;60
2,016E+11;16;4;18;1005;1;2;1;1;6;88;PASCHETTA (PL. DR CH.);M;4371681;728113;60
2,016E+11;16;4;18;930;1;2;1;1;5;88;459-461, ANGLAIS (A PART;M;4340009;712519;60
2,016E+11;16;4;18;1140;1;2;1;1;6;88;0, ROTHSCHILD (R. ADOLPH;;;;60
2,016E+11;16;4;18;1755;1;2;1;1;4;88;VOIE RAPIDE;;;;60
2,016E+11;16;4;18;2215;5;1;1;1;6;88;0, MATISSE (AV. HENRI);M;4340293;713011;60
2,016E+11;16;4;19;1045;1;2;1;1;5;88;87, QUAI DES ETATS UNIS;;;;60
2,016E+11;16;4;19;1620;1;2;1;1;6;88;87, ETATS UNIS (QUAI DES;M;4341425;716234;60
2,016E+11;16;4;19;1750;1;2;1;1;3;88;0, MONTEL (BD PAUL);M;4340314;712249;60
2,016E+11;16;4;20;1105;1;2;3;1;3;88;6, RANCHER (R.);;;;60
2,016E+11;16;4;20;2055;5;2;1;1;2;88;SEMARD (BD PIERRE);M;4343016;717296;60
2,016E+11;16;4;21;730;1;2;3;1;3;88;JOLY (CORNICHE ANDRE DE);;;;60
2,016E+11;16;4;21;755;1;2;1;1;3;88;399, ANGLAIS (A PARTIR D;M;4341185;714270;60
2,016E+11;16;4;22;850;1;2;1;1;3;88;201, LANTERNE (AV. DE LA;;;;60
2,016E+11;16;4;22;1317;1;2;1;1;6;88;17, GEORGES V (AV.);M;4342364;716019;60
2,016E+11;16;4;22;1420;1;2;3;1;3;88;0, SAINT-JEAN BAPTISTE (;M;4342071;716415;60
2,016E+11;16;4;22;1550;1;2;1;1;6;88;23, ARIANE (BD DE L');;;;60
2,016E+11;16;4;25;2210;5;2;2;1;6;88;0, GAMBETTA (A PARTIR DU;M;4342328;715216;60
2,016E+11;16;4;26;1230;1;2;2;1;6;88;24, COMBATTANTS D'AFN (R;;;;60
2,016E+11;16;4;27;740;1;2;3;1;3;88;1, BINET (RUE ALFRED);;;;60
2,016E+11;16;4;27;928;1;2;3;1;3;88;0, VOIE ROMAINE (AV. DE;M;4343245;717016;60
2,016E+11;16;4;28;1600;1;2;3;1;3;88;VALROSE (PETIT CH.);;;;60
2,016E+11;16;4;29;1315;1;2;1;1;3;88;88, STE-MARGUERITE (AV.);;;;60
2,016E+11;16;4;29;2340;5;2;1;1;3;88;176, TURIN (RTE DE);M;4343266;717242;60
2,016E+11;16;5;1;135;5;2;1;1;3;88;GAMBETTA (A PARTIR DU N°;;;;60
2,016E+11;16;5;1;1350;1;2;1;1;3;88;22, BARLA (RUE);;;;60
2,016E+11;16;5;2;735;1;2;1;1;6;88;75, ARIANE (BD DE L');;;;60
2,016E+11;16;5;3;750;1;2;1;1;2;88;0, CASSIN (BD RENE);;;;60
2,016E+11;16;5;3;1245;1;2;2;1;6;88;CIMIEZ (BD) A PARTIR DU;;;;60
2,016E+11;16;5;4;900;1;2;3;1;1;88;PASTEUR (BD);;;;60
2,016E+11;16;5;4;1510;1;2;1;1;6;88;33 bis, CIMIEZ (BD) A PA;;;;60
2,016E+11;16;5;4;1645;1;2;1;1;4;88;ANGLAIS (A PARTIR DU N°;;;;60
2,016E+11;16;5;4;2058;5;2;3;1;3;88;RIQUIER (BD DE);;;;60
2,016E+11;16;5;6;210;4;2;1;1;3;88;75, MONT-ALBAN (AV. DU);M;4342239;717533;60
2,016E+11;16;5;6;745;1;2;1;1;1;88;25, GRACE DE MONACO (BD;M;4341184;718248;60
2,016E+11;16;5;6;1220;1;2;1;1;5;88;106, ARENES DE CIMIEZ (A;;;;60
2,016E+11;16;5;6;2115;5;1;1;1;5;88;24, OLIVIERS (CORNICHE D;;;;60
2,016E+11;16;5;8;2200;5;2;1;2;3;88;0, THIERS (AV.);M;4342105;715332;60
2,016E+11;16;5;9;1430;1;2;1;1;6;88;12, FREMONT (AV.);;;;60
2,016E+11;16;5;10;1100;1;2;2;1;3;88;0, ESTIENNE -D'ORVES (AV;M;4342033;715090;60
2,016E+11;16;5;11;830;1;2;6;2;3;88;MADELEINE (BD DE LA);;;;60
2,016E+11;16;5;13;907;1;2;1;1;6;88;0, GARIBALDI (PL.);;;;60
2,016E+11;16;5;14;1200;1;2;1;1;2;88;66, CYRNOS (AV. ET ESC.);M;4342206;718344;60
2,016E+11;16;5;16;1610;1;2;1;1;2;88;68, CARNOT (BD);;;;60
2,016E+11;16;5;17;1205;1;1;1;1;1;88;MADONNETTE DE TERRON (CH;;;;60
2,016E+11;16;5;19;1325;1;2;3;1;1;88;0, GARNIER (BD JOSEPH);M;4342364;715391;60
2,016E+11;16;5;19;1600;1;2;3;1;5;88;0, BELLA VISTA (AV.);M;4342444;719338;60
2,016E+11;16;5;20;200;5;2;3;1;6;88;66, BORRIGLIONE (A PARTI;M;4343017;715412;60
2,016E+11;16;5;21;1059;1;2;3;1;1;88;0, CIMIEZ (BD) A PARTIR;M;4342561;716228;60
2,016E+11;16;5;21;2145;5;2;1;1;6;88;00, THIERS (AV.);;;;60
2,016E+11;16;5;21;2100;5;2;1;1;6;88;28, CARLONE (BD);;;;60
2,016E+11;16;5;22;1810;1;2;3;1;2;88;0, ANGLAIS (DU N° 265 AU;M;4341183;714282;60
2,016E+11;16;5;23;1550;1;2;1;1;6;88;27, GAMBETTA (JUSQU'AU N;M;4341480;715214;60
2,016E+11;16;5;23;1705;1;1;1;1;2;88;VOIE RAPIDE;;;;60
2,016E+11;16;5;23;1840;1;2;1;1;6;88;23, ANGLAIS (DU N° 1 AU;;;;60
2,016E+11;16;5;24;1630;1;2;3;1;3;88;MIRABEAU (AV.);;;;60
2,016E+11;16;5;25;915;1;2;1;1;2;88;25, MEDECIN (AV. JEAN);M;4342111;715594;60
2,016E+11;16;5;27;640;1;2;1;1;6;88;111, MADELEINE (BD DE LA;;;;60
2,016E+11;16;5;30;830;1;2;1;1;3;88;52, MATISSE (AV. HENRI);;;;60
2,016E+11;16;5;31;250;5;2;1;1;1;88;169, FABRON (AV. DE) (A;M;4341299;712441;60
2,016E+11;16;5;31;830;1;2;6;1;6;88;0, RAY (AV. DU);M;4343310;715084;60
2,016E+11;16;5;31;930;1;2;1;1;2;88;0, PENETRANTE DU PAILLON;;;;60
2,016E+11;16;5;31;1545;1;2;1;1;1;88;130, MADELEINE (BD DE LA;;;;60
2,016E+11;16;6;1;1810;1;2;3;1;6;88;11, ARMEE DES ALPES (BD;M;4342247;717318;60
2,016E+11;16;6;1;1810;1;2;1;1;2;88;37, MATISSE (AV. HENRI);M;4367474;721462;60
2,016E+11;16;6;2;755;1;2;1;1;2;88;75, DUNANT (AV. HENRI);M;4341466;715541;60
2,016E+11;16;6;2;2110;5;2;2;2;6;88;16, ORESTIS (R. DES);M;4370397;728715;60
2,016E+11;16;6;3;1550;1;2;2;1;3;88;2, CASSIN (BD RENE);M;4367520;722712;60
2,016E+11;16;6;3;2300;5;1;1;1;6;88;336, TURIN (RTE DE);;;;60
2,016E+11;16;6;5;55;5;2;1;1;2;88;16, VERANY (BD J.B.);M;4370904;728378;60
2,016E+11;16;6;5;2130;5;2;1;1;3;88;51, CESSOLE (BD DE) (JUS;M;4371585;725364;60
2,016E+11;16;6;6;830;1;2;1;1;6;88;92, JOLY (CORNICHE ANDRE;M;4370408;729929;60
2,016E+11;16;6;6;1010;1;2;1;1;2;88;1, ALLEGRE (AV. JEAN);M;4342288;716534;60
2,016E+11;16;6;9;800;1;2;1;1;7;88;44, MICHEL ANGE (AV.) (A;M;4371213;725899;60
2,016E+11;16;6;9;1100;1;2;3;1;6;88;0, FAURE (AV. FELIX);M;4341544;716283;60
2,016E+11;16;6;9;1700;1;2;1;1;3;88;19, RAY (AV. DU);M;4343310;715090;60
2,016E+11;16;6;9;1845;1;2;1;3;6;88;10, GIOFFREDO (R.);M;4370229;727659;60
2,016E+11;16;6;10;1320;1;2;1;1;1;88;1, GALLIENI (AV.);M;4342240;716533;60
2,016E+11;16;6;10;2357;3;2;2;1;3;88;MONTEL (BD PAUL);M;4367378;720837;60
2,016E+11;16;6;11;2100;4;2;1;1;5;88;0, ANGLAIS (A PARTIR DU;;;;60
2,016E+11;16;6;12;100;5;2;2;1;3;88;SAINT-JEAN BAPTISTE (AV.;M;4370165;727799;60
2,016E+11;16;6;14;1045;1;2;8;1;2;88;16, LAMARTINE (R.);M;4342154;716019;60
2,016E+11;16;6;14;1130;1;2;1;1;6;88;32, MONZIE (R. ANATOLE D;M;4373699;729941;60
2,016E+11;16;6;14;1600;1;2;9;1;2;88;0, SAUVAN (R. HONORE);M;4369317;725317;60
2,016E+11;16;6;15;1510;1;2;1;2;4;88;0, VOIE RAPIDE;;;;60
2,016E+11;16;6;17;930;1;2;1;1;6;88;1, FOCH (AV. MARECHAL);M;4342134;716218;60
2,016E+11;16;6;18;1200;1;2;1;1;2;88;36, SLAMA (RUE MAURICE);;;;60
2,016E+11;16;6;18;1623;1;2;2;1;3;88;SAINT-LAMBERT (AV.) (JUS;M;4371588;726275;60
2,016E+11;16;6;20;820;1;2;2;1;3;88;0, DELFINO (BD GENERAL);M;4342150;717196;60
2,016E+11;16;6;21;730;1;2;3;1;3;88;78, PASTEUR (BD);M;4342582;716498;60
2,016E+11;16;6;21;1450;1;2;1;1;3;88;31, STALINGRAD (BD DE);M;4369719;728702;60
2,016E+11;16;6;22;1715;1;2;2;1;1;88;41, GAMBETTA (JUSQU'AU N;M;4369866;725620;60
2,016E+11;16;6;24;515;2;1;1;1;3;88;RD 6202;M;4344442;710566;60
2,016E+11;16;6;24;1400;1;2;1;1;1;88;113, ANGLAIS (Nø 113);M;4341269;714441;60
2,016E+11;16;6;24;1645;1;2;1;1;1;88;81, RAYBAUD JOSEPH;M;4373046;728269;60
2,016E+11;16;6;25;55;5;2;3;1;3;88;62, CESSOLE (BD DE) (JUS;M;4371530;725392;60
2,016E+11;16;6;26;145;5;2;1;1;2;88;107, QUAI DES ETATS UNIS;M;4341423;716307;60
2,016E+11;16;6;26;1245;1;2;1;1;3;88;122, CARNOT (BD);M;4341489;717194;60
2,016E+11;16;6;26;1800;1;2;2;1;1;88;CIMIEZ (BD) A PARTIR DU;M;4371342;727158;60
2,016E+11;16;6;27;1419;1;2;2;1;3;88;54, ARSON (RUE);M;4342128;717185;60
2,016E+11;16;6;28;1215;1;2;1;1;2;88;33, ARIANE (BD DE L');;;;60
2,016E+11;16;6;28;1505;1;2;1;1;5;88;0, GRINDA (AV. EDOUARD);M;4340206;713106;60
2,016E+11;16;6;28;2250;5;2;1;1;3;88;0, CHATEAUNEUF (RUE);M;4342053;715204;60
2,016E+11;16;6;28;1935;1;2;3;1;3;88;43, ANGLAIS (DU Nø 1 AU;M;4369377;725641;60
2,016E+11;16;6;29;1750;1;2;2;1;3;88;0, NAPOLEON III (BD);M;4340523;712512;60
2,016E+11;16;6;29;1915;1;2;1;1;6;88;144, BELLET (RTE DE);M;4369891;723529;60
2,016E+11;16;7;2;200;5;2;1;1;1;88;37, ANGLAIS (DU Nø 1 AU;;;;60
2,016E+11;16;7;3;1720;1;2;1;1;6;88;43, ANGLAIS (DU Nø 1 AU;;;;60
2,016E+11;16;7;4;1501;1;2;1;1;3;88;69, GORBELLA (BD DE);;;;60
2,016E+11;16;7;5;1515;1;2;1;1;1;88;177, CASSIN (BD RENE);;;;60
2,016E+11;16;7;6;945;1;2;1;1;2;88;5, FERAUD (R. RAYMOND);M;4340538;713482;60
2,016E+11;16;7;6;940;1;2;1;1;3;88;63, GRENOBLE (ROUTE DE);;;;60
2,016E+11;16;7;6;2140;5;1;1;1;6;159;CONDAMINE (AVENUE DE LA);;;;60
2,016E+11;16;7;7;1300;1;2;1;1;3;88;CASSIN (BD RENE);;;;60
2,016E+11;16;7;8;1045;1;1;1;1;6;88;37, HUGO (BD VICTOR);;;;60
2,016E+11;16;7;8;1400;1;2;3;1;2;88;0, LYAUTEY (AV. DU MAL);;;;60
2,016E+11;16;7;8;1755;1;2;1;1;2;88;ARIANE (BD DE L');;;;60
2,016E+11;16;7;9;1715;1;2;1;1;3;88;101, CORNICHE FLEURIE (A;;;;60
2,016E+11;16;7;9;2015;1;2;1;1;3;88;8, BRAILLE (BD LOUIS);;;;60
2,016E+11;16;7;9;2220;5;2;2;1;3;88;PASTORELLI (R.);;;;60
2,016E+11;16;7;10;245;5;2;1;1;6;88;GRENOBLE (ROUTE DE);;;;60
2,016E+11;16;7;10;945;1;2;2;1;1;88;20, VERNIER (R.);;;;60
2,016E+11;16;7;10;1230;1;2;1;1;3;88;292, FABRON (AV. DE) (A;;;;60
2,016E+11;16;7;10;1720;1;2;1;1;3;88;1, GRACE DE MONACO (BD P;M;4342059;718246;60
2,016E+11;16;7;10;1728;1;2;2;1;3;88;9, BUFFA (RUE DE LA);M;4341484;715379;60
2,016E+11;16;7;10;1915;1;2;2;1;3;88;GAL (R. AUGUSTE);;;;60
2,016E+11;16;7;11;109;5;2;2;1;3;88;19, BERLIOZ (RUE);;;;60
2,016E+11;16;7;11;1110;1;2;1;1;4;88;157, ANGLAIS (DU Nø 114;M;4368886;724148;60
2,016E+11;16;7;11;1330;1;2;1;1;2;88;61, CIMIEZ (BD) A PARTIR;;;;60
2,016E+11;16;7;12;540;2;2;9;1;1;88;329, ANGLAIS (DU Nø 265;;;;60
2,016E+11;16;7;12;711;1;2;1;1;3;88;VOIE RAPIDE;M;4340238;713176;60
2,016E+11;16;7;12;1255;1;2;1;1;3;88;33, GAMBETTA (JUSQU'AU N;;;;60
2,016E+11;16;7;15;1645;1;2;1;1;6;88;50, RIQUIER (BD DE);M;4342170;717266;60
2,016E+11;16;7;19;930;1;2;1;1;2;88;, TUNNEL DU PAILLON;M;4342243;716575;60
2,016E+11;16;7;19;1145;1;2;2;1;1;88;37, ARIANE (BD DE L');;;;60
2,016E+11;16;7;20;1120;1;2;2;1;6;88;20, JOFFRE (R. MARECHAL);;;;60
2,016E+11;16;7;21;2315;5;2;2;1;3;88;TURIN (RTE DE);;;;60
2,016E+11;16;7;22;538;2;1;1;1;6;159;713, NAPOLEON III (BOULE;M;4370720;731740;60
2,016E+11;16;7;22;2325;5;2;3;1;3;88;SAINT-AUGUSTIN (AV. DE);M;4340294;713243;60
2,016E+11;16;7;23;2225;5;2;2;1;3;88;PASTEUR (BD);M;4371467;728018;60
2,016E+11;16;7;24;2115;1;2;1;1;1;88;86, CREMAT (CH. DE);;;;60
2,016E+11;16;7;25;525;5;2;1;1;2;88;50, ANGLAIS (DU Nø 45 AU;;;;60
2,016E+11;16;7;28;1700;1;2;1;1;6;88;218, TURIN (RTE DE);;;;60
2,016E+11;16;7;29;230;5;1;1;1;6;88;FORESTIERE (RTE);;;;60
2,016E+11;16;7;29;1110;1;2;3;1;6;88;6, CARABACEL (BD);;;;60
2,016E+11;16;7;29;1220;1;2;1;1;6;88;17, HOTEL DES POSTES (R.;;;;60
2,016E+11;16;7;30;1400;1;2;2;1;3;88;20, BLANCON (RUE PIERRE);;;;60
2,016E+11;16;8;2;1130;1;1;1;1;3;159;960, BELLAVISTA (AVENUE);;;;60
2,016E+11;16;8;2;1630;1;2;2;1;1;88;17, GEORGES V (AV.);;;;60
2,016E+11;16;8;3;1343;1;2;1;1;3;88;47, BESSET (AV.) (A PART;;;;60
2,016E+11;16;8;4;645;2;2;2;1;6;88;ROSSINI (R.);;;;60
2,016E+11;16;8;4;850;1;2;1;1;6;88;28, QUAI LUNEL;;;;60
2,016E+11;16;8;5;301;5;1;1;1;7;88;SAQUIER (CH. DE);;;;60
2,016E+11;16;8;5;2010;1;2;1;1;6;88;72, BORRIGLIONE (A PARTI;M;4342454;715412;60
2,016E+11;16;8;6;2340;5;2;1;1;2;88;ANGLAIS (DU Nø 1 AU Nø 4;;;;60
2,016E+11;16;8;7;1820;1;2;2;1;6;88;8, MEYERBEER (RUE ET PAS;M;4341336;714520;60
2,016E+11;16;8;8;1355;1;2;1;1;3;88;10, SORGENTINO (R.);;;;60
2,016E+11;16;8;8;2255;5;2;1;1;2;88;0, ANGLAIS PLAGE(  PARTI;M;4341414;715474;60
2,016E+11;16;8;11;630;2;2;1;1;2;88;1, CESSOLE (BD DE) (JUSQ;M;4342367;715215;60
2,016E+11;16;8;12;1110;1;2;2;1;3;88;0, ARMEE DES ALPES (BD D;M;4342256;717326;60
2,016E+11;16;8;15;1400;1;2;3;1;3;88;67, RAYNAUD (BD AUGUSTE);;;;60
2,016E+11;16;8;15;344;5;2;1;1;7;88;4/6, SAINT-PIERRE DE FER;;;;60