Num_Acc;an;mois;jour;hrmn;lum;agg;int;atm;col;com;adr;gps;lat;long;dep
2,016E+11;16;9;20;230;3;1;1;1;2;278;;M;4774769;742053;680
2,016E+11;16;9;29;1315;1;1;1;1;2;253;;M;4748053;749409;680
2,016E+11;16;10;10;1130;1;2;4;1;6;300;Bifurcation A36 vers A35;M;4778462;740714;680
2,016E+11;16;11;6;415;4;1;1;1;6;21;;M;4763660;750012;680
2,016E+11;16;12;5;1615;1;1;1;1;7;300;;M;4778942;739906;680
2,016E+11;16;12;18;615;3;1;1;1;7;21;;M;0;0;680
2,016E+11;16;1;12;1445;1;1;1;1;6;228;;M;4804440;-39223;530
2,016E+11;16;2;23;1345;1;1;1;1;7;49;;M;4815479;-63917;530
2,016E+11;16;4;1;1115;1;1;1;1;6;26;;M;4799526;-98203;530
2,016E+11;16;4;9;615;3;1;1;3;6;34;;M;4809573;-69309;530
2,016E+11;16;5;8;630;2;1;1;1;2;7;;M;4807605;-64557;530
2,016E+11;16;5;10;1315;1;1;1;1;5;267;;M;4805163;-43359;530
2,016E+11;16;7;15;1800;1;1;1;1;6;7;;M;4807532;-61294;530
2,016E+11;16;7;23;830;1;1;1;1;6;262;;M;4806955;-55870;530
2,016E+11;16;12;10;1100;1;2;7;8;3;1;place de l'eglise;M;4778329;-62965;530
2,016E+11;16;1;8;630;2;1;1;1;7;48;;M;4737864;-126274;440
2,016E+11;16;1;15;1330;1;1;1;1;7;28;;M;4734409;-136884;440
2,016E+11;16;1;27;1515;1;1;1;1;6;26;;M;4729900;-143607;440
2,016E+11;16;2;1;1415;1;1;1;1;6;104;;M;4741545;-96851;440
2,016E+11;16;3;21;1930;3;1;1;1;2;3;;M;4740033;-119746;440
2,016E+11;16;6;23;1045;1;1;1;1;2;3;;M;4740033;-119746;440
2,016E+11;16;1;11;830;2;1;1;2;6;43;AIRE A62 PR 97.180;M;4424970;30262;470
2,016E+11;16;6;4;615;2;1;1;1;2;97;A62;M;4423050;33235;470
2,016E+11;16;9;4;1645;1;1;1;1;7;41;;M;4421330;40247;470
2,016E+11;16;12;3;1615;1;1;1;1;7;78;;M;4427940;27041;470
2,016E+11;16;12;21;1845;3;1;1;1;5;267;;M;4427240;27521;470
2,016E+11;16;1;3;1230;1;1;1;1;6;125;;M;0;0;820
2,016E+11;16;1;14;745;2;1;1;2;5;28;;M;0;0;820
2,016E+11;16;3;1;1130;1;1;6;1;6;172;;M;0;0;820
2,016E+11;16;3;5;1400;1;1;1;2;1;123;;M;0;0;820
2,016E+11;16;4;14;1915;1;1;1;1;6;202;;M;4384570;132294;310
2,016E+11;16;5;4;1815;1;1;1;1;2;33;;M;0;0;820
2,016E+11;16;7;10;1930;1;1;1;1;6;33;;M;0;0;820
2,016E+11;16;9;9;600;2;1;1;1;2;33;;M;0;0;820
2,016E+11;16;9;25;1000;1;1;1;1;6;121;;M;0;0;820
2,016E+11;16;10;2;1545;1;1;9;1;2;25;;M;0;0;820
2,016E+11;16;11;6;1415;1;1;1;5;4;202;;M;0;0;310
2,016E+11;16;12;10;1315;1;1;1;5;2;149;;M;0;0;820
2,016E+11;16;12;16;1600;1;1;1;2;2;123;;M;0;0;820
2,016E+11;16;1;16;1630;1;1;1;1;7;27;;M;4211693;892198;201
2,016E+11;16;5;24;1000;1;1;1;1;3;348;;M;0;0;201
2,016E+11;16;6;8;1730;1;1;1;1;5;212;;M;0;0;201
2,016E+11;16;6;15;2030;2;1;1;1;1;48;;M;0;0;201
2,016E+11;16;9;7;1030;1;1;1;1;4;266;;M;0;0;201
2,016E+11;16;1;1;1415;1;1;1;1;6;150;;M;4706949;543871;390
2,016E+11;16;2;3;1815;3;1;1;8;5;233;;M;4708679;542007;390
2,016E+11;16;3;16;1745;1;1;1;1;6;448;;M;4699657;549932;390
2,016E+11;16;6;8;715;1;1;1;1;1;252;;M;4704134;544793;390
2,016E+11;16;11;14;1700;2;1;1;1;5;219;;M;4717124;577886;390
2,016E+11;16;12;13;15;3;1;1;2;6;31;;M;4717235;566014;390
2,016E+11;16;3;26;800;1;2;4;1;3;397;inter av dent de crolles;M;4524597;583107;380
2,016E+11;16;3;31;2130;5;2;1;1;3;229;avenue des 7 laux;M;0;0;380
2,016E+11;16;4;27;1245;1;2;1;1;1;431;;M;4525897;585219;380
2,016E+11;16;5;29;45;5;2;1;1;3;229;carrefour de l'europe;M;0;0;380
2,016E+11;16;6;26;500;2;1;1;1;1;140;;M;0;0;380
2,016E+11;16;7;20;2330;3;1;1;1;7;435;;M;4529779;586672;380
2,016E+11;16;11;12;1130;1;2;2;1;3;229;avenue du GrÃ(c)sivaudan;M;0;0;380
2,016E+11;16;12;6;1915;5;2;3;1;6;229;Av de Verdun/Aiguinards;M;4520521;576478;380
2,016E+11;16;2;22;1500;1;2;6;2;7;85;rond point saint basile;M;4360477;700187;60
2,016E+11;16;3;2;1700;1;1;1;1;3;85;;M;0;0;60
2,016E+11;16;4;9;245;5;2;1;1;3;85;1507 Avenue  Mal JUIN;M;4358746;699657;60
2,016E+11;16;5;28;15;3;1;1;1;3;85;;M;0;0;60
2,016E+11;16;6;10;2245;5;2;1;1;6;85;;M;0;0;60
2,016E+11;16;7;6;815;1;1;1;1;3;85;;M;0;0;60
2,016E+11;16;7;3;1915;1;2;1;1;1;85;chemin de carimaï;M;0;0;60
2,016E+11;16;8;9;930;1;2;1;1;1;85;avenue maurice donat;M;0;0;60
2,016E+11;16;8;10;1815;2;2;1;1;6;85;ROUTE DE LA ROQUETTE;M;0;0;60
2,016E+11;16;8;27;630;2;1;1;1;6;85;;M;0;0;60
2,016E+11;16;9;3;800;1;2;3;1;5;85;409 route de la Roquette;M;0;0;60
2,016E+11;16;9;23;1830;1;2;3;1;3;85;1253 chemin du Ferrandou;M;0;0;60
2,016E+11;16;10;9;1700;1;2;3;1;2;85;863 route de la Roquette;M;4361097;696708;60
2,016E+11;16;10;11;1915;2;2;1;1;2;85;route de vallauris;M;4359211;704358;60
2,016E+11;16;10;17;920;1;2;1;1;3;85;route de la valmasque;M;4360575;704616;60
2,016E+11;16;10;2;745;1;2;2;1;3;85;Maréchal juin;M;0;0;60
2,016E+11;16;10;29;1630;1;2;3;1;3;85;900 route de la roquette;M;4360850;696454;60
2,016E+11;16;11;29;855;1;1;1;1;5;85;D6185;M;4360522;699019;60
2,016E+11;16;1;15;800;3;2;1;2;6;466;route de qurante sous;M;0;0;780
2,016E+11;16;3;3;215;3;1;1;3;7;431;;M;0;0;780
2,016E+11;16;3;19;115;5;2;1;1;1;466;RUE DE VILLENNES;M;0;0;780
2,016E+11;16;5;1;1730;1;2;1;1;6;466;ROUTE DES QUARANTE SOUS;M;0;0;780
2,016E+11;16;5;10;830;1;1;1;1;1;466;;M;0;0;780
2,016E+11;16;6;2;1830;1;1;1;1;6;431;D113 x Croix de l'Orme;M;0;0;780
2,016E+11;16;7;28;45;5;1;1;1;1;466;route des 40 sous;M;0;0;780
2,016E+11;16;11;16;845;1;1;1;1;2;466;;M;4893100;199900;780
2,016E+11;16;2;22;645;2;1;6;5;4;122;Ch du Pot au Pin;M;4471199;-75962;330
2,016E+11;16;3;6;1500;1;1;6;1;3;122;D211 ZA Pot au Pin;M;4472320;-74858;330
2,016E+11;16;3;30;1230;1;1;1;1;7;122;D1250;M;4474754;-75372;330
2,016E+11;16;4;18;1545;1;2;6;1;2;122;avenue de reinheim;M;4474499;-68292;330
2,016E+11;16;4;27;645;1;1;1;1;1;122;;M;4472400;-73900;330
2,016E+11;16;6;12;645;3;1;1;1;6;122;;M;4473800;-75900;330
2,016E+11;16;9;20;1715;2;1;4;1;1;122;D214;M;4476226;-68838;330
2,016E+11;16;9;25;1515;1;1;1;1;7;122;;M;4476700;-68700;330
2,016E+11;16;12;16;1945;5;1;6;1;6;122;RD214 rte de fourc;M;4475499;-68568;330
2,016E+11;16;2;25;1730;1;1;1;1;7;195;;M;0;0;660
2,016E+11;16;4;17;545;3;1;1;2;4;8;;M;0;0;670
2,016E+11;16;5;23;1245;1;1;1;2;6;125;;M;0;0;670
2,016E+11;16;6;14;2045;1;1;1;1;2;125;;M;0;0;670
2,016E+11;16;7;13;1645;1;1;1;1;2;462;;M;0;0;670
2,016E+11;16;10;9;515;3;1;1;1;6;411;;M;0;0;670
2,016E+11;16;11;25;2100;3;1;1;1;4;73;;M;0;0;670
2,016E+11;16;12;4;445;3;1;1;1;6;101;;M;0;0;670
2,016E+11;16;12;13;230;3;1;1;1;2;125;;M;0;0;670
2,016E+11;16;7;15;800;1;1;1;1;6;246;;M;4641538;-11938;790
2,016E+11;16;7;19;430;3;1;1;1;2;3;;M;4629347;-38319;790
2,016E+11;16;9;18;800;2;1;1;1;6;290;;M;4640005;-62197;790
2,016E+11;16;7;16;1500;1;1;1;1;7;502;A10;M;0;0;330
2,016E+11;16;9;9;1100;1;1;1;1;3;123;A10;M;0;0;330
2,016E+11;16;10;22;815;1;1;1;1;7;50;;M;4549088;-61469;170
2,016E+11;16;11;6;1245;1;1;1;1;5;126;A10;M;0;0;330
2,016E+11;16;12;28;1515;1;1;1;1;7;50;;M;4548397;-61742;170
2,016E+11;16;1;7;800;1;2;1;1;1;269;RT10;M;4186100;940000;201
2,016E+11;16;4;2;315;5;2;1;1;7;362;Route territoriale 10;M;4170500;935400;201
2,016E+11;16;4;3;1745;1;1;1;1;6;92;;M;4172300;940300;201
2,016E+11;16;4;16;1615;1;1;1;1;6;362;;M;0;0;201
2,016E+11;16;5;14;745;1;1;1;1;1;139;;M;0;0;201
2,016E+11;16;6;1;1645;1;1;1;1;7;139;;M;0;0;201
2,016E+11;16;6;15;1645;1;1;1;1;3;269;;M;0;0;201
2,016E+11;16;6;16;1115;1;1;1;1;2;362;;M;4171500;939500;201
2,016E+11;16;6;19;1215;1;1;1;2;6;139;;M;4165599;932600;201
2,016E+11;16;6;26;1630;1;1;1;1;3;269;;M;4180500;939400;201
2,016E+11;16;6;30;1330;1;2;1;1;3;362;RT10 - PK 39+500;M;4169900;933900;201
2,016E+11;16;7;14;815;1;2;1;1;6;269;RT 10;M;0;0;201
2,016E+11;16;7;20;1600;1;1;1;7;6;269;;M;4182400;940400;201
2,016E+11;16;3;26;240;3;1;1;1;7;184;;M;4926130;-78271;140
2,016E+11;16;6;3;1845;1;1;4;1;3;268;;M;0;0;740
2,016E+11;16;6;24;730;1;1;6;1;6;268;GIRATOIRE DE CHAUX;M;0;0;740
2,016E+11;16;7;3;1830;1;1;1;1;1;268;;M;0;0;740
2,016E+11;16;7;7;1945;1;2;6;1;6;268;AVENUE HENRI ZANAOLI;M;0;0;740
2,016E+11;16;8;4;2115;5;2;1;3;5;268;244, ROUTE DES CREUSES;M;0;0;740
2,016E+11;16;8;27;845;1;2;3;1;5;268;168 AV D'AIX LES BAINS;M;0;0;740
2,016E+11;16;8;30;1530;1;2;4;1;3;268;AVENUE D'AIX LES BAINS;M;0;0;740
2,016E+11;16;9;14;1645;1;2;4;1;1;268;AVENUE D'AIX LES BAINS;M;0;0;740
2,016E+11;16;1;26;1915;3;1;1;1;3;276;;M;0;0;10
2,016E+11;16;1;30;2300;3;1;1;1;6;32;;M;0;0;10
2,016E+11;16;2;18;1400;1;1;1;1;6;99;;M;0;0;10
2,016E+11;16;3;19;915;1;1;1;1;2;89;;M;0;0;10
2,016E+11;16;3;23;1500;1;1;1;6;7;32;;M;0;0;10
2,016E+11;16;4;20;1930;1;1;1;1;7;89;;M;0;0;10
2,016E+11;16;4;30;1700;1;1;1;1;6;43;;M;0;0;10
2,016E+11;16;4;28;1830;1;1;1;1;3;99;;M;0;0;10
2,016E+11;16;5;11;100;3;1;1;1;2;142;;M;0;0;10
2,016E+11;16;5;18;2200;3;1;1;1;5;32;;M;0;0;10
2,016E+11;16;6;18;245;3;1;1;1;2;32;;M;4586000;515000;10
2,016E+11;16;7;12;845;1;1;1;8;7;7;;M;4599000;531000;10
2,016E+11;16;7;20;500;2;1;1;1;1;32;;M;0;0;10
2,016E+11;16;8;21;1045;1;1;1;1;2;557;;M;4578475;508059;380
2,016E+11;16;10;5;123;3;1;1;5;2;213;;M;4592886;527363;10
2,016E+11;16;11;4;1830;3;1;1;1;1;290;1800;M;4589079;517612;10
2,016E+11;16;7;17;645;1;1;1;1;3;27;;M;4732200;98300;370
2,016E+11;16;9;14;1315;1;1;1;8;2;30;ZONE DU  FLETEAU;M;4759200;88500;370
2,016E+11;16;2;16;1545;1;2;1;1;6;279;route de chambles;M;4549979;424033;420
2,016E+11;16;3;11;2230;3;1;1;1;6;279;;M;4549220;429959;420
2,016E+11;16;3;15;2200;3;1;1;2;7;279;;M;4551849;427207;420
2,016E+11;16;3;16;1500;1;2;1;4;6;279;bd de la libération;M;4549935;424049;420
2,016E+11;16;3;18;1730;1;1;1;1;7;42;;M;4545178;423066;420
2,016E+11;16;3;19;1915;2;1;1;1;1;169;;M;4546262;411699;420
2,016E+11;16;4;19;1715;1;1;1;1;3;42;;M;4545412;422584;420
2,016E+11;16;5;7;1130;1;2;1;7;1;279;Avenue des barques;M;4549942;424411;420
2,016E+11;16;5;12;1115;1;1;1;8;7;126;lieu dit Nus;M;4546003;411031;420
2,016E+11;16;5;23;1400;1;2;1;8;3;279;avenue des barques;M;4549885;424259;420
2,016E+11;16;6;24;1615;1;2;1;1;6;279;rue gonyn;M;4549930;424218;420
2,016E+11;16;7;26;515;5;2;1;1;6;279;Boulevard Jean Jaurès;M;4551871;426427;420
2,016E+11;16;7;30;2015;1;1;1;2;6;169;;M;4545730;415165;420
2,016E+11;16;8;2;1800;1;1;1;1;7;279;;M;4549268;429402;420
2,016E+11;16;8;7;2000;2;1;1;1;3;42;;M;4545135;423065;420
2,016E+11;16;8;30;1615;1;2;1;1;1;279;Route de St Marcellin -;M;4549979;423926;420
2,016E+11;16;9;24;1230;1;2;1;7;3;279;18 route de Chambles;M;4549684;424408;420
2,016E+11;16;9;25;315;5;2;1;1;7;256;Rue d' outre l' eau;M;4550070;416250;420
2,016E+11;16;10;10;1545;1;1;1;1;3;256;lieu dit la Roche;M;4547200;413980;420
2,016E+11;16;11;30;1945;5;2;1;1;2;279;boulevard Pasteur;M;4550466;426467;420
2,016E+11;16;1;17;515;3;1;1;9;6;135;chemin ferme;M;4851400;244200;910
2,016E+11;16;9;18;530;3;1;6;5;7;244;RD191;M;4855348;241558;910
2,016E+11;16;12;11;1815;3;1;6;5;6;244;RD191;M;4855001;241243;910
2,016E+11;16;12;12;1000;1;1;6;8;1;244;RD191;M;4855354;241554;910
2,016E+11;16;3;22;830;1;1;1;1;2;449;D931;M;4920578;419496;510
2,016E+11;16;5;28;2000;1;1;1;1;2;428;D944;M;4911857;424907;510
2,016E+11;16;6;1;1315;1;1;1;1;1;44;D944DEVIATION;M;4917019;417818;510
2,016E+11;16;6;6;2015;1;1;8;1;3;449;D8;M;4919948;417678;510
2,016E+11;16;7;8;1545;1;1;2;1;1;333;D33/D9;M;4916631;408378;510
2,016E+11;16;7;19;1845;1;1;1;1;1;629;D951;M;4915508;401198;510
2,016E+11;16;8;20;2230;3;1;6;1;6;44;D944;M;4918228;416646;510
2,016E+11;16;9;22;930;1;1;3;1;3;613;CH DE LA BARBARIE;M;4916601;414637;510
2,016E+11;16;11;13;1200;1;1;1;8;1;629;D951;M;4915618;401152;510
2,016E+11;16;12;14;400;3;1;1;1;1;44;D944;M;4917391;416905;510
2,016E+11;16;12;16;845;1;2;2;1;6;79;VILLEBOIS MAREUIL/POSTES;M;4907923;414785;510
2,016E+11;16;12;21;1730;3;1;2;1;3;571;D931;M;4920184;425526;510
2,016E+11;16;8;30;1430;1;2;1;1;7;157;129 route de Toulouse;M;4355414;135792;310
2,016E+11;16;1;4;1045;1;2;1;1;6;18;387 chemin des cabots;M;4362368;710960;60
2,016E+11;16;1;11;745;2;2;6;1;6;18;D504;M;0;0;60
2,016E+11;16;1;24;1215;1;1;6;1;3;18;;M;0;0;60
2,016E+11;16;1;13;1700;1;1;1;1;3;152;;M;0;0;60
2,016E+11;16;3;6;1030;1;2;1;1;1;18;8 route de valbonne;M;4362832;709597;60
2,016E+11;16;4;14;900;1;2;1;1;1;152;1382 Route de Biot;M;0;0;60
2,016E+11;16;4;21;1800;1;2;1;1;5;152;1062 route de biot;M;4364227;703349;60
2,016E+11;16;4;27;1900;1;2;1;1;3;18;572 route de la Mer;M;4362430;710381;60
2,016E+11;16;5;14;230;3;1;1;1;3;152;;M;0;0;60
2,016E+11;16;5;7;1100;1;2;1;1;6;18;;M;0;0;60
2,016E+11;16;5;26;900;1;1;1;1;2;18;;M;0;0;60
2,016E+11;16;6;12;1330;1;2;1;1;3;152;route d'Antibes;M;0;0;60
2,016E+11;16;6;23;1800;1;2;1;1;6;18;1150 av de St Philippe;M;0;0;60
2,016E+11;16;6;26;1545;1;1;6;1;6;152;;M;0;0;60
2,016E+11;16;7;13;1115;1;2;1;1;1;152;rue ludwig van beethoven;M;0;0;60
2,016E+11;16;7;16;1900;1;1;1;1;7;152;;M;0;0;60
2,016E+11;16;8;4;1745;1;2;1;1;2;18;400 Avenue de Roumanille;M;0;0;60
2,016E+11;16;8;5;1500;1;1;1;6;6;152;;M;0;0;60
2,016E+11;16;6;2;1830;1;1;9;1;3;18;;M;0;0;60
2,016E+11;16;9;5;2245;3;1;1;1;1;152;;M;0;0;60
2,016E+11;16;10;10;1455;1;1;1;1;5;152;route du parc;M;4361101;704949;60
2,016E+11;16;10;19;747;1;1;1;1;2;152;1360 route d'antibes;M;4362346;701098;60
2,016E+11;16;10;28;1140;1;1;1;1;6;18;Route des colles;M;4361602;707719;60
2,016E+11;16;10;30;910;1;2;1;1;3;152;592  route de Nice;M;4364395;701512;60
2,016E+11;16;11;9;1040;1;2;1;2;7;18;route des Colles;M;4362150;709946;60
2,016E+11;16;11;23;820;1;1;1;2;5;18;RD 504 ( ROUTE DES COLLE;M;4361639;709245;60
2,016E+11;16;11;25;1850;5;1;1;1;5;152;260 ROUTE D ANTIBES;M;4362375;700713;60
2,016E+11;16;11;26;1200;1;1;1;1;1;152;route de la Valmasque;M;4360534;705209;60
2,016E+11;16;11;30;1835;3;2;6;1;6;18;route des Dolines;M;4361761;707050;60
2,016E+11;16;12;2;750;1;2;1;1;7;18;chemin des bachettes;M;4362867;709712;60
2,016E+11;16;12;15;1220;1;1;1;1;6;18;route des doline D98;M;4362120;705952;60
2,016E+11;16;12;30;1500;1;2;1;1;6;152;route du parc;M;4360556;705937;60
2,016E+11;16;3;24;800;1;2;1;1;3;292;RUE PAUL DELORME;M;0;0;690
2,016E+11;16;7;5;1945;1;2;1;1;1;88;50 rue du 08 Mai 1945;M;0;0;690
2,016E+11;16;1;4;1745;5;2;1;2;3;244;avenue du 11 novembre;M;0;0;690
2,016E+11;16;1;12;1715;2;2;1;1;3;244;AVENUE DU 11 NOVEMBRE;M;0;0;690
2,016E+11;16;4;8;1645;1;2;1;1;6;244;Chemin de la Mansion;M;0;0;690
2,016E+11;16;10;7;1015;1;2;1;1;6;244;avenue FOCH;M;4576357;477358;690
2,016E+11;16;10;19;1850;1;2;1;1;3;244;174 avenue Charles de GA;M;4575637;477171;690
2,016E+11;16;11;18;2340;5;2;1;1;1;244;AVENUE GÉNÉRAL BROSSET;M;4575815;477525;690
2,016E+11;16;12;1;1645;1;2;2;1;3;244;route de paris;M;4576892;475859;690
2,016E+11;16;12;6;1805;5;2;1;5;3;244;21 avenue Victor Hugo;M;4577031;478884;690
2,016E+11;16;12;8;1945;5;2;1;1;3;244;Avenue de la république;M;4576484;476879;690
2,016E+11;16;12;11;2145;5;2;1;1;3;244;122 rue Joliot CURIE;M;4575454;477970;690
2,016E+11;16;12;10;1830;5;2;1;1;6;19;RN7 le village;M;0;0;380
2,016E+11;16;12;14;1230;1;2;1;1;3;425;rue du 19 mars 62;M;4539762;477776;380
2,016E+11;16;1;8;1745;3;1;1;3;5;120;LIEU DIT LA CASERNE;M;4604200;630200;740
2,016E+11;16;7;31;1700;1;1;1;1;1;22;;M;0;0;740
2,016E+11;16;8;6;1215;1;2;2;1;3;303;ROUTE DE NAVES;M;0;0;740
2,016E+11;16;9;2;1830;1;1;1;1;7;120;;M;0;0;740
2,016E+11;16;3;5;1430;1;1;1;2;7;320;;M;4364044;373376;340
2,016E+11;16;3;24;1315;1;1;1;1;2;153;;M;4372990;380265;340
2,016E+11;16;8;25;130;3;1;1;1;7;82;;M;4366816;380013;340
2,016E+11;16;1;13;1230;1;1;1;1;1;140;;M;0;0;10
2,016E+11;16;3;19;1145;1;1;1;1;5;254;;M;0;0;10
2,016E+11;16;4;13;545;3;1;1;3;6;343;;M;0;0;10
2,016E+11;16;4;21;1500;1;1;1;1;6;422;;M;0;0;10
2,016E+11;16;5;23;845;1;1;1;1;5;374;;M;0;0;10
2,016E+11;16;5;26;730;1;1;1;1;6;159;;M;0;0;10
2,016E+11;16;6;18;500;3;1;1;1;6;422;;M;0;0;10
2,016E+11;16;6;23;1530;1;1;1;1;6;195;;M;0;0;10
2,016E+11;16;7;31;1930;1;1;1;1;1;304;;M;0;0;10
2,016E+11;16;8;11;700;1;1;1;1;7;29;;M;4643541;526961;10
2,016E+11;16;8;11;945;1;1;1;1;7;195;;M;0;0;10
2,016E+11;16;8;22;1445;1;1;1;1;6;195;;M;0;0;10
2,016E+11;16;9;28;2000;2;1;1;1;6;24;;M;4625998;516675;10
2,016E+11;16;11;1;2045;3;1;1;1;6;159;1570;M;4632905;488010;10
2,016E+11;16;10;7;850;1;1;1;1;3;206;ROUTE DEPARTEMENTALE 228;M;4885407;301845;770
2,016E+11;16;10;12;1215;1;1;2;1;3;31;RD201 - RD49;M;4867267;295962;770
2,016E+11;16;11;22;1600;1;2;9;1;6;183;gare SNCF;M;4895055;312465;770
2,016E+11;16;6;6;1630;1;1;1;1;4;233;;M;0;0;780
2,016E+11;16;2;16;815;2;1;1;7;4;233;;M;0;0;780
2,016E+11;16;2;21;1230;1;2;1;1;3;43;;M;0;0;780
2,016E+11;16;3;6;100;3;1;1;1;1;152;;M;0;0;780
2,016E+11;16;4;1;1345;1;1;1;1;1;43;;M;0;0;780
2,016E+11;16;4;2;1045;1;1;1;8;1;152;;M;0;0;780
2,016E+11;16;4;15;730;2;1;1;7;6;43;;M;0;0;780
2,016E+11;16;5;9;700;1;1;1;1;1;233;;M;0;0;780
2,016E+11;16;6;7;1830;1;1;1;1;1;571;;M;0;0;780
2,016E+11;16;8;28;1115;1;2;4;1;3;152;rue des clayes;M;0;0;780
2,016E+11;16;9;10;1730;1;2;1;1;2;571;;M;0;0;780
2,016E+11;16;10;14;845;1;2;1;1;3;43;rue de maule;M;0;0;780
2,016E+11;16;1;4;245;3;1;1;2;7;14;;M;0;0;130
2,016E+11;16;1;21;945;1;1;1;1;2;118;;M;0;0;130
2,016E+11;16;2;1;1700;1;1;1;1;6;37;;M;0;0;130
2,016E+11;16;5;19;830;1;2;1;1;1;37;61 Avenue de Gaulle;M;4355043;522312;130
2,016E+11;16;7;13;2230;4;1;1;1;1;37;;M;0;0;130
2,016E+11;16;7;18;1630;1;1;1;1;1;112;;M;0;0;130
2,016E+11;16;9;21;800;1;1;1;1;3;37;;M;4355199;517941;130
2,016E+11;16;11;10;2200;4;1;1;1;1;37;;M;0;0;130
2,016E+11;16;10;22;1730;1;1;1;1;2;430;RN1;M;4907190;232420;950
2,016E+11;16;12;2;1545;1;1;1;8;7;28;RN 104;M;4906170;234070;950
2,016E+11;16;5;14;1045;1;2;1;2;6;32;13 avenue Delcassé;M;4272162;183728;90
2,016E+11;16;5;16;1215;1;1;1;1;5;228;;M;4273134;180401;90
2,016E+11;16;6;3;2030;1;1;1;8;3;139;;M;4259012;180366;90
2,016E+11;16;7;24;1445;1;1;1;1;1;32;;M;4268443;182411;90
2,016E+11;16;10;6;1015;1;1;1;8;6;32;;M;4268652;182317;90
2,016E+11;16;11;5;1900;3;1;1;2;5;4;;M;4277560;169739;90
2,016E+11;16;3;27;2000;5;2;1;1;3;59;rue de l'orée;M;4817890;-172425;350
2,016E+11;16;4;3;245;3;1;1;1;2;275;;M;4815803;-181817;350
2,016E+11;16;4;14;1000;1;1;1;1;1;275;;M;4813854;-187095;350
2,016E+11;16;5;28;1830;1;1;1;1;1;210;;M;4815012;-174418;350
2,016E+11;16;7;1;1345;1;2;6;1;1;210;Avenue des touches;M;4814103;-176642;350
2,016E+11;16;7;7;1630;1;1;1;1;1;210;;M;4812570;-177279;350
2,016E+11;16;7;16;515;3;1;1;1;6;210;;M;4816072;-185105;350
2,016E+11;16;8;21;1115;1;1;3;1;3;131;;M;4811693;-180676;350
2,016E+11;16;9;14;700;3;1;1;8;3;131;;M;4812111;-183241;350
2,016E+11;16;10;12;1020;1;2;1;7;6;210;avenue Brizeux;M;4814668;-177139;350
2,016E+11;16;10;21;610;3;1;1;1;7;210;la cohinière;M;4812946;-177236;350
2,016E+11;16;11;10;1145;1;2;1;1;3;210;Boulevard de la Nominoé;M;4814611;-177962;350
2,016E+11;16;11;23;1850;5;1;3;2;3;59;route de Saint-Malo;M;4818926;-172763;350
2,016E+11;16;12;3;2230;4;1;1;1;7;210;;M;4812362;-177346;350
2,016E+11;16;12;18;2055;3;1;1;5;7;210;RD 29 à hauteur du haras;M;4815021;-173674;350
2,016E+11;16;12;27;1400;1;1;6;1;3;210;RD 29;M;4814205;-176907;350
2,016E+11;16;4;17;730;2;1;1;1;6;259;;M;0;0;560
2,016E+11;16;7;14;245;3;1;1;1;6;214;;M;4750321;-281088;560
2,016E+11;16;7;17;1145;1;1;1;1;7;248;;M;4760319;-261608;560
2,016E+11;16;7;24;1900;1;1;1;1;3;205;;M;0;0;560
2,016E+11;16;11;8;1600;1;1;1;1;1;251;;M;0;0;560
2,016E+11;16;11;25;730;3;1;1;1;4;150;;M;4760462;-268146;560
2,016E+11;16;12;19;1900;5;1;1;2;6;243;;M;4766120;-275997;560
2,016E+11;16;2;8;815;1;1;1;1;1;108;;M;4560978;420718;420
2,016E+11;16;2;28;1615;1;1;1;1;6;324;;M;4555787;424968;420
2,016E+11;16;9;27;1145;1;1;1;1;4;108;A72;M;4558284;421364;420
2,016E+11;16;10;7;2245;3;1;9;1;2;20;;M;4562200;420245;420
2,016E+11;16;12;8;1830;3;1;1;1;4;75;;M;4556819;422625;420
2,016E+11;16;2;12;1430;1;1;1;2;7;255;;M;4587666;386806;420
2,016E+11;16;4;23;945;1;1;1;2;6;255;;M;4587803;387012;420
2,016E+11;16;1;16;1100;1;2;1;1;1;474;route blanche;M;0;0;780
2,016E+11;16;2;17;1715;1;1;2;1;3;192;;M;0;0;780
2,016E+11;16;3;31;1700;1;1;5;2;5;591;;M;0;0;780
2,016E+11;16;4;30;1315;1;1;1;8;5;291;;M;0;0;780
2,016E+11;16;3;19;1000;1;1;1;8;1;430;;M;4818802;575933;880
2,016E+11;16;7;24;1515;1;1;1;1;3;430;;M;4818636;575587;880
2,016E+11;16;3;14;1815;1;2;1;1;1;553;boulevard de villefontai;M;0;0;380
2,016E+11;16;4;24;1545;1;1;1;1;1;553;;M;4560475;516371;380
2,016E+11;16;8;7;1400;1;1;1;1;3;48;;M;0;0;380
2,016E+11;16;8;22;2115;3;1;1;1;1;48;;M;0;0;380
2,016E+11;16;9;13;1215;1;2;1;1;3;553;avenue georges bizet;M;0;0;380
2,016E+11;16;9;19;915;1;2;1;3;3;553;avenue steve BIKO;M;0;0;380
2,016E+11;16;11;5;1930;3;2;1;3;6;553;avenue de la maladiÃ¿re;M;0;0;380
2,016E+11;16;11;9;915;1;2;1;3;4;553;Avenue des bois;M;0;0;380