Num_Acc;an;mois;jour;hrmn;lum;agg;int;atm;col;com;adr;gps;lat;long;dep
2,016E+11;16;2;8;1215;1;1;1;1;6;113;;M;0;0;130
2,016E+11;16;2;10;1715;1;1;1;1;6;48;;M;0;0;130
2,016E+11;16;7;4;1345;1;1;1;1;5;113;autoroute;M;0;0;130
2,016E+11;16;7;13;945;1;1;1;1;2;59;;M;0;0;130
2,016E+11;16;7;17;2100;1;1;1;1;6;59;;M;0;0;130
2,016E+11;16;7;19;1700;1;1;1;1;2;74;;M;0;0;130
2,016E+11;16;9;19;600;3;1;1;1;5;59;;M;0;0;130
2,016E+11;16;2;12;1600;1;1;1;4;4;214;;M;0;0;180
2,016E+11;16;8;14;800;1;1;1;1;6;138;;M;0;0;180
2,016E+11;16;8;27;1000;1;1;1;1;6;138;;M;0;0;180
2,016E+11;16;9;7;1945;2;1;1;1;6;50;;M;4705415;231490;180
2,016E+11;16;2;3;730;5;2;1;1;1;159;AVENUE DE VERDUN;M;4350900;380166;340
2,016E+11;16;3;7;630;3;1;1;1;3;337;;M;4352620;381942;340
2,016E+11;16;3;12;845;1;1;1;1;4;333;;M;4348090;377297;340
2,016E+11;16;8;24;915;1;2;1;1;6;159;31 AVENUE DE VERDUN;M;4350550;379510;340
2,016E+11;16;9;5;830;1;1;1;1;3;108;;M;4347280;376948;340
2,016E+11;16;9;21;1045;1;1;9;1;3;337;;M;4354640;382436;340
2,016E+11;16;10;15;1415;1;1;3;1;3;108;;M;4347752;377167;340
2,016E+11;16;12;6;1415;1;1;1;1;3;333;;M;4349490;379530;340
2,016E+11;16;12;23;915;1;1;1;1;3;333;;M;4347451;377039;340
2,016E+11;16;1;12;1215;1;1;1;1;5;373;;M;0;0;10
2,016E+11;16;2;3;1715;2;1;1;4;2;237;;M;0;0;10
2,016E+11;16;6;12;230;5;1;1;1;7;274;;M;0;0;10
2,016E+11;16;11;6;1745;3;1;1;2;3;283;;M;4626902;564671;10
2,016E+11;16;11;10;1745;5;1;1;3;1;14;;M;4628172;566039;10
2,016E+11;16;12;18;315;3;1;1;1;1;87;;M;0;0;10
2,016E+11;16;1;26;1000;1;1;1;1;6;535;;M;4929700;-47578;140
2,016E+11;16;5;4;815;1;1;3;1;2;685;CARREFOUR D170/D22;M;4924430;-46041;140
2,016E+11;16;6;11;1345;1;1;2;1;3;200;;M;4929320;-54368;140
2,016E+11;16;7;13;945;1;2;1;1;2;191;ROUTE DE BERNIÈRES;M;4933010;-44753;140
2,016E+11;16;8;15;1715;1;1;1;1;1;535;;;;;140
2,016E+11;16;8;26;1145;1;2;3;1;6;515;RUE DU PHARE;M;4934880;-75659;140
2,016E+11;16;9;19;2215;3;1;1;1;3;49;;M;4931100;-59300;140
2,016E+11;16;1;8;1700;1;1;1;1;3;69;Avenue du Général de Ga;M;4363044;515869;130
2,016E+11;16;2;11;1900;1;1;1;1;7;51;;M;4357834;514997;130
2,016E+11;16;3;31;1845;1;1;1;1;3;51;487 Route de Saint-Chama;M;4359012;511487;130
2,016E+11;16;5;9;730;1;1;1;1;3;51;;M;0;0;130
2,016E+11;16;5;5;2130;3;1;1;1;6;51;;M;0;0;130
2,016E+11;16;8;5;845;1;1;1;1;5;51;;M;0;0;130
2,016E+11;16;9;24;1830;2;1;1;1;3;51;;M;0;0;130
2,016E+11;16;9;30;745;1;1;1;1;5;51;;M;0;0;130
2,016E+11;16;11;20;615;3;1;1;1;1;51;;M;4358732;512498;130
2,016E+11;16;11;25;1515;1;1;1;2;3;9;;M;4359217;525420;130
2,016E+11;16;12;16;1945;3;1;1;1;3;44;;M;4360351;506569;130
2,016E+11;16;12;18;1845;3;1;1;1;7;44;;M;0;0;130
2,016E+11;16;1;28;700;2;1;1;1;2;118;;M;4611300;315400;30
2,016E+11;16;2;18;30;3;1;9;1;3;118;;M;4609700;313800;30
2,016E+11;16;3;9;2115;3;1;1;1;2;118;;M;4609800;313800;30
2,016E+11;16;8;23;1600;1;1;1;1;7;186;;M;4623200;310000;30
2,016E+11;16;9;7;800;1;1;9;1;6;175;;M;4623700;309900;30
2,016E+11;16;9;8;1515;1;1;1;1;7;220;;M;0;0;30
2,016E+11;16;9;23;2345;3;1;1;1;6;75;;M;4621400;309800;30
2,016E+11;16;9;27;1715;1;1;1;1;6;75;;M;4623800;309900;30
2,016E+11;16;10;11;745;1;2;1;1;6;82;;M;0;0;30
2,016E+11;16;11;10;1945;3;1;1;1;6;118;;M;4611700;313400;30
2,016E+11;16;1;20;1945;3;1;1;1;2;327;;M;4593300;314000;630
2,016E+11;16;3;27;1645;1;1;1;1;3;113;;M;0;0;630
2,016E+11;16;6;4;1645;1;1;1;1;3;82;;M;4606300;311500;630
2,016E+11;16;7;2;1145;1;1;1;1;6;113;;M;4581300;315400;630
2,016E+11;16;8;13;1100;1;1;1;1;4;300;;M;4589100;315300;630
2,016E+11;16;5;1;1515;1;1;1;1;6;84;;M;4361444;696146;60
2,016E+11;16;5;14;1300;1;2;1;1;5;84;14, avenue de Grasse;M;0;0;60
2,016E+11;16;6;20;1500;1;2;6;1;6;84;avenue des sources;M;0;0;60
2,016E+11;16;8;31;1900;1;1;1;1;1;84;;M;0;0;60
2,016E+11;16;11;6;1528;1;1;6;1;2;84;route de Pégomas;M;4361900;697106;60
2,016E+11;16;5;3;1215;1;1;1;1;1;18;;M;4753259;-5998;490
2,016E+11;16;5;18;1615;1;1;2;1;5;127;;M;4763322;-24890;490
2,016E+11;16;6;17;1315;1;1;1;1;1;245;;M;4753012;-4135;490
2,016E+11;16;6;29;1000;1;1;1;1;5;110;;M;4754215;-40078;490
2,016E+11;16;8;12;1710;1;1;1;1;2;323;;M;4750861;-44803;490
2,016E+11;16;10;24;830;2;1;1;2;4;377;;M;4751808;-41407;490
2,016E+11;16;10;28;1715;1;1;1;1;6;377;;M;4751978;-42834;490
2,016E+11;16;11;22;1600;1;1;1;1;2;127;;M;4764038;-27455;490
2,016E+11;16;4;5;1145;1;1;1;2;2;209;;M;4355586;-143206;400
2,016E+11;16;7;4;1445;1;1;1;1;7;261;;M;4371068;-122799;400
2,016E+11;16;12;24;2145;3;1;1;1;7;133;A 63 - PR 160+200;M;4359184;-141753;400
2,016E+11;16;10;14;1020;1;1;1;1;6;94;A 63  - PR 086+500;M;4412170;-98333;400
2,016E+11;16;12;17;1530;1;1;1;7;2;134;AUTOROUTE A63;M;4424719;-90539;400
2,016E+11;16;3;26;2215;3;1;1;1;6;93;;M;4600600;298800;630
2,016E+11;16;4;25;1345;1;1;1;1;6;354;;M;4602300;279400;630
2,016E+11;16;5;5;1500;1;1;1;1;3;198;;M;4593000;303200;630
2,016E+11;16;6;3;2315;3;2;1;1;6;4;CHEMIN DE LA ROCHE;M;4592590;281560;630
2,016E+11;16;7;13;1;3;1;1;1;6;349;;M;0;0;630
2,016E+11;16;7;28;1115;1;2;1;1;6;349;rue du levant;M;4593870;284150;630
2,016E+11;16;8;9;1830;1;2;3;1;3;349;CD 19 et CD 419A;M;0;0;630
2,016E+11;16;11;21;1821;5;2;6;8;6;387;MARCELIN BERTHELOT (RUE);M;4827638;408021;100
2,016E+11;16;10;13;1622;1;2;1;2;7;387;MARGUERITE BOURGEOYS (RU;M;4829669;408472;100
2,016E+11;16;10;19;1630;1;1;1;1;6;60;ROCADE OUEST (RD 610);M;4825645;410175;100
2,016E+11;16;12;15;1838;3;1;1;1;2;333;ROCADE OUEST (RD 610);M;4827115;404893;100
2,016E+11;16;12;19;1429;1;2;1;1;6;362;LAMARTINE (RUE);M;4830137;403648;100
2,016E+11;16;12;27;1855;5;2;1;5;2;297;5, JULES GUESDE (RUE);M;4829828;411603;100
2,016E+11;16;12;24;1520;1;2;3;1;3;387;GENDRET DE LA BONDE (RUE;M;4830477;407022;100
2,016E+11;16;1;6;1757;5;2;1;2;3;387;34, VOLTAIRE (RUE);M;4829481;406304;100
2,016E+11;16;8;3;2025;1;2;6;1;6;343;MOULIN LE ROI (RUE);M;4828121;409999;100
2,016E+11;16;1;20;1413;1;1;1;1;1;333;ROCADE OUEST (RD 610);M;4828197;403999;100
2,016E+11;16;1;8;1734;2;2;3;1;3;297;ARISTIDE BRIAND (RUE);M;4832536;409485;100
2,016E+11;16;1;22;2046;2;2;2;3;3;387;PIERRE BROSSOLETTE (RUE);M;4828770;407716;100
2,016E+11;16;1;23;1008;1;2;1;1;2;387;132, CHOMEDEY DE MAISONN;M;4831049;406730;100
2,016E+11;16;1;26;852;1;2;6;1;2;333;AUXERRE (ROUTE);M;4827015;405083;100
2,016E+11;16;1;22;2300;5;2;3;3;3;387;VOULDY (CHAUSSEE DU);M;4829434;408275;100
2,016E+11;16;1;25;1815;5;2;1;1;2;387;VOULDY (CHAUSSEE DU);M;4829466;408251;100
2,016E+11;16;2;18;1030;1;2;1;1;6;362;47, GENERAL GALLIENI (av;M;4829413;405766;100
2,016E+11;16;2;22;619;5;2;6;1;3;387;JULES GUESDE (bd);M;4828764;408094;100
2,016E+11;16;2;22;1209;1;2;2;1;2;387;CHARLES DELAUNAY (RUE);M;4830282;406803;100
2,016E+11;16;2;15;1945;5;2;1;1;6;387;15, PASTEUR (RUE);M;4829941;406569;100
2,016E+11;16;2;3;1500;1;2;1;1;3;387;33, CLOITRE ST ETIENNE (;M;4829591;408222;100
2,016E+11;16;2;15;1950;3;2;1;1;2;81;ROCADE OUEST (RD 610);M;4830829;402231;100
2,016E+11;16;2;28;1555;1;2;1;1;6;387;23 AV P. BROSSOLETTE;M;4829116;407544;100
2,016E+11;16;2;23;2025;5;2;1;1;6;387;GAMBETTA (bd);M;4830044;407469;100
2,016E+11;16;2;24;1320;1;2;1;1;4;387;ROBERT SCHUMANN (avenue);M;4830659;409472;100
2,016E+11;16;3;7;1852;5;2;1;2;6;81;JEAN MOULIN (RUE);M;4830538;402777;100
2,016E+11;16;3;15;1623;1;2;3;1;3;325;GABRIEL DEHEURLES (RUE);M;4826342;404742;100
2,016E+11;16;3;9;1230;1;2;1;1;6;387;30, PIERRE BROSSOLETTE (;M;4829147;407510;100
2,016E+11;16;3;8;2123;5;2;1;8;6;387;14, RAYMOND POINCARE (RU;M;4829522;407766;100
2,016E+11;16;3;6;2020;4;1;1;1;1;81;140, GENERAL SARRAIL (AV;M;4830296;402928;100
2,016E+11;16;3;29;850;1;2;6;1;6;387;GEORGES POMPIDOU (RUE);M;4829138;408811;100
2,016E+11;16;3;17;1048;1;2;3;1;6;387;GOURNAY (RUE DE);M;4830079;408864;100
2,016E+11;16;3;25;1414;1;2;1;1;6;387;7 Q, MARECHAL DE LATTRE;M;4830450;409483;100
2,016E+11;16;4;3;1054;1;2;6;1;3;387;THENARD (RUE);M;4826851;408609;100
2,016E+11;16;4;5;1055;1;2;1;1;6;333;100, AUXERRE (ROUTE);M;4827403;405797;100
2,016E+11;16;4;6;1735;1;2;1;1;3;387;BLANQUI (RUE);M;4830172;405154;100
2,016E+11;16;4;27;1627;1;2;3;1;3;387;PLANCHE DES PRES (RUE);M;4829572;409618;100
2,016E+11;16;3;21;1830;1;2;1;1;6;343;80, GAMBETTA (RUE);M;4827386;409243;100
2,016E+11;16;4;16;1329;1;2;1;1;6;387;CHOMEDEY DE MAISONNEUVE;M;4830805;406940;100
2,016E+11;16;4;20;1640;1;2;1;1;3;81;DANTON (RUE);M;4832080;405332;100
2,016E+11;16;5;14;1653;1;2;1;1;6;343;DIJON (RUE DE);M;4826980;408741;100
2,016E+11;16;5;24;1722;1;2;2;1;3;387;BLANQUI (RUE);M;4830342;405224;100
2,016E+11;16;5;25;1400;1;2;1;1;3;387;CHARLES DELAUNAY (RUE);M;4830287;406794;100
2,016E+11;16;5;28;2003;1;2;1;1;6;81;12, PRESIDENT KENNEDY (R;M;4618454;402364;100
2,016E+11;16;1;16;2220;1;1;1;1;3;387;GAMBETTA (RUE);M;4829786;406726;100
2,016E+11;16;7;14;1835;1;2;1;1;6;387;2, HAUTS CORTINS (RUE DE;M;4831474;406808;100
2,016E+11;16;7;1;1608;1;2;1;1;3;343;159, MICHEL BAROIN (RUE);M;4828241;409280;100
2,016E+11;16;7;1;823;1;2;1;1;6;387;15, PASTEUR (RUE);M;4829927;406580;100
2,016E+11;16;7;30;951;1;2;3;1;6;387;REPUBLIQUE (RUE DE LA );M;4829747;407475;100
2,016E+11;16;7;12;1355;1;2;1;1;3;387;KLEBER (RUE);;;;100
2,016E+11;16;7;31;1416;1;2;3;1;3;387;QUINZE VINGT (RUE);M;4829616;407218;100
2,016E+11;16;7;28;1820;1;2;3;1;6;387;ANATOLE FRANCE (RUE);M;4828172;407043;100
2,016E+11;16;8;3;1557;1;2;2;1;1;387;CHAILLOUET RUE);M;4830481;408376;100
2,016E+11;16;8;3;1655;1;2;3;1;3;81;JEAN MOULIN (RUE);M;4830834;403571;100
2,016E+11;16;8;12;1830;1;2;1;1;3;333;ECHENILLY (RUE);M;4827969;404329;100
2,016E+11;16;8;30;1046;1;2;3;1;3;325;LOUIS FRANCOIS ARMAND (R;M;4826762;406787;100
2,016E+11;16;8;19;1505;1;2;3;1;6;387;GENERAL LECLERC (RUE DU);M;4830953;405400;100
2,016E+11;16;8;19;1743;1;2;1;1;3;387;99, EDOUARD HERRIOT (RUE;M;4827242;408249;100
2,016E+11;16;9;9;1809;1;2;1;1;6;387;42, TURENNE (RUE DE);M;4829377;407313;100
2,016E+11;16;9;12;1939;1;2;1;1;6;387;GAMBETTA (RUE);M;4829980;407332;100
2,016E+11;16;9;7;1453;1;2;1;1;6;387;GENERAL CHARLES DELESTRA;M;4824030;407183;100
2,016E+11;16;9;16;1329;1;2;1;1;6;387;16, CHOMEDEY DE MAISONNE;M;4830316;407381;100
2,016E+11;16;9;27;1443;1;2;3;1;3;362;PAUL DOUMER (RUE);M;4828976;404007;100
2,016E+11;16;9;29;1055;1;2;2;1;2;387;GEORGES POMPIDOU (RUE);M;4828667;407756;100
2,016E+11;16;10;7;109;5;2;1;1;7;343;110, DIJON (RUE DE);M;4827348;408516;100
2,016E+11;16;10;5;1500;1;1;1;1;2;81;ROCADE OUEST (RD 610);M;4832937;405251;100
2,016E+11;16;10;13;1818;2;2;3;2;6;343;CHANTECLERC (RUE);M;4827000;408724;100
2,016E+11;16;10;11;1516;1;1;1;1;2;333;ROCADE OUEST (RD 610);M;4828113;404024;100
2,016E+11;16;10;1;1741;1;2;1;1;6;81;GENERAL SARRAIL (AVE);M;4830757;404324;100
2,016E+11;16;10;24;1454;1;1;1;2;7;81;ROCADE OUEST (RD 610);M;4832945;405196;100
2,016E+11;16;10;22;1;5;2;3;1;3;362;GENERAL GALLIENI (RUE DU;M;4829374;405276;100
2,016E+11;16;10;18;1649;1;2;1;1;6;362;GENERAL LECLERC (RUE DU);M;4829104;402632;100
2,016E+11;16;10;30;422;5;2;1;5;2;362;98, GENERAL GALLIENI (RU;M;4829378;405347;100
2,016E+11;16;11;3;742;1;2;3;1;3;387;LOMBARDS (AVENUE);M;4826883;408452;100
2,016E+11;16;11;3;855;1;2;1;1;6;387;NOES (RUE DES);M;4829754;405877;100
2,016E+11;16;11;5;1514;1;2;3;1;5;387;MAROTS (RUE DES);M;4830652;404887;100
2,016E+11;16;11;18;1327;1;2;1;1;6;362;GENERAL GALLIENI (RUE DU;M;4829442;406064;100
2,016E+11;16;11;5;1037;1;2;3;1;3;387;GAMBETTA (RUE);M;4829877;407036;100
2,016E+11;16;11;8;940;1;2;1;1;3;387;34, GENERAL SAUSSIER (RU;M;4829474;407382;100
2,016E+11;16;11;7;1840;5;2;3;1;3;387;MOULINS DE BRULE (RUE);M;4830399;408089;100
2,016E+11;16;11;8;1039;1;2;2;1;6;387;ST DOMINIQUE (MAIL);M;4829486;408178;100
2,016E+11;16;12;8;1735;1;2;1;1;6;362;56, GENERAL GALLIENI (RU;M;4829410;405769;100
2,016E+11;16;12;1;1444;1;2;3;1;3;387;REINE BLANCHE (RUE);M;4830580;406299;100
2,016E+11;16;1;27;900;1;2;1;1;6;152;rue du collège;M;0;0;670
2,016E+11;16;2;6;600;5;2;6;8;7;152;;M;0;0;670
2,016E+11;16;8;7;2330;3;1;1;1;6;49;;M;0;0;670
2,016E+11;16;8;28;2015;2;1;1;8;6;247;;M;0;0;670
2,016E+11;16;9;21;1600;1;2;6;1;7;212;Rue de Achenheim;M;0;0;670
2,016E+11;16;12;19;1500;1;1;9;1;6;212;;M;0;0;670
2,016E+11;16;12;30;615;5;1;1;5;7;124;;M;0;0;670
2,016E+11;16;4;2;1545;1;1;1;1;1;389;;M;0;0;670
2,016E+11;16;9;14;2130;3;1;1;1;6;309;;M;0;0;670
2,016E+11;16;9;24;1615;1;2;1;1;1;343;80 rue de saverne;M;0;0;670
2,016E+11;16;9;27;1830;1;2;9;1;1;389;11 rue du gal de gaulle;M;0;0;670
2,016E+11;16;11;7;700;2;1;9;1;4;389;;M;0;0;670
2,016E+11;16;11;16;915;1;2;1;3;3;309;RUE DE L'INDUSTRIE;M;0;0;670
2,016E+11;16;3;3;2015;5;1;1;1;6;38;;M;0;0;60
2,016E+11;16;3;12;945;1;2;1;1;1;112;100 route de nice;M;4367706;701763;60
2,016E+11;16;3;25;730;1;1;1;1;1;148;;M;0;0;60
2,016E+11;16;4;3;1815;1;1;4;1;3;89;;M;0;0;60
2,016E+11;16;4;13;1700;1;2;1;1;3;105;chemin du camouyer;M;0;0;60
2,016E+11;16;7;27;1000;1;1;1;1;2;112;;M;0;0;60
2,016E+11;16;5;29;2000;1;1;1;1;1;148;;M;0;0;60
2,016E+11;16;1;2;1230;1;1;1;3;6;258;;M;4309960;39352;650
2,016E+11;16;3;9;1800;2;1;1;4;5;238;A64;M;4322972;-37580;640
2,016E+11;16;8;22;1615;1;1;1;1;2;394;;M;4309210;50932;650
2,016E+11;16;12;17;1630;1;1;1;1;6;62;;M;4320620;14382;650
2,016E+11;16;2;7;800;2;1;1;8;7;13;;M;0;0;20
2,016E+11;16;10;25;630;3;1;1;5;6;46;;M;0;0;20
2,016E+11;16;3;5;1145;1;1;1;8;3;530;;M;0;0;380
2,016E+11;16;5;10;100;3;1;1;1;6;193;;M;0;0;380
2,016E+11;16;6;2;830;1;1;1;1;3;530;;M;0;0;380
2,016E+11;16;6;10;1800;1;1;2;1;3;530;;M;0;0;380
2,016E+11;16;7;11;30;3;1;1;1;1;193;lieu dit le temple;M;4561040;521236;380
2,016E+11;16;8;26;15;3;1;1;1;6;193;;M;0;0;380
2,016E+11;16;9;26;2000;3;1;9;1;3;352;Route de lyon;M;4560459;522640;380
2,016E+11;16;12;18;815;1;2;1;5;7;193;rue de Presle;M;0;0;380
2,016E+11;16;12;31;1815;1;1;1;1;5;31;;M;0;0;30
2,016E+11;16;2;13;1345;1;1;1;3;6;158;;M;0;0;30
2,016E+11;16;7;29;30;3;1;1;1;6;97;;M;0;0;30
2,016E+11;16;9;3;30;3;1;1;1;6;31;;M;0;0;30
2,016E+11;16;11;29;1415;1;1;9;1;6;31;;M;4639900;271800;30
2,016E+11;16;2;4;1120;1;1;1;1;6;91;;M;4400200;592114;40
2,016E+11;16;5;23;1600;1;1;1;6;7;49;;M;4408780;598680;40
2,016E+11;16;8;23;1530;1;1;1;1;7;75;;M;4416420;595721;40
2,016E+11;16;9;26;1030;1;1;1;1;6;13;;M;4413390;597858;40
2,016E+11;16;11;12;1730;2;1;1;1;2;75;;M;4417450;595377;40
2,016E+11;16;11;27;1430;1;1;1;1;6;112;;M;4383100;584255;40
2,016E+11;16;1;15;1100;1;2;1;1;6;113;de la grande begude;M;4358796;547660;130
2,016E+11;16;4;8;1000;1;2;1;1;6;113;Allée du Verdon;M;0;0;130
2,016E+11;16;5;20;1645;1;1;1;1;2;80;;M;0;0;130
2,016E+11;16;6;15;800;1;1;1;1;1;80;;M;4366128;545273;130
2,016E+11;16;7;11;1600;1;1;1;1;3;113;;M;4361075;549887;130
2,016E+11;16;7;20;1215;1;2;6;1;3;113;rond-point de la Gare;M;4358713;547572;130
2,016E+11;16;8;25;1900;1;1;1;1;3;113;;M;4360719;549449;130
2,016E+11;16;3;9;2200;3;1;1;1;1;183;;M;0;0;730
2,016E+11;16;6;24;1000;1;1;1;1;3;183;;M;0;0;730
2,016E+11;16;10;1;545;3;1;1;1;2;183;;M;0;0;730
2,016E+11;16;10;24;645;3;1;1;1;5;7;;M;0;0;730
2,016E+11;16;12;16;1200;1;1;1;1;2;118;;M;0;0;730
2,016E+11;16;12;30;1300;1;1;1;1;6;118;;M;0;0;730
2,016E+11;16;4;9;1730;1;1;1;1;1;500;;M;0;0;380
2,016E+11;16;5;17;900;1;2;1;1;1;33;RD1092;M;4519288;539094;380
2,016E+11;16;6;14;1745;1;1;1;1;1;88;A49;M;0;0;260
2,016E+11;16;8;13;1500;1;1;1;1;6;356;;M;0;0;380
2,016E+11;16;8;19;2300;3;1;3;1;1;410;;M;4508505;519966;380
2,016E+11;16;11;9;1815;3;1;1;1;3;450;;M;4526610;551854;380
2,016E+11;16;2;15;2000;3;1;1;1;1;206;;M;0;0;350
2,016E+11;16;7;12;1715;1;1;1;2;3;32;;M;0;0;350
2,016E+11;16;7;25;645;1;2;1;1;7;352;rue du champ martin;M;4805858;-161266;350
2,016E+11;16;8;5;215;4;2;1;1;6;352;RD 86 vern sur seiche;M;0;0;350
2,016E+11;16;9;8;1500;1;1;6;1;6;352;;M;4807838;-163248;350
2,016E+11;16;10;25;1815;1;1;1;1;3;208;La grimaudière;M;4797956;-165579;350
2,016E+11;16;10;31;1100;1;1;3;1;2;266;RD 82;M;4800795;-164071;350
2,016E+11;16;12;6;815;1;2;6;7;6;206;D34 rond point super U;M;4804419;-166557;350
2,016E+11;16;12;6;815;2;2;9;9;6;266;collège ST Paul / D36;M;4801775;-166205;350
2,016E+11;16;12;18;1535;1;1;1;5;7;32;Lieu dit Le PERELLE;M;4799450;-163252;350
2,016E+11;16;2;21;1630;1;1;1;8;6;205;;M;0;0;670
2,016E+11;16;2;29;2045;3;1;1;1;2;151;;M;0;0;670
2,016E+11;16;4;5;1915;3;1;1;2;2;506;;M;0;0;670
2,016E+11;16;4;20;715;1;1;1;1;6;463;;M;0;0;670
2,016E+11;16;5;25;745;1;1;1;8;2;205;;M;0;0;670
2,016E+11;16;9;16;715;2;1;1;1;7;151;;M;0;0;670
2,016E+11;16;9;21;1800;1;1;1;1;4;237;;M;0;0;670
2,016E+11;16;1;29;1730;2;1;1;2;5;397;;M;5085686;190058;620
2,016E+11;16;5;31;2015;1;2;1;1;3;397;route de calais;M;5088213;187267;620
2,016E+11;16;12;24;2340;5;2;1;1;6;69;65, BARBES BD IMPAIR;M;4321009;234866;110
2,016E+11;16;12;4;2130;5;2;1;1;3;69;6, BERGES DE L'AUDE -AV-;M;4320765;233765;110
2,016E+11;16;1;23;2340;3;1;1;5;1;69;RD 6113;M;4321387;238563;110
2,016E+11;16;2;2;1205;1;2;1;1;6;69;MAGINOT ANDRE -AVENUE-;M;4321450;237361;110
2,016E+11;16;12;22;1600;1;1;1;1;2;69;RD 6113;M;4323315;235819;110
2,016E+11;16;1;23;500;5;1;1;3;7;69;ROCADE SUD RD 6161;M;4319791;233733;110
2,016E+11;16;1;27;1240;1;2;1;1;4;69;GOUT HENRI -AV. Nø IMPAI;M;4321099;233868;110
2,016E+11;16;1;10;1628;1;1;1;1;6;69;PLAINE MAYREVIEILLE;M;4320293;233421;110
2,016E+11;16;2;13;600;5;2;3;2;3;69;1, GOUT HENRI -AV. Nø IM;M;4321057;234499;110
2,016E+11;16;2;22;1920;5;2;1;1;6;69;GUIRAUD ALEXANDRE;M;4321437;236649;110
2,016E+11;16;2;19;2030;3;1;1;1;6;69;RD 6113;M;4322997;232627;110
2,016E+11;16;3;9;1357;1;1;1;2;3;69;ROCADE SUD RD 6161;M;4320341;237825;110
2,016E+11;16;3;2;1645;1;2;1;2;5;69;RD 6113;M;4320479;239951;110
2,016E+11;16;3;10;1845;1;1;1;1;4;69;MONTREAL -ROUTE DE -;M;4321265;226685;110
2,016E+11;16;3;13;1114;1;2;1;1;3;69;CORPS EXPEDIT FRANCAIS D;M;4321269;237179;110
2,016E+11;16;3;24;1515;1;2;1;1;6;69;43, BUFFON RUE A PARTIR;M;4322248;235424;110
2,016E+11;16;3;27;1110;1;1;6;1;3;69;LIMOUX - ROUTE DE-;M;4319638;232238;110
2,016E+11;16;4;11;905;1;1;1;1;1;69;RD 104;M;4319136;233208;110
2,016E+11;16;3;28;1920;2;1;1;1;3;69;ROCADE SUD RD 6161;M;4320409;238644;110
2,016E+11;16;3;21;1625;1;2;1;1;6;69;face au 36, MUSSET ALFRE;M;4322209;234501;110
2,016E+11;16;4;18;2110;2;2;1;1;3;69;LECLERC AV. DU GENERAL P;M;4321073;236231;110
2,016E+11;16;4;29;1122;1;2;1;1;6;69;LECLERC AV. DU GENERAL P;M;4320902;236830;110
2,016E+11;16;4;3;1225;1;2;1;1;6;69;VERNE JULES -AVENUE-;M;4320788;233025;110
2,016E+11;16;4;30;1550;1;2;1;1;1;69;BERRIAC -ROUTE DE-;M;4321025;238641;110
2,016E+11;16;5;13;645;1;1;1;2;7;69;RD 6113;M;4320472;240013;110
2,016E+11;16;4;16;1816;1;1;1;1;5;69;VILLEMOUSTAUSSOU -ROUTE;M;4322838;235952;110
2,016E+11;16;5;17;1040;1;2;1;1;3;69;5, MARCOU -BD-;M;4321081;234674;110
2,016E+11;16;5;15;1440;1;2;1;1;3;69;BOUFFET HENRY;M;4320897;230852;110
2,016E+11;16;5;19;2145;5;2;1;1;3;69;IENA -ALLEE D'- Nø IMPAI;M;4320906;234493;110
2,016E+11;16;5;2;2340;5;2;1;1;6;69;LIMOUX - ROUTE DE-;M;4320125;232942;110
2,016E+11;16;5;15;605;5;2;1;1;3;69;BUNAU VARILLA -AV-;M;4321111;234172;110
2,016E+11;16;4;24;1730;1;2;1;1;3;69;21, SARRAUT OMER BD -IMP;M;4321642;235137;110
2,016E+11;16;5;28;1455;1;1;6;1;3;69;1, DESARGUES GERARD;M;4320822;230578;110
2,016E+11;16;5;12;1305;1;1;1;1;3;69;LIMOUX -ROUTE DE - JUSQU;M;4320219;231478;110
2,016E+11;16;5;21;1300;1;2;1;1;2;69;SARRAUT OMER BD -IMPAIRS;M;4321641;235325;110
2,016E+11;16;6;13;2147;2;2;1;1;3;69;ROOSEVELT -IMPAIRS JUSQU;M;4321763;234556;110
2,016E+11;16;6;12;2130;1;1;1;1;3;69;MONTREAL -ROUTE DE -;M;4321319;230743;110
2,016E+11;16;6;24;220;3;2;1;1;2;69;RD 6113;M;4320615;239207;110
2,016E+11;16;6;29;1030;1;2;1;1;3;69;4, FARADAY MICHEL;M;4321481;232838;110
2,016E+11;16;6;16;1800;1;2;1;1;1;69;ALAIN EMILE;M;4320877;233199;110
2,016E+11;16;7;1;905;1;1;1;1;3;69;345, PAPIN DENIS -BD-;M;4320769;231700;110
2,016E+11;16;7;9;510;3;1;1;1;6;69;RD 118;M;4322866;237457;110
2,016E+11;16;6;24;1509;1;2;1;1;4;69;38, MARTY ANTOINE;M;4321641;235663;110
2,016E+11;16;6;25;2155;2;1;1;1;2;69;RD 6113;M;4323161;232288;110
2,016E+11;16;7;28;1702;1;2;1;1;3;69;57, BARBES BD IMPAIR;M;4321038;234944;110
2,016E+11;16;7;30;1010;1;2;1;1;3;69;122, ROOSEVELT - PAIRS A;M;4322325;233610;110
2,016E+11;16;7;6;2055;1;2;1;1;6;69;LECLERC AV. DU GENERAL P;M;4320916;236830;110
2,016E+11;16;8;16;1220;1;1;1;1;1;69;RD118;M;4324021;237795;110
2,016E+11;16;8;14;620;2;1;1;1;7;69;ANGLAIS -CHEMIN-;M;4320150;236136;110