Num_Acc;an;mois;jour;hrmn;lum;agg;int;atm;col;com;adr;gps;lat;long;dep
2,016E+11;16;3;19;1450;1;2;1;1;2;28;MULET (PROMENADE FRANCOI;M;4317830;561129;130
2,016E+11;16;3;23;1700;1;2;1;1;3;28;851, DULAC (AVENUE GUILL;M;4319280;560945;130
2,016E+11;16;3;26;1540;1;2;3;1;4;28;MIREILLE (AVENUE);M;4318924;563457;130
2,016E+11;16;4;11;1430;1;2;6;1;3;28;1, FRANCE (BOULEVARD ANA;M;4317360;561016;130
2,016E+11;16;4;13;1420;1;2;3;1;1;28;SERPOLET (AVENUE DU);M;4320246;559858;130
2,016E+11;16;4;15;835;1;2;1;1;1;28;CD 559 (CHEMIN DEPARTEME;M;4319069;564122;130
2,016E+11;16;4;18;1930;1;1;3;1;1;28;ROUMANILLE (AVENUE JOSEP;M;4320422;562645;130
2,016E+11;16;4;18;2130;5;2;6;1;3;28;Rond-point de la locomot;M;4319202;560487;130
2,016E+11;16;4;19;1640;1;1;6;1;3;28;Rond-point DE LATTRE DE;M;4318994;560405;130
2,016E+11;16;4;25;1200;1;2;6;1;1;28;Rond-point des*messageri;M;4317375;560595;130
2,016E+11;16;4;27;1430;1;1;2;1;2;28;CD 559 (CHEMIN DEPARTEME;M;4318528;566170;130
2,016E+11;16;5;4;800;1;2;1;1;1;28;753  ANTIOPE (VOIE );M;4320793;560725;130
2,016E+11;16;5;4;1840;1;2;1;1;1;28;483, GASSION (AVENUE FER;M;4318098;560523;130
2,016E+11;16;5;4;2000;1;2;6;1;1;28;DULAC**AVENUE GUILLAUME);M;4319069;560902;130
2,016E+11;16;5;8;1530;1;2;1;1;4;28;FONTSAINTE (AVENUE DE);M;4319062;563854;130
2,016E+11;16;5;12;950;1;2;2;1;3;28;SANGNIER (AVENUE MARC);M;4317214;559886;130
2,016E+11;16;5;15;1445;1;2;3;1;1;28;66, DULAC (AVENUE GUILLA;M;4318635;560802;130
2,016E+11;16;5;16;1615;1;1;1;1;5;28;2182, BODIN (AVENUE EMIL;M;4320231;558889;130
2,016E+11;16;5;20;1200;1;2;3;1;1;28;ROOSEVELT (AVENUE FRANKL;M;4318319;561620;130
2,016E+11;16;5;21;1025;1;1;3;1;3;28;CD 559 (CHEMIN DEPARTEME;M;4318525;566169;130
2,016E+11;16;5;25;1825;1;2;3;1;1;28;BEAU RIVAGE (BOULEVARD);M;4318636;562138;130
2,016E+11;16;5;26;825;1;2;1;1;4;28;1943, DULAC (AVENUE GUIL;M;4319985;561900;130
2,016E+11;16;5;26;1920;1;2;1;1;2;28;25, RIPERT (AVENUE EMILE;M;4318509;561398;130
2,016E+11;16;6;1;840;1;2;1;1;6;28;MIREILLE (AVENUE);M;4318958;562890;130
2,016E+11;16;6;1;1830;1;2;3;1;3;28;** ROUMANILLE (AVENUE J;M;4319723;562118;130
2,016E+11;16;6;5;1;3;2;1;1;1;28;CD.559;M;4320651;558559;130
2,016E+11;16;6;4;1600;1;2;6;1;2;28;NS, ROND-POINT DES ARMEN;M;4318302;559781;130
2,016E+11;16;6;9;2115;2;2;2;1;3;28;AVENUE DE LA GARE;M;4319874;562648;130
2,016E+11;16;6;12;40;5;2;1;1;1;28;815, LAVAUX (BOULEVARD D;M;4319724;562745;130
2,016E+11;16;6;12;1200;1;2;6;1;3;28;DAUPHINE (AVENUE DU);M;4318956;562158;130
2,016E+11;16;6;17;1530;1;2;1;1;3;28;26,*Chemin Puits de brun;M;4318534;559948;130
2,016E+11;16;6;18;1050;1;2;1;1;6;28;FRANCE (BOULEVARD AN;M;4317531;561040;130
2,016E+11;16;6;26;1010;1;2;3;1;1;28;**, MICHELET (BOULEVARD;M;4317546;560263;130
2,016E+11;16;6;26;1340;1;2;1;1;3;28;??, WILSON (AVENUE PRESI;;;;130
2,016E+11;16;7;4;1420;1;2;6;1;3;28;CAPORAL CHEF ALAIN DERUY;M;4319157;560474;130
2,016E+11;16;7;7;1820;1;2;6;1;6;28;Rond-point DE LATTRE DE;;;;130
2,016E+11;16;7;8;920;1;2;6;1;3;28;ns, ROVARCH (AVENUE PIER;M;4319171;561772;130
2,016E+11;16;7;8;1900;1;2;1;1;2;28;81, SUBILIA (AVENUE ERNE;M;4318586;560763;130
2,016E+11;16;7;8;1930;1;2;1;1;6;28;74, CAMUGLI (AVENUE ANTO;M;4318303;561266;130
2,016E+11;16;7;14;2110;2;1;2;1;3;28;HOMME ROUGE (CHEMIN DE L;M;4319259;563301;130
2,016E+11;16;7;14;2345;5;2;1;1;7;28;189, ch ;;;;
2,016E+11;16;7;17;1250;1;2;1;1;6;28;467, FONTSAINTE (AVENUE;M;4319062;563854;130
2,016E+11;16;7;21;905;1;2;1;1;6;28;NS, FONTSAINTE (AVENUE D;M;4319073;564028;130
2,016E+11;16;7;21;1735;1;2;1;1;3;28;81, RIPERT (AVENUE EMILE;M;4318867;561613;130
2,016E+11;16;7;21;1755;1;2;3;1;3;28;SEMAPHORE *CHEMIN DU);M;4317053;559278;130
2,016E+11;16;7;23;410;5;2;3;1;1;28;GASSION (AVENUE FERNAND;M;4318412;560648;130
2,016E+11;16;7;25;1445;1;2;1;1;5;28;155, BEAU RIVAGE (BOULEV;;;;130
2,016E+11;16;7;26;1140;1;1;1;1;1;28;CRETES (ROUTES DES);M;4318336;557782;130
2,016E+11;16;7;27;2250;5;2;1;1;3;28;20, SUBILIA (AVENUE ERNE;M;4318531;560833;130
2,016E+11;16;7;29;15;5;2;1;1;1;28;95, VIEUX MOULINS**AVENU;M;4318717;562805;130
2,016E+11;16;7;29;1225;1;2;6;1;3;28;SANDRAL (AVENUE MAURICE;;;;130
2,016E+11;16;8;4;1100;1;2;1;1;6;28;ROUMANILLE (AVENUE JOSEP;;;;130
2,016E+11;16;8;5;1700;1;2;3;1;6;28;NS, CROZET (AVENUE LOUIS;M;4317703;560231;130
2,016E+11;16;8;6;1120;1;2;1;1;6;28;NS, BOURONNE (RUE);M;4317392;560549;130
2,016E+11;16;8;14;1015;1;2;1;1;2;28;NS, RIPERT (AVENUE EMILE;M;4318741;561527;130
2,016E+11;16;8;14;1930;1;2;1;1;3;112;1200 ANTOINE (CHE DE ST);M;4319550;570050;830
2,016E+11;16;8;17;1500;1;2;1;1;1;28;12, FONTSAINTE (AVENUE D;M;4318958;563657;130
2,016E+11;16;8;18;2115;3;2;2;1;3;28;MISTRAL (AVENUE FREDERIC;M;4318301;561267;130
2,016E+11;16;8;19;50;5;2;6;1;6;28;NS, GANTEAUME (QUAI HONO;M;4317347;561010;130
2,016E+11;16;8;20;150;3;1;1;1;7;28;BODIN (AVENUE EMILE);M;4319682;559500;130
2,016E+11;16;8;22;1000;1;2;3;1;2;28;NS, GUERIN (BOULEVARD);M;4317395;560603;130
2,016E+11;16;8;22;1350;1;2;1;1;6;28;318, REPUBLIQUE (BOULEVA;M;4317682;560666;130
2,016E+11;16;8;23;1230;1;2;2;1;3;28;02, KENNEDY (AVENUE PRES;M;4317926;560524;130
2,016E+11;16;8;24;1100;1;2;3;1;1;28;RIPERT (AVENUE EMILE);M;4318942;561679;130
2,016E+11;16;8;24;1420;1;2;3;1;3;28;NS, FRANCE (BOULEVARD AN;M;4317710;561081;130
2,016E+11;16;8;25;1645;1;2;1;1;3;28;42, GAROUTIER (CHEMIN DU;M;4320368;562321;130
2,016E+11;16;8;26;1605;1;2;1;1;3;28;140, ROUMANILLE (AVENUE;M;4319326;561830;130
2,016E+11;16;9;4;1030;1;2;3;1;6;28;430, ROVARCH AVENUE PIE;M;4319136;561986;130
2,016E+11;16;9;3;2130;5;2;3;1;1;28;ROOSEVELT (AVENUE FRANKL;M;4318457;561781;130
2,016E+11;16;9;4;1810;1;2;6;1;3;28;Rond-point de la locomot;M;4319207;560481;130
2,016E+11;16;9;5;2150;5;2;1;1;2;28;LAVAUX (BOULEVARD DE);M;4319003;562857;130
2,016E+11;16;9;6;1820;1;2;3;1;6;28;BEAU RIVAGE (BOULEVARD);M;4318727;562461;130
2,016E+11;16;9;9;2338;3;1;3;1;3;28;CD.559;M;4318531;566171;130
2,016E+11;16;9;11;1750;1;2;3;1;7;28;10, BELLON (AVENUE ANDRE;M;4318862;562866;130
2,016E+11;16;9;17;1640;1;2;1;1;6;28;87, PEPINIERE (CHEMIN DE;M;4319037;560208;130
2,016E+11;16;9;22;820;1;2;1;7;6;28;2, GUESDES (AVENUE JULES;M;4317686;560981;130
2,016E+11;16;9;24;1200;1;2;1;1;2;28;GASSION (AVENUE FERNAND;M;4318186;560530;130
2,016E+11;16;10;3;845;1;2;1;1;3;28;LOUP (CHEMIN DE SAINT);M;4319111;559082;130
2,016E+11;16;10;5;1740;1;2;3;1;3;28;MIREILLE (AVENUE);M;4318901;563381;130
2,016E+11;16;10;6;1630;1;2;1;2;2;28;FARDELOUP (CHEMIN DE);M;4318464;559321;130
2,016E+11;16;10;7;2200;5;2;1;1;3;28;AVENUE JULES FERRY;M;4318356;560192;130
2,016E+11;16;10;14;1300;1;1;1;2;1;28;2182, BODIN (AVENUE EMIL;M;4320247;558920;130
2,016E+11;16;10;22;1025;1;2;1;1;7;28;13, BEAU RIVAGE (BOULEVA;M;4318732;562614;130
2,016E+11;16;10;24;750;1;2;1;1;4;28;Chemin Puits de brunet;M;4318873;559833;130
2,016E+11;16;10;29;1120;1;2;1;1;1;28;CYTHARISTA (AVENUE);M;4319457;563460;130
2,016E+11;16;10;29;1620;1;2;1;1;2;28;BODIN* (AVENUE EMILE);M;4318629;560712;130
2,016E+11;16;11;7;855;1;2;1;1;2;28;CAPORAL CHEF ALAIN DERUY;M;4319017;560407;130
2,016E+11;16;11;9;840;1;2;3;1;6;28;VIREBELLE (CHEMIN DE);M;4318527;560498;130
2,016E+11;16;11;10;1650;1;2;1;1;6;28;110, RIPERT (AVENUE EMIL;M;4319068;561749;130
2,016E+11;16;11;14;715;2;2;6;2;3;28;Rond-point de la locomot;M;4319210;560480;130
2,016E+11;16;11;15;755;1;2;6;1;1;28;Rond Point DULAC/ROVARCH;M;4319248;560948;130
2,016E+11;16;11;19;1030;1;2;6;1;3;28;Rond-Point Rovarch/Saint;M;4318948;562821;130
2,016E+11;16;11;19;2105;5;2;1;1;1;28;189, BEAU RIVAGE*(BOULEV;M;4318724;562519;130
2,016E+11;16;11;21;1325;1;2;1;2;4;28;238, SERPOLET (AVENUE DU;M;4320110;559745;130
2,016E+11;16;11;22;800;1;1;1;3;5;28;BODIN (AVENUE EMILE);M;4318619;560729;130
2,016E+11;16;11;24;1920;5;2;1;3;1;28;avenue des TAMARIS;M;4320476;559997;130
2,016E+11;16;11;27;950;1;2;1;1;6;28;RIBAS*(ALLEE DU);M;4320170;560683;130
2,016E+11;16;11;27;1910;5;2;6;1;3;28;Rond Point*DULAC/ROVARCH;M;4319245;560955;130
2,016E+11;16;11;29;1520;1;2;1;1;6;28;impasse duVERGER;M;4317880;560480;130
2,016E+11;16;11;29;1730;1;2;6;1;3;28;GARE (AVENUE DE LA);M;4319870;562652;130
2,016E+11;16;12;7;1515;1;1;1;1;1;28;ROUMANILLE (AVENUE JOSEP;M;4320067;562306;130
2,016E+11;16;12;9;1000;1;2;1;1;2;28;NS, ROUMANILLE (AVENUE J;M;4319870;562176;130
2,016E+11;16;12;13;1850;3;2;1;1;1;28;CD40B;M;4319295;560277;130
2,016E+11;16;12;21;1820;3;1;1;1;1;28;ROUMANILLE (AVENUE JOSEP;M;4320848;562776;130
2,016E+11;16;12;23;1615;1;2;6;1;3;28;NS, WILSON (AVENUE PRESI;M;4318251;561500;130
2,016E+11;16;12;26;1800;1;2;1;1;6;28;559, SUBILIA (AVENUE ERN;M;4318385;560991;130
2,016E+11;16;7;9;1900;1;2;1;1;3;368;rue Christian Pouillard;M;0;0;780
2,016E+11;16;1;29;1800;3;2;9;2;6;47;ALDERIC CHAVE AVENUE;M;4350525;499053;130
2,016E+11;16;1;16;1730;2;1;1;6;1;47;R.N 569;M;4354090;497364;130
2,016E+11;16;3;12;1825;2;2;1;1;7;63;OLYMPIE BOULEVARD D';M;4359244;500065;130
2,016E+11;16;5;25;1215;1;2;6;1;3;63;THEODORE AUBANEL BOULEV;M;4358765;500273;130
2,016E+11;16;6;12;1845;1;1;1;1;6;98;? PEUPLIERS AVENUE DES;M;4344056;503631;130
2,016E+11;16;7;24;644;1;2;1;1;6;63;0, OLYMPIE BOULEVARD D';M;4359244;500065;130
2,016E+11;16;8;18;1540;1;1;2;1;3;47;FOS (ROUTE DE) - RN 569;M;4348884;496495;130
2,016E+11;16;10;29;1415;1;1;1;1;1;63;30 RN 1569 LA TRANSHUMAN;M;4358835;499036;130
2,016E+11;16;1;5;1350;1;2;1;1;2;54;COMBATTANT A.F.N.;M;4340074;522591;130
2,016E+11;16;1;6;1920;5;2;3;1;1;54;DUBOS  RUE RENE;M;4341979;522496;130
2,016E+11;16;1;8;1210;1;2;1;1;3;54;PUITS MADAME  RUE;;;;130
2,016E+11;16;1;19;535;5;2;2;2;3;43;ROUTE NATIONALE 568;M;4339197;520681;130
2,016E+11;16;12;7;725;2;1;1;1;6;43;PIELETTES  AVENUE DES;;;;130
2,016E+11;16;2;3;1430;1;2;3;1;1;54;0, COMBATTANT A.F.N.;M;4340507;522308;130
2,016E+11;16;2;8;2100;4;2;1;1;3;54;19, COMBATTANT A.F.N.;M;4340115;525904;130
2,016E+11;16;2;23;1754;1;2;1;1;6;54;JK, RUINAT  AVENUE MARIU;;;;130
2,016E+11;16;2;25;745;1;2;1;1;1;102;HUIT MAI 45  AVENUE DU;M;4342126;523197;130
2,016E+11;16;3;2;850;1;2;1;1;3;54;COUVENT  CHEMIN DU,,;;;;130
2,016E+11;16;3;3;1700;1;2;1;1;6;54;HUIT MAI 1945  AVE DU;M;4341221;521949;130
2,016E+11;16;2;26;1815;2;2;1;1;3;43;ROVE  AVENUE DU;M;4338506;521851;130
2,016E+11;16;3;18;1930;5;2;1;1;6;54;, LACANAU  AVENUE DE,,;;;;130
2,016E+11;16;3;20;500;3;1;1;1;2;43;ROVE  AVENUE DU;M;4338233;522100;130
2,016E+11;16;3;26;1710;1;1;1;1;3;43;MEDITERRANEE  AVENUE DE;M;4338468;521335;130
2,016E+11;16;5;3;1616;1;2;1;1;6;54;23, CONDORCET  RUE;M;4341054;519919;130
2,016E+11;16;5;5;1840;1;1;1;1;5;43;ROUTE NATIONALE 368;M;4339495;523067;130
2,016E+11;16;5;22;1355;1;2;1;1;3;54;MERMOZ  RUE JEAN;M;4341878;521398;130
2,016E+11;16;5;23;1212;1;2;1;1;6;43;PAUL  AVENUE MARCEL;;;;130
2,016E+11;16;6;7;1310;1;2;1;1;2;43;0, PRES  AVENUE DES;M;4338669;522227;130
2,016E+11;16;6;9;1105;1;2;1;1;3;54;MARTIGUES  RTE DE;M;4339927;519964;130
2,016E+11;16;6;27;1728;1;2;3;1;3;102;DUNANT  AVENUE HENRI;M;4340656;525671;130
2,016E+11;16;6;29;1650;1;1;1;1;4;54;CD9;M;4348059;535659;130
2,016E+11;16;7;9;1305;1;1;1;1;1;43;avenue des prés;M;4338931;522154;130
2,016E+11;16;7;14;1655;1;2;9;1;1;54;COMBATTANT A.F.N.;M;4340647;522218;130
2,016E+11;16;7;26;1340;1;2;3;1;3;54;DASSAULT  RUE MARCEL;M;4341481;521472;130
2,016E+11;16;7;27;1105;1;2;2;1;3;54;26, MERMOZ  RUE JEAN;M;4341830;521410;130
2,016E+11;16;8;14;1;5;1;1;1;2;54;PLAGE  ROUTE DE LA;;;;130
2,016E+11;16;8;14;1000;1;2;1;1;2;102;PREVERT  AVENUE JACQUES;;;;130
2,016E+11;16;8;10;1230;1;1;1;1;6;54;CD9;;;;130
2,016E+11;16;8;16;1755;1;2;1;1;5;54;CD9;M;4342178;522863;130
2,016E+11;16;7;15;1330;1;2;1;1;7;102;HUIT MAI 45  AVENUE DU;M;4341912;523026;130
2,016E+11;16;9;2;1838;1;1;1;1;1;43;100, ROVE  AVENUE DU;M;4338425;521909;130
2,016E+11;16;9;14;755;1;2;1;1;6;54;DE GAULLE  AVE GAL DE;;;;130
2,016E+11;16;9;20;1855;1;2;6;7;6;102;FERRISSE  BLD ROBERT;M;4341892;524496;130
2,016E+11;16;9;21;1200;1;2;1;1;2;54;ROUTE DE MARTIGUES;M;4340505;520419;130
2,016E+11;16;9;25;1715;1;2;3;1;1;102;TURY  BLD FELIX;M;4341577;524402;130
2,016E+11;16;9;26;1400;1;2;6;1;3;102;ABBADIE  BLD;M;4341993;523663;130
2,016E+11;16;9;27;2235;5;2;1;2;2;54;15, SCHWEITZER  AVENUE D;M;4341833;522102;130
2,016E+11;16;9;28;1230;1;1;1;1;3;54;CD9;M;4342291;523004;130
2,016E+11;16;10;5;2050;3;2;1;1;2;43;FRANCOIS MITTERAND  AVEN;M;4339727;525258;130
2,016E+11;16;10;14;2100;3;1;1;9;6;102;CD20;M;4341665;524242;130
2,016E+11;16;10;25;1205;1;1;1;8;6;54;CD9;M;4342423;523559;130
2,016E+11;16;10;27;1220;1;1;8;1;5;54;CD9;M;4340580;520620;130
2,016E+11;16;11;4;1155;1;2;1;1;6;102;56, MOULIN  BLD JEAN;M;4341041;525266;130
2,016E+11;16;11;17;905;1;2;9;1;3;54;Avenue du 8 Mai 1945;M;4341111;521699;130
2,016E+11;16;11;19;1235;1;2;3;1;1;43;MEDITERRANEE  AVENUE DE;M;4338484;521440;130
2,016E+11;16;12;14;930;1;2;6;1;2;102;ABBADIE  BLD;M;4341950;523766;130
2,016E+11;16;12;18;1430;1;2;1;1;3;43;Avenue de la Méditerrané;M;4338331;520190;130
2,016E+11;16;12;22;1650;1;2;1;1;6;43;FERNANDEL  AVENUE;M;4339544;523504;130
2,016E+11;16;12;24;1430;1;2;3;1;2;43;190, POUSARAQUE  AVENUE;M;4338706;522745;130
2,016E+11;16;1;1;200;5;2;1;1;6;55;25, ROLAND DORGELES (BOU;M;4334670;537939;130
2,016E+11;16;1;1;300;5;2;1;1;6;55;104, PERIER (BOULEVARD);M;4327809;537790;130
2,016E+11;16;1;1;400;5;2;1;1;6;55;89, CAILLOLS (AVENUE DES;M;4330356;543120;130
2,016E+11;16;1;1;630;2;2;1;1;6;55;68, ALPES (BOULEVARD DES;M;4330288;541488;130
2,016E+11;16;1;1;500;5;2;1;1;6;55;47, CLOT BEY (AVENUE);M;4326019;538694;130
2,016E+11;16;12;16;525;3;2;1;2;7;55;00, QUATRE SEPT (PLACE D;M;4328872;535891;130
2,016E+11;16;1;1;1900;3;2;3;1;2;55;2, MARX DORMOY (RUE);M;4330238;539545;130
2,016E+11;16;12;16;900;1;2;1;1;3;55;148, CORNICHE KENNEDY;M;4328170;535117;130
2,016E+11;16;1;2;1545;1;2;1;2;2;55;13, MALAVAL (RUE);M;4330480;537151;130
2,016E+11;16;1;3;15;5;2;2;1;2;55;50, RUFFI (RUE DE);M;4331161;537132;130
2,016E+11;16;1;3;930;1;2;1;1;6;55;52, LYON (RUE DE);M;4332622;536659;130
2,016E+11;16;1;3;1200;1;1;1;1;4;55;2, LANCIER (CHEMIN DU);M;4324690;539623;130
2,016E+11;16;11;23;1720;1;2;1;1;6;55;1, FORBIN (RUE DE);M;4328592;547167;130
2,016E+11;16;1;3;2325;5;2;1;2;2;55;00, BELLE OMBRE (RUE);M;4327046;540757;130
2,016E+11;16;12;28;1330;1;2;1;1;2;55;00, CAP JANET (CHEMIN);M;4333792;534974;130
2,016E+11;16;1;4;750;1;2;1;1;6;55;57, PONT DE VIVAUX (BOUL;M;4328018;541951;130
2,016E+11;16;1;4;2130;5;2;1;2;3;55;126, MARCHAL DE LATTRE;M;4324565;541520;130
2,016E+11;16;1;4;2210;5;2;1;2;6;55;268, CAPELETTE (AVENUE D;M;4327913;541251;130
2,016E+11;16;1;4;2243;5;2;2;2;3;55;00, MALAVAL (RUE);M;4330514;537197;130
2,016E+11;16;12;28;1330;1;2;9;1;6;55;2, LEON GAMBETTA (ALLEE);M;4329913;538101;130
2,016E+11;16;1;4;1940;5;2;1;2;1;55;00, L ARMEE D AFRIQUE (C;M;4328652;541587;130
2,016E+11;16;11;23;2010;5;2;1;1;3;55;22, JEAN MOULIN (BOULEVA;;;;130
2,016E+11;16;1;5;1200;1;2;1;1;6;55;72, AUBAGNE (RUE D');M;4329395;538130;130
2,016E+11;16;12;7;950;1;2;1;1;3;55;10, SAINT JUST (AVENUE D;M;4331285;540185;130
2,016E+11;16;1;5;1509;1;2;1;1;2;55;72-74, CANEBIERE     70;M;4329761;538106;130
2,016E+11;16;1;6;705;2;2;1;1;3;55;494, PARADIS (RUE);M;4327355;538517;130
2,016E+11;16;1;6;830;1;2;1;1;6;55;00, CHARLES KADDOUZ (RUE;M;0;0;130
2,016E+11;16;12;15;1040;1;1;1;1;6;55;14, NATIONAL (BOULEVARD);M;4330224;538703;130
2,016E+11;16;1;6;1045;1;2;1;2;4;55;24, SCHLOESING (BOULEVAR;M;4327421;539997;130
2,016E+11;16;1;6;1720;2;2;1;1;3;55;75, SAINTE MARTHE (CHEMI;M;4332208;538935;130
2,016E+11;16;1;6;1820;5;2;1;1;6;55;47, RABATAU (BOULEVARD);M;4327476;539492;130
2,016E+11;16;12;13;2020;5;2;1;1;3;55;AVIATEUR LE BRIX (RUE);M;4326218;540429;130
2,016E+11;16;1;6;1330;1;1;2;1;3;55;00, FLORIAN ( ROND POINT;M;4328583;542560;130
2,016E+11;16;1;6;1830;2;2;1;1;6;55;0, ANTOINE SARTORIO (RON;M;4336138;534465;130
2,016E+11;16;1;7;1820;5;2;1;1;5;75;68, FREDERIC MISTRAL (AV;M;4334940;546941;130
2,016E+11;16;12;29;1200;1;2;6;1;2;55;312, MIREILLE LAUZE (Bd);M;4328485;542375;130
2,016E+11;16;1;7;930;1;2;1;2;6;55;11, SAINT LOUIS (AVENUE;M;4334290;535961;130
2,016E+11;16;1;7;1300;1;2;1;1;7;55;00, MARCEL ACHILLE (BOUL;M;4328008;542529;130
2,016E+11;16;1;7;1345;1;2;1;1;1;55;23, ROLAND DORGELES (BOU;M;4334666;537953;130
2,016E+11;16;1;7;1245;1;2;3;8;3;55;150, MICHELET (BOULEVARD;M;4326515;539520;130
2,016E+11;16;1;8;640;5;2;1;1;6;55;SAINT JUST (AVENUE DE);M;4331581;540387;130
2,016E+11;16;1;8;820;1;2;1;1;3;55;138, MENDES FRANCE**;M;4325495;537625;130
2,016E+11;16;1;7;2000;5;2;1;1;6;55;00, TREILLE (ROUTE DE LA;M;4330399;550590;130
2,016E+11;16;1;2;1900;2;2;1;1;2;55;36, ROUET (RUE DU);M;4328394;538589;130
2,016E+11;16;1;8;1430;1;2;7;1;1;55;00, LOUIS BONNEFON (PLAC;M;4325438;538179;130
2,016E+11;16;12;22;2010;5;2;1;1;2;55;208, PARADIS (RUE);M;4328373;538088;130
2,016E+11;16;1;8;1350;1;2;1;1;1;75;19, L'ENJOLRAS (AVE DE);M;4333804;545305;130
2,016E+11;16;1;4;910;1;1;1;1;7;2;ETIENNE CUCCA-CD908 *AVE;M;0;0;130
2,016E+11;16;1;8;1925;5;1;3;1;3;55;90, LA FOURRAGERE (AVENU;M;4329925;543039;130
2,016E+11;16;1;9;355;5;2;1;1;6;55;270, ROGER SALENGRO (AVE;M;4332276;536775;130
2,016E+11;16;1;6;1230;1;2;1;1;3;55;327, MICHELET (BOULEVARD;M;4325797;539980;130
2,016E+11;16;1;9;345;5;2;2;1;6;55;2, VALBARELLE (BOULEVARD;M;4328584;544257;130
2,016E+11;16;1;9;2130;5;2;1;1;3;55;38, VISTE (AVENUE DE LA);M;4335545;535731;130
2,016E+11;16;1;10;245;5;2;9;1;3;55;1, ATHENES (BOULEVARD D';M;4329933;538085;130
2,016E+11;16;1;10;225;5;2;1;8;6;55;05, ODESSA (AVENUE);M;4324278;536839;130
2,016E+11;16;1;9;1120;1;2;1;1;7;55;246, BAILLE (BOULEVARD);M;4328970;539786;130
2,016E+11;16;1;10;530;5;2;1;1;6;55;205, PRADO (AVENUE DU);M;4327657;538933;130
2,016E+11;16;1;10;700;5;2;2;1;3;55;79, CANEBIERE     1 A 79;M;4329762;538104;130
2,016E+11;16;1;10;550;5;2;1;1;6;55;128, FRAN€OISE DUPARC (B;M;4330411;540083;130
2,016E+11;16;1;9;1950;5;2;1;1;3;55;00, L ARMEE D AFRIQUE (C;M;4328652;541587;130
2,016E+11;16;1;10;1140;1;1;1;1;1;55;11, SAINT ANTOINE (AVENU;M;4336627;535680;130
2,016E+11;16;1;10;1450;1;2;1;1;1;55;00, GOUMIERS (AVENUE DES;M;4324703;538039;130
2,016E+11;16;1;10;1530;1;2;3;1;6;55;370, PRADO (AVENUE DU);M;4327036;538761;130
2,016E+11;16;1;10;1945;5;1;1;1;1;55;1, AYGALADES (AVENUE DES;M;4332956;536685;130
2,016E+11;16;1;11;930;1;2;2;1;3;55;00, SAKAKINI (BOULEVARD);M;4329585;540028;130
2,016E+11;16;1;11;1330;1;2;1;2;3;55;00, MAZARGUES (AVENUE DE;M;4325246;539462;130
2,016E+11;16;1;11;1530;1;2;1;1;2;55;76, DOCTEUR HECKEL (RUE;M;4328622;544235;130
2,016E+11;16;1;12;1115;1;2;1;1;6;55;3, MARCHAL DE LATTRE (A;M;4325041;540397;130
2,016E+11;16;1;11;1310;1;2;1;2;1;55;222, CAILLOLS (AVENUE DE;M;4330339;544199;130
2,016E+11;16;1;11;1840;5;1;3;1;7;55;20, SAINTE MARTHE (CHEMI;M;4331820;539030;130
2,016E+11;16;1;6;1650;1;2;1;1;3;75;36, PAUL SIRVENT (AVE);M;4334353;546672;130
2,016E+11;16;1;12;1500;1;2;3;1;6;55;23, LEDRU ROLLI (BOULEVA;M;4333696;535756;130
2,016E+11;16;1;12;1630;1;2;3;1;3;55;130, CAILLOLS (AVENUE DE;M;4330417;543487;130
2,016E+11;16;1;12;1630;1;2;1;1;3;55;STRASBOURG (BOULEVARD);M;4330641;537425;130
2,016E+11;16;1;12;1900;1;2;1;1;3;55;21, CAMOINS (AVENUE DES);M;4329644;549069;130
2,016E+11;16;1;12;2030;5;2;1;1;6;55;21, DOCTEUR HECKEL (RUE;M;4328929;544131;130
2,016E+11;16;1;12;1645;2;2;1;1;7;55;39, MONTREDON (AVENUE DE;M;4324410;537130;130
2,016E+11;16;1;13;1400;1;2;1;1;6;55;31, BD FERDINAND DE LESS;M;4332060;537321;130
2,016E+11;16;1;13;1845;5;2;1;1;6;55;377, PRADO (AVENUE DU);M;4327021;538809;130
2,016E+11;16;1;13;1800;5;2;1;1;3;55;00, MICHELET (BOULEVARD);M;4327039;539250;130
2,016E+11;16;1;13;2005;3;2;1;1;1;55;102, FLAMMARION (BOULEVA;M;4330673;539484;130
2,016E+11;16;1;13;1925;5;2;1;1;6;55;12, PARC BORELY (AVENUE);M;4326223;537889;130
2,016E+11;16;1;11;1300;1;2;2;8;6;55;25, VINCENT LEBLANC (RUE;M;4330500;536820;130
2,016E+11;16;1;14;745;1;2;1;2;6;55;MALAVASI AI (RUE);M;4334729;534683;130
2,016E+11;16;1;14;845;1;2;1;2;2;55;00, WILLIAM BOOTH (AVENU;M;0;0;130
2,016E+11;16;1;13;1830;5;2;1;1;2;55;43, LIEUTAUD (COURS);M;4329268;538256;130
2,016E+11;16;1;13;1850;5;2;1;1;3;55;00, HORACE BERTIN (RUE);M;4329582;539215;130
2,016E+11;16;1;13;1638;1;2;1;1;2;55;00, SAKAKINI (BOULEVARD);M;4329442;539489;130