Num_Acc;an;mois;jour;hrmn;lum;agg;int;atm;col;com;adr;gps;lat;long;dep
2,016E+11;16;2;25;1845;2;2;2;1;5;55;86, LE CHATELIER;M;4334632;536611;130
2,016E+11;16;2;18;1430;1;2;1;1;1;55;90, JULES ISAAC (RUE);M;4325223;540047;130
2,016E+11;16;2;26;915;1;2;1;1;6;55;4, DUNKERQUE **BOULEVARD;M;4330501;536719;130
2,016E+11;16;2;18;1730;1;2;1;1;6;55;65, LIEUTAUD (COURS);M;4329069;538325;130
2,016E+11;16;2;2;1525;1;2;1;1;3;55;31, JEAN JAURES (PLACE);M;4329521;538724;130
2,016E+11;16;2;23;740;1;2;1;1;2;55;24, SCHLOESING (BOULEVAR;M;4327568;539946;130
2,016E+11;16;2;26;1400;1;2;1;1;2;55;6, CESAR BOY (AVENUE);M;4329682;548364;130
2,016E+11;16;2;26;1700;1;2;2;1;6;55;00, TURCAT MERY ALLE (A;M;4328040;538718;130
2,016E+11;16;2;26;1530;1;2;1;1;3;55;54, LYON (RUE DE);M;4332530;536691;130
2,016E+11;16;2;26;2120;5;2;1;2;6;55;23, DSIR BIANCO (AVENU;M;4328848;542530;130
2,016E+11;16;2;26;2240;5;2;4;2;6;55;188, RABATAU (BOULEVARD);M;4328150;539941;130
2,016E+11;16;2;26;2250;5;2;1;2;6;55;26, ANDRE ZENATTI (AVENU;M;4324693;538319;130
2,016E+11;16;2;26;845;1;2;3;1;3;55;(RUE DE) L'ESCALET;M;4335209;541580;130
2,016E+11;16;2;18;1922;5;2;1;1;6;55;126, CORDERIE (BOULEVARD;M;4328990;536654;130
2,016E+11;16;2;27;1130;1;2;2;2;3;55;69, PASSET (CHEMIN DU);M;4336133;533722;130
2,016E+11;16;2;26;1730;1;2;1;1;6;55;26, (RUE) RAPHAEL PONSON;M;4326564;538676;130
2,016E+11;16;2;27;2040;5;2;1;3;6;55;2, LACEPEDE (RUE);M;4330434;539751;130
2,016E+11;16;2;26;1515;1;2;1;1;3;55;7, GOUFFE (COURS);M;4328663;538634;130
2,016E+11;16;2;27;1745;1;2;3;2;3;55;18, VALDONNE (AVENUE DE);M;4332444;541553;130
2,016E+11;16;2;27;1930;1;2;1;3;7;55;353, NATIONAL (BOULEVARD;M;4331375;537421;130
2,016E+11;16;2;27;2100;5;2;1;3;2;55;260, BAILLE (BOULEVARD);M;4328984;539837;130
2,016E+11;16;2;28;715;5;2;1;3;6;55;96, LIBERATION (BOULEVAR;M;4330090;539084;130
2,016E+11;16;2;28;1520;1;2;1;1;6;55;652, LITTORAL (CHEMIN DU;M;4335569;532765;130
2,016E+11;16;2;28;1820;2;2;1;1;6;55;29, CABOT (BOULEVARD);M;4325963;541634;130
2,016E+11;16;2;28;2100;5;2;3;2;3;55;00, FLORIAN ( ROND POINT;M;4328512;542590;130
2,016E+11;16;2;28;2115;5;2;2;2;3;55;76, LODI (RUE DE);M;4328914;538745;130
2,016E+11;16;2;28;2230;5;2;1;2;3;55;59, MADRAGUE DE MONTREDO;M;4323675;536270;130
2,016E+11;16;2;29;1130;1;2;1;1;1;55;10, LIEUTAUD (COURS);M;4329536;538169;130
2,016E+11;16;2;29;1130;1;2;1;1;3;55;33, CAPELETTE (AVENUE DE;M;4328372;540087;130
2,016E+11;16;2;29;1630;1;2;1;1;7;55;31, CADE (RUE);M;4333185;539205;130
2,016E+11;16;2;29;1445;1;2;3;1;3;55;480, PRADO (AVENUE DU);M;4326662;538210;130
2,016E+11;16;2;29;1700;1;2;1;1;4;55;28, PADOUANE (BD DE LA );M;4335337;536805;130
2,016E+11;16;2;29;1900;5;2;1;1;2;55;358, SAINT ANTOINE (AVEN;M;4337854;535684;130
2,016E+11;16;2;29;1930;5;2;6;1;3;55;00, FLORIAN ( ROND POINT;M;4328512;542589;130
2,016E+11;16;3;1;730;1;2;1;1;7;55;36, SAINTE MARGUERITE (B;M;4326879;540354;130
2,016E+11;16;3;1;1050;1;2;1;1;4;55;04, SAINT ANTOINE A SAIN;M;4337263;535754;130
2,016E+11;16;3;1;1031;1;1;1;1;6;55;83, REDON (BOULEVARD DU);M;4325120;542205;130
2,016E+11;16;3;1;1040;1;2;1;1;3;55;85, FENOUIL (BOULEVARD);M;4335840;531946;130
2,016E+11;16;2;19;1920;5;2;1;1;6;55;41, AIX (RUE D');M;4330082;537522;130
2,016E+11;16;3;1;1615;1;1;1;1;3;55;487, JEAN QUEILLAU**RUE);M;4333879;538632;130
2,016E+11;16;2;26;1100;1;2;1;1;3;55;20, (AVENUE DE) CHATEAU;M;4333503;542064;130
2,016E+11;16;3;1;1535;1;2;1;1;6;55;42, MARCHAL FOCH (AVENU;M;4330005;540066;130
2,016E+11;16;3;1;1256;1;1;1;1;6;55;83, MIREILLE LAUZE (BOUL;M;4328314;541068;130
2,016E+11;16;3;1;2130;5;2;1;1;6;55;138, RUFFI (RUE DE);M;4331573;536881;130
2,016E+11;16;3;1;845;1;2;1;1;3;55;157, MICHELET (BOULEVARD;M;4326487;539561;130
2,016E+11;16;3;1;845;1;2;1;1;3;55;36, COLGATE (TRAVERSE);M;4323436;540944;130
2,016E+11;16;3;2;1020;1;2;1;1;6;55;58, NEGRESKO (RUE);M;4326913;538852;130
2,016E+11;16;3;1;2000;5;2;3;1;1;55;85, CAPELETTE (AVENUE DE;M;4328229;540308;130
2,016E+11;16;3;2;1135;1;2;1;1;3;55;5, VITON (AVENUE);M;4326112;540595;130
2,016E+11;16;3;1;1930;5;2;1;1;3;55;26, VALBARELLE (BOULEVAR;M;4328623;544371;130
2,016E+11;16;2;23;905;1;2;4;1;3;55;00, JEAN MOULIN (BOULEVA;M;4328896;540006;130
2,016E+11;16;3;3;800;2;2;1;1;5;55;12, CORNEILLE (RUE;M;4329337;537558;130
2,016E+11;16;3;1;1315;1;2;1;1;6;55;112, POILUS (AVENUE DES);M;4332417;545587;130
2,016E+11;16;2;20;1200;1;2;1;1;6;55;43, OLIVIER (RUE DE L');M;4329463;538918;130
2,016E+11;16;2;26;1040;1;2;3;1;6;55;108, LOUBON (RUE);M;4331299;538286;130
2,016E+11;16;3;3;2000;5;2;3;1;3;55;218, SAINTE MARGUERITE (;M;4326360;541069;130
2,016E+11;16;3;4;1545;1;2;1;1;6;55;44, NEGRESKO (RUE);M;4326932;538916;130
2,016E+11;16;3;4;1750;1;2;1;8;3;55;358, SAINT ANTOINE (AVEN;M;4337858;535685;130
2,016E+11;16;3;4;1820;1;2;2;1;3;55;SAKAKINI (BOULEVARD);M;4329582;540020;130
2,016E+11;16;3;4;2115;5;2;3;1;3;55;00, FLORIAN ( ROND POINT;M;4328576;542514;130
2,016E+11;16;3;4;2020;5;2;1;1;3;55;220, CHARLES KADDOUZ (RU;M;4331727;543802;130
2,016E+11;16;3;5;400;5;2;1;2;6;55;00, RABATAU (BOULEVARD);M;4328040;539939;130
2,016E+11;16;3;4;1530;1;2;1;1;2;55;4, BAILLE (BOULEVARD);M;4328629;538488;130
2,016E+11;16;3;4;1620;1;2;1;1;6;55;245, SAINT MARCEL (BOULE;M;4328632;546935;130
2,016E+11;16;3;5;530;3;2;2;3;3;55;00, FRAIS VALLON (AVENUE;M;4332515;542333;130
2,016E+11;16;3;5;1225;1;2;1;1;5;55;103, PARIS (BOULEVARD DE;M;4330795;537128;130
2,016E+11;16;3;5;2110;5;2;2;1;3;55;07, SEBASTOPOL (PLACE);M;4329967;539773;130
2,016E+11;16;3;5;2145;5;2;1;1;3;55;253, ROMAIN ROLLAND (BOU;M;4327374;541387;130
2,016E+11;16;2;15;1550;1;2;1;1;3;55;**MORETTI (BOULEVARD);M;4332361;538664;130
2,016E+11;16;2;26;1325;1;2;1;1;4;55;55, SAINT LOUIS (AVENUE;M;4334466;535937;130
2,016E+11;16;3;6;645;1;2;1;1;1;55;99, AYGALADES (AVENUE DE;M;4333584;536748;130
2,016E+11;16;3;4;1330;1;2;1;1;1;55;126, LOUBON (RUE);M;4331272;538389;130
2,016E+11;16;3;6;920;1;2;1;1;5;55;121, SAINTE MARTHE (CHEM;M;4332520;538821;130
2,016E+11;16;3;6;1330;1;2;1;1;5;55;6, JEAN LOMBARD (AVENUE);M;4328956;542691;130
2,016E+11;16;3;6;2030;5;2;1;1;3;55;61, ALL DE LA GRANDE BAS;M;4329660;543830;130
2,016E+11;16;3;7;35;4;2;1;1;6;55;00, BERTHE SYLVA (RUE);M;4332693;541945;130
2,016E+11;16;3;7;710;1;2;1;1;3;55;98, CORNICHE KENNEDY;M;4328372;535005;130
2,016E+11;16;3;7;730;1;2;1;1;3;55;32, GAROUTTE (BOULEVARD);M;4330745;541338;130
2,016E+11;16;3;3;1200;1;2;1;1;5;55;43, LIEUTAUD (COURS);M;4329406;538211;130
2,016E+11;16;3;7;1130;1;2;1;1;7;55;20, FIFI TURIN (RUE);M;4327974;541233;130
2,016E+11;16;2;25;1940;5;2;1;1;3;55;146, DE ROUX (BD ET IMPA;M;4330710;540521;130
2,016E+11;16;3;7;1340;1;2;1;1;7;2;830, SALVATORE ALLENDE (;M;4335198;547797;130
2,016E+11;16;3;7;1330;1;2;1;1;3;55;3, SADI CARNOT (PLACE);M;4329934;537142;130
2,016E+11;16;3;7;1320;1;2;1;1;3;55;98, CHATEAU GOMBERT CHEM;M;4334000;541997;130
2,016E+11;16;3;4;1015;1;2;1;1;3;55;118, OLIVES (AVENUE DES);M;4332708;543687;130
2,016E+11;16;3;8;725;1;2;4;1;3;75;59, L'ENJOLRAS (AVE DE);M;4333963;545508;130
2,016E+11;16;3;8;730;1;2;3;1;7;55;106, FIFI TURIN (RUE);M;4328333;541288;130
2,016E+11;16;2;13;2045;5;2;1;1;6;55;34, CANEBIERE    30 A 68;M;4329618;537708;130
2,016E+11;16;3;8;1400;1;2;1;1;3;55;69, BAILLE (BOULEVARD);M;4328869;539403;130
2,016E+11;16;3;8;1230;1;2;1;1;3;55;27, DE ROUX (BD ET IMPAS;M;4330739;540395;130
2,016E+11;16;3;8;1500;1;2;8;1;6;55;14, LON GOZLAN (RUE);M;4330546;538047;130
2,016E+11;16;3;7;1925;5;2;1;1;3;55;46, CAPITAINE GEZE (BOUL;M;4333064;537156;130
2,016E+11;16;3;8;1440;1;2;1;1;4;55;00, PEYPIN (RUE DE);M;4332560;542229;130
2,016E+11;16;3;8;1815;2;2;1;1;2;55;107/109, MENDES FRANCE (;M;4325779;537630;130
2,016E+11;16;3;8;1805;1;2;1;1;2;55;00, SCHLOESING (BOULEVAR;M;4326933;540300;130
2,016E+11;16;3;7;1630;1;2;3;1;3;55;47, LIEUTAUD (COURS);M;4329250;538262;130
2,016E+11;16;2;26;1045;1;2;1;1;7;55;2, PHILIPPON (BOULEVARD);M;4330356;539345;130
2,016E+11;16;3;8;930;1;2;2;1;3;55;218, PARADIS (RUE);M;4328319;538111;130
2,016E+11;16;2;24;1515;1;2;3;1;3;55;1, BOISSON (BOULEVARD);M;4330324;540349;130
2,016E+11;16;3;9;1015;1;2;1;1;6;55;148, MAZARGUES (AVENUE D;M;4326570;539008;130
2,016E+11;16;12;13;1530;2;2;1;1;3;55;30, RIVE NEUVE(QUAI DE);M;4329276;536807;130
2,016E+11;16;3;7;1430;1;2;2;1;3;55;00, CORSE (AVENUE DE LA);M;4328986;536630;130
2,016E+11;16;3;9;1700;1;2;1;1;3;55;00, CAP PINEDE (Avenue);M;4334150;537307;130
2,016E+11;16;3;9;2230;5;2;1;1;6;55;85, CAPELETTE (AVENUE DE;M;4328228;540313;130
2,016E+11;16;3;3;650;1;2;3;1;6;55;1, MALPASSE (AVENUE DE);M;4332166;541342;130
2,016E+11;16;3;9;900;1;2;1;1;4;55;97, FRDRIC MISTRAL (AV;M;4327110;538495;130
2,016E+11;16;3;9;800;1;2;2;1;6;55;00, SAKAKINI (BOULEVARD);M;4329585;540027;130
2,016E+11;16;1;9;1400;1;2;2;1;2;55;99, SAKAKINI**BOULEVARD);M;4329354;540153;130
2,016E+11;16;3;9;1820;2;2;1;1;3;55;FACE 39A, POMPIDOU (PROM;M;4326565;537307;130
2,016E+11;16;3;10;1300;1;2;1;1;3;55;132, JULES CANTINI (AVEN;M;4328065;539335;130
2,016E+11;16;3;10;1639;1;1;1;1;3;55;125, PRADO (AVENUE DU);M;4328006;538737;130
2,016E+11;16;3;11;1320;1;2;1;1;2;55;41, ALEX ANSALDI (RUE);M;4333351;540282;130
2,016E+11;16;3;11;1502;1;2;1;1;6;55;0.530, TUNNEL PRADO SUD;M;4327331;539238;130
2,016E+11;16;3;11;1540;1;2;1;1;7;55;184, CHAVE (BOULEVARD);M;4329557;539648;130
2,016E+11;16;3;11;1540;1;2;1;8;2;55;01, LUCE (BOULEVARD);M;4325839;539793;130
2,016E+11;16;3;11;2020;5;2;1;1;5;55;64, CONCORDE (BOULEVARD;M;4324822;540107;130
2,016E+11;16;3;9;250;5;2;1;1;7;55;12, ATHENES (BOULEVARD D;M;4330000;538072;130
2,016E+11;16;3;12;120;5;2;3;1;1;55;GR213, LA MADRAGUEVIL (C;M;4332625;536106;130
2,016E+11;16;3;11;1240;1;2;1;1;6;55;20, LANCIER (CHEMIN DU);M;4324787;539711;130
2,016E+11;16;3;12;1315;1;1;6;1;3;55;00, FLORIAN (AVENUE);M;4328507;542580;130
2,016E+11;16;3;11;1915;2;2;6;1;3;55;;M;4328507;542580;130
2,016E+11;16;3;12;1435;1;2;1;1;7;55;28, VALBARELLE (CHEMIN D;M;4328243;543512;130
2,016E+11;16;3;12;2130;5;2;6;1;3;55;CASTELLANE (PLACE);M;4328607;538392;130
2,016E+11;16;2;10;1335;1;2;3;1;1;55;11, SAINT PIERRE (RUE);M;4329371;538749;130
2,016E+11;16;3;13;900;1;2;3;1;3;55;00, ALEX. FLEMING (BOULE;M;4331662;539617;130
2,016E+11;16;3;13;125;5;2;1;1;3;55;49, VERTUS (RUE DES);M;4329004;539215;130
2,016E+11;16;3;14;656;2;2;1;1;3;55;88, SAINTE MARGUERITE (B;M;4326823;540624;130
2,016E+11;16;3;14;1245;1;2;1;1;6;55;130, MADRAGUE VILLE (RUE;M;4332607;536116;130
2,016E+11;16;3;14;1500;1;2;1;1;6;55;FRAIS VALLON (AVENUE);M;4332532;543333;130
2,016E+11;16;3;14;1730;1;2;2;2;3;55;175, SAINTE*MARTHE (AVEN;M;4332905;538788;130
2,016E+11;16;3;14;2255;5;2;3;1;3;55;00, TURCAT MERY ALLE (A;M;4328106;538938;130
2,016E+11;16;3;14;2345;5;2;1;1;3;55;44, DUNKERQUE  (BOULEVAR;M;4330943;536853;130
2,016E+11;16;3;15;100;4;2;6;1;3;55;00, FLORIAN ( ROND POINT;M;4328584;542553;130
2,016E+11;16;2;25;1145;1;2;1;1;6;55;178, FRAN€OISE DUPARC (B;M;4330938;540286;130
2,016E+11;16;3;15;1730;1;2;1;1;3;55;13, GROGNARDE (AVENUE DE;M;4329041;543621;130
2,016E+11;16;3;16;30;5;2;1;1;7;55;1, MONTREDON (AVENUE DE);M;4324536;537309;130
2,016E+11;16;3;16;150;5;2;1;1;2;55;150, ROUET (RUE DU);M;4327820;539244;130
2,016E+11;16;3;15;1045;1;2;1;1;3;55;237-239, pointe rouge (a;M;4324626;537382;130
2,016E+11;16;3;15;1045;1;2;1;1;6;55;73, VISTE (AVENUE DE LA);M;4335700;535746;130
2,016E+11;16;3;15;1235;1;2;2;1;3;55;00, EUGENE PIERRE (BOULE;M;4329770;539057;130
2,016E+11;16;3;16;720;2;2;1;2;2;55;222, SAINT PIERRE (RUE);M;4329269;540021;130
2,016E+11;16;3;14;1820;2;2;1;2;1;55;08, NEUVE SAINT MARTIN (;M;4329878;537484;130
2,016E+11;16;3;16;915;1;2;1;2;6;55;131, ENDOUME (RUE D');M;4328624;536296;130
2,016E+11;16;3;15;1635;1;2;1;1;1;55;245, MAZARGUES (AVENUE D;M;4326351;539262;130
2,016E+11;16;3;15;1850;2;2;1;1;6;55;4, VITON (AVENUE);M;4326000;540749;130
2,016E+11;16;3;16;1340;1;2;3;2;3;55;130, CAILLOLS*(AVENUE DE;M;4330415;543488;130
2,016E+11;16;3;12;830;1;2;1;1;1;55;315, CORNICHE KENNEDY;M;4327548;535986;130
2,016E+11;16;3;6;1010;1;2;3;1;3;55;00, ROME (RUE DE);M;4329202;538027;130
2,016E+11;16;3;16;2010;5;2;3;3;6;55;ROUET (RUE DU);M;4327756;539308;130
2,016E+11;16;3;16;1900;5;2;1;2;3;55;130, RABATAU (BOULEVARD);M;4327848;539921;130
2,016E+11;16;3;15;1530;1;2;1;1;6;55;93, FRAN€OISE DUPARC (BO;M;4330499;540094;130
2,016E+11;16;3;16;1400;1;2;1;2;6;55;20,*BRIFFAUT (RUE);M;4329456;539630;130
2,016E+11;16;3;17;1450;1;2;1;1;3;55;15, GAY LUSSAC (BOULEVAR;M;4333293;537459;130
2,016E+11;16;3;17;1500;1;2;3;1;2;55;86, MIREILLE LAUZE (BOUL;M;4328284;540872;130
2,016E+11;16;3;17;1630;1;2;1;1;3;55;19, SAINT MENET (AVENUE;M;4328942;549631;130
2,016E+11;16;3;17;1815;1;2;2;1;3;55;119, JEANNE D'ARC (BOULE;M;4329276;540727;130
2,016E+11;16;3;16;1850;2;2;1;3;3;55;188, TOULON (AVENUE DE);M;4328488;539424;130
2,016E+11;16;3;17;1815;1;2;1;1;6;2;1, COLLET BLANC (CHEMIN;M;4333536;547648;130
2,016E+11;16;3;18;710;1;2;1;1;6;55;39, ROCHES (AVENUE DES);M;4328027;536574;130
2,016E+11;16;3;18;837;1;2;1;1;3;55;27, EUGENE PIERRE (BOULE;M;4329777;539064;130
2,016E+11;16;3;17;1815;5;2;1;1;2;55;57, JEAN COMPADIEU (AVEN;M;4332153;543255;130
2,016E+11;16;3;18;1500;1;2;1;1;3;55;48, FENOUIL (BOULEVARD);M;4336087;532026;130
2,016E+11;16;3;18;1500;1;2;1;1;1;55;553, SAINT PIERRE (RUE);M;4329047;542041;130
2,016E+11;16;3;18;1630;1;2;1;1;1;55;162, COMTESSE (BOULEVARD;M;4332055;544805;130
2,016E+11;16;3;18;2045;5;2;1;1;2;55;41, ALEX ANSALDI (RUE);M;4333350;540282;130
2,016E+11;16;3;18;2310;5;2;1;1;3;55;222, SAINT PIERRE (RUE);M;4329271;539984;130
2,016E+11;16;3;18;1900;2;2;2;1;3;55;00, LAFON (RUE);M;4329118;538077;130
2,016E+11;16;3;19;1135;1;2;1;1;2;55;152, FRAIS VALLON (AVENU;M;4332541;543287;130
2,016E+11;16;3;15;1150;1;2;1;1;6;55;00, FIGONE (AVENUE DE LA;M;4330782;543710;130
2,016E+11;16;3;16;730;1;2;2;2;3;55;00, PARIS (BOULEVARD DE);M;4330621;537226;130
2,016E+11;16;3;19;1900;2;2;1;1;6;55;00, TUNNEL PRADO SUD;M;4327729;539527;130
2,016E+11;16;3;20;100;3;2;1;1;6;55;00, ODESSA (AVENUE);M;0;0;130
2,016E+11;16;3;20;1050;1;2;1;1;1;55;00, CAPELETTE (AVENUE DE;M;4328194;540385;130
2,016E+11;16;3;19;1330;1;2;2;1;3;55;69, BONS ENFANT (RUE DES;M;4328928;538837;130
2,016E+11;16;3;20;1700;1;2;1;1;1;55;27, CAPELETTE (AVENUE DE;M;4328368;540022;130
2,016E+11;16;3;21;745;1;2;1;1;4;55;431, PARADIS (RUE);M;4327353;538519;130
2,016E+11;16;3;21;840;1;2;1;1;7;55;26, FLIX PYAT (RUE);M;4331393;537638;130
2,016E+11;16;3;21;1200;1;2;3;1;6;55;30, BONNETERIE (RUE);M;4329776;537150;130
2,016E+11;16;3;18;300;5;2;6;1;7;55;00, VAUDOYER (AVENUE);M;4329688;536271;130
2,016E+11;16;3;21;415;5;2;1;1;3;55;00, JEAN EUGENE CABASSUD;M;4328489;541283;130
2,016E+11;16;3;11;420;5;2;1;1;6;55;140, NOTRE DAME (RUE);M;4328410;537510;130
2,016E+11;16;2;25;1315;1;2;1;1;7;55;198,*ROGER SALENGRO (AVE;M;4331783;536842;130
2,016E+11;16;3;15;830;1;2;1;1;3;55;162, LIEUTAUD (COURS);M;4328745;538494;130
2,016E+11;16;3;16;1300;1;2;1;2;2;55;32, SCHLOESING (BOULEVAR;M;4327154;540172;130
2,016E+11;16;2;15;1950;1;2;1;1;1;55;00, MONNET (ROND-POINT);M;4333251;542938;130
2,016E+11;16;3;22;2200;5;2;3;1;6;55;ROGER SALENGRO (AVENUE);M;4330986;537356;130
2,016E+11;16;3;22;1820;2;2;2;1;3;55;00, RABATAU (BOULEVARD);M;4327934;539930;130
2,016E+11;16;3;18;830;1;2;1;1;6;55;117, FLAMMARION (BOULEVA;M;4330713;539540;130
2,016E+11;16;3;22;1945;5;2;6;1;6;55;00, CAILLOLS (AVENUE DES;M;4330381;542853;130
2,016E+11;16;3;23;1300;1;2;1;1;6;55;45, SAINT ANTOINE (AVENU;M;4336891;535643;130
2,016E+11;16;3;23;1230;1;2;1;1;4;55;366, MAZARGUES (AVENUE D;M;4325915;539415;130
2,016E+11;16;3;23;1710;1;2;1;1;3;55;00, MONTRE (TRAVERSE DE;M;4329749;547855;130
2,016E+11;16;3;23;1515;1;2;1;1;2;55;00, LEON LACHAMP (ROUTE);M;4324575;542963;130
2,016E+11;16;3;24;1535;1;2;1;1;6;55;C63, SAINT ANTOINE (AVEN;M;4335359;537163;130
2,016E+11;16;3;24;1820;1;2;1;1;3;55;79, ROSE (AVENUE DE LA);M;4332649;542198;130
2,016E+11;16;3;24;130;5;2;2;1;3;55;119, JEANNE D'ARC (BOULE;M;4329276;540727;130
2,016E+11;16;3;24;2120;5;2;1;1;3;55;106, HAMBOURG (BOULEVARD;M;4324977;538972;130
2,016E+11;16;3;24;1910;5;2;1;1;3;55;37, pointe rouge (ave);M;4324774;537454;130
2,016E+11;16;3;25;812;1;1;1;1;6;55;24, GUIBAL (RUE);M;4330628;538504;130
2,016E+11;16;3;22;820;1;2;2;1;6;55;00, BAILLE (BOULEVARD);M;4328890;539486;130
2,016E+11;16;3;22;1000;1;2;1;1;6;55;229, PRADO (AVENUE DU);M;4327551;538993;130
2,016E+11;16;3;25;1535;1;2;1;1;1;55;00, ANDRE ZENATTI (AVENU;M;4324583;539270;130
2,016E+11;16;3;25;2145;1;1;3;1;5;55;00, SAINT LOUIS (AVENUE;M;4334407;535944;130
2,016E+11;16;3;24;9;5;2;1;1;3;55;00, JEAN BOUIN (AVENUE);M;4326718;540313;130
2,016E+11;16;3;26;30;4;2;1;1;7;55;1, BASSINS DE RADOUB (BO;M;4332353;536109;130
2,016E+11;16;3;26;1020;1;2;1;1;3;55;262, MORGIOU (CHEMIN DE);M;4323290;541273;130
2,016E+11;16;3;25;1430;1;1;1;1;6;55;5, BOURRELY (CHEMIN DES);M;4337386;535661;130
2,016E+11;16;2;26;815;1;2;1;1;5;55;31, PASTEUR (AVENUE);M;4336244;531649;130
2,016E+11;16;3;8;1330;1;2;3;1;3;55;00, MARCHAL FOCH (AVENU;M;4330060;539964;130
2,016E+11;16;3;20;1750;2;1;2;1;3;55;79, CORSE (AVENUE DE LA);M;4328887;536074;130
2,016E+11;16;3;26;1450;1;2;1;1;3;55;00, ALBERT EINSTEIN (RUE;M;0;0;130
2,016E+11;16;3;26;1520;1;2;1;1;5;55;25, POMPIDOU (PROMENADE);M;4326636;537264;130
2,016E+11;16;3;26;2000;5;2;1;1;2;55;21, POMPIDOU (PROMENADE);M;4326655;537258;130
2,016E+11;16;3;27;2130;5;2;1;1;1;55;0, MONTRE (TRAVERSE DE L;M;4329509;547560;130
2,016E+11;16;3;27;2020;3;2;1;1;7;55;* CAP PINEDE (Avenue);M;4332873;536583;130
2,016E+11;16;3;23;1110;1;2;1;1;6;55;23, FORGES (RUE DES);M;4327699;541064;130
2,016E+11;16;3;27;1910;5;2;1;8;1;55;45, AVIATEUR LE BRIX (RU;M;4325992;540272;130
2,016E+11;16;3;23;845;1;2;2;1;2;55;00, JEAN MOULIN (BOULEVA;M;4329237;540089;130
2,016E+11;16;3;24;1000;1;2;1;1;6;55;1023, TURCAT MERY ALLE;M;4328074;538822;130
2,016E+11;16;3;28;2020;2;2;1;1;3;55;448, PRADO (AVENUE DU);M;4326756;538362;130
2,016E+11;16;3;28;2115;5;2;1;1;2;55;140, VALBARELLE (BOULEVA;M;4328818;545063;130
2,016E+11;16;3;28;1640;1;2;1;1;3;55;17, CASTELLANE (PLACE);M;4328576;538410;130
2,016E+11;16;3;29;1145;1;2;1;1;6;75;3, L'ENJOLRAS (AVE DE);M;4333709;545243;130
2,016E+11;16;3;29;1340;1;2;1;1;3;55;192, REDON (BOULEVARD DU;M;4324962;542254;130
2,016E+11;16;3;29;1400;1;2;1;1;1;55;JEAN EUGENE CABASSUD (BO;M;4328537;541310;130
2,016E+11;16;3;29;1500;1;2;1;1;6;55;00, PRADO (AVENUE DU);M;4326788;538414;130
2,016E+11;16;3;29;1600;1;2;1;1;3;55;00, GASSENDI (BOULEVARD);M;4330397;542197;130
2,016E+11;16;3;29;2215;5;1;1;1;6;55;10, CANEBIERE    2 A 26;M;4329549;537500;130
2,016E+11;16;3;29;2200;5;2;2;1;4;55;12, BAILLE (BOULEVARD);M;4328637;538575;130
2,016E+11;16;3;30;1730;1;2;1;1;6;55;00, WILLIAM BOOTH (AVENU;M;4329487;544384;130
2,016E+11;16;3;30;1900;1;2;1;1;6;55;GAYE (BOULEVARD DE L;M;0;0;130
2,016E+11;16;3;30;2120;5;2;1;1;1;55;78, LON LACHAMP (ROUTE);M;4324794;543571;130
2,016E+11;16;3;31;220;5;2;1;1;6;55;18, BRETEUIL (RUE);M;4329189;537516;130
2,016E+11;16;3;31;845;1;2;1;1;6;55;NICOLAS APPERT (RUE);M;4334001;541648;130
2,016E+11;16;3;31;1030;1;2;1;1;2;55;PLOMBIERES (BOULEVARD DE;M;4332027;537703;130
2,016E+11;16;3;31;1045;1;2;1;1;6;55;00, WILLIAM BOOTH (AVENU;M;4329711;544880;130
2,016E+11;16;3;26;1515;1;2;1;1;4;55;36, SAINT SAVOURNIN (RUE;M;4329839;538786;130
2,016E+11;16;2;26;1030;1;2;2;1;3;55;80, CHATEAU PAY (RUE);M;4329221;538908;130
2,016E+11;16;3;31;1225;1;2;1;1;6;55;116,*JEAN MERMOZ (RUE);M;4327673;538719;130
2,016E+11;16;3;31;1640;1;2;1;1;3;55;280, MICHELET*(BOULEVARD;M;4325965;539882;130
2,016E+11;16;3;23;2135;5;2;1;1;4;55;60, LIEUTAUD (COURS);M;4329299;538245;130
2,016E+11;16;4;1;830;1;1;1;1;6;55;19, AVENUE DE LA JARRE;M;4323895;540227;130
2,016E+11;16;4;1;1215;1;2;1;1;5;55;37, GASTON FLOTTE (RUE);M;4329603;542477;130
2,016E+11;16;3;31;1300;1;2;1;1;2;55;99, SAKAKINI (BOULEVARD);M;4329336;540163;130
2,016E+11;16;3;31;1700;1;2;1;1;6;55;00, MEISSONNIER (RUE);M;4331288;539933;130
2,016E+11;16;4;1;1400;1;2;3;2;3;55;29, PAQUERETTES (AVENUE;M;4334488;541284;130
2,016E+11;16;4;1;1510;1;2;1;1;6;55;83, REDON (BOULEVARD DU);M;4325315;542186;130
2,016E+11;16;4;1;1500;1;2;1;8;2;55;149**PRADO (AVENUE DU);M;4327893;538791;130