Num_Acc;an;mois;jour;hrmn;lum;agg;int;atm;col;com;adr;gps;lat;long;dep
2,016E+11;16;4;1;1430;1;2;1;1;6;55;32, STANISLAS TORRENTS (;M;4328716;537857;130
2,016E+11;16;4;1;1500;1;2;1;2;6;55;23, BD MAURICE BOURDET;M;4330308;537921;130
2,016E+11;16;4;1;2100;5;2;3;1;3;55;91, SAINT JOSEPH (CHEMIN;M;4334357;538532;130
2,016E+11;16;4;1;2130;5;2;1;1;7;55;76, MARCHAL FOCH (AVENU;M;4329706;540475;130
2,016E+11;16;4;2;345;5;2;2;2;1;55;172 BIS, LIBERATION (BOU;M;4330206;539449;130
2,016E+11;16;4;2;855;1;2;1;1;2;55;ROLAND DORGELES (BOULEVA;M;4334803;537689;130
2,016E+11;16;4;2;1500;1;2;1;2;1;55;00, ANTOINE FORTUNE MARI;M;4323877;540415;130
2,016E+11;16;4;2;1730;1;2;1;2;6;55;154-158 LE CHATELIER;M;4334871;537157;130
2,016E+11;16;4;2;2345;5;2;1;1;6;55;6, JEAN LOMBARD (AVENUE);M;4328957;542689;130
2,016E+11;16;4;3;1800;2;2;3;1;2;55;353, LYON (RUE DE);M;4333847;536234;130
2,016E+11;16;4;3;2240;5;2;1;2;6;55;33, CLOT BEY (AVENUE);M;4326114;538734;130
2,016E+11;16;4;3;2120;5;2;1;2;6;55;222, CAILLOLS (AVENUE DE;M;4330340;544197;130
2,016E+11;16;4;3;2210;5;2;1;3;7;55;VAUDOYER (AVENUE);M;4329767;536371;130
2,016E+11;16;4;3;2100;5;1;1;1;2;55;141, RABATAU (BOULEVARD);M;4327716;539855;130
2,016E+11;16;4;1;1200;1;2;1;8;6;55;00, BELGES (QUAI DES);M;4329479;537445;130
2,016E+11;16;4;4;1230;1;2;3;1;3;55;90, LA FOURRAGERE (AVENU;M;4329916;542843;130
2,016E+11;16;4;4;1105;1;2;1;1;3;55;37, HAITI (BOULEVARD D');M;4329732;540848;130
2,016E+11;16;4;5;1500;1;2;1;1;6;55;147, SAINT MARCEL (BOULE;M;4328796;546394;130
2,016E+11;16;4;5;1710;1;2;3;1;3;55;00, pointe rouge (ave);M;4324680;537386;130
2,016E+11;16;4;5;1720;1;2;1;1;3;55;240, SAINT JEAN DU DESER;M;4329478;543319;130
2,016E+11;16;4;5;2000;1;2;1;1;3;55;00, MENARD (PIERRE) (BOU;M;4329049;543950;130
2,016E+11;16;4;6;1030;1;2;1;1;6;55;1, AMARYLLIS (CHEMIN DES;M;4331759;543913;130
2,016E+11;16;4;6;1530;1;2;1;1;2;55;HENRI BARNIER (BOULEVARD;M;4336711;534355;130
2,016E+11;16;4;6;1700;1;1;1;1;5;55;74-76 Route Léon Lachamp;M;4324791;543569;130
2,016E+11;16;4;6;2137;5;2;1;1;1;55;2, NOTRE DAME (BOULEVARD;M;4329038;537236;130
2,016E+11;16;4;6;2040;5;1;1;1;6;55;00, PEINTRES RO (RUE);M;4329657;548029;130
2,016E+11;16;4;7;700;1;2;1;1;3;55;59 Avenue Frédéric Mistr;M;4332269;545555;130
2,016E+11;16;4;7;800;1;2;1;1;1;55;384, MICHELET (BOULEVARD;M;4325518;540109;130
2,016E+11;16;4;2;530;5;2;3;2;7;55;00, RAMPE SAINT MAURICE;M;4329032;536376;130
2,016E+11;16;4;7;1350;1;2;1;1;6;55;27, JULES CANTINI (AVENU;M;4328499;538542;130
2,016E+11;16;4;6;1745;1;2;1;1;3;55;36, CHANTE PERDRIX (tvse;M;4327338;543597;130
2,016E+11;16;4;7;2220;5;2;1;1;6;55;169, CROIX ROUGE (AVENUE;M;4333514;544496;130
2,016E+11;16;4;7;2130;5;2;1;1;3;55;35, L ARMEE D AFRIQUE (C;M;4329043;540580;130
2,016E+11;16;4;8;345;5;2;1;1;2;55;JEAN MOULIN (BOULEVARD);M;4329231;540099;130
2,016E+11;16;4;8;1545;1;2;1;1;3;2;802, ETIENNE CUCCA-CD908;M;4336325;549572;130
2,016E+11;16;4;8;1415;1;2;1;1;6;55;48, PARANGON (TRAVERSE);M;4324337;537983;130
2,016E+11;16;4;8;1645;1;2;1;1;7;55;SIDI BRAHIM (SQUARE);M;4329743;539933;130
2,016E+11;16;4;8;1645;1;2;3;1;6;55;92, PRADO (AVENUE DU);M;4328201;538594;130
2,016E+11;16;4;8;2240;5;2;1;1;3;55;103, LIEUTAUD (COURS);M;4328920;538404;130
2,016E+11;16;4;8;2215;5;2;1;1;3;55;1, FLORIAN ( ROND POINT);M;4328547;542576;130
2,016E+11;16;4;9;350;5;1;1;1;6;55;00, JEAN MOULIN*(BOULEVA;M;4329118;540005;130
2,016E+11;16;4;9;830;1;2;7;1;4;55;02, LEDRU ROLLI (BOULEVA;M;4334253;535968;130
2,016E+11;16;4;8;1755;1;2;2;1;1;55;43, PASTEUR (AVENUE);M;4328981;535930;130
2,016E+11;16;3;29;1115;1;1;1;1;6;55;15, LA FEDERATION (BOULE;M;4331119;540229;130
2,016E+11;16;4;9;2245;5;2;2;1;3;55;75, HORACE BERTIN (RUE);M;4329579;539158;130
2,016E+11;16;4;10;715;2;2;1;1;6;55;22, CROIX ROUGE (AVENUE);M;4333068;543089;130
2,016E+11;16;4;10;815;1;2;1;1;2;55;349BIS, ROMAIN ROLLAND (;M;4327208;541046;130
2,016E+11;16;3;29;1430;1;2;1;1;3;55;111, CAILLOLS (AVENUE DE;M;4330391;543309;130
2,016E+11;16;4;10;1410;1;2;1;1;6;55;57, JOURDAN (BOULEVARD);M;4333325;539798;130
2,016E+11;16;4;10;200;5;2;1;1;6;55;231, MENDES FRANCE (AVEN;M;4324996;537530;130
2,016E+11;16;4;8;1930;1;2;1;1;6;55;2, GERANIUMS (RUE DES);M;4334145;540826;130
2,016E+11;16;4;11;1420;1;2;1;1;1;55;75, ENCO DE BOT (ROUTE);M;0;0;130
2,016E+11;16;4;11;1310;1;2;1;1;6;55;38, CABOT (BOULEVARD);M;4325902;541694;130
2,016E+11;16;4;11;2330;5;2;1;1;2;55;MAZARGUES (ROND-POIN;M;4325080;540355;130
2,016E+11;16;4;12;800;1;2;4;1;3;55;ALEX ANSALDI (RUE);M;4333114;540620;130
2,016E+11;16;4;12;912;1;2;1;1;3;55;387, MICHELET (BOULEVARD;M;4325435;540159;130
2,016E+11;16;4;12;1500;1;2;6;1;3;212;00, GERARD TOULON (RD PT;M;4330596;547018;130
2,016E+11;16;4;15;1200;1;2;1;1;5;55;354, POILUS (AVENUE DES);M;4331372;546312;130
2,016E+11;16;4;12;1840;1;1;1;1;3;55;10 Boulevard Voltaire;M;4328319;550536;130
2,016E+11;16;4;13;845;1;2;1;1;2;55;325, CORNICHE KENNEDY;M;4327425;536205;130
2,016E+11;16;4;13;1130;1;2;1;1;6;55;51, FRAN€OIS MIGNET (AVE;M;4333153;542842;130
2,016E+11;16;4;12;2000;1;2;1;1;1;55;DIABLE (TRAVERSE DU);M;4330556;545016;130
2,016E+11;16;4;12;1300;1;2;3;1;3;55;ARENC (QUAI D');M;4331324;536629;130
2,016E+11;16;4;13;1500;1;2;1;1;5;55;307, ROMAIN ROLLAND (BOU;M;4327214;541061;130
2,016E+11;16;4;12;1500;1;2;2;1;3;55;16, ALGER (RUE D');M;4328928;538837;130
2,016E+11;16;4;13;1540;1;2;1;1;1;2;12, JEAN GIONO (AVENUE);M;4333192;548569;130
2,016E+11;16;4;14;550;5;2;1;1;2;55;46, CABOT*(BOULEVARD);M;4325861;541725;130
2,016E+11;16;4;11;1040;1;2;3;1;1;55;00, CABOT (BOULEVARD);M;4326018;541584;130
2,016E+11;16;4;14;1545;1;2;1;1;1;55;32, (RUE) RAPHAEL PONSON;M;4326646;538824;130
2,016E+11;16;4;9;1630;1;2;1;1;1;55;154, BRETEUIL (RUE);M;4328378;537846;130
2,016E+11;16;4;14;1930;1;1;1;1;3;55;00, ROVE (ROUTE DU);M;4335951;528617;130
2,016E+11;16;4;10;400;3;2;1;1;6;55;33, MARCHAL JUIN (BOULE;M;4331148;540336;130
2,016E+11;16;4;15;200;5;2;1;1;6;55;2, BOISERAIE (RUE);M;4329727;542183;130
2,016E+11;16;4;8;1030;1;2;1;1;6;55;17, SAINT BAZILE (RUE);M;4329965;538429;130
2,016E+11;16;4;13;1645;1;2;9;1;2;55;29, VINCENT DELPUECH (BO;M;4328299;539071;130
2,016E+11;16;4;7;1800;1;2;1;1;2;55;61, PRADO (AVENUE DU);M;4328253;538565;130
2,016E+11;16;3;19;1930;1;2;1;1;7;55;45, FOUR A CHAU (RUE);M;4328829;535581;130
2,016E+11;16;4;15;1600;1;2;1;1;2;55;134, MICHELET (BOULEVARD;M;4326570;539490;130
2,016E+11;16;4;16;130;5;2;1;1;3;213;178, CROIX ROUGE (AVENUE;M;4333499;544370;130
2,016E+11;16;4;16;10;5;2;1;1;1;210;1, JACQUES HEBERT (RUE);M;4328332;539337;130
2,016E+11;16;4;14;1610;1;2;3;1;3;55;54, DE ROUX (BD ET IMPAS;M;4330710;540520;130
2,016E+11;16;4;14;1430;1;2;3;1;3;55;79, SAINTE CECILE (RUE);M;4328819;539519;130
2,016E+11;16;3;11;1445;1;2;1;1;6;55;01, DAVIEL (PLACE);M;4329756;536919;130
2,016E+11;16;4;16;1845;1;1;1;1;1;215;HENRI BARNIER (BOULEVARD;M;4336711;534355;130
2,016E+11;16;4;14;1330;1;1;2;1;3;55;04, SAINTE CECILE (RUE);M;4328671;539036;130
2,016E+11;16;4;15;1845;1;2;3;1;3;55;POILUS (AVENUE DES);M;4331395;546292;130
2,016E+11;16;4;17;430;5;2;1;1;3;210;63, JEAN MOULIN (BOULEVA;M;4328536;539881;130
2,016E+11;16;4;14;1440;1;2;3;1;3;55;92, LIEUTAUD (COURS);M;4329122;538303;130
2,016E+11;16;4;15;1930;1;2;1;1;3;55;11, AMPERE (BOULEVARD);M;4333785;537358;130
2,016E+11;16;4;16;1845;1;2;3;1;3;215;00, ANCIENS COMBATTANTS;M;4337375;535504;130
2,016E+11;16;4;17;1215;1;2;3;1;3;206;32, PRADO (AVENUE DU);M;4328402;538480;130
2,016E+11;16;3;30;1945;2;2;2;1;3;55;217, CHAVE (BOULEVARD);M;4329585;540039;130
2,016E+11;16;4;17;1400;1;2;1;1;1;207;263, CORNICHE KENNEDY;M;4328084;535218;130
2,016E+11;16;4;17;1610;1;2;1;1;2;208;434, PRADO (AVENUE DU);M;4326849;538507;130
2,016E+11;16;4;17;1930;1;2;1;1;3;210;179, CAPELETTE (AVENUE D;M;4328061;540774;130
2,016E+11;16;4;18;730;1;2;1;1;7;211;441 A, MIRELLE LAUZE (BO;M;4328763;543329;130
2,016E+11;16;4;9;1100;1;2;1;1;6;55;09, ALEX. FLEMING (BOULE;M;4331545;540187;130
2,016E+11;16;4;8;930;1;2;1;1;6;55;39, FLAMMARION (BOULEVAR;M;4330467;539018;130
2,016E+11;16;4;15;1115;1;2;1;1;6;55;315, CORNICHE KENNEDY;M;4327173;536280;130
2,016E+11;16;3;30;1600;1;2;1;1;6;55;108, LIEUTAUD (COURS);M;4329049;538339;130
2,016E+11;16;4;19;905;1;2;1;1;6;206;9 BIS, COMMANDANT IMHAUS;M;4328769;538607;130
2,016E+11;16;4;19;1035;1;2;1;1;3;203;ROGER SALENGRO (AVENUE);M;4331539;536995;130
2,016E+11;16;3;30;1920;2;2;3;1;3;55;58, LIBERATION (BOULEVAR;M;4330032;538906;130
2,016E+11;16;4;19;1200;1;1;1;1;3;210;136, ROMAIN ROLLAND (BOU;M;4327688;541918;130
2,016E+11;16;4;18;1600;1;2;1;1;1;211;00, AIR BEL (AVENUE);M;4328975;542875;130
2,016E+11;16;4;18;1605;1;2;1;1;3;211;61, RTE D' ALLAUCH;M;4330511;550107;130
2,016E+11;16;4;19;1250;1;2;1;1;1;215;00, LEDRU ROLLI (BOULEVA;M;4334048;535658;130
2,016E+11;16;4;14;830;1;2;7;1;6;55;02, SEBASTOPOL (PLACE);M;4329944;539718;130
2,016E+11;16;4;19;1830;1;2;1;1;3;208;40, HAMBOURG (BOULEVARD);M;4325306;538531;130
2,016E+11;16;4;14;1120;1;2;1;1;2;55;MARCHAL JUIN (BOULEVARD;M;4331135;540351;130
2,016E+11;16;4;13;1515;1;2;1;1;2;55;00, RUFFI (RUE DE);M;4330877;537305;130
2,016E+11;16;4;20;1;5;1;1;1;6;208;00, ALEX DELABRE (BOULEV;M;4321936;534537;130
2,016E+11;16;4;20;105;3;1;1;1;6;209;00, VAUFREGES (ROUTE DE);M;4324894;545216;130
2,016E+11;16;4;20;805;1;2;1;1;2;213;86, ALBERT EINSTEIN (RUE;M;4333726;543543;130
2,016E+11;16;4;8;1945;1;1;1;1;6;55;10, SAUVAGERE (ALLE);M;4327329;541541;130
2,016E+11;16;4;20;1055;1;2;1;1;6;214;1, MERIMEE;M;4332818;539811;130
2,016E+11;16;4;9;1515;1;2;1;1;7;55;00, VALBARELLE (BOULEVAR;M;4328855;545229;130
2,016E+11;16;4;20;1400;1;2;1;1;1;106;10, 8 MAI 1945 (AVENUE D;M;4340413;537133;130
2,016E+11;16;4;20;1630;1;2;1;1;2;215;18, SAINT ANTOINE (AVENU;M;4329965;536962;130
2,016E+11;16;4;20;1515;1;2;9;1;1;212;24 AVRIL*15 (AVENUE DU);M;4330787;542756;130
2,016E+11;16;4;20;1810;1;2;1;1;6;210;172, TOULON (AVENUE DE);M;4328484;539375;130
2,016E+11;16;4;20;2000;1;2;3;1;3;208;75, ROUET (RUE DU);M;4328153;538902;130
2,016E+11;16;4;20;2130;5;2;2;1;3;206;PARADIS (RUE);M;4328863;537882;130
2,016E+11;16;4;13;1605;1;2;1;1;6;55;14, CHALUSSET (RUE);M;4331700;539842;130
2,016E+11;16;4;19;1329;1;2;1;1;2;214;00, DANIEL CASANOVA (BOU;M;4332734;537500;130
2,016E+11;16;4;21;1000;1;2;1;1;7;212;115, MONTAIGNE (RUE);M;4330390;541824;130
2,016E+11;16;4;21;740;1;2;1;1;5;210;00, RABATAU (BOULEVARD);M;4328229;539946;130
2,016E+11;16;4;21;1200;1;2;1;1;3;203;32, BD FERDINAND DE LESS;M;4332036;537292;130
2,016E+11;16;4;20;1230;1;2;1;1;3;208;13, RAYMOND TEISSERE (RU;M;4327468;539708;130
2,016E+11;16;3;30;1015;1;2;1;1;2;55;19, SAINT SAENS (RUE);M;4329361;537443;130
2,016E+11;16;4;21;1355;1;2;1;1;7;208;18, FRESCOULE (IMPASSE D;M;4327633;537773;130
2,016E+11;16;2;2;1555;1;2;1;1;3;55;31, JEAN JAURES (PLACE);M;4329522;538725;130
2,016E+11;16;4;21;1725;1;2;1;2;1;209;112, CHE DE LA COLLINE S;M;4325160;541476;130
2,016E+11;16;4;21;1800;1;2;1;1;3;205;147, BAILLE (BOULEVARD);M;4328941;539674;130
2,016E+11;16;4;22;800;1;2;1;1;6;205;30, SAKAKINI (BOULEVARD);M;4329791;540081;130
2,016E+11;16;4;22;1315;1;2;1;1;6;202;10, DAMES (BOULEVARD DES;M;4330170;537307;130
2,016E+11;16;4;22;1455;1;2;1;8;6;211;87, BARASSE;M;4328576;547986;130
2,016E+11;16;4;22;2145;5;2;1;1;6;206;143B BAILLE (BOULEVARD);M;4328861;539378;130
2,016E+11;16;4;22;2150;5;2;1;1;3;213;127, CHEMIN DU MERLAN A;M;4333082;540748;130
2,016E+11;16;4;20;1315;1;2;1;1;3;201;19, BENEDIT (RUE);M;4330757;539231;130
2,016E+11;16;4;22;1210;1;2;1;1;3;208;411, PRADO (AVENUE DU);M;4326822;538494;130
2,016E+11;16;4;22;1220;1;2;1;1;2;55;10 Chemin du Roi d'Espag;M;4324320;539671;130
2,016E+11;16;4;20;1430;1;2;2;1;3;205;91, SAINTE-CECILE (RUE);M;4328818;539520;130
2,016E+11;16;4;23;1450;1;2;1;1;6;204;00, ALEX. FLEMING (BOULE;M;4331662;539673;130
2,016E+11;16;4;23;1710;1;2;1;1;7;213;49, MARRE (CHEMIN DE LA);M;4332833;544381;130
2,016E+11;16;4;23;2000;2;2;1;1;3;213;JEAN PAUL SARTRE (AVENUE;M;0;0;130
2,016E+11;16;4;23;2050;2;2;2;1;3;205;69, SAKAKINI (BOULEVARD);M;4329577;540043;130
2,016E+11;16;4;24;800;1;2;1;1;3;203;?  ROGER SALENGRO (AVEN;M;0;0;130
2,016E+11;16;4;15;1020;1;2;1;1;3;55;12, CORINTHE (AVENUE DE);M;4328408;539032;130
2,016E+11;16;4;13;1500;1;2;2;1;3;204;00, FRANÇOISE DUPARC (BO;M;4330419;540074;130
2,016E+11;16;4;19;1500;1;2;1;1;2;214;14, MERLAN (AVENUE);M;4333207;540664;130
2,016E+11;16;4;21;1215;1;2;1;1;3;205;95, SAKAKINI (BOULEVARD);M;4329387;540167;130
2,016E+11;16;4;24;1600;1;2;1;1;7;212;9, SAINT BARNABE (AVENUE;M;4330448;540756;130
2,016E+11;16;4;24;1806;1;2;1;1;3;214;44, GAY LUSSAC (BOULEVAR;M;4334106;537550;130
2,016E+11;16;3;10;1810;1;2;1;1;1;55;00, PRADO (AVENUE DU);M;4326557;538053;130
2,016E+11;16;4;24;2250;5;2;1;6;4;203;1, GÉNÉRAL LECLERC (RUE);M;4330325;537894;130
2,016E+11;16;4;25;127;5;2;1;1;7;208;411, PRADO (AVENUE DU);M;4326874;538579;130
2,016E+11;16;4;25;730;1;2;1;1;1;208;121, MAZARGUES (AVENUE D;M;4326712;538957;130
2,016E+11;16;4;25;705;1;2;3;1;3;212;BUTRIS (TRAVERSE DES);M;4329809;545016;130
2,016E+11;16;4;25;1200;1;2;1;1;3;208;25, RAYMOND TEISSERE (RU;M;4327380;539839;130
2,016E+11;16;4;19;2000;2;2;1;1;3;215;257, SAINT ANTOINE *AVEN;M;4337637;535620;130
2,016E+11;16;4;25;1123;1;2;1;1;6;203;143, FÉLIX PYAT (RUE);M;4331725;537416;130
2,016E+11;16;4;19;1610;1;2;2;1;3;201;12, REPUBLIQUE (RUE DE L;M;4329694;537366;130
2,016E+11;16;4;1;1640;1;1;1;1;7;55;29, SAINTE (RUE);M;4329252;537543;130
2,016E+11;16;4;26;810;1;2;1;1;4;212;123, PIERRE CHEVALIER (a;M;4329515;542624;130
2,016E+11;16;4;20;755;2;2;6;1;6;206;18, PRADO (AVENUE DU);M;4328462;538444;130
2,016E+11;16;4;26;850;1;2;1;1;3;208;ALAIN SAVARY (ROND-P;M;4324608;539448;130
2,016E+11;16;4;26;835;1;2;3;1;2;213;33, MAURELLE (RUE DE LA);M;4332097;543876;130
2,016E+11;16;4;11;930;1;2;1;7;6;55;141, JEANNE D'ARC (BOULE;M;4329266;540842;130
2,016E+11;16;4;26;1800;1;2;1;1;6;215;MADRAGUE VILLE (RUE);M;4332419;536269;130
2,016E+11;16;4;25;1450;1;2;1;1;7;206;30, STANISLAS TORRENTS (;M;4328732;537847;130
2,016E+11;16;4;20;830;1;2;1;1;1;201;00, FORT NOTRE DAME (RUE;M;4329217;537162;130
2,016E+11;16;4;26;830;1;2;1;1;3;206;37, JULES CANTINI (AVENU;M;4328445;538642;130
2,016E+11;16;4;27;850;1;2;2;1;3;204;00, ALEX. FLEMING (BOUL;M;4331379;540593;130
2,016E+11;16;4;27;1130;1;1;3;1;2;201;27, CANEBIERE     1 A 79;M;4329609;537682;130
2,016E+11;16;4;27;1148;1;2;1;1;6;212;04, JEAN COMPADIEU (AVEN;M;4331900;543363;130
2,016E+11;16;4;27;1625;1;2;1;1;6;201;39, LIEUTAUD (COURS);M;4329405;538212;130
2,016E+11;16;4;27;1630;1;2;1;1;7;206;23, PRADO (AVENUE DU);M;4328428;538502;130
2,016E+11;16;4;27;1605;1;2;3;1;1;201;00, LÉON GAMBETTA (ALLEE;M;4329910;538221;130
2,016E+11;16;4;22;1030;1;2;1;1;3;205;26, BAILLE (BOULEVARD);M;4328679;538691;130
2,016E+11;16;4;23;955;1;2;1;1;6;201;02, ATHENES (BOULEVARD D;M;4329940;538085;130
2,016E+11;16;4;28;545;2;2;1;1;3;210;54, TIMONE (AVENUE DE LA;M;4328570;540218;130
2,016E+11;16;4;28;1015;1;2;1;1;6;214;17, ALEX ANSALDI (RUE);M;4333535;540003;130
2,016E+11;16;4;28;840;1;2;1;1;3;209;SCHLOESING (BOULEVARD);M;4327151;540174;130
2,016E+11;16;4;28;1340;1;2;1;1;1;213;83, NICOLAS APPERT (RUE);M;4333909;542038;130
2,016E+11;16;4;28;1430;1;2;1;1;5;215;177, SAINT LOUIS (AVENUE;M;4334931;535885;130
2,016E+11;16;4;28;1845;1;2;1;1;3;202;32, CHANTERAC (RUE DE);M;4331251;536909;130
2,016E+11;16;4;20;1645;1;2;2;1;3;201;26, ESPERANDIEU (RUE);M;4330361;539309;130
2,016E+11;16;4;20;1300;1;2;1;1;1;209;237, MICHELET (BOULEVARD;M;4326238;539703;130
2,016E+11;16;4;28;1200;1;2;2;1;3;205;00, JEAN MARTIN (RUE);M;4329306;540332;130
2,016E+11;16;4;29;900;1;2;1;1;6;212;1, PIERRE CHEVALIER (ave;M;4329521;542539;130
2,016E+11;16;4;29;1705;1;2;3;1;3;214;EDMOND JALOUX (RUE);M;4332904;538546;130
2,016E+11;16;4;29;1625;1;2;1;1;4;211;63, CAMOINS (AVENUE DES);M;4329721;549509;130
2,016E+11;16;4;29;1710;1;1;1;1;6;212;07, DOCTEUR GIRBAL (rue);M;4327674;543255;130
2,016E+11;16;4;29;1725;1;2;6;1;6;216;63, LA PELOUQUE (CHEMIN);M;4336236;533602;130
2,016E+11;16;4;29;1830;1;2;1;1;1;214;? AYGALADES (AVENUE DE;M;0;0;130
2,016E+11;16;4;29;2145;5;2;1;1;5;209;30 CABOT (BOULEVARD);M;4325958;541631;130
2,016E+11;16;4;29;2230;5;2;1;1;2;208;377, PRADO (AVENUE DU);M;4326903;538591;130
2,016E+11;16;4;29;1950;1;2;3;1;6;209;00, CABOT (BOULEVARD);M;4326018;541584;130
2,016E+11;16;4;30;100;5;2;1;1;1;55;PEINTRES ROUX (AVENUE DE;M;4330468;547167;130
2,016E+11;16;4;29;1840;1;2;1;1;1;210;ROMAIN ROLLAND (BOULEVAR;M;0;0;130
2,016E+11;16;4;25;1445;1;2;1;1;2;214;2, ROLAND DORGELES (BOUL;M;4334615;538123;130
2,016E+11;16;4;27;815;1;2;1;1;3;209;33, SCHLOESING (BOULEVAR;M;4327483;539988;130
2,016E+11;16;4;30;1250;1;2;1;1;6;55;120, PORT (QUAI DU);M;4329590;536794;130
2,016E+11;16;4;27;1215;1;2;1;1;6;215;20, LYON (RUE DE);M;4332405;536736;130
2,016E+11;16;4;30;1740;1;2;1;1;7;106;24 BIS, BEDOULE (CHEMIN;M;4339843;535384;130
2,016E+11;16;5;1;1115;1;2;1;1;3;55;77, PLOMBIERES (BOULEVAR;M;4331627;538390;130
2,016E+11;16;4;24;1850;2;2;1;1;3;212;112, WILLIAM BOOTH (AVEN;M;4329572;544645;130
2,016E+11;16;4;30;1420;1;2;8;1;3;55;84, LODI (RUE DE);M;4328861;538790;130
2,016E+11;16;4;30;1900;1;2;1;2;3;55;442, PRADO (AVENUE DU);M;4326768;538380;130
2,016E+11;16;4;27;810;1;2;3;1;5;205;304, SAINT PIERRE (RUE);M;4329158;540599;130
2,016E+11;16;3;14;1600;1;2;2;1;3;55;1, BASSIN (CHEMIN DU);M;4333779;540749;130
2,016E+11;16;5;2;1830;1;2;1;1;2;55;71, PARANGON (TRAVERSE);M;4324151;537894;130
2,016E+11;16;5;2;1615;1;1;1;1;1;55;52, BUREL (BOULEVARD);M;4331731;538983;130
2,016E+11;16;5;2;2010;1;2;1;1;3;55;307, PRADO (AVENUE DU);M;4327133;538949;130
2,016E+11;16;5;2;845;1;2;2;1;6;55;18, COLBERT (RUE)    2 A;M;4329926;537413;130
2,016E+11;16;5;3;750;1;2;1;1;1;55;23, LAVERAN (BOULEVARD D;M;4332554;541422;130
2,016E+11;16;5;2;1000;1;2;1;1;2;55;161, CHARTREUX (AVENUE D;M;4330909;540046;130
2,016E+11;16;5;3;1130;1;2;1;1;1;55;50, MADRAGUE VILLE*(RUE);M;4332161;536491;130
2,016E+11;16;5;2;1800;1;2;1;1;3;55;80, CAPELETTE (AVENUE DE;M;4328185;540407;130
2,016E+11;16;5;3;1750;1;2;1;1;3;55;405, LYON (RUE DE);M;4334091;536078;130
2,016E+11;16;5;3;1615;1;2;1;1;7;55;102, CAMILLE PELLETAN (A;M;4330811;537403;130
2,016E+11;16;5;3;1710;1;2;1;1;6;55;19, RAYMOND TEISSERE (RU;M;4327413;539787;130
2,016E+11;16;5;3;1900;1;2;1;1;5;55;70, AUGUSTIN AUBERT (RUE;M;4326628;540308;130
2,016E+11;16;5;3;2000;1;2;1;1;3;55;40, LON GAMBETTA (ALLEE;M;4329907;538279;130
2,016E+11;16;5;3;2100;2;2;1;1;5;55;00, JEAN PAUL SARTRE (AV;M;4332457;542114;130
2,016E+11;16;5;3;2120;5;2;1;1;1;55;145, BAILLE*(BOULEVARD);M;4328893;539465;130
2,016E+11;16;5;3;2125;5;2;1;1;1;55;215, SAINTE MARTHE (CHEM;M;4333098;538899;130
2,016E+11;16;4;14;1630;1;2;1;1;3;55;158, PARADIS (RUE);M;4328544;538015;130
2,016E+11;16;5;4;1245;1;2;3;1;1;55;22, CORDERIE (BOULEVARD;M;4329063;537121;130
2,016E+11;16;5;4;1430;1;2;1;1;6;55;18, SAINT LOUP (BOULEVAR;M;4328164;542802;130
2,016E+11;16;5;4;1215;1;2;1;1;3;2;266, AUBAGNENS (AVENUE D;M;4332831;547428;130
2,016E+11;16;4;21;1345;1;2;1;2;7;206;19, ARMENY (RUE D');M;4329052;537802;130
2,016E+11;16;5;5;730;1;2;2;1;3;55;00, BUREL (BOULEVARD ET;M;4331501;538799;130
2,016E+11;16;5;5;1030;1;2;1;1;7;55;118, MONTAIGNE (RUE);M;4330386;541681;130
2,016E+11;16;3;24;1430;1;2;3;1;6;55;47, FRANCIS DAVSO (RUE );M;4329314;537626;130
2,016E+11;16;5;5;1630;1;2;9;1;6;55;00, MADRAGUE DE MONTREDO;M;0;0;130
2,016E+11;16;4;30;1830;1;2;1;1;3;55;245, LYON (RUE DE);M;4333382;536396;130
2,016E+11;16;5;5;2340;5;2;1;1;3;55;45, POMPIDOU (PROMENADE);M;4326485;537341;130
2,016E+11;16;5;5;2200;3;2;1;1;3;55;00, FLIX FREGIER (RUE);M;4328814;535414;130
2,016E+11;16;5;6;109;5;2;1;1;5;55;26, GARIBALDI (BOULEVARD;M;4329640;538134;130
2,016E+11;16;2;24;745;1;2;7;1;1;55;00, NOTRE DAME (PLACE);M;4330106;551987;130
2,016E+11;16;5;5;1445;1;2;3;1;2;55;00, MARIUS DIOULOUFET (R;M;4333320;543815;130
2,016E+11;16;4;28;1430;1;2;1;1;2;209;ROY D'ESPAGNE (chemin);M;0;0;130
2,016E+11;16;5;6;1000;1;2;1;1;2;55;256, PRADO (AVENUE DU);M;4327486;538964;130
2,016E+11;16;4;25;1230;1;2;1;6;3;202;10, JOLIETTE (PLACE DE L;M;4330527;536549;130
2,016E+11;16;5;6;2010;1;2;1;1;3;55;8/12, MARCHAL DE LATTRE;M;4324552;541273;130