Num_Acc;an;mois;jour;hrmn;lum;agg;int;atm;col;com;adr;gps;lat;long;dep
2,016E+11;16;5;6;1710;1;2;1;1;2;55;221, DANIEL CASANOVA (BO;M;4332918;537575;130
2,016E+11;16;5;6;2345;5;2;3;1;3;55;45, ROGER BRUN (RUE);M;4328573;539270;130
2,016E+11;16;5;7;1130;1;2;1;1;2;55;66, BLANCARDE (BOULEVARD;M;4330293;540099;130
2,016E+11;16;5;7;1115;1;2;1;1;3;55;38, GUSTAVE GANAY (BOULE;M;4326664;540271;130
2,016E+11;16;5;7;1335;1;2;1;1;7;55;124, MILLIERE (BOULEVARD;M;4328349;549982;130
2,016E+11;16;5;7;1500;1;2;1;1;6;55;143, FLIX PYAT (RUE);M;4331767;537448;130
2,016E+11;16;5;3;1800;1;2;1;1;6;55;142, LIBERATION (BOULEVA;M;4330161;539302;130
2,016E+11;16;4;29;1000;1;2;1;1;3;206;2, BAILLE (BOULEVARD);M;4328634;538567;130
2,016E+11;16;5;7;2240;5;2;1;1;6;55;50, MILLIERE (BOULEVARD;M;4328341;549552;130
2,016E+11;16;5;8;2200;5;2;1;2;3;55;FRDRIC MISTRAL (AV;M;4332344;545382;130
2,016E+11;16;4;18;1900;1;2;1;1;7;203;2, BD FERDINAND DE LESSE;M;4331929;536890;130
2,016E+11;16;5;9;909;1;2;1;1;6;55;28, PIERRE DOIZE  (RUE);M;4328012;542910;130
2,016E+11;16;5;3;845;1;2;1;1;2;55;243, VALLON DE L (CHEMIN;M;4332472;543515;130
2,016E+11;16;5;9;920;1;2;2;1;3;55;00, CRENEAUX (BOULEVARD;M;4335230;536028;130
2,016E+11;16;5;9;1345;1;2;3;1;3;75;22, L'ENJOLRAS (AVE DE);M;4333765;545280;130
2,016E+11;16;5;9;1130;1;2;1;1;2;55;151, MICHELET (BOULEVARD;M;4326501;539559;130
2,016E+11;16;5;9;1205;1;2;3;1;1;55;00, BARASSE;M;4328583;547954;130
2,016E+11;16;5;9;1400;1;2;1;1;3;55;40, GRAND (RUE);M;4333521;545091;130
2,016E+11;16;5;9;1430;1;1;1;6;1;55;000, LON LACHAMP (ROUTE;M;4324646;543492;130
2,016E+11;16;5;9;2330;5;2;1;6;3;55;130, RABATAU (BOULEVARD);M;4327848;539925;130
2,016E+11;16;5;3;1930;1;2;1;1;3;55;24, CAPITALE*(RUE DE LA);M;4327954;537144;130
2,016E+11;16;5;10;800;1;2;3;1;6;55;60, MAZARADE*(BOULEVARD;M;4331474;543119;130
2,016E+11;16;5;10;750;1;1;2;1;3;55;00, CAPELETTE (AVENUE DE;M;4328330;540126;130
2,016E+11;16;5;10;2230;5;2;2;2;1;55;ROMAIN ROLLAND (BOULEVAR;M;4327594;541743;130
2,016E+11;16;5;11;645;2;2;1;2;3;55;140, PAUL CLAUDEL (BOULE;M;4326826;541441;130
2,016E+11;16;5;11;1100;1;2;1;1;3;55;387, PRADO (AVENUE DU);M;4326886;538565;130
2,016E+11;16;5;11;1000;1;2;1;2;5;55;35, BARASSE;M;4328622;547686;130
2,016E+11;16;5;11;1440;1;1;1;1;2;55;404, PARADIS (RUE);M;4327658;538389;130
2,016E+11;16;5;11;1510;1;2;1;8;2;55;28, SAINT JOSEPH (CHEMIN;M;4334032;538707;130
2,016E+11;16;5;11;1915;1;2;1;1;3;55;63, SAINT JEROME (AVENUE;M;4333134;541932;130
2,016E+11;16;5;12;830;1;2;9;1;3;55;386, MICHELET (BOULEVARD;M;4325501;540118;130
2,016E+11;16;5;12;840;1;2;1;1;2;55;37, CAPITAINE GEZE (BOUL;M;4333061;537144;130
2,016E+11;16;5;3;825;1;2;1;1;6;55;223, MADRAGUE DE MONTRED;M;4323109;535495;130
2,016E+11;16;5;12;1645;1;2;1;1;3;55;57, BERNEX (CHEMIN DE);M;4336702;533956;130
2,016E+11;16;5;13;100;5;2;1;1;6;55;00, LUMINY (AVENUE DE);M;4323569;543601;130
2,016E+11;16;5;13;855;1;2;1;1;2;55;292, MADRAGUE VILLE (RUE;M;4333485;535801;130
2,016E+11;16;5;13;832;1;2;1;1;6;55;1, MERLAN (AVENUE);M;4333123;540617;130
2,016E+11;16;5;13;1100;1;1;1;1;2;55;116, POMME (BOULEVARD DE;M;4329321;545209;130
2,016E+11;16;5;13;2150;5;2;1;1;2;55;34, JEAN MOULIN*(BOULEVA;M;4329112;540005;130
2,016E+11;16;5;14;1;4;2;6;1;5;55;1, FLORIAN ( ROND POINT);M;4328576;542560;130
2,016E+11;16;5;14;1300;1;2;1;1;1;55;00, SAINT JOSEPH A SAINT;M;4338445;535860;130
2,016E+11;16;5;15;900;1;2;1;1;3;55;00, ROGER SALENGRO (AVEN;M;0;0;130
2,016E+11;16;5;9;1810;1;2;1;1;3;55;30, LIEUTAUD (COURS);M;4329414;538211;130
2,016E+11;16;4;20;1740;1;2;3;1;3;205;2, EUGENE PIERRE (BOULEV;M;4329881;539048;130
2,016E+11;16;5;15;1600;1;2;1;1;3;55;61, SACCOMAN (BOULEVARD);M;4327579;541440;130
2,016E+11;16;5;15;1915;1;2;9;1;1;55;1, FRAIS VALLON (AVENUE);M;4332502;542378;130
2,016E+11;16;5;16;15;5;1;3;1;6;55;1, PINEDE (RUE DE LA);M;4329019;542775;130
2,016E+11;16;5;15;1830;1;2;1;1;3;55;149, PRADO (AVENUE DU);M;4327878;538776;130
2,016E+11;16;5;14;1720;1;1;1;1;7;55;6, MADRAGUE DE MONTREDON;M;4323849;536487;130
2,016E+11;16;4;12;950;1;2;2;1;3;55;00, LIEUTAUD (COURS);M;4328645;538551;130
2,016E+11;16;5;16;1800;1;2;1;1;1;2;670, CANTON VERT (AVENUE;M;4334157;547201;130
2,016E+11;16;5;16;1807;1;2;2;1;2;55;8, NOTRE DAME (BOULEVARD;M;4328996;537255;130
2,016E+11;16;5;9;1700;1;2;1;1;3;55;LITTORAL (CHEMIN DU);M;4333020;535528;130
2,016E+11;16;5;17;1135;1;2;1;1;5;55;00, ALEX ANSALDI (RUE);M;4333067;540489;130
2,016E+11;16;5;17;1815;1;2;1;1;2;55;17, AVIATEUR LE BRIX (RU;M;4326251;540465;130
2,016E+11;16;5;17;1815;1;2;3;1;3;55;74, BARASSE;M;4328583;547953;130
2,016E+11;16;5;17;2010;2;2;1;1;6;55;29, MARCHAL JUIN (BOULE;M;4331123;540364;130
2,016E+11;16;5;17;2240;5;2;1;1;3;55;55, DOCTEUR HECKEL (RUE;M;4328738;544198;130
2,016E+11;16;5;17;2115;5;2;2;1;3;55;215, CHAVE (BOULEVARD);M;4329584;540027;130
2,016E+11;16;5;18;945;1;2;1;1;3;55;1, MERIMEE;M;4332903;540055;130
2,016E+11;16;5;18;820;1;2;1;1;2;55;45, CORSE*(AVENUE DE LA);M;4328915;536228;130
2,016E+11;16;5;18;920;1;2;1;1;3;55;12, CARTONNERIE (BOULEVA;M;4329231;545884;130
2,016E+11;16;5;18;1100;1;2;1;1;6;55;16, PHOCEENS (RUE DES);M;4330156;536913;130
2,016E+11;16;5;19;745;1;1;1;1;6;55;116, GASTON FLOTTE (RUE);M;4329821;542934;130
2,016E+11;16;5;19;755;1;2;2;1;2;55;00, SAINT JEAN (BOULEVAR;M;4327962;540791;130
2,016E+11;16;5;19;955;1;2;1;1;3;55;00, FRAIS VALLON (AVENUE;M;4332520;543379;130
2,016E+11;16;5;19;830;1;2;1;1;6;55;344, POILUS (AVENUE DES);M;4331400;546284;130
2,016E+11;16;5;19;1205;1;2;1;1;2;55;00, VINCENT DELPUECH (BO;M;4328319;538766;130
2,016E+11;16;5;18;1210;1;2;1;1;6;55;169, LYON (RUE DE);M;4332708;536629;130
2,016E+11;16;5;18;1900;1;2;1;1;2;55;39, SAKAKINI (BOULEVARD);M;4329715;540062;130
2,016E+11;16;5;19;825;1;1;1;1;6;55;00, GASTON FLOTTE (RUE);M;4329605;542543;130
2,016E+11;16;5;19;2000;1;2;6;1;2;55;44, GASTON FLOTTE (RUE);M;4329807;542737;130
2,016E+11;16;5;17;1225;1;2;1;1;3;55;84, SAINT LOUP (BOULEVAR;M;4328247;543088;130
2,016E+11;16;5;5;1225;1;2;2;1;1;55;119, PARADIS (RUE);M;4328863;537882;130
2,016E+11;16;5;20;1500;1;2;1;1;6;55;25, TOURETTE (QUAI DE LA;M;4329986;536369;130
2,016E+11;16;5;20;1800;1;2;1;1;1;55;128, BAILLE (BOULEVARD);M;4328804;539177;130
2,016E+11;16;5;20;1400;1;2;2;1;3;55;00, ALBERT EINSTEIN (RUE;M;4334359;544605;130
2,016E+11;16;5;20;2200;5;2;6;1;3;55;00, FLORIAN ( ROND POINT;M;4328505;542548;130
2,016E+11;16;5;20;2040;2;2;1;1;2;55;433, MIRELLE LAUZE (BOUL;M;4328826;543475;130
2,016E+11;16;5;20;1215;1;2;2;1;7;55;4, ERNEST DELIBES (PLACE;M;4327908;538286;130
2,016E+11;16;5;14;1140;1;2;1;1;2;55;150, L ARMEE D AFRIQUE (;M;4328733;541215;130
2,016E+11;16;5;13;1750;1;2;1;1;3;55;1, PADOUANE (BD*DE LA );M;4335310;537144;130
2,016E+11;16;5;21;900;1;2;1;1;3;55;01, ANDRE ZENATTI (AVENU;M;4324717;538249;130
2,016E+11;16;5;21;1000;1;1;1;1;6;55;HENRI BARNIER (BOULEVARD;M;4336224;534221;130
2,016E+11;16;5;2;1555;1;2;3;1;6;55;154, BRETEUIL (RUE);M;4328396;537840;130
2,016E+11;16;5;21;1600;1;2;1;1;3;55;69, JEAN JAURES (PLACE);M;4329414;538601;130
2,016E+11;16;5;15;2040;2;2;1;1;3;55;14, BAILLE (BOULEVARD);M;4328658;538613;130
2,016E+11;16;5;22;1;5;2;1;1;6;55;200, CORNICHE KENNEDY;M;4326888;536908;130
2,016E+11;16;5;15;1830;1;2;1;1;3;55;06, LIEUTAUD (COURS);M;4329581;538155;130
2,016E+11;16;5;21;1400;1;2;3;1;6;55;00, LAZARET (QUAI DU);M;4330528;536543;130
2,016E+11;16;5;22;400;1;2;1;1;2;55;COMMANDANT DE ROBIEN (RU;M;4328975;548334;130
2,016E+11;16;5;22;1335;1;2;1;1;3;55;? AVENUE RAIMU;;;;130
2,016E+11;16;5;22;2030;1;2;2;1;1;55;00, RABATAU (BOULEVARD);M;4327934;539930;130
2,016E+11;16;5;23;740;1;2;1;1;6;55;110, SAINT PIERRE (RUE);M;4329195;539355;130
2,016E+11;16;5;23;840;1;1;1;1;6;55;427, MIREILLE LAUZE (BOU;M;4328628;542950;130
2,016E+11;16;3;29;1415;1;2;1;1;6;55;9, LAZARET (QUAI DU);M;4330730;536583;130
2,016E+11;16;5;23;1000;1;2;1;1;1;55;85, SAINT ANTOINE (AVENU;M;4337010;535628;130
2,016E+11;16;5;23;1740;1;2;1;1;6;55;ALBERT COHEN (RUE);M;4336201;533661;130
2,016E+11;16;5;23;2045;1;2;1;7;6;55;107, CANEBIERE    81 A F;M;4329804;538225;130
2,016E+11;16;5;24;820;1;2;3;1;6;55;00, TIBOULEN (BOULEVARD;M;4324546;537320;130
2,016E+11;16;5;2;930;1;2;1;1;3;55;16, GARIBALDI (BOULEVARD;M;4329686;538119;130
2,016E+11;16;5;20;230;5;2;1;1;6;55;10**SAINT JUST (AVENUE D;M;4331280;540180;130
2,016E+11;16;5;7;1940;2;2;2;1;3;55;00, JEANNE D'ARC (BOULEV;M;4329342;540316;130
2,016E+11;16;5;20;810;1;2;1;1;5;55;102, ALPHONSE DAUDET (RU;M;4332020;540960;130
2,016E+11;16;5;24;1730;1;2;1;1;6;55;11, METRO (BOULEVARD DU);M;4333363;542905;130
2,016E+11;16;5;24;1340;1;2;1;1;6;55;679, MAZARGUES (AVENUE D;M;4325018;539589;130
2,016E+11;16;5;24;1634;1;2;1;1;6;55;00, MARIE BALAJAT (AVENU;M;0;0;130
2,016E+11;16;5;24;1830;1;2;1;1;6;55;00, GUSTAVE GANAY (BOULE;M;4326543;539670;130
2,016E+11;16;5;24;2000;1;2;1;1;4;55;6, VERDILLON (RUE);M;4327654;542109;130
2,016E+11;16;5;24;2137;5;2;1;1;7;55;39, PALUD (RUE DE LA);M;4329351;537988;130
2,016E+11;16;5;25;1310;1;2;1;1;3;55;10, REPUBLIQUE (RUE DE L;M;4329694;537366;130
2,016E+11;16;5;24;2026;2;2;3;1;3;55;0, AVENUE DU GRAND LARGE;M;4324199;536727;130
2,016E+11;16;5;25;1320;1;2;2;1;6;55;11, GNRAL DE GAULE (PL;M;4329460;537628;130
2,016E+11;16;5;6;1630;1;2;2;1;2;55;00, DAMES (BOULEVARD DES;M;4330309;536664;130
2,016E+11;16;5;25;2135;5;2;1;1;6;55;30, SCHLOESING (BOULEVAR;M;4327326;540056;130
2,016E+11;16;5;25;2030;2;2;1;1;3;55;00, MICHELET (BOULEVARD);M;4325781;539936;130
2,016E+11;16;5;8;1145;1;2;3;1;6;55;183, LIBERATION (BOULEVA;M;4330201;539434;130
2,016E+11;16;5;25;1610;1;2;1;1;2;55;1, JEAN PAUL SARTRE (AVE;M;4332379;541980;130
2,016E+11;16;5;26;830;1;2;1;1;3;55;87, RABATAU (BOULEVARD);M;4327612;539696;130
2,016E+11;16;5;12;1435;1;2;2;1;3;55;1, PIERRE PUGET (COURS);M;4329009;537251;130
2,016E+11;16;5;26;650;1;2;1;1;3;55;185, MILLIERE (BOULEVARD;M;4328333;550390;130
2,016E+11;16;5;23;1215;1;2;1;1;2;55;35, CHARLES FABRY (RUE);M;4326482;540399;130
2,016E+11;16;5;21;1915;1;2;6;1;3;55;1, HAMBOURG (BOULEVARD);M;4324865;539119;130
2,016E+11;16;5;26;1030;1;2;3;1;3;55;01, SAINT MENET (AVENUE;M;4329043;549303;130
2,016E+11;16;5;24;1955;1;2;1;1;4;55;DE SAINT LOUIS AU ROVE (;M;0;0;130
2,016E+11;16;5;24;1810;1;2;1;1;3;55;23, GASTON FLOTTE (RUE);M;4329595;542411;130
2,016E+11;16;4;26;1150;1;2;1;1;3;209;04, GASTON RAMON (BOULEV;M;4326674;539539;130
2,016E+11;16;5;24;1415;1;2;2;1;3;55;90, REPUBLIQUE (RUE DE L;M;4330260;536895;130
2,016E+11;16;5;26;1015;1;2;1;1;3;55;160, ALBERT EINSTEIN (RU;M;4333777;543607;130
2,016E+11;16;2;3;1615;1;2;1;1;6;55;00, GUIBAL (RUE);;;;130
2,016E+11;16;5;27;1300;1;2;1;1;1;55;137, SAINT JOSEPH (CHEMI;M;4335596;536965;130
2,016E+11;16;5;27;1530;1;2;1;1;2;55;249, PIERRE DOIZE  (RUE);M;4327165;542683;130
2,016E+11;16;5;27;1615;1;2;1;1;6;55;2, LUDOVIC LEGRE (AVENUE;M;4325016;539602;130
2,016E+11;16;5;27;2200;5;2;3;1;1;75;00, LOUIS PASTEUR (AVE);M;4335646;546659;130
2,016E+11;16;5;28;100;5;2;2;1;3;55;117, PARADIS (RUE);M;4328863;537883;130
2,016E+11;16;5;28;938;1;2;1;1;3;55;MARCEL DELPRAT (AVEN;M;0;0;130
2,016E+11;16;5;28;1320;1;2;1;1;1;55;47, ENDOUME (RUE D');M;4328894;536645;130
2,016E+11;16;5;28;1545;1;2;1;1;3;55;00, SCHLOESING (BOULEVAR;M;4327155;540172;130
2,016E+11;16;5;28;50;5;2;1;2;6;55;78, LON LACHAMP (ROUTE);M;4324795;543572;130
2,016E+11;16;5;29;615;2;2;1;2;6;55;63, VALBARELLE (CHEMIN D;M;4328120;544170;130
2,016E+11;16;5;25;1220;1;2;1;1;6;55;83, PARIS (BOULEVARD DE);M;4330942;537045;130
2,016E+11;16;5;28;1745;1;2;2;1;3;55;98, CHANTERAC (RUE DE);M;4331268;536970;130
2,016E+11;16;5;29;1237;1;2;1;1;7;55;35, SCHLOESING (BOULEVAR;M;4327408;540017;130
2,016E+11;16;5;29;1700;1;2;1;1;1;55;78, RTE D' ALLAUCH;M;4330739;550130;130
2,016E+11;16;5;29;2200;5;2;1;1;3;55;138, MENDES FRANCE (AVEN;M;4325559;537641;130
2,016E+11;16;5;30;7;5;2;2;1;3;55;7, SEBASTOPOL (PLACE);M;4329967;539773;130
2,016E+11;16;5;30;745;1;2;1;1;2;55;00, ROY D'ESPAGNE (chemi;M;4324331;539669;130
2,016E+11;16;5;30;920;1;2;1;1;1;55;101, SAINT MARCEL (BOULE;M;4328876;546162;130
2,016E+11;16;5;30;1245;1;2;1;1;5;55;1, SABLIERE (ROUTE DE LA;M;4329234;547940;130
2,016E+11;16;5;26;1030;1;2;1;1;3;55;136, SAINTE MARGUERITE *;M;4326705;540802;130
2,016E+11;16;5;30;1800;1;2;1;1;3;55;00, GEMY (BOULEVARD);M;4332165;541343;130
2,016E+11;16;5;30;1020;1;2;1;1;6;55;44, CABOT (BOULEVARD);M;4325864;541734;130
2,016E+11;16;5;31;750;1;2;1;1;3;55;36, ALFRED CURTEL (RUE);M;4327929;540770;130
2,016E+11;16;5;31;1015;1;2;2;1;6;55;58764, ALBIN MEYLAN (RUE;M;4336594;533794;130
2,016E+11;16;5;30;1820;1;2;1;1;6;55;2, GERANIUMS (RUE DES);M;4334143;540802;130
2,016E+11;16;5;31;1140;1;2;1;1;4;55;00, SAINT MENET (AVENUE;M;4328818;550328;130
2,016E+11;16;5;31;2100;2;2;3;1;2;55;21, PLOMBIERES (BOULEVAR;M;4331511;538710;130
2,016E+11;16;5;27;1528;1;2;3;1;3;55;1, JURAMY (RUE);M;4329751;540036;130
2,016E+11;16;6;1;1135;1;2;3;1;3;207;80, CORDERIE (BOULEVARD;M;4329024;536886;130
2,016E+11;16;6;1;1430;1;2;1;1;3;211;96, CAMOINS (AVENUE DES);M;4330650;551006;130
2,016E+11;16;5;23;900;1;2;2;1;6;55;26, FORTIN (RUE DU);M;4329299;540276;130
2,016E+11;16;6;1;1120;1;2;1;1;3;208;6, MADRAGUE DE MONTREDON;M;4323864;536507;130
2,016E+11;16;6;1;1540;1;2;2;1;7;206;55, LIEUTAUD (COURS);M;4329122;538303;130
2,016E+11;16;6;1;2130;4;2;1;1;6;203;167, CAMILLE PELLETAN (A;M;4330866;537416;130
2,016E+11;16;6;1;2100;1;2;1;1;7;212;36, SAINT BARNABE (AVENU;M;4330406;541053;130
2,016E+11;16;6;1;2115;2;2;1;1;3;205;234, BAILLE (BOULEVARD);M;4328954;539725;130
2,016E+11;16;5;31;1435;1;2;1;1;6;55;00, MIRABEAU (BOULEVARD);M;4331413;536919;130
2,016E+11;16;6;2;1000;1;1;1;1;3;208;02, LOUIS BONNEFON (PLAC;M;4325442;538187;130
2,016E+11;16;6;2;1515;1;2;3;1;3;212;258, 24 AVRIL 15 (AVENUE;M;4330875;543891;130
2,016E+11;16;6;2;1450;1;2;1;1;6;216;25, BOISSEAU (RUE);M;4335597;534295;130
2,016E+11;16;6;2;1700;1;2;1;1;2;214;6, MORETTI (BOULEVARD);M;4332625;537612;130
2,016E+11;16;6;2;1717;1;2;1;1;3;207;57, CORSE (AVENUE DE LA);M;4328895;536123;130
2,016E+11;16;6;2;1750;1;2;3;1;3;206;1, ITALIE (RUE D');M;4329096;538139;130
2,016E+11;16;6;3;910;1;2;1;1;2;209;30, SCHLOESING (BOULEVAR;M;4327324;540056;130
2,016E+11;16;6;3;1000;1;2;1;1;3;208;142, MENDES FRANCE (AVEN;M;4325776;537612;130
2,016E+11;16;5;30;1130;1;1;7;1;6;55;474, SAINT ANTOINE (AVEN;M;4338444;535858;130
2,016E+11;16;6;3;1315;1;2;1;1;6;210;63, PONT DE VIVAUX (BOUL;M;4328023;541971;130
2,016E+11;16;6;3;1355;1;2;3;1;3;213;46, BARRY (BOULEVARD);M;4331802;540983;130
2,016E+11;16;6;3;1600;1;1;1;1;2;210;40, VERDILLON (RUE);M;4327575;542338;130
2,016E+11;16;6;3;1710;1;2;2;1;3;202;ROBERT SCHUMANN (AVENUE);M;4330309;536664;130
2,016E+11;16;6;3;935;1;2;1;1;3;201;3 BIS, FLAMMARION (BOULE;M;4330415;538771;130
2,016E+11;16;6;2;1730;1;2;1;1;3;202;17, REPUBLIQUE (RUE DE L;M;4329767;537301;130
2,016E+11;16;6;1;1400;1;2;1;1;2;213;110, POILUS*(AVENUE DES);M;4332421;545581;130
2,016E+11;16;6;3;2005;1;2;1;1;1;213;131, CHEMIN DU MERLAN A;M;4333091;540697;130
2,016E+11;16;6;3;1845;1;2;1;1;2;210;?, FLORIAN (AVENUE);M;0;0;130
2,016E+11;16;6;4;1410;1;2;1;1;3;215;278, SAINT ANTOINE A SAI;M;4336385;536123;130
2,016E+11;16;6;4;2030;5;2;1;1;2;202;171, MADRAGUE VILLE (CHE;M;4332826;535950;130
2,016E+11;16;6;4;1745;1;1;1;1;1;209;COL DE LA GINESTE;M;4324621;544579;130
2,016E+11;16;6;4;2000;1;2;1;1;6;203;14, CRIMEE (RUE DE);M;4330560;538222;130
2,016E+11;16;6;4;1930;1;2;1;1;6;201;10, JEAN BALLARD (COURS);M;4329371;537434;130
2,016E+11;16;6;5;730;1;2;1;1;1;208;190, MADRAGUE DE MONTRED;M;4323245;535606;130
2,016E+11;16;5;31;1330;1;2;2;1;6;55;1, LIBERATION (BOULEVARD;M;4329907;538529;130
2,016E+11;16;5;18;820;1;2;2;1;3;55;00, TROIS FRERES (RUE DE;M;4329234;538346;130
2,016E+11;16;6;5;1845;1;2;1;1;6;213;24, FRAIS VALLON (AVENU;M;4332524;543368;130
2,016E+11;16;6;5;10;5;2;1;1;6;215;80, SAINT LOUIS (AVENUE;M;4334500;535934;130
2,016E+11;16;6;5;1240;1;2;1;1;6;210;79, ROMAIN ROLLAND*BOUL;M;4327912;542287;130
2,016E+11;16;4;5;1700;1;2;1;1;5;55;81, FRAN€OISE DUPARC (BO;M;4330554;540079;130
2,016E+11;16;6;6;715;1;2;1;1;3;214;1, MERLAN*(AVENUE);M;4333122;540612;130
2,016E+11;16;6;6;1044;1;1;1;1;6;210;11, SCHLOESING (BOULEVAR;M;4327619;539950;130
2,016E+11;16;5;25;1700;1;2;1;1;6;55;35, CORSE (AVENUE DE LA);M;4328924;536271;130
2,016E+11;16;6;5;1930;1;2;2;1;3;215;398, SAINT ANTOINE (AVEN;M;4338026;535742;130
2,016E+11;16;6;6;2030;2;2;1;1;6;214;51**MERLAN (AVENUE);M;4333609;540730;130
2,016E+11;16;4;26;800;1;2;1;1;2;55;30, BARRAL*(BOULEVARD);M;4326500;539429;130
2,016E+11;16;6;7;930;1;2;1;1;3;210;297, CAPELETTE (AVENUE D;M;4327921;541411;130
2,016E+11;16;6;2;1610;1;2;1;1;2;214;21, AVENUE*RAIMU;M;4333077;539811;130
2,016E+11;16;6;4;445;2;2;1;1;6;209;112, SAINTE MARGUERITE (;M;4326792;540735;130
2,016E+11;16;6;7;1500;1;1;3;1;3;201;13, ATHENES (BOULEVARD D;M;4329913;538089;130
2,016E+11;16;6;6;1530;1;2;2;1;1;201;10, REPUBLIQUE (RUE DE L;M;4329694;537366;130
2,016E+11;16;6;8;800;1;2;3;1;1;213;MERLAUD PON (RUE);M;4333760;542793;130
2,016E+11;16;6;8;850;1;2;1;1;7;204;23, LACEPEDE (RUE);M;4330510;539874;130
2,016E+11;16;6;8;1300;1;2;1;1;1;203;? PLOMBIERES (BOULEVAR;;;;130
2,016E+11;16;5;10;910;1;2;2;1;3;55;200, SAINT PIERRE (RUE);M;4329254;539842;130
2,016E+11;16;6;8;1340;1;2;1;1;3;209;MAZARGUES (ROND-POIN;M;4325073;540381;130
2,016E+11;16;6;8;1500;1;2;1;1;6;215;148, MADRAGUE VILLE (RUE;M;4332739;536026;130
2,016E+11;16;6;8;1440;1;2;1;1;2;211;SAINT MENET (AVENUE DE);M;4328816;550328;130
2,016E+11;16;6;8;2250;5;2;1;1;6;213;24, FRAIS VALLON;M;4332500;542387;130
2,016E+11;16;6;8;1415;1;2;1;1;6;210;38, FLORIAN (AVENUE);M;4328373;542796;130
2,016E+11;16;6;7;1900;1;2;2;1;3;201;60, VOLTAIRE    PAIRS (B;M;4330348;538595;130
2,016E+11;16;6;6;1210;1;2;1;1;1;203;90, PLOMBIERES (RUE DE);M;4331653;538252;130
2,016E+11;16;6;9;1230;1;2;1;1;6;211;3, ROUGUIERE (ALLÉE DE L;M;4329645;545787;130
2,016E+11;16;6;9;1550;1;2;1;1;2;214;22, Louis VILLECROZE (Bl;M;4331797;539072;130
2,016E+11;16;6;9;1620;1;2;2;1;1;211;00, SAINT MARCEL (BOULEV;M;4328631;547008;130
2,016E+11;16;6;9;1715;1;2;1;1;6;208;6, RAYMOND TEISSERE *RUE;M;4327117;540025;130
2,016E+11;16;6;9;1745;1;2;2;1;3;202;DUNKERQUE  (BOULEVARD DE;M;4330766;536798;130
2,016E+11;16;6;9;1610;1;2;1;1;3;204;17, CHARTREUX (AVENUE DE;M;4330348;539769;130
2,016E+11;16;6;9;1730;1;2;1;1;1;208;74, MAZARGUES (AVENUE DE;M;4326761;538929;130
2,016E+11;16;6;9;2125;5;2;2;1;3;206;00, ROME (RUE DE);M;4329118;538077;130
2,016E+11;16;5;27;1930;1;2;6;1;6;55;00, GIBBES (CHEMIN DE);M;4332480;538280;130
2,016E+11;16;6;9;930;1;2;1;1;3;206;62, LIEUTAUD (COURS);M;4329275;538253;130
2,016E+11;16;6;7;1900;1;2;1;1;6;211;AUDIENCE (RUE DE L');M;4329877;548911;130
2,016E+11;16;6;10;430;5;2;1;1;1;210;00, JEAN MOULIN (BOULEVA;M;4328557;539876;130
2,016E+11;16;6;10;1040;1;2;1;1;2;213;105, COROT*(AVENUE);M;4332386;540481;130
2,016E+11;16;2;13;1130;1;2;1;2;6;55;00, MAJOR (PLACE DE LA);M;4329893;536478;130
2,016E+11;16;6;10;1320;1;2;1;1;3;209;19, COLGATE (TRAVERSE);M;4323428;540934;130
2,016E+11;16;6;10;1415;1;2;1;1;2;215;417, SAINT ANTOINE *AVEN;M;4338411;535850;130
2,016E+11;16;6;10;1300;1;2;3;1;3;213;PAUL LANGEVIN (RUE);M;4334299;543212;130
2,016E+11;16;6;10;1830;1;2;2;1;7;203;2, GUIGOU (BOULEVARD);M;4331527;538914;130
2,016E+11;16;6;10;1830;1;2;6;1;7;208;00, HAMBOURG (BOULEVARD);M;4325015;538903;130
2,016E+11;16;6;11;815;1;2;1;1;1;214;6, ROLAND DORGELES*(BOUL;M;4334627;538076;130
2,016E+11;16;6;11;720;1;2;1;1;6;211;80, CAMOINS ((RUE LES);M;4329768;549725;130
2,016E+11;16;6;8;1220;1;2;1;1;6;213;37-39, MARCEL DELPRAT;M;4333412;545521;130
2,016E+11;16;6;8;700;1;2;1;1;6;204;ALEX. FLEMING 108;M;4331653;539699;130
2,016E+11;16;6;11;1728;1;2;1;1;6;214;C4, ARNAVAUX (AVENUE DES;M;4333150;538340;130
2,016E+11;16;6;6;1430;1;2;3;1;2;205;SAKAKINI (BOULEVARD);M;4329252;540114;130
2,016E+11;16;6;8;1150;1;2;1;1;6;205;578, SAKAKINI;M;4329772;540099;130
2,016E+11;16;6;12;15;5;2;1;1;7;201;47, RIVE NEUVE *QUAI DE);M;4329238;536633;130
2,016E+11;16;6;6;1550;1;2;1;1;6;206;2, THÉODORE THURNER (BOU;M;4329196;538305;130
2,016E+11;16;6;6;1830;1;2;1;1;3;204;40, CHUTES LAVI (AVENUE);M;4331130;539622;130