Num_Acc;an;mois;jour;hrmn;lum;agg;int;atm;col;com;adr;gps;lat;long;dep
2,016E+11;16;11;4;2135;5;2;1;2;3;55;441, PRADO (AVENUE DU);M;4326632;538335;130
2,016E+11;16;11;4;845;1;2;2;1;2;55;00, JEAN PAUL SARTRE (AV;M;4332129;541702;130
2,016E+11;16;11;5;530;5;2;3;8;2;55;28, LIBERATION BOULEVAR;M;4329960;538723;130
2,016E+11;16;11;5;415;5;2;1;2;1;55;28, SAKAKINI *BOULEVARD);M;4329787;540076;130
2,016E+11;16;11;2;1514;1;1;1;1;2;55;6, PRADO (AVENUE DU);M;4327218;539065;130
2,016E+11;16;11;4;1500;1;2;6;1;3;55;1, FLORIAN ( ROND POINT);M;4328505;542546;130
2,016E+11;16;11;5;1800;1;2;3;1;2;55;00, WILLIAM BOOTH (AVENU;M;4329431;544211;130
2,016E+11;16;11;5;1710;2;2;1;1;6;55;10, ALEXANDRE DUMAS RUE;M;4326437;539048;130
2,016E+11;16;9;23;1950;5;2;1;1;4;55;345, SAINT PIERRE (RUE);M;4329173;540715;130
2,016E+11;16;11;6;1220;1;2;1;1;4;55;PLOMBIERES BOULEVARD DE;M;4331621;538374;130
2,016E+11;16;11;6;1655;2;2;1;1;3;55;11, Notre dame d'Afrique;M;4328073;544139;130
2,016E+11;16;11;6;1720;5;2;3;1;3;55;00, CHEMIN DU MERLAN A L;M;4333037;541239;130
2,016E+11;16;11;7;630;1;2;1;1;6;55;00, ALEX. FLEMING (BOULE;M;4331654;539698;130
2,016E+11;16;11;7;845;1;2;1;1;4;55;00, SABLIERE (ROUTE DE L;M;4329304;547964;130
2,016E+11;16;11;4;2015;2;2;2;1;3;106;00, DESSERTE (CHEMIN DE);M;4340347;535692;130
2,016E+11;16;11;7;940;1;2;3;1;3;55;1, De la Grotte Rolland;M;4323603;536171;130
2,016E+11;16;11;7;1430;1;2;1;1;3;55;135, ST JOSEPH A STE MAR;M;4334590;538169;130
2,016E+11;16;11;7;1315;1;2;1;1;6;55;JEAN EUGENE CABASSUD (BO;M;4328568;541293;130
2,016E+11;16;11;7;1800;5;2;1;1;6;75;40,Avenue LOUIS PASTEUR;M;4335476;546709;130
2,016E+11;16;11;7;1815;5;2;2;1;6;55;32, ROGER SCHIAFFINI (RU;M;4331152;538604;130
2,016E+11;16;11;7;420;5;2;1;1;6;55;49, JEAN MARTIN (RUE);M;4329344;540315;130
2,016E+11;16;11;7;1920;5;2;1;1;1;55;ALEX. FLEMING (BOULEVARD;M;4331654;539699;130
2,016E+11;16;11;8;750;1;2;3;1;3;55;100, SAINT JEROME (AVENU;M;4333368;542021;130
2,016E+11;16;11;8;1000;1;2;1;1;3;55;240, SAINT LOUIS (AVENUE;M;4335158;535824;130
2,016E+11;16;11;8;925;1;2;1;1;3;55;BONNEFOY (RUE);M;4328024;540050;130
2,016E+11;16;11;5;800;1;2;1;1;6;55;65, PRADO AVENUE DU);M;4328254;538603;130
2,016E+11;16;11;8;2000;5;2;1;1;6;55;36, ENDOUME (RUE D');M;4328923;536639;130
2,016E+11;16;11;8;1100;1;2;2;1;3;55;2, SAINTE-CECILE (RUE);M;4328672;539035;130
2,016E+11;16;11;9;700;2;2;1;2;3;55;RUE BONNEFOY;M;4328038;540068;130
2,016E+11;16;11;9;1145;1;2;1;8;2;55;AVENUE SALVADOR ALLENDE;M;4332990;539460;130
2,016E+11;16;11;8;1750;5;2;1;1;6;55;24, ST JOSEPH A STE MART;M;4334017;538735;130
2,016E+11;16;11;5;1115;1;2;1;1;3;55;98, CAPELETTE AVENUE DE;M;4328136;540516;130
2,016E+11;16;11;4;1055;1;1;1;1;6;55;12, DAMES BOULEVARD DES;M;4330174;537299;130
2,016E+11;16;11;9;1200;1;2;3;8;3;55;78, DUNKERQUE  (BOULEVAR;M;4330953;536856;130
2,016E+11;16;11;9;1140;1;2;1;2;2;55;8, FORTUN CHAILLAN (RUE;M;4336389;535817;130
2,016E+11;16;11;9;1410;1;2;6;1;6;55;000, MARCEAU (PLACE)  *;M;4330493;537324;130
2,016E+11;16;11;9;1300;1;2;3;1;3;55;BOULEVARD ALBIN BANDINI;M;4336090;531604;130
2,016E+11;16;11;4;855;1;2;1;1;2;55;5, MAISON BLAN (BOULEVAR;M;4332905;537486;130
2,016E+11;16;11;9;1910;5;2;3;1;5;75;28, FREDERIC CHEVILLON (;M;4334564;546155;130
2,016E+11;16;11;8;1915;3;2;1;1;6;55;143, HAMBOURG (BOULEVARD;M;4324700;539355;130
2,016E+11;16;11;10;447;5;2;2;1;3;55;00, VINCENT DELPUECH (BO;M;4328303;539009;130
2,016E+11;16;11;10;1040;1;2;1;1;3;55;JEAN PAUL SARTRE (AVENUE;M;4332665;542538;130
2,016E+11;16;11;9;1310;1;2;1;3;3;55;173, AVENUE  CLOT BEY;M;4325666;538262;130
2,016E+11;16;10;29;1825;1;2;1;1;6;55;75, CORNICHE*KENNEDY;M;4328926;535470;130
2,016E+11;16;11;10;1515;1;2;2;1;3;55;42, SAINT BAZILE (RUE);M;4330053;538141;130
2,016E+11;16;11;11;155;5;2;3;1;3;55;FRAN€OISE DUPARC BOULEV;M;4330534;540102;130
2,016E+11;16;11;11;1515;1;2;1;1;3;55;00, FLORIAN ( ROND POINT;M;4328573;542576;130
2,016E+11;16;11;11;1745;5;2;1;1;2;55;155, MORGIOU (CHEMIN DE);M;4323818;540862;130
2,016E+11;16;11;11;1810;3;2;2;1;1;55;1, JEAN PAUL SARTRE (AVE;M;4331392;540594;130
2,016E+11;16;11;11;1925;5;2;1;1;1;55;109, CAPELETTE AVENUE DE;M;4328174;540433;130
2,016E+11;16;11;11;2210;4;2;1;1;3;55;02, VALBARELLE BOULEVARD;M;4328586;544261;130
2,016E+11;16;11;11;2215;5;2;1;1;2;55;31, PRADO (AVENUE DU);M;4328398;538505;130
2,016E+11;16;11;11;2314;5;2;9;1;1;55;197, LIBERATION (BOULEVA;M;4330211;539461;130
2,016E+11;16;11;12;545;5;2;3;1;3;55;100, JULES CANTINI (AVEN;M;4328156;539167;130
2,016E+11;16;11;12;900;1;2;3;1;4;55;105, NATIONAL (BOULEVARD;M;4330653;538298;130
2,016E+11;16;11;12;530;3;2;3;1;3;55;371, ROMAIN ROLLAND (BOU;M;4327067;540762;130
2,016E+11;16;11;12;2110;5;2;9;1;2;55;171, BAILLE BOULEVARD);M;4328987;539832;130
2,016E+11;16;11;12;2010;5;2;9;1;3;55;200, ALBERT EINSTEIN (RU;M;4334035;544203;130
2,016E+11;16;11;12;2045;5;2;9;1;6;55;90, RABATAU (BOULEVARD);M;4327607;539849;130
2,016E+11;16;11;12;1050;1;2;2;1;1;55;135, SAINT JEAN DU DESER;M;4329381;540961;130
2,016E+11;16;11;12;2010;5;2;1;1;4;55;12, SAKAKINI (BOULEVARD);M;4329849;540058;130
2,016E+11;16;11;13;1325;1;1;6;1;3;55;00, JEAN LOMBARD (AVENUE;M;4328928;543793;130
2,016E+11;16;11;13;2145;5;2;1;1;2;55;122, Louis VILLECROZE B;M;4332226;539225;130
2,016E+11;16;11;14;545;5;2;1;1;6;55;315, CORNICHE KENNEDY;M;4327551;535977;130
2,016E+11;16;10;22;1800;1;2;1;1;7;55;2, CAP PINEDE (Avenue);M;4332781;536244;130
2,016E+11;16;11;14;1000;1;2;1;2;2;55;137, PLOMBIERES (BOULEVA;M;4331803;538021;130
2,016E+11;16;11;14;1730;2;2;1;1;1;55;151, CROIX ROUGE (AVENUE;M;4333459;544255;130
2,016E+11;16;11;15;900;1;2;1;1;5;55;8, OLIVES (AVENUE DES);M;4332967;542980;130
2,016E+11;16;11;15;800;1;2;1;1;2;55;163, LUMINY (AVENUE DE);M;4323931;543758;130
2,016E+11;16;11;15;1130;1;2;1;1;3;55;35, CROIX ROUGE (AVENUE);M;4333114;543214;130
2,016E+11;16;11;14;1730;2;2;1;1;3;55;.00, BERTHE SYLVA (RUE);M;4332638;542054;130
2,016E+11;16;11;15;1800;5;2;8;1;6;55;231, MENDES FRANCE AVENU;M;4325000;537518;130
2,016E+11;16;11;15;1230;1;1;1;1;2;55;00, ARENC (QUAI D');M;4331199;536724;130
2,016E+11;16;11;15;1315;1;2;1;1;5;55;120, CLOT BEY (AVENUE);M;4325614;538241;130
2,016E+11;16;11;15;1700;1;2;2;1;7;55;00, MARENGO (RUE);M;4329069;538420;130
2,016E+11;16;11;5;330;5;2;2;2;3;55;199, SAINTE MARGUERITE (;M;4326490;540938;130
2,016E+11;16;11;15;1910;5;2;1;1;2;55;45, LEON GAMBETTA (ALLEE;M;4329906;538322;130
2,016E+11;16;11;15;1845;4;2;1;1;1;55;1, SALVADOR ALLENDE (RUE;M;4332993;540054;130
2,016E+11;16;11;16;735;1;2;3;1;6;55;150 PONT DE VIVAUX (BOUL;M;4328156;542567;130
2,016E+11;16;11;16;825;1;2;1;1;6;55;SAINT ANTOINE A SAINT JO;M;4337061;535999;130
2,016E+11;16;11;13;1230;1;2;1;1;3;55;00, MIREILLE LAUZE (BOUL;M;4328482;542398;130
2,016E+11;16;11;16;1300;1;2;1;1;6;55;25, JEANNE D'ARC BOULEVA;M;4329397;539987;130
2,016E+11;16;11;16;1550;1;2;1;1;1;55;24, ROGER CHIEUSSE (BOUL;M;4336268;531738;130
2,016E+11;16;11;16;2245;5;2;3;1;3;55;71, EUGENE PIERRE (BOULE;M;4329589;539078;130
2,016E+11;16;11;17;840;1;2;1;1;6;55;100, OLIVES (AVENUE DES);M;4332756;543588;130
2,016E+11;16;11;17;800;1;2;1;1;3;55;15, SAINT BARNABE (AVENU;M;4330435;541366;130
2,016E+11;16;11;17;605;2;2;1;1;6;55;72, REPUBLIQUE (RUE DE L;M;4330153;536994;130
2,016E+11;16;11;17;1045;1;2;1;1;4;55;54, PEINTRES RO (RUE);M;4329661;548033;130
2,016E+11;16;11;4;1419;1;2;1;1;6;55;000, ALEX. FLEMING BOUL;M;4331653;539699;130
2,016E+11;16;11;12;1210;1;2;1;1;2;55;9, LAZARET (QUAI DU);M;4330677;536592;130
2,016E+11;16;11;17;1320;1;2;1;1;6;55;HOCHE (RUE);M;4331093;537718;130
2,016E+11;16;11;7;640;5;2;1;1;6;55;00, ALEX. FLEMING (BOULE;M;4331652;539613;130
2,016E+11;16;11;17;1600;1;2;7;1;3;55;00, GNRAL FERRIE (PLAC;M;4327754;539896;130
2,016E+11;16;11;17;1950;5;2;1;1;2;55;23, CAILLOLS (AVENUE DES;M;4330416;542407;130
2,016E+11;16;11;17;1950;5;2;2;1;3;55;13, WULFRAM PUGET (RUE);M;4327676;538180;130
2,016E+11;16;11;18;40;5;2;1;1;6;55;1, MENDES FRANCE (AVENUE;M;4326156;537491;130
2,016E+11;16;11;18;1115;1;2;1;1;3;55;RUFFI (RUE DE);M;4330841;537330;130
2,016E+11;16;11;18;1510;1;2;1;1;3;55;28, STE MARGUERITE (BLD);M;4326887;540326;130
2,016E+11;16;11;18;1600;1;2;1;1;6;55;102, DANIEL CASANOVA (BO;M;4332525;537414;130
2,016E+11;16;11;18;1300;1;2;1;8;7;55;120, AYGALADES (AVENUE D;M;4334101;536530;130
2,016E+11;16;11;18;1645;1;2;1;8;3;55;285, CHATEAU GOMBERT CHE;M;4334880;543068;130
2,016E+11;16;11;18;2020;5;2;1;2;3;55;193, OLIVES (AVENUE DES);M;4332524;544189;130
2,016E+11;16;11;18;345;5;2;1;1;7;55;9, ANTOINE BOURDELLE*;M;4323487;543088;130
2,016E+11;16;11;19;230;5;2;1;1;6;55;83, REDON (BOULEVARD DU;M;4325114;542497;130
2,016E+11;16;11;19;600;5;2;1;9;3;55;114, PRADO (AVENUE DU);M;4327275;539118;130
2,016E+11;16;11;19;850;1;2;1;1;3;55;8, PESSAILHAN (BOULEVARD;M;4324201;541415;130
2,016E+11;16;11;19;1830;5;2;1;1;3;55;00, MAURELLE (RUE DE LA);M;4332558;543814;130
2,016E+11;16;11;19;2120;5;2;2;1;3;55;22, SAINT SEBASTIEN RUE;M;4328541;538255;130
2,016E+11;16;11;9;1900;3;2;1;1;2;55;21, SAINT SAVOURNIN (RUE;M;4329904;538820;130
2,016E+11;16;11;17;745;2;2;9;1;3;55;00, LUCE (BOULEVARD);M;4325810;539696;130
2,016E+11;16;11;20;1630;1;2;1;1;3;55;35, RAYMOND TEISSERE (RU;M;4327280;539955;130
2,016E+11;16;11;20;2030;5;2;1;2;2;55;110, ALEX. FLEMING (BOUL;M;4331535;540259;130
2,016E+11;16;11;20;2330;5;2;1;2;6;55;8, SAINT ANTOINE A SAINT;M;4334947;537537;130
2,016E+11;16;11;21;525;5;2;1;2;6;55;1, VALETTE (BOULEVARD);M;4332194;541090;130
2,016E+11;16;11;19;1915;5;2;2;1;3;55;215, SAKAKINI (BOULEVAR;M;4329584;540017;130
2,016E+11;16;11;21;1010;1;2;1;3;6;55;1, QUATRE SEPT (PLACE DU;M;4328869;535974;130
2,016E+11;16;11;17;1200;1;2;2;1;6;55;214, MONTOLIVET (AVENUE;M;4331289;541233;130
2,016E+11;16;11;20;2015;5;2;1;2;1;55;50, SAINT LOUP (BOULEVAR;M;4328465;543716;130
2,016E+11;16;11;8;1300;1;2;1;1;7;55;170, CORNICHE KENNEDY;M;4328078;535227;130
2,016E+11;16;11;10;1220;1;2;4;1;3;55;00, JULES CANTINI (AVENU;M;4328504;538531;130
2,016E+11;16;11;22;458;5;2;1;3;2;55;FRAN€OISE DUPARC (BOULEV;M;4330659;540082;130
2,016E+11;16;11;22;1712;1;1;1;1;6;55;36, SAINTE MARGUERITE*(B;M;4326875;540357;130
2,016E+11;16;11;22;2115;3;1;1;1;7;2;00, ETIENNE CUCCA-CD908;M;4335952;549397;130
2,016E+11;16;11;22;1210;1;1;1;2;1;55;LEON LACHAMP (ROUTE);M;4323944;546556;130
2,016E+11;16;11;21;1230;1;2;3;3;2;55;192, ROSE (AVENUE DE LA);M;4332906;542733;130
2,016E+11;16;11;22;810;1;2;3;3;6;55;00, HAITI (AVENUE D');M;4329790;541337;130
2,016E+11;16;11;23;815;1;2;1;1;5;55;315, ROMAIN ROLLAND (BOU;M;4327198;541040;130
2,016E+11;16;11;23;942;1;2;1;1;3;55;9, GAY LUSSAC BOULEVARD;M;4333260;537458;130
2,016E+11;16;11;23;1045;1;2;1;1;3;55;201, GIBBES (CHEMIN DE);M;4332723;538442;130
2,016E+11;16;11;23;1310;1;2;1;1;7;55;345, PRADO (AVENUE DU);M;4327040;538815;130
2,016E+11;16;11;23;1635;2;2;1;1;2;55;83, CAPELETTE (AVENUE DE;M;4328235;540305;130
2,016E+11;16;11;24;1200;1;2;1;1;3;55;161, CHARTREUX (AVENUE D;M;4330903;540042;130
2,016E+11;16;11;24;1710;2;2;1;3;7;55;1, ARGILITE (AVENUE DE L;M;4335952;534423;130
2,016E+11;16;11;25;1;5;2;1;2;6;55;40, ANDRE ZENATTI (AVENU;M;4324676;538489;130
2,016E+11;16;11;25;1430;1;2;1;1;6;75;79, FRDRIC CHEVILLON (;M;4334731;546355;130
2,016E+11;16;11;25;1900;5;2;8;1;6;55;1-15 VALLON DES TUVES;M;4336789;536416;130
2,016E+11;16;11;25;1810;5;2;1;1;2;55;19, COLGATE (TRAVERSE);M;4323429;540920;130
2,016E+11;16;11;25;2105;5;2;1;8;6;55;46, PRADO (AVENUE DU);M;4328351;538509;130
2,016E+11;16;11;25;2100;5;2;3;3;6;55;00, HUVEAUNE (BOULEVARD;M;4327234;540628;130
2,016E+11;16;11;25;1806;5;2;1;2;6;55;150, PRADO (AVENUE DU);M;4327956;538729;130
2,016E+11;16;11;21;1745;5;2;3;3;4;55;9, GAY LUSSAC (BOULEVARD;M;4333247;537459;130
2,016E+11;16;11;27;200;5;2;1;1;1;55;10, PONT DE VIVAUX (BOUL;M;4327957;541759;130
2,016E+11;16;11;27;210;5;2;9;1;2;55;SCHLOESING (BOULEVAR;M;4327082;540220;130
2,016E+11;16;11;27;330;5;2;1;1;6;55;14, RUISSEAU MI (RUE);M;4335118;535263;130
2,016E+11;16;11;26;1550;1;2;9;1;1;55;3-7SCHLOESING (BOULEVARD;M;4327724;539923;130
2,016E+11;16;11;26;1855;5;2;1;1;3;55;133, SAINT MARCEL (BOULE;M;4328813;546346;130
2,016E+11;16;11;27;2144;5;2;1;1;6;55;260, MAZARGUES (AVENUE D;M;4326252;539315;130
2,016E+11;16;11;17;1157;1;2;3;1;1;55;84, LYON (RUE DE);M;4332504;536699;130
2,016E+11;16;11;23;1215;1;2;3;1;3;55;72, CAMILLE PELLETAN (AV;M;4330554;537324;130
2,016E+11;16;11;28;715;2;2;1;1;2;55;107 PLOMBIERES (BOULEVAR;M;4331727;538137;130
2,016E+11;16;11;28;1250;1;2;1;1;5;55;103, SAKAKINI (BOULEVARD;M;4329310;540154;130
2,016E+11;16;11;28;1330;1;2;1;1;2;55;42, ROY D'ESPAGNE (CHEMI;M;4324033;539713;130
2,016E+11;16;11;4;1930;1;2;1;1;5;55;272, MIREILLE LAUZE BOU;M;4328476;542110;130
2,016E+11;16;11;28;1500;1;2;1;1;3;55;458, LYON (RUE DE);M;4334149;536037;130
2,016E+11;16;11;28;1830;5;2;1;1;6;55;441, MICHELET (BOULEVARD;M;4325132;540327;130
2,016E+11;16;11;28;1830;5;2;1;1;3;55;29, ALEX. FLEMING (BOULE;M;4331492;540338;130
2,016E+11;16;11;29;700;1;2;1;1;4;55;00, JEAN PAUL SARTRE (AV;M;4332380;541985;130
2,016E+11;16;11;22;1010;1;2;2;2;6;55;00, ITALIE (RUE D');M;4328883;538289;130
2,016E+11;16;11;29;1110;1;2;1;1;3;55;26, ROGER CHIEUSSE (RUE);M;4336282;531683;130
2,016E+11;16;11;29;1215;1;2;1;1;3;55;274, MIREILLE LAUZE (BOU;M;4328480;542120;130
2,016E+11;16;11;29;1810;3;1;1;1;5;55;190 Route Léon Lachamp;M;4324898;545208;130
2,016E+11;16;11;29;1900;5;2;1;1;6;106;70, 8 MAI 1945 (AVENUE D;M;4339919;536790;130
2,016E+11;16;11;28;1640;2;2;1;1;6;55;23, LAVERAN (BOULEVARD D;M;4332579;541394;130
2,016E+11;16;11;30;745;1;2;2;1;5;55;1, RAMPAL (AVENUE);M;4331788;544553;130
2,016E+11;16;11;30;900;2;2;3;1;2;55;300, SAINTE MARGUERITE;M;4326172;541438;130
2,016E+11;16;11;30;634;1;2;1;1;6;55;26, MICHELET (BOULEVARD);M;4327099;539216;130
2,016E+11;16;11;30;1500;1;2;3;1;5;55;1, CANEBIERE     1 A 79;M;4329538;537464;130
2,016E+11;16;11;30;1215;1;2;1;1;5;55;FLORIAN (AVENUE);M;4328208;542743;130
2,016E+11;16;11;30;1610;1;2;1;1;6;55;40, MORETTI (BOULEVARD);M;4332520;538167;130
2,016E+11;16;11;30;1800;5;2;1;1;3;55;DU MARCHE NATI  (AVENUE);M;4333785;538469;130
2,016E+11;16;11;30;1500;1;2;1;1;6;55;275, SAINT PIERRE (RUE);M;4329197;540270;130
2,016E+11;16;12;1;1845;5;2;1;1;3;55;JEAN PAUL SARTRE (AVENUE;M;4332584;542418;130
2,016E+11;16;12;1;1830;5;2;1;1;6;55;50, ANDRE ROUSSIN (AVENU;M;4335864;533802;130
2,016E+11;16;12;2;205;1;1;1;1;6;55;13, place  JEAN JAURES;M;4329587;538739;130
2,016E+11;16;12;1;2030;5;1;1;1;6;55;10, GRIGNAN (RUE);M;4329258;537883;130
2,016E+11;16;11;3;1000;1;2;1;1;7;55;369, MICHELET (BOULEVARD;M;4325552;540089;130
2,016E+11;16;12;2;1205;1;2;3;1;2;55;228, CAPELETTE (AVENUE D;M;4327912;541223;130
2,016E+11;16;10;3;2000;5;2;1;1;3;55;143, LIEUTAUD (COURS);M;4328744;538494;130
2,016E+11;16;12;2;1445;1;2;1;1;1;55;256, MAZARGUES (AVENUE D;M;4326301;539293;130
2,016E+11;16;12;2;1800;5;2;1;1;6;55;319, LYON (RUE DE);M;4333703;536284;130
2,016E+11;16;12;2;2215;5;2;2;1;3;55;41, CANEBIERE    30 A 68;M;4329638;537765;130
2,016E+11;16;12;1;1820;5;2;1;1;2;55;30, CARTONNERIE (BOULEVA;M;4329163;546062;130
2,016E+11;16;12;3;1805;5;2;1;1;6;55;15, REVOLUTION (BOULEVAR;M;4331397;538459;130
2,016E+11;16;12;3;2025;5;2;2;1;6;55;11-17, CHAUVELIN;M;4328759;539006;130
2,016E+11;16;11;26;1800;5;2;4;1;1;55;00, ANATOLE DE LA FORGE;M;4334038;538694;130
2,016E+11;16;12;4;915;1;2;6;1;3;55;117, PRADO (AVENUE DU);M;4328042;538714;130
2,016E+11;16;11;17;1715;2;2;1;1;6;55;33, MARECHAL JUIN (BOULE;M;4331136;540353;130
2,016E+11;16;12;5;835;1;2;1;1;3;106;87, 8 MAI 1945 (AVENUE D;M;4338966;536227;130
2,016E+11;16;12;5;805;1;2;1;1;6;55;88, RUE  BELLE DE MAI;M;4331247;538503;130
2,016E+11;16;12;5;1835;5;2;1;1;1;55;132, SORMIOU (CHEMIN DE);M;4323102;540071;130
2,016E+11;16;12;6;740;1;2;3;1;3;55;63, ALL DE LA GRANDE BAS;M;4329656;543819;130
2,016E+11;16;12;5;1605;1;2;1;1;3;55;00, SAINTE MARGUERITE (B;M;4326872;540379;130
2,016E+11;16;12;1;1900;5;2;1;1;3;55;67, CAPITAINE GEZE (BOUL;M;4333146;537573;130
2,016E+11;16;12;6;1745;5;2;1;1;6;55;77, RUISSEAU MI (RUE);M;4335013;534864;130
2,016E+11;16;12;6;1845;5;2;1;1;3;55;148, DANIEL CASANOVA (BO;M;4332742;537503;130
2,016E+11;16;12;6;1045;1;2;1;1;3;55;00, ALAIN SAVARY (ROND-P;M;4324598;539517;130
2,016E+11;16;12;6;1100;1;2;1;1;7;55;91, PARADIS (RUE);M;4328990;537828;130
2,016E+11;16;12;7;900;1;2;1;1;4;75;56, FRDRIC CHEVILLON (;M;4334661;546268;130
2,016E+11;16;12;7;745;1;2;1;1;1;55;101, LIBERATEURS (BOULEV;M;4329854;545911;130
2,016E+11;16;12;7;1215;1;2;1;1;6;55;167, CLOT BEY (AVENUE);M;4325561;538228;130
2,016E+11;16;12;7;1245;1;2;1;1;6;55;222, PARIS (BOULEVARD DE;M;4331508;536734;130
2,016E+11;16;12;7;1240;1;2;1;1;3;55;00, SCHLOESING (BOULEVAR;M;4327490;539970;130
2,016E+11;16;12;7;1650;2;2;1;1;3;55;34, CAPITAINE GEZE (BOUL;M;4333025;537000;130
2,016E+11;16;12;7;2030;5;2;1;1;4;55;174, VISTE (AVENUE DE LA;M;4336458;535699;130
2,016E+11;16;12;3;1845;5;2;2;1;6;55;28, PHILIPPON (BOULEVARD;M;4330316;539518;130
2,016E+11;16;12;5;1045;1;2;2;1;3;55;119, PARADIS (RUE);M;4328860;537883;130
2,016E+11;16;12;8;1800;5;2;1;1;6;55;00, pointe rouge (ave);M;4324716;537393;130
2,016E+11;16;12;8;2135;5;2;3;1;7;55;01, ITALIE (RUE D');M;4328624;538470;130
2,016E+11;16;12;9;740;1;2;1;1;6;55;46, GUILLERMIN (RUE);M;4333393;543203;130
2,016E+11;16;12;9;1115;1;1;1;1;6;55;00, VERDIHAN (rond point;M;4328932;543816;130
2,016E+11;16;12;9;1200;1;2;2;1;6;55;237, PRADO (AVENUE DU);M;4327507;538985;130
2,016E+11;16;12;9;1500;1;2;1;1;6;55;7, ODESSA (AVENUE);M;4324290;536840;130
2,016E+11;16;12;9;1630;1;2;3;1;3;55;00, RABELAIS (RUE);M;4336010;533083;130
2,016E+11;16;12;9;1617;1;2;1;1;6;55;77, PIERRE DOIZE  (RUE);M;4327863;542819;130
2,016E+11;16;12;9;1715;2;2;1;1;6;55;00, EDOURD CREMIEUX (RUE;M;4331714;537272;130
2,016E+11;16;12;9;1540;1;2;4;1;7;55;90, VINCENT VAN GOGH (RU;M;4329946;543027;130
2,016E+11;16;12;9;1830;5;2;1;1;7;55;19, BUTRIS (TRAVERSE DES;M;4329974;545662;130
2,016E+11;16;12;9;1930;5;2;1;1;6;55;276, SAINT LOUP (BOULEVA;M;4328576;544235;130
2,016E+11;16;12;10;10;5;2;3;1;3;55;59, PAUL CLAUDEL (BOULEV;M;4326852;540914;130
2,016E+11;16;11;25;830;1;2;1;1;3;55;63, LIEUTAUD (COURS);M;4329063;538332;130
2,016E+11;16;12;10;1820;5;2;2;1;3;55;366, SAINT ANTOINE (AVE;M;4337893;535698;130
2,016E+11;16;12;11;25;5;2;1;1;1;55;00, MARCHE D'IN (AVENUE*;M;4333787;538471;130
2,016E+11;16;12;11;53;5;2;1;1;3;55;16, MICHELET (BOULEVARD);M;4325479;539184;130
2,016E+11;16;12;10;2220;5;2;3;8;7;55;24, WILLIAM BOOTH (AVENU;M;4329342;543982;130
2,016E+11;16;12;5;1635;1;2;1;1;3;55;20, JEAN MOULIN (BOULEVA;M;4329075;539987;130
2,016E+11;16;12;11;1555;1;2;6;1;2;55;PEINTRES ROUX (AVENUE DE;M;4330339;547335;130
2,016E+11;16;12;11;145;5;2;1;1;1;55;187, LEON LACHAMP (ROUTE;M;4324973;544574;130
2,016E+11;16;12;11;2220;5;2;2;1;3;55;202, CHAVE (BOULEVARD);M;4329562;539785;130
2,016E+11;16;12;12;1245;1;2;2;1;3;55;70, FAUVETTE (BOULEVARD;M;4331512;543906;130
2,016E+11;16;12;9;1100;1;2;1;1;6;55;LON GAMBETTA (ALLEE;M;4329908;538415;130
2,016E+11;16;12;12;1540;1;2;1;1;6;55;SAINTE MARTHE AVENUE DE;M;4333544;539184;130
2,016E+11;16;12;12;1545;1;2;3;1;3;55;48,BD QUEIREL;M;4328156;543425;130
2,016E+11;16;12;12;1345;1;2;1;1;3;55;11, LUMINY (AVENUE DE);M;4324638;543599;130
2,016E+11;16;12;12;2030;5;2;1;1;6;55;110, BARASSE;M;4328540;548162;130
2,016E+11;16;12;12;2100;5;2;1;1;3;55;33, SAINT BRUNO (RUE);M;4330775;540283;130
2,016E+11;16;12;12;2050;5;2;1;1;1;55;19, CHATEAU GOMBERT CHEM;M;4333506;542067;130
2,016E+11;16;12;12;2120;5;2;1;1;1;55;00, L ARMEE D AFRIQUE (C;M;4328978;540728;130
2,016E+11;16;12;12;1220;1;2;1;1;2;55;52, CHUTES LAVI (AVENUE);M;4331179;539607;130
2,016E+11;16;12;13;800;1;2;1;1;7;55;115, LOUBON (RUE);M;4331275;538434;130
2,016E+11;16;12;13;930;1;2;3;1;3;55;00, RAYMOND TEISSERE (RU;M;4327234;539978;130
2,016E+11;16;12;13;1655;5;2;1;1;6;55;187, NATIONAL (BOULEVARD;M;4330917;538024;130
2,016E+11;16;12;14;810;1;1;1;1;3;55;15, 24 AVRIL 15 (AVENUE;M;4330784;542693;130
2,016E+11;16;12;14;1640;1;2;1;1;1;55;AUGUSTIN ROUX (RUE);M;4335034;536201;130