Num_Acc;an;mois;jour;hrmn;lum;agg;int;atm;col;com;adr;gps;lat;long;dep
2,016E+11;16;1;11;1800;5;2;1;2;6;388;rue de l'usine;M;0;0;670
2,016E+11;16;6;9;1715;1;1;1;1;6;324;;M;0;0;670
2,016E+11;16;7;1;1100;1;1;1;1;6;388;;M;0;0;670
2,016E+11;16;7;8;1030;1;2;1;1;7;536;8 route d'Obersteinbach;M;0;0;670
2,016E+11;16;7;6;1930;1;2;4;1;3;388;rue victor hugo;M;0;0;670
2,016E+11;16;8;7;1715;1;1;1;1;5;324;;M;0;0;670
2,016E+11;16;9;10;1315;1;1;1;1;6;176;;M;0;0;670
2,016E+11;16;9;18;600;3;1;1;2;6;388;;M;0;0;670
2,016E+11;16;6;26;330;3;1;1;1;6;648;;M;4911720;16196;140
2,016E+11;16;12;6;1142;1;1;1;1;6;301;COLOMBELLES CD Nø 230 (R;M;4910968;-16588;140
2,016E+11;16;1;6;1744;4;1;1;2;7;118;0, ECHANGEUR NØ 4 ( PIER;M;4919740;-34072;140
2,016E+11;16;1;10;1426;1;2;1;1;6;118;0, RESISTANCE (PLACE DE;M;4918110;-35621;140
2,016E+11;16;1;9;1545;1;1;1;1;2;437;ECHANGEUR NØ 01 ( PORTE;M;4917220;-30694;140
2,016E+11;16;1;15;1100;1;2;2;8;6;118;37, CHERON (AVENUE HENRI;M;4917310;-39379;140
2,016E+11;16;1;19;1920;4;2;1;1;6;118;204, BAYEUX (RUE DE  >=;M;4918450;-39354;140
2,016E+11;16;2;10;1205;1;2;3;7;6;118;17, LONDE (QUAI DE LA);M;4918350;-35424;140
2,016E+11;16;2;25;800;1;2;1;1;6;118;8, PETIT CLOS SAINT MARC;M;4921100;-37318;140
2,016E+11;16;3;8;2115;5;2;1;1;6;271;15, HARCOURT (ROUTE D');M;4914910;-37213;140
2,016E+11;16;3;6;300;5;2;1;2;6;437;59, ZOLA (RUE EMILE);M;4917300;-32251;140
2,016E+11;16;3;10;510;3;1;6;1;6;341;ECHANGEUR N°13 (PORTE ES;M;4914490;-33851;140
2,016E+11;16;2;16;2310;5;2;2;1;6;118;0, FOSSES SAINT  JULIEN;M;4918530;-36831;140
2,016E+11;16;3;15;1820;1;2;1;1;2;118;50, LEBISEY (RUE DE);M;4919360;-35751;140
2,016E+11;16;3;27;550;5;2;1;1;6;118;27, BERTRAND (BOULEVARD);M;4918040;-36864;140
2,016E+11;16;3;30;1138;1;2;1;1;5;437;0, RD NØ 513;M;4918560;-31180;140
2,016E+11;16;3;30;1825;1;2;2;3;3;437;0, RD NØ 613;;;;140
2,016E+11;16;3;31;730;2;2;2;2;3;181;0, ECOLES (RUE DES);M;4915780;-33643;140
2,016E+11;16;4;23;1145;1;2;1;2;6;118;95, CHEMIN VERT (RUE DU;M;4919360;-39447;140
2,016E+11;16;4;18;750;1;2;1;7;6;118;13, BELLEVUE (RUE DE);M;4917050;-39158;140
2,016E+11;16;4;28;1650;1;2;1;1;6;437;15, COULOMB (RUE CHARLES;M;4916650;-31391;140
2,016E+11;16;5;11;1709;1;2;1;1;3;137;0, CAUMONT (ROUTE DE );M;4918390;-44727;140
2,016E+11;16;5;13;2210;2;1;1;1;6;437;PERIPHERIQUE SUD (BD);M;4915970;-30980;140
2,016E+11;16;5;14;810;1;1;1;1;6;271;RN814;M;4913720;-38997;140
2,016E+11;16;5;24;1423;1;2;1;1;6;118;58, ALLIES (BOULEVARD DE;M;4918440;-35799;140
2,016E+11;16;5;25;1735;1;2;1;1;6;327;8, GRANDE DELLE (BOULEVA;M;4920690;-33797;140
2,016E+11;16;6;3;1816;1;2;1;1;1;118;3, LYAUTEY (BOULEVARD MA;M;4917040;-35372;140
2,016E+11;16;5;27;2315;5;2;1;1;6;118;80, BASSE (RUE >= 93 IMP;M;4918560;-35093;140
2,016E+11;16;5;31;2135;5;1;1;2;2;118;CALIX (VIADUC DE ) CHERB;;;;140
2,016E+11;16;6;23;1345;1;2;1;1;1;301;58, PASTEUR (RUE);M;4917600;-28064;140
2,016E+11;16;6;29;1740;1;2;1;1;3;137;176, POIRIER (RUE DU );M;4919630;-45840;140
2,016E+11;16;7;21;1840;1;2;3;1;6;118;139, AUGE (RUE D');;;;140
2,016E+11;16;7;22;1915;1;1;1;1;5;118;47, FALAISE (RUE DE >=14;M;4917330;-35420;140
2,016E+11;16;8;3;1910;1;2;2;1;3;118;12, LAUSANNE (AVENUE DE);M;4919090;-36064;140
2,016E+11;16;7;29;712;1;2;6;8;3;118;0, STIRN (PONT ALEXANDRE;M;4918020;-35008;140
2,016E+11;16;8;10;1710;1;2;4;1;3;118;0, GUILLOU (BOULEVARD YV;M;4917420;-37274;140
2,016E+11;16;8;25;1945;1;1;1;1;2;327;CD NØ 226 A;M;4921410;-32930;140
2,016E+11;16;9;5;1210;1;2;1;1;6;118;11, MAES (RUE EUGENE);;;;140
2,016E+11;16;9;9;2155;3;1;6;1;7;341;FALAISE (ROUTE DE);M;4914504;33860;140
2,016E+11;16;9;10;1950;1;1;2;1;3;437;MONTALIVET (COURS);M;4918220;32143;140
2,016E+11;16;9;11;145;5;2;2;1;3;118;LYAUTEY (BOULEVARD MAREC;M;4916817;36162;140
2,016E+11;16;9;11;145;3;1;1;1;6;383;0, RD 212 B ( RUE FENITO;M;4915808;37975;140
2,016E+11;16;9;20;1400;1;2;2;1;3;118;23, FALAISE (RUE DE  <=9;M;4916253;-34865;140
2,016E+11;16;9;9;1415;1;1;1;1;7;327;PERIPHERIQUE (BOULEVARD);M;4912070;-21380;140
2,016E+11;16;10;6;2105;5;2;1;1;7;118;RETHEL (BOULEVARD DE);M;4917290;-33247;140
2,016E+11;16;10;8;2035;5;2;3;1;6;118;GUILLOU (BOULEVARD YVES);;;;140
2,016E+11;16;10;12;859;1;2;1;1;6;327;LION CD60 (ROUTE DE);;;;140
2,016E+11;16;10;14;1638;1;2;2;1;3;118;00, HAMELIN (QUAI AMIRAL;M;4917680;-35455;140
2,016E+11;16;10;14;1805;2;2;3;1;3;242;0, LEBISEY (RUE DE );M;4922240;-36756;140
2,016E+11;16;10;18;915;1;1;1;1;6;327;0, HEROUVILLE (BASSIN D';M;4919390;-31861;140
2,016E+11;16;10;21;2045;3;1;1;1;2;301;00, RD NØ 403;M;4918150;-29433;140
2,016E+11;16;10;22;920;1;1;1;1;7;437;PERIPHERIQUE SUD (BOULEV;M;4914560;-33964;140
2,016E+11;16;11;9;1930;3;2;1;3;6;437;0, EUROPE (AVENUE DE L');;;;140
2,016E+11;16;11;22;1335;1;2;1;1;7;118;85, FALAISE (RUE DE  <=9;M;4917100;-35368;140
2,016E+11;16;11;7;1840;4;2;1;3;6;118;000, AUTHIE (>=NØ 106 PA;M;4919260;-39357;140
2,016E+11;16;12;6;752;3;2;6;1;3;437;12, PARIS (ROUTE DE);;;;140
2,016E+11;16;12;24;2321;5;2;1;1;1;101;71, BRETAGNE (ROUTE DE );M;4916634;41411;140
2,016E+11;16;12;27;1805;5;2;1;1;6;118;0000, SMITH (RUE HORATIO;;;;140
2,016E+11;16;1;5;1845;3;1;2;1;3;547;;M;4350427;124828;310
2,016E+11;16;2;8;1745;2;1;1;1;1;454;;M;0;0;310
2,016E+11;16;4;18;1800;1;1;1;1;1;454;rte du fousseret;M;4338961;112879;310
2,016E+11;16;5;7;2300;5;2;3;1;3;475;INTERSECTION RD 53/RD3;M;0;0;310
2,016E+11;16;1;21;910;1;2;1;1;6;117;GUILLAUME LE CONQUERANT;M;4928580;-12294;140
2,016E+11;16;2;23;1520;1;2;1;1;3;225;GAULLE (RUE DU GAL);M;4928490;-10796;140
2,016E+11;16;4;6;1350;1;2;2;1;3;117;DIVETTE (AVENUE DE LA);M;4928330;-12430;140
2,016E+11;16;4;4;1015;1;2;2;1;3;225;2, BRANLY (AVENUE DR);M;4928310;-9710;140
2,016E+11;16;4;12;950;1;1;1;1;6;117;CAEN (ROUTE DE);M;4927540;-14969;140
2,016E+11;16;6;10;820;1;2;6;1;3;225;LIBERATION (RUE DE LA);M;4928750;-10591;140
2,016E+11;16;7;24;2100;1;1;1;1;2;338;0, TROUVILLE (ROUTE DE);;;;140
2,016E+11;16;8;5;1652;1;2;1;1;5;338;85, VALLEE (ROUTE DE LA);;;;140
2,016E+11;16;8;13;1412;1;2;1;1;5;117;CAEN (ROUTE DE);M;4927940;-14395;140
2,016E+11;16;8;17;1855;1;2;2;1;3;225;10, GEORGES LANDRY (RUE);;;;140
2,016E+11;16;9;27;1830;1;2;2;1;1;225;3, PECHEURS (RUE DES);;;;140
2,016E+11;16;8;7;1820;1;2;1;1;6;338;BAINS (RUE DES);M;4930180;-8134;140
2,016E+11;16;10;6;1820;1;2;1;1;3;338;22, BELGES (BD DES);;;;140
2,016E+11;16;10;11;850;1;2;9;1;1;117;3, GENERAL LECLERC (AVEN;;;;140
2,016E+11;16;10;20;2055;5;2;2;8;3;225;24, OCTAVE DODEMAN (RUE);;;;140
2,016E+11;16;11;9;1200;1;1;1;1;7;225;LISIEUX (ROUTE DE);;;;140
2,016E+11;16;2;6;45;3;1;1;1;6;60;;M;4380310;439681;300
2,016E+11;16;2;13;115;3;1;1;5;1;135;;M;4383133;457523;300
2,016E+11;16;2;25;1100;1;1;1;1;1;117;;M;4371310;460638;300
2,016E+11;16;4;4;730;2;1;1;1;1;117;;M;4372785;453540;300
2,016E+11;16;4;8;30;3;1;1;1;6;47;;M;4378009;445329;300
2,016E+11;16;5;22;345;3;2;1;1;6;34;;M;4374852;452061;300
2,016E+11;16;6;4;1745;1;1;6;1;2;47;;M;4378906;443364;300
2,016E+11;16;7;9;1015;1;1;1;1;3;60;;M;0;0;300
2,016E+11;16;9;12;2315;3;1;1;1;6;32;;M;4382843;459114;300
2,016E+11;16;9;20;800;1;1;1;1;1;60;;M;4379658;439229;300
2,016E+11;16;11;12;1230;1;1;1;1;3;125;;M;0;0;300
2,016E+11;16;11;15;1215;1;1;1;1;1;47;CHEMIN DE VAUVERT;M;4380449;445252;300
2,016E+11;16;12;5;1800;5;2;1;1;6;34;rue de st gilles;M;0;0;300
2,016E+11;16;12;9;1545;3;1;1;1;7;135;;M;4383063;458448;300
2,016E+11;16;12;24;945;1;2;6;1;4;189;RD42;M;4380795;437088;300
2,016E+11;16;6;21;2330;3;2;1;1;6;257;;M;4850120;-38457;610
2,016E+11;16;7;9;1630;1;1;1;1;1;487;;M;4794008;647778;880
2,016E+11;16;1;2;1650;3;1;1;2;1;218;;M;4990352;484109;80
2,016E+11;16;2;20;1910;2;2;1;3;6;328;Rue Chanzy;M;4981633;474339;80
2,016E+11;16;3;11;1230;1;1;1;1;6;328;8700;M;4983207;478732;80
2,016E+11;16;6;5;1930;1;2;1;1;6;328;131 rue Jean JAURES;M;4981700;475688;80
2,016E+11;16;6;8;1130;1;2;1;1;6;328;54 rue Albert POULAIN;M;4981760;473680;80
2,016E+11;16;6;12;1415;1;1;1;1;3;448;;M;4994156;478316;80
2,016E+11;16;6;20;1530;1;2;1;3;6;328;Rue chanzy;M;4981578;474315;80
2,016E+11;16;5;28;2245;5;2;1;1;6;408;05-07 rue labie;M;4886068;466161;80
2,016E+11;16;6;14;600;2;1;1;3;6;58;;M;4977278;465318;80
2,016E+11;16;10;13;815;1;1;1;1;1;449;;M;4971454;448596;80
2,016E+11;16;10;26;800;1;1;1;1;6;361;;M;4982895;460266;80
2,016E+11;16;12;3;1500;1;1;1;7;6;212;8150;M;0;0;80
2,016E+11;16;5;5;615;1;2;1;1;6;451;rue des sources;M;0;0;80
2,016E+11;16;9;25;1645;1;1;1;2;1;84;;M;4943141;404681;80
2,016E+11;16;10;20;1700;1;1;1;1;1;84;;M;4943034;406394;80
2,016E+11;16;10;30;1500;1;1;1;1;3;4;;M;4948007;415460;80
2,016E+11;16;12;20;1045;1;1;1;1;6;356;;M;0;0;80
2,016E+11;16;5;25;1800;1;1;2;1;3;324;;M;4962774;452470;80
2,016E+11;16;9;14;830;1;1;8;1;1;222;;M;5000440;469270;80
2,016E+11;16;10;18;1900;5;2;1;2;6;363;RUE PAUL BERT;M;4994175;464125;80
2,016E+11;16;11;21;1515;1;2;1;1;6;190;place de la république;M;5013474;482909;80
2,016E+11;16;2;25;2145;5;2;1;1;6;373;Place Nicolas Lacaille;M;4980751;426855;80
2,016E+11;16;4;23;530;2;1;1;1;6;318;;M;4993865;422270;80
2,016E+11;16;7;21;1300;1;2;1;1;6;37;5 rue de la  forge;M;0;0;80
2,016E+11;16;9;4;1230;1;1;1;3;6;284;;M;0;0;80
2,016E+11;16;10;8;1600;1;1;1;7;5;156;;M;4989306;440168;80
2,016E+11;16;11;25;1300;1;1;9;8;3;367;;M;4990291;451728;80
2,016E+11;16;2;3;1200;1;2;1;8;2;90;;M;4962921;516269;80
2,016E+11;16;2;7;1200;1;2;1;1;6;67;avenue de la Croisette;M;4962382;518803;80
2,016E+11;16;3;20;1330;1;1;1;1;6;311;8210;M;0;0;80
2,016E+11;16;3;31;1530;1;2;1;2;6;276;10 avenue de la gare;M;0;0;80
2,016E+11;16;4;24;1815;1;1;1;4;1;153;;M;0;0;80
2,016E+11;16;5;6;1815;1;1;1;1;6;267;;M;0;0;80
2,016E+11;16;6;5;1330;1;1;1;1;6;145;;M;0;0;80
2,016E+11;16;6;22;1345;1;1;2;1;2;343;;M;4967565;506928;80
2,016E+11;16;7;4;2345;5;2;1;1;7;53;av derniere cartouche;M;4968443;497188;80
2,016E+11;16;7;7;1400;1;1;1;1;7;311;;M;0;0;80
2,016E+11;16;9;2;1945;1;2;1;1;3;289;21 route de Messempré;M;4967691;516002;80
2,016E+11;16;10;5;1745;1;1;1;1;7;466;;M;4961834;513118;80
2,016E+11;16;10;9;1100;1;1;1;1;3;336;;M;4965781;514057;80
2,016E+11;16;10;11;800;1;1;1;1;3;55;;M;4952444;507925;80
2,016E+11;16;11;9;2045;5;2;6;2;6;349;D 17;M;4967731;516434;80
2,016E+11;16;11;16;800;2;2;1;2;6;90;10 rue Vauban;M;4963298;517272;80
2,016E+11;16;2;16;1830;5;2;1;1;3;191;rue des sabottiers;M;4972069;498908;80
2,016E+11;16;4;16;1330;1;2;1;8;3;115;Rue de la côte;M;4960259;486976;80
2,016E+11;16;4;27;2145;3;1;1;2;7;488;;M;0;0;80
2,016E+11;16;8;5;15;3;1;1;1;6;72;;M;4974595;487578;80
2,016E+11;16;8;13;1630;1;2;1;1;6;491;rue J. Jacques Rousseau;M;0;0;80
2,016E+11;16;8;22;1930;1;1;1;7;1;235;;M;4976190;482889;80
2,016E+11;16;10;22;1600;1;1;1;8;3;142;;M;4973624;488947;80
2,016E+11;16;10;22;1645;1;2;1;1;1;488;chemin de sugny;M;0;0;80
2,016E+11;16;11;1;530;3;1;1;5;6;79;;M;4967312;477162;80
2,016E+11;16;4;22;2315;3;1;1;2;6;406;;M;0;0;80
2,016E+11;16;5;23;1700;1;2;1;1;2;490;Rue Chanzy;M;0;0;80
2,016E+11;16;6;9;815;1;1;1;1;2;455;;M;4939093;459081;80
2,016E+11;16;8;3;1515;1;1;1;1;5;151;;M;4953934;461243;80
2,016E+11;16;12;1;2100;3;1;1;5;7;296;8250;M;0;0;80
2,016E+11;16;12;3;1700;1;1;2;1;3;296;;M;0;0;80
2,016E+11;16;12;6;1845;3;1;1;1;5;390;;M;0;0;80
2,016E+11;16;12;29;1730;3;1;1;1;1;490;;M;0;0;80
2,016E+11;16;2;13;1900;3;1;1;3;6;171;;M;4931530;496815;80
2,016E+11;16;3;21;945;1;1;1;1;6;383;8250;M;4933167;495354;80
2,016E+11;16;3;21;1100;1;1;9;1;6;198;8250;M;4932172;484577;80
2,016E+11;16;9;25;1545;1;1;1;1;7;93;;M;4781876;540788;520
2,016E+11;16;9;21;2115;5;2;1;1;2;93;1 RUE DE LANGRES;M;4780760;542300;520
2,016E+11;16;1;4;2115;5;2;1;1;6;333;26, MONTPENSIER (RUE);;;;140
2,016E+11;16;1;23;1550;1;2;3;7;3;333;, MANUEL (COURS ALBERT);M;4941640;23034;140
2,016E+11;16;3;6;1640;1;1;4;1;3;243;CD 579;;;;140
2,016E+11;16;3;28;1513;1;2;1;1;1;333;D513;M;4942000;20467;140
2,016E+11;16;4;4;905;1;1;2;1;2;536;MONTSAINT (CHARRIERE);;;;140
2,016E+11;16;4;8;2115;5;1;2;1;6;333;DUPONT  GRAVE (AVENUE);;;;140
2,016E+11;16;6;7;1625;1;2;4;1;1;536;3, GENNEVILLE (ROUTE DE);M;4940680;27354;140
2,016E+11;16;6;26;1946;1;1;1;1;6;333;HAUTS BORDS (AVENUE DES);M;4939950;24183;140
2,016E+11;16;8;6;1345;1;1;1;1;3;333;CD513;M;4941720;19263;140
2,016E+11;16;8;17;1715;1;2;1;1;2;333;42, CHAUSSEE (RUE DE LA);M;4941860;23351;140
2,016E+11;16;8;27;1204;1;2;1;1;2;333;76, SAINT LEONARD (RUE);M;4941730;23923;140
2,016E+11;16;8;31;1445;1;2;1;1;6;333;20, SAINT LEONARD (CHARR;M;4941710;23741;140
2,016E+11;16;9;3;1600;1;2;1;1;3;536;QUATRE FRANCS (CARREFOUR;;;;140
2,016E+11;16;9;15;1600;1;1;1;1;3;333;CD513;;;;140
2,016E+11;16;9;17;1855;2;2;3;1;3;333;7, REVEL (RUE JEAN);;;;140
2,016E+11;16;9;19;1745;1;1;1;1;2;333;DUCHESNE (AVENUE DU PRES;;;;140
2,016E+11;16;10;6;1545;1;1;1;1;7;333;2348, CD513;M;4941820;19528;140
2,016E+11;16;10;25;1855;5;2;7;1;7;333;23, LOGETTES (RUE DES);M;4942110;23308;140
2,016E+11;16;12;1;755;2;2;1;1;6;333;LEPLAY (RUE FREDERIC);;;;140
2,016E+11;16;12;7;815;1;1;6;1;6;333;CD 579;;;;140
2,016E+11;16;12;14;1045;1;2;1;1;1;333;32, RENOUF (RUE EMILE);;;;140
2,016E+11;16;12;16;1610;1;2;6;1;2;536;QUATRE FRANCS (RUE DES);;;;140
2,016E+11;16;12;17;2200;3;1;1;5;6;243;CD 579;;;;140
2,016E+11;16;12;28;1935;5;2;1;9;6;333;GONNEVILLE (CHEMIN DE);;;;140
2,016E+11;16;1;14;1845;3;1;1;4;7;550;;M;4850059;496056;520
2,016E+11;16;9;21;1115;1;2;1;1;3;27;D 901;M;0;0;480
2,016E+11;16;11;3;1745;1;1;2;1;2;189;;M;0;0;480
2,016E+11;16;8;15;315;3;1;1;1;6;80;;M;0;0;480
2,016E+11;16;4;4;830;1;1;1;2;3;75;;M;0;0;480
2,016E+11;16;6;26;1500;1;1;1;7;6;172;;M;0;0;480
2,016E+11;16;11;13;1045;1;1;1;1;7;116;;M;4438523;382151;480
2,016E+11;16;9;19;1645;1;1;1;1;6;144;;M;0;0;480
2,016E+11;16;10;25;1100;1;2;1;1;6;19;cd 983;M;0;0;480
2,016E+11;16;7;20;1150;1;1;1;1;3;154;;M;0;0;480
2,016E+11;16;4;28;1545;1;1;1;1;1;99;;M;0;0;480
2,016E+11;16;5;18;1300;1;1;1;1;3;34;;M;0;0;480
2,016E+11;16;5;14;1030;1;1;2;1;1;187;;M;0;0;480
2,016E+11;16;8;9;1915;1;1;1;3;6;128;;M;4477800;332500;480
2,016E+11;16;9;21;1715;1;1;1;1;6;140;;M;4481600;329200;480
2,016E+11;16;1;7;215;3;1;1;2;6;25;LIEUDIT PRES BAYARD;M;0;0;370
2,016E+11;16;5;12;1300;1;2;1;1;3;50;RUE DE  LA PLAINE;;;;370
2,016E+11;16;9;12;1830;1;2;1;1;6;50;RUE  BAD CAMBERG;M;0;0;370
2,016E+11;16;10;23;2130;3;1;1;5;7;99;D751;M;4730412;55881;370
2,016E+11;16;10;20;2040;5;1;1;1;6;18;48 ROUTE DES VALLEES;M;4736091;61552;370
2,016E+11;16;11;10;1605;1;1;1;2;2;18;ROUTE DES VALLEES;M;4736695;63739;370
2,016E+11;16;12;1;500;3;2;6;1;7;50;AV GRAND SUD CASTORAMA;M;4733433;70548;370
2,016E+11;16;4;24;1205;1;2;1;1;3;41;BEL AIR RUE DE LA MAIRIE;;;;370
2,016E+11;16;10;21;720;3;1;2;1;5;47;LIEU DIT LES OEUFS DURS;M;4751594;69417;370
2,016E+11;16;10;26;1235;1;1;2;1;3;152;RUE DE LA BUHARDIERE;M;4745057;66598;370
2,016E+11;16;10;28;1925;5;2;2;1;1;21;rue du 8 mai 1945;M;4757054;66556;370
2,016E+11;16;10;31;1200;1;1;2;1;1;47;LIEU DIT LES OEUFS DURS;M;4751594;69417;370
2,016E+11;16;11;30;2120;3;1;1;1;6;149;LA MORINERIE;M;4763715;69080;370
2,016E+11;16;12;6;915;1;1;1;1;6;167;LA CHAPONNERIE;M;4754042;58060;370
2,016E+11;16;12;11;1733;3;1;1;5;7;152;ROUTE DE ROUZIER;M;4744059;67573;370
2,016E+11;16;12;24;1315;1;1;1;1;3;231;FORGE;M;4757402;49926;370
2,016E+11;16;10;25;1720;1;1;1;2;6;84;;M;4753491;36014;370
2,016E+11;16;11;8;1005;1;2;1;1;7;109;RUE CHANOINE CARLOTI;M;4739858;59559;370
2,016E+11;16;11;11;1030;1;1;1;1;6;182;;M;4743708;52373;370
2,016E+11;16;12;8;750;1;1;2;1;3;109;RD 367 / rue de la limou;M;4741541;61720;370
2,016E+11;16;12;15;815;1;2;1;1;6;109;QUAI DE LA GUIGNIERE;M;4739212;64303;370
2,016E+11;16;12;16;1640;1;1;1;1;6;109;MALITOURNE;M;4740302;60355;370
2,016E+11;16;12;23;1830;3;1;1;1;3;251;;M;4751287;38027;370
2,016E+11;16;4;11;1445;1;2;8;1;3;156;Passage à niveau 224;M;0;0;370
2,016E+11;16;6;16;1745;1;1;1;1;3;91;;M;0;0;370
2,016E+11;16;10;7;2130;3;1;1;1;3;156;;M;4737879;84299;370
2,016E+11;16;10;29;1940;5;2;6;1;3;156;Intersection avenue Gabr;M;4738548;83048;370
2,016E+11;16;11;16;1925;5;2;1;3;6;100;RUE DES ROSIERS;M;4727909;110931;370
2,016E+11;16;11;19;1040;1;1;3;1;3;96;;M;4734640;94306;370
2,016E+11;16;12;6;1030;1;2;7;1;6;225;PLACE MARCEL HABERT;M;4735650;90986;370
2,016E+11;16;12;13;1655;1;1;1;1;7;156;;M;4736653;84710;370
2,016E+11;16;2;21;2000;5;2;1;1;5;153;RD 910;M;4750900;79600;370
2,016E+11;16;3;17;1840;2;2;1;7;2;153;RUE DU 8 MAI;;;;370
2,016E+11;16;8;20;530;3;2;1;1;7;153;LES  PERREES;;;;370
2,016E+11;16;10;24;1400;1;1;1;2;6;179;80 RUE MORANE  SAULNIER;M;4745229;74261;370
2,016E+11;16;11;1;1220;1;1;6;5;1;281;CHARLES DE GAULLE;M;4742382;78730;370
2,016E+11;16;12;11;2330;3;1;1;8;6;276;;M;4757602;89637;370
2,016E+11;16;12;29;1135;1;2;1;1;6;366;68, VICTOR HUGO (AVENUE);M;4914434;228119;140
2,016E+11;16;1;5;1755;3;2;3;1;6;366;14, ROSE HAREL (RUE);M;4914160;22308;140
2,016E+11;16;1;9;1500;1;2;2;1;3;69;108, ORBEC (ROUTE D');M;4913070;25796;140
2,016E+11;16;1;15;745;2;2;1;4;6;366;61, SAINTE ANNE (BOULEVA;M;4914380;22152;140
2,016E+11;16;1;13;2210;5;2;1;1;6;366;6, VALLEE (RUE DE LA);M;4916070;22166;140
2,016E+11;16;1;16;940;1;2;1;8;7;366;99, SIX JUIN (AVENUE DU);M;4914180;21435;140
2,016E+11;16;1;31;1450;1;2;1;2;3;366;LIVAROT (CD579 ROUTE DE);M;4913100;22600;140
2,016E+11;16;2;11;550;3;1;1;9;6;366;D.613 ( LISIEUX);M;4913070;23308;140
2,016E+11;16;2;11;615;3;1;1;9;6;574;D.613 ( LISIEUX);M;4912520;19507;140
2,016E+11;16;2;11;630;3;1;1;9;6;574;D.613 ( LISIEUX);M;4912520;19508;140
2,016E+11;16;2;11;1635;1;2;1;1;6;366;9 BIS, NICOLAS ORESME (B;M;4915230;22512;140
2,016E+11;16;2;19;1615;1;2;1;1;6;366;174, ALEXANDRE FLEMING (;M;4915020;25446;140
2,016E+11;16;3;4;1350;1;2;1;1;2;366;12, PAUL CORNU ( RD48 RU;M;4916110;22018;140
2,016E+11;16;3;14;2150;5;2;1;1;3;366;97, SIX JUIN (AVENUE DU);M;4914250;21590;140
2,016E+11;16;3;25;1110;1;2;1;1;7;366;PARIS (ROUTE DE);M;4914750;25049;140
2,016E+11;16;4;2;500;3;1;1;1;6;574;0, D. 159;M;4912940;18105;140
2,016E+11;16;4;2;1230;1;1;1;2;3;487;0, CD 48;M;4917450;21170;140
2,016E+11;16;4;6;1345;1;1;1;2;2;303;0, AVENUE GEORGES DUVAL;M;4914480;27942;140
2,016E+11;16;4;8;1015;1;2;1;1;6;366;2, REPUBLIQUE (PLACE DE;M;4914440;22638;140
2,016E+11;16;4;18;1315;1;2;1;1;6;366;20, PRESIDENT RENE COTY;M;4914250;24156;140
2,016E+11;16;5;17;1115;1;2;1;1;6;366;23, PARIS (RUE DE);M;4914660;23115;140
2,016E+11;16;5;24;1715;1;2;3;1;6;366;1, SIX JUIN (AVENUE DU);M;4914460;22259;140
2,016E+11;16;5;25;1855;1;1;1;1;6;487;R.D 579;M;4917840;22686;140
2,016E+11;16;6;24;830;1;1;1;1;7;520;2415, D. 151;M;4915400;16428;140
2,016E+11;16;6;25;1120;1;2;2;2;6;366;62, HENRY CHERON (RUE);M;4914540;22442;140
2,016E+11;16;6;26;1100;1;1;1;1;2;366;D.613 ( LISIEUX);M;4912820;22216;140
2,016E+11;16;7;4;1940;1;2;2;1;3;366;0, MARIE DE BESNERAY (RU;M;4914350;22683;140
2,016E+11;16;7;7;1140;1;2;2;1;3;366;0, CARNOT (BOULEVARD);M;4914790;22492;140
2,016E+11;16;7;7;1645;1;2;1;1;2;366;RD 406 (CAR. CHAMPAGNE);M;4914950;25325;140
2,016E+11;16;7;17;1750;1;1;6;1;3;366;ESPERANCE (CARREFOUR DE;M;4914440;26312;140
2,016E+11;16;7;22;1100;1;1;2;1;3;487;0, CD 48;M;4917840;20935;140
2,016E+11;16;7;22;1835;1;2;1;1;7;366;1, BLAISE PASCAL (RUE);M;4916670;21705;140
2,016E+11;16;7;23;1325;1;2;1;1;2;366;D.613 ( LISIEUX);M;4912550;21434;140
2,016E+11;16;7;26;1820;1;1;1;1;2;366;RD 406;M;4915420;24900;140
2,016E+11;16;7;28;1700;1;2;3;1;1;487;EGLISE (ROUTE);M;4917900;22134;140
2,016E+11;16;8;1;815;1;2;6;7;6;366;10, JOSEPH GUILLONNEAU (;M;4914810;23268;140
2,016E+11;16;8;4;1125;1;2;2;1;6;366;19, HENRY CHERON (RUE);M;4914610;22806;140
2,016E+11;16;8;16;1545;1;2;6;1;2;366;0, WILLY BRANDT ( GIRATO;M;4914330;21879;140
2,016E+11;16;8;18;1710;1;2;1;1;6;366;68, HERBET FOURNET (BOUL;M;4915380;22763;140
2,016E+11;16;8;19;1135;1;2;3;1;3;69;0, RUE D'ORIVAL;M;4913010;24749;140
2,016E+11;16;9;1;1625;1;2;1;1;1;366;41, GUIZOT (RUE);M;4909551;125740;140
2,016E+11;16;9;2;1320;1;2;3;1;7;366;11, PAUL CORNU ( RD48 RU;M;4909551;131040;140
2,016E+11;16;9;7;1520;1;2;1;1;7;366;971, AUGUSTIN FRESNEL;M;4914397;27844;140
2,016E+11;16;9;12;1350;1;1;1;1;7;487;R.D 579;M;4917998;22827;140
2,016E+11;16;9;19;25;5;2;1;2;6;366;ROGER AINI (RUE);M;4909395;142260;140
2,016E+11;16;9;24;55;3;1;6;1;7;574;D 511;M;4912606;191231;140
2,016E+11;16;9;25;1840;1;2;2;1;3;487;CD 48;M;4917853;209540;140