Num_Acc;an;mois;jour;hrmn;lum;agg;int;atm;col;com;adr;gps;lat;long;dep
2,016E+11;16;9;25;1910;1;2;1;1;3;366;25, VICTOR HUGO (AVENUE);M;4914492;227880;140
2,016E+11;16;9;28;1815;1;2;1;1;6;366;70, GENERAL LECLERC (RUE;M;4915240;224211;140
2,016E+11;16;9;28;800;2;1;1;2;7;487;R.D 579;M;4917047;227202;140
2,016E+11;16;9;29;1210;1;2;3;1;6;366;0, HENRY CHERON (RUE);;;;140
2,016E+11;16;10;1;315;5;2;1;1;6;69;31, ORBEC (ROUTE D');M;4913210;25580;140
2,016E+11;16;10;2;1400;1;2;1;1;2;366;64, LOUIS PASTEUR (BOULE;M;4914340;21881;140
2,016E+11;16;10;2;1440;1;2;1;1;3;366;AVENUE GEORGES DUVAL;M;4914500;27133;140
2,016E+11;16;10;5;720;3;1;1;1;3;366;ORIVAL (RUE D');M;4913260;23628;140
2,016E+11;16;10;6;1955;3;1;1;1;2;487;0, R.D 579;M;4916820;22741;140
2,016E+11;16;10;8;920;1;2;6;1;6;366;0, JEAN-PAUL II (PLACE);M;4914340;22902;140
2,016E+11;16;10;8;1540;1;1;1;1;7;574;77, D.613 ( SAINT DESIR);M;4913920;20105;140
2,016E+11;16;10;8;1650;1;2;1;1;7;366;0, NADAR (RUE);M;4916740;21656;140
2,016E+11;16;10;11;1340;1;2;1;1;6;366;0, PIERRE SEMARD (PLACE);;;;140
2,016E+11;16;10;15;1605;1;2;1;1;2;366;D.613 ( LISIEUX);M;4914420;26286;140
2,016E+11;16;10;29;1400;1;2;2;1;3;366;0, GENERAL LECLERC (RUE;M;4915520;22279;140
2,016E+11;16;11;4;1845;5;2;1;2;7;366;26, PAUL CORNU ( RD48 RU;M;4915400;22315;140
2,016E+11;16;11;8;1215;1;2;1;1;6;366;62, VICTOR HUGO (AVENUE);M;4914560;22735;140
2,016E+11;16;11;9;1445;1;2;1;2;6;366;73, GUIZOT (RUE);;;;140
2,016E+11;16;11;15;1640;2;2;1;2;2;366;25, JEANNE D'ARC (BOULEV;M;4914480;23020;140
2,016E+11;16;11;18;750;1;1;1;1;2;574;D.613 ( SAINT DESIR);M;4913500;17796;140
2,016E+11;16;11;23;725;3;2;1;2;6;366;9, GAETANE BOUFFAY (RUE);M;4915160;22339;140
2,016E+11;16;11;23;1735;5;2;1;2;4;366;61, HERBET FOURNET (BOUL;M;4915240;22770;140
2,016E+11;16;11;28;1800;3;1;3;1;3;487;DIVES (D.45 ROUTE DE);M;4917220;18595;140
2,016E+11;16;12;1;2000;5;2;1;5;6;574;71, D.613 ( SAINT DESIR);M;4913641;202218;140
2,016E+11;16;12;1;1835;3;1;1;1;6;366;LIVAROT (CD579 ROUTE DE);M;4912203;22279;140
2,016E+11;16;12;7;1440;1;2;1;1;6;366;9017, PARIS (ROUTE DE);M;4914508;227022;140
2,016E+11;16;12;17;1300;1;2;1;1;3;366;38, PARIS (RUE DE);M;4914588;23998;140
2,016E+11;16;12;24;1;5;2;6;2;3;366;22, ROGER AINI (RUE);M;4914374;246441;140
2,016E+11;16;12;28;800;2;1;1;9;7;487;2742, DIVES (ROUTE);;;;140
2,016E+11;16;10;26;2015;3;1;1;1;6;22;Rue de razilly;M;4719254;16642;370
2,016E+11;16;11;6;2200;3;1;1;1;6;74;LES CHAMPS HUDAULT;M;4725641;11437;370
2,016E+11;16;11;6;1658;2;1;1;1;3;210;;M;4721278;35373;370
2,016E+11;16;11;8;1835;5;2;1;1;6;11;Rue nationale;M;4721498;16638;370
2,016E+11;16;11;21;1027;1;2;6;2;3;72;PLACE DU GL DE GAULLE;M;4716697;23991;370
2,016E+11;16;11;22;2330;3;1;1;3;1;58;LIEU DIT LA CROIX;M;4724158;20095;370
2,016E+11;16;11;26;2055;3;1;1;1;1;228;;M;4729853;12174;370
2,016E+11;16;11;27;1800;5;2;1;1;3;228;AVENUE DE SAINT VINCENT;M;4728883;12341;370
2,016E+11;16;12;28;1940;5;2;9;1;1;72;AV  FRANCOIS MITTERAND;M;4717047;24263;370
2,016E+11;16;8;20;1830;1;1;1;1;5;123;;M;0;0;370
2,016E+11;16;10;14;2000;3;1;1;1;7;14;;M;4727024;47997;370
2,016E+11;16;11;4;1930;3;1;1;1;2;77;;M;4732606;43731;370
2,016E+11;16;11;14;540;3;1;1;1;6;99;BOIS TIREAU;M;4729325;53726;370
2,016E+11;16;11;19;910;1;2;1;7;2;227;25 BIS ROUTE DES ESSARDS;M;4731198;34586;370
2,016E+11;16;12;10;1800;5;2;1;1;1;205;RUE SAINTE ANNE;M;4724687;54722;370
2,016E+11;16;12;11;820;2;1;1;5;6;67;CARREFOUR DE LA  PUCELLE;M;4722753;39136;370
2,016E+11;16;12;22;1440;1;2;1;2;7;257;LA PINARDIERE;M;4724501;58044;370
2,016E+11;16;12;22;1659;2;2;7;2;6;123;PLACE DU 14 JUILLET;M;4732438;40906;370
2,016E+11;16;3;26;2304;3;2;1;2;7;121;;;;;370
2,016E+11;16;10;15;1505;1;1;1;1;7;216;RD8;M;4714029;53107;370
2,016E+11;16;10;20;1655;1;2;9;1;1;119;place Bouchard;M;4712013;42478;370
2,016E+11;16;10;22;1430;1;1;1;1;6;226;;M;4711866;62110;370
2,016E+11;16;10;28;730;3;1;1;5;7;216;LES   ROBINEAUX;M;4715170;58664;370
2,016E+11;16;11;18;800;1;1;1;2;6;119;;M;4711095;45470;370
2,016E+11;16;11;30;700;3;1;1;1;6;51;;M;4705788;32088;370
2,016E+11;16;12;18;555;4;1;1;5;6;212;;M;4716002;64687;370
2,016E+11;16;9;7;1745;1;1;1;1;7;222;;M;4709800;103800;370
2,016E+11;16;10;23;2345;3;1;1;3;6;221;LIEU-DIT BALLON;M;4704355;111123;370
2,016E+11;16;1;17;630;3;1;1;8;7;115;LA NEGOCE;M;0;0;370
2,016E+11;16;1;17;1715;1;1;1;1;7;162;BEAUTERTRE;M;0;0;370
2,016E+11;16;6;1;1100;1;1;3;1;3;265;LA  BOURRELIERE;M;4707400;91000;370
2,016E+11;16;7;12;1245;1;1;1;1;1;115;;M;0;0;370
2,016E+11;16;10;13;735;2;1;1;2;2;130;lieu dit bonchamps;M;4702946;83893;370
2,016E+11;16;10;17;743;2;2;3;2;3;130;ROUTE DE DESCARTES;M;4703996;81327;370
2,016E+11;16;10;27;25;3;1;6;5;7;130;;M;4703359;80097;370
2,016E+11;16;11;21;2005;5;2;1;1;3;115;AV DU LT MENNESSON;M;4697516;70041;370
2,016E+11;16;12;16;1400;1;1;1;1;6;45;;M;4701030;63187;370
2,016E+11;16;4;7;1130;1;1;1;1;3;33;LES   PRES DU MAINE;M;4685600;92100;370
2,016E+11;16;8;14;1930;2;1;1;1;5;48;;M;0;0;370
2,016E+11;16;10;23;300;3;1;1;8;6;28;;M;4681977;97257;370
2,016E+11;16;6;11;30;3;1;1;8;2;28;;M;0;0;370
2,016E+11;16;10;28;2000;3;1;1;1;7;282;LES FOSSES BERHIER;M;4678997;84603;370
2,016E+11;16;11;8;950;1;2;4;1;3;266;RD 910 / RD 87;M;4731170;71240;370
2,016E+11;16;12;6;1720;3;1;1;1;7;254;la boule d'Or;M;4719387;77456;370
2,016E+11;16;5;21;1845;1;1;1;1;2;205;;M;4576190;129469;870
2,016E+11;16;1;28;1915;3;1;1;2;1;59;;M;4618870;106804;870
2,016E+11;16;5;31;1600;1;1;1;3;1;116;;M;4613020;99968;870
2,016E+11;16;10;23;2045;3;1;1;2;6;108;;M;4608970;91284;870
2,016E+11;16;12;9;1100;1;1;2;1;5;122;;M;4601890;133986;870
2,016E+11;16;8;3;1715;1;1;1;1;6;61;;M;4618420;118485;870
2,016E+11;16;12;10;1530;1;2;1;1;1;90;;M;4632190;135845;870
2,016E+11;16;7;31;1515;1;1;1;7;7;73;;M;4574400;100864;870
2,016E+11;16;12;15;1415;1;2;4;1;3;111;AVENUE DU PONTY;M;4573880;86734;870
2,016E+11;16;8;2;1900;2;1;1;1;2;31;;M;4556420;111944;870
2,016E+11;16;11;1;1145;1;1;1;1;6;106;;M;4567960;128037;870
2,016E+11;16;3;12;1600;1;1;1;1;6;41;;M;4641243;198703;230
2,016E+11;16;4;28;1100;1;1;1;1;6;32;;M;4637051;224920;230
2,016E+11;16;10;13;1713;1;1;9;8;1;89;le poteau;M;4633687;198630;230
2,016E+11;16;10;19;1830;1;1;1;1;6;22;les heros;M;4636387;209396;230
2,016E+11;16;1;1;430;3;1;1;5;6;149;;M;4619725;217093;230
2,016E+11;16;1;24;200;3;1;1;1;6;160;;M;4609749;245916;230
2,016E+11;16;10;4;1700;1;1;1;1;3;45;D917;M;4619288;242259;230
2,016E+11;16;1;26;1600;1;1;1;1;1;222;;M;4594340;207489;230
2,016E+11;16;10;17;1845;1;2;1;2;7;8;31 rue vieille;M;4595704;216966;230
2,016E+11;16;12;28;1800;3;1;1;1;6;182;Les Roches;M;4592550;230918;230
2,016E+11;16;1;31;1815;2;1;1;2;6;48;;M;4604363;225907;230
2,016E+11;16;5;13;2300;3;1;1;3;7;164;;M;4606326;250156;230
2,016E+11;16;6;21;130;3;1;1;2;7;131;;M;4588850;248480;230
2,016E+11;16;10;9;1330;1;1;1;1;7;113;RD 988;M;4599345;239457;230
2,016E+11;16;3;7;900;1;1;1;1;6;9;;M;4885160;73326;270
2,016E+11;16;3;27;2100;3;1;1;6;2;578;;M;4880454;92167;270
2,016E+11;16;4;7;1745;1;2;1;1;6;112;route de verneuil;M;4881883;92052;270
2,016E+11;16;4;17;1730;1;1;1;1;6;565;;M;4892777;84058;270
2,016E+11;16;6;17;1500;1;1;2;1;2;383;;M;4874412;84299;270
2,016E+11;16;8;2;1400;1;1;6;2;3;679;;M;4874764;93493;270
2,016E+11;16;9;5;1200;1;1;1;2;6;427;;M;4889574;74636;270
2,016E+11;16;9;11;1515;1;1;1;1;7;457;route de balines;M;4876010;98080;270
2,016E+11;16;10;6;1645;1;2;6;7;6;679;boulevard Jean Bertin;M;4874192;92465;270
2,016E+11;16;12;25;645;5;2;1;1;6;112;433 rue Théodore Pierre;M;4884160;90379;270
2,016E+11;16;1;24;1515;1;1;1;8;6;207;;M;4910850;43838;270
2,016E+11;16;2;13;1645;1;1;1;3;1;398;;M;4909306;64477;270
2,016E+11;16;5;23;1745;1;1;2;1;3;547;;M;4906591;43831;270
2,016E+11;16;6;9;1715;1;1;1;1;1;505;;M;4895112;55871;270
2,016E+11;16;6;26;2200;2;1;1;1;6;239;route du colombier;M;4901884;56648;270
2,016E+11;16;7;27;1700;1;1;3;1;5;148;;M;4897700;48846;270
2,016E+11;16;9;1;1845;1;2;7;1;6;56;place Derou;M;4908933;59393;270
2,016E+11;16;9;20;1100;1;2;2;1;6;629;rue de lieurey;M;4913877;45636;270
2,016E+11;16;10;4;1700;1;2;6;1;6;56;rue bernard gombert;M;4908547;59730;270
2,016E+11;16;10;27;1940;3;1;3;5;3;129;;M;4907803;55249;270
2,016E+11;16;12;5;1915;2;1;1;9;6;56;;M;4909415;63114;270
2,016E+11;16;12;9;130;3;1;1;1;6;46;;M;4917904;56082;270
2,016E+11;16;12;16;1215;1;2;1;9;6;56;3 chemin du bois d'alenc;M;4908131;59793;270
2,016E+11;16;12;23;2130;2;1;9;1;6;106;;M;4911707;50132;270
2,016E+11;16;3;5;1600;1;2;1;1;6;116;rue de la Soie;M;4919434;72061;270
2,016E+11;16;5;1;145;3;1;1;1;7;210;8 rue parissot;M;4912144;83144;270
2,016E+11;16;5;1;1730;1;1;1;1;1;432;;M;4917481;81285;270
2,016E+11;16;5;5;600;2;1;1;1;6;109;;M;4910256;85378;270
2,016E+11;16;5;20;1130;1;1;1;1;1;630;;M;4915541;81063;270
2,016E+11;16;6;5;700;2;1;2;5;6;444;;M;4899773;74848;270
2,016E+11;16;6;24;1600;1;1;3;1;3;164;;M;4907227;89375;270
2,016E+11;16;7;24;1945;1;1;2;1;3;441;;M;4919372;60274;270
2,016E+11;16;8;13;1645;1;2;7;1;6;116;Place Lorraine;M;4919602;71749;270
2,016E+11;16;9;9;845;1;1;5;1;1;95;;M;4920532;78459;270
2,016E+11;16;10;6;1115;1;2;1;1;6;116;36 cote de cormeilles;M;4919754;70264;270
2,016E+11;16;11;8;800;2;1;2;2;6;466;;M;4907713;84617;270
2,016E+11;16;11;24;700;4;2;4;1;6;116;Rue Lemarrois;M;4920014;72137;270
2,016E+11;16;12;17;1600;1;1;3;1;3;296;;M;4903724;66569;270
2,016E+11;16;12;19;445;3;1;1;1;6;380;;M;4923120;76057;270
2,016E+11;16;2;16;1130;1;1;2;1;3;420;;M;4924860;155791;270
2,016E+11;16;10;16;1345;1;1;1;1;1;614;;M;4935786;168506;270
2,016E+11;16;11;28;830;1;2;1;1;6;632;Rue Grande;M;4931130;155764;270
2,016E+11;16;2;6;1945;3;1;1;1;6;212;;M;4912359;99801;270
2,016E+11;16;4;28;1415;1;1;6;1;7;224;;M;4911990;86104;270
2,016E+11;16;9;11;1830;1;1;2;1;5;636;;M;4926782;95699;270
2,016E+11;16;10;7;1000;1;1;2;1;3;663;;M;4919264;93074;270
2,016E+11;16;10;17;745;3;1;9;1;6;534;;M;4925357;104409;270
2,016E+11;16;11;12;745;3;1;1;1;7;654;rte de saint pierre de b;M;4924472;90213;270
2,016E+11;16;1;7;815;3;1;1;3;5;105;;M;4927561;88569;270
2,016E+11;16;4;22;1545;1;2;1;1;5;340;D313 Le Froc Pinel;M;4938349;80046;270
2,016E+11;16;5;15;1315;1;2;3;1;1;669;rue des cauvins;M;4936566;61109;270
2,016E+11;16;10;3;1630;1;2;3;7;3;90;330 Route d'Elbeuf;M;4929601;92472;270
2,016E+11;16;4;23;1115;1;2;2;1;3;594;route de St Georges;M;4926607;61703;270
2,016E+11;16;7;23;1915;1;2;2;1;3;367;hameau picot;M;4922978;49175;270
2,016E+11;16;8;7;2330;3;1;1;1;7;415;;M;0;0;270
2,016E+11;16;8;18;1630;1;2;3;1;1;367;route de l'ancienne gare;M;4923266;49999;270
2,016E+11;16;10;31;1115;1;2;1;1;6;170;ROUTE DE PONT AUDEMER;M;4925479;38005;270
2,016E+11;16;11;11;100;3;1;1;2;7;520;;M;4923481;60971;270
2,016E+11;16;2;27;2150;3;1;1;1;7;31;;M;4680306;-98639;850
2,016E+11;16;4;28;715;1;2;1;1;2;59;17 AVENUE JEAN BECKER;M;4664261;-73013;850
2,016E+11;16;2;3;1115;1;1;1;1;6;91;;M;4401380;591829;40
2,016E+11;16;1;4;1845;3;1;1;1;6;7;;M;4394020;652164;40
2,016E+11;16;2;12;1315;1;1;1;4;3;133;;M;4396140;644210;40
2,016E+11;16;5;15;1815;1;1;1;1;1;144;;M;4376720;632467;40
2,016E+11;16;2;9;1630;1;1;3;2;3;68;;M;4389490;577620;40
2,016E+11;16;3;12;1830;1;2;1;1;3;88;AVENUE GÉNÉRAL DE GAULLE;M;4395710;577613;40
2,016E+11;16;12;2;1415;1;1;1;1;1;208;;M;4395640;556839;40
2,016E+11;16;2;5;1230;1;2;1;1;6;209;AVENUE JEAN JAURES;M;4418650;594783;40
2,016E+11;16;9;18;1200;1;1;1;1;7;140;;M;4417830;557905;40
2,016E+11;16;11;7;1245;1;2;1;1;6;209;AVENUE DE LA LIBÉRATION;M;4418560;594824;40
2,016E+11;16;1;8;1315;1;1;1;8;5;146;;M;4506510;68311;240
2,016E+11;16;1;11;1230;1;1;1;6;6;94;LES CHANTELOUBES;M;4507410;69028;240
2,016E+11;16;5;20;1530;1;1;1;1;7;115;;M;4527880;67859;240
2,016E+11;16;6;4;800;1;1;1;1;1;190;LES FOUILLAUX;M;4499780;67321;240
2,016E+11;16;7;3;1545;1;1;1;1;6;160;LA JUILLERIE;M;4510200;72548;240
2,016E+11;16;8;8;645;1;1;1;1;1;98;FONCROZE;M;4522530;71270;240
2,016E+11;16;10;19;915;1;1;1;1;1;102;;M;4522800;67830;240
2,016E+11;16;11;27;1315;1;1;1;7;3;26;LES QUATRE ROUTES;M;4519160;83444;240
2,016E+11;16;12;9;1830;3;1;1;1;2;26;;M;4519390;80328;240
2,016E+11;16;6;9;745;2;1;1;1;2;11;ROUTE DE LIMOGES;M;4522190;84635;240
2,016E+11;16;10;14;1200;1;1;1;2;1;9;LA BESSONIE;M;4531000;111825;240
2,016E+11;16;1;1;115;3;1;1;5;6;182;CADILLAC;M;4489080;24520;240
2,016E+11;16;2;29;500;3;2;1;1;6;487;LES FERROUX;M;4486230;31952;240
2,016E+11;16;4;10;2030;2;1;1;1;7;487;ROUTE DE RAUFIE;M;4487330;30148;240
2,016E+11;16;8;10;1530;1;2;1;1;1;259;LE BOST;M;4492960;47536;240
2,016E+11;16;9;10;830;1;2;1;1;5;340;ROUTE DU GUEL;M;4485050;43877;240
2,016E+11;16;9;24;1415;1;1;1;1;1;340;LE GUEL;M;4485050;43854;240
2,016E+11;16;11;6;1345;1;1;3;1;1;413;LE TULEN;M;4490770;34921;240
2,016E+11;16;11;17;700;3;1;1;2;6;420;LAULERIE;M;4497860;32330;240
2,016E+11;16;12;31;1015;1;2;1;7;6;311;PLACE DU CHAMP DE FOIRE;M;4553100;66361;240
2,016E+11;16;4;10;1645;1;1;1;1;6;411;CHEZ YONNET;M;4550240;65731;240
2,016E+11;16;4;16;1345;1;1;1;1;7;163;;M;4561740;64226;240
2,016E+11;16;4;28;1400;1;1;1;1;3;498;LA REBIERE;M;4551150;81917;240
2,016E+11;16;7;5;1930;1;1;2;1;1;451;;M;4551870;65227;240
2,016E+11;16;8;14;2100;2;1;1;1;3;71;LES TUILLIÈRES;M;4563670;59374;240
2,016E+11;16;11;26;215;5;1;1;1;6;311;;M;4552330;66031;240
2,016E+11;16;6;4;1530;1;1;1;1;2;171;LE TREPART;M;4537220;88041;240
2,016E+11;16;7;7;1200;1;2;1;1;6;133;RUE FÉNÉLON;M;4554120;97787;240
2,016E+11;16;5;9;1015;1;2;1;1;6;243;ROUTE DE RIBERAC;M;4527170;54852;240
2,016E+11;16;5;27;1630;1;2;1;1;2;352;RUE ACHILLE LAROBERTIE;M;4524620;33696;240
2,016E+11;16;6;12;1845;1;1;1;1;1;564;LES TUILIERES;M;4519170;27105;240
2,016E+11;16;11;25;2030;5;2;1;5;6;243;LE BOURG;M;4527990;54656;240
2,016E+11;16;5;15;1300;1;1;1;1;6;587;;M;4484950;118993;240
2,016E+11;16;7;4;1715;1;1;3;7;1;520;COTE DE CAUBESSE;M;4490560;122212;240
2,016E+11;16;9;14;1915;1;1;1;2;1;366;BAS RIVAUX;M;4491160;116231;240
2,016E+11;16;10;29;1700;1;1;1;1;6;366;LE BREZEL;M;4491000;117166;240
2,016E+11;16;10;31;1715;1;1;1;1;1;82;LA FEUILLADE;M;4486770;127038;240
2,016E+11;16;9;17;1800;1;1;1;1;7;330;COTE DE LA COUSTELLERIE;M;4503070;104821;240
2,016E+11;16;12;11;1930;3;1;1;1;7;172;;M;4492710;107902;240
2,016E+11;16;1;15;1935;5;2;1;1;1;288;237 cote de la caerne;M;4402804;-32730;400
2,016E+11;16;11;10;1635;1;1;1;8;7;250;CD 932  PK 30.100;M;4394501;-45791;400
2,016E+11;16;12;28;1830;3;2;2;1;3;288;CD 932;M;4402575;-33424;400
2,016E+11;16;10;7;1700;1;1;1;1;7;93;le gras;M;4397971;3610;400
2,016E+11;16;10;13;1705;1;2;1;1;6;255;CD 1;M;4388049;-33159;400
2,016E+11;16;10;24;1115;1;2;3;2;2;96;cd 933;M;4403668;-11580;400
2,016E+11;16;11;25;1430;1;2;1;1;3;331;avenue des pyrénées;M;4388284;-30661;400
2,016E+11;16;11;29;1900;3;1;1;1;6;39;CD 35 -PK 5;M;4399010;-16425;400
2,016E+11;16;4;4;815;1;2;1;1;2;306;132 route de peyrehorade;M;4353159;-106188;400
2,016E+11;16;6;12;1920;1;1;1;1;1;222;;M;4362874;-122362;400
2,016E+11;16;10;29;730;3;1;1;5;1;306;D 29;M;4353942;-108323;400
2,016E+11;16;11;12;1600;1;1;1;2;3;212;D817, PK18;M;4356049;-115641;400
2,016E+11;16;12;7;1745;2;1;1;1;1;95;D61;M;4361368;-92731;400
2,016E+11;16;5;24;830;1;2;1;1;2;168;Avenue des landes;M;4377774;-121784;400
2,016E+11;16;5;31;1400;1;1;1;8;3;284;;M;4365135;-132297;400
2,016E+11;16;7;2;1630;1;1;1;1;6;284;;M;4364930;-126359;400
2,016E+11;16;8;20;1915;2;2;1;1;3;284;avenue d'aspremont;M;4365672;-129988;400
2,016E+11;16;8;27;645;2;2;1;1;6;328;RD 652 route des Lacs;M;4379196;-139333;400
2,016E+11;16;9;2;1000;1;1;1;1;6;284;;M;4365362;-131886;400
2,016E+11;16;10;10;900;1;1;1;7;2;291;Route de Saint Vincent d;M;4366991;-134233;400
2,016E+11;16;1;21;915;1;1;1;1;1;273;;M;4354053;-136653;400
2,016E+11;16;2;10;1200;1;1;1;3;1;44;;M;4354933;-132227;400
2,016E+11;16;6;22;1645;1;1;3;1;3;312;;M;4351899;-142312;400
2,016E+11;16;10;3;930;1;2;1;1;6;312;AVENUE SALVADOR ALLENDE;M;4353499;-145410;400
2,016E+11;16;10;9;1745;1;2;9;1;3;209;avenue du 11 novembre 19;M;4356262;-144698;400
2,016E+11;16;10;12;1736;1;2;1;3;5;312;AVENUE 1er mai;M;4354339;-149982;400
2,016E+11;16;10;21;1730;1;2;1;1;6;312;2 r de la grande baye;M;4353662;-148956;400
2,016E+11;16;11;2;1815;2;2;1;1;3;312;28 Boulevard Jacques Duc;M;4353717;-146093;400
2,016E+11;16;11;30;2200;5;2;1;1;6;312;boulevard de la Yayi;M;4354534;-146081;400
2,016E+11;16;5;15;1015;1;2;1;1;6;217;route des camping;M;4434390;-110981;400
2,016E+11;16;5;18;1645;1;1;1;1;6;46;;M;4445844;-122412;400
2,016E+11;16;7;16;2120;1;2;1;1;6;46;rue des outardes;M;4444159;-124534;400
2,016E+11;16;8;5;1745;1;2;9;1;6;46;rue vincent de paul;M;4444296;-124773;400
2,016E+11;16;10;5;1750;1;2;1;1;6;217;impasse de la  Gemme;M;4435236;-106431;400
2,016E+11;16;10;29;1100;1;1;1;5;6;217;route de herran;M;4433066;-107040;400
2,016E+11;16;1;24;1250;1;2;1;1;2;152;;M;4392382;-111020;400
2,016E+11;16;4;21;2130;3;1;1;1;7;303;;M;4414490;-88792;400
2,016E+11;16;10;6;2045;3;1;1;1;3;333;1111 route de Mimizan;M;4399005;-75329;400
2,016E+11;16;11;8;1200;1;1;1;1;1;197;Route de Rion;M;4398482;-90388;400
2,016E+11;16;11;14;615;2;1;2;5;3;303;D44 lieu dit LE RIOU;M;4414892;-84784;400
2,016E+11;16;12;14;1145;1;1;2;1;3;119;"lieu-dit ""beau-pré""";M;4364776;-57292;400
2,016E+11;16;10;15;1615;1;1;1;1;6;91;lieu dit Bajarcq;M;4369699;-34811;400
2,016E+11;16;10;30;1145;1;1;1;5;7;1;RD 107;M;4367862;-28684;400
2,016E+11;16;10;28;45;3;1;1;5;6;275;390 route de Saint Sever;M;4378620;-47232;400
2,016E+11;16;9;5;1415;1;1;1;1;6;104;;M;4372915;-86199;400
2,016E+11;16;10;9;2115;3;2;1;1;2;84;PK5+400 croissant;M;4365008;-89969;400
2,016E+11;16;10;28;1850;2;1;2;7;1;126;CD 32, PK 32+100;M;4370353;-90699;400
2,016E+11;16;11;20;1535;1;1;1;3;6;228;route de chalosse;M;4364087;-83698;400
2,016E+11;16;11;25;1600;1;1;1;1;1;194;CHEMIN ALIÉNOR D'AQUITAI;M;4370129;-85053;400
2,016E+11;16;3;3;935;1;1;1;2;2;313;;M;4381663;-78351;400
2,016E+11;16;10;19;1825;1;1;1;1;1;309;Départementale 3;M;4376706;-74128;400
2,016E+11;16;12;5;1515;1;1;2;1;3;237;route du moulin / route;M;4374815;-90742;400
2,016E+11;16;5;27;1615;1;2;1;1;3;527;48 Route de Beaune;M;4695328;467383;210
2,016E+11;16;12;3;530;3;1;1;9;1;684;D20;M;4704077;489365;210
2,016E+11;16;12;20;1642;1;1;1;1;1;347;RD970;M;4700165;486058;210
2,016E+11;16;10;22;1805;1;2;1;7;6;23;rue du Docteur Chauveau;M;4713213;448087;210
2,016E+11;16;11;21;615;3;1;1;2;6;441;route de marcilly ogny;M;4726855;440008;210
2,016E+11;16;12;19;1555;1;1;2;2;1;533;Intersection RD 994 et l;M;4721499;459920;210
2,016E+11;16;12;29;1100;1;2;1;7;6;501;rue de la république;M;4726222;455620;210
2,016E+11;16;8;6;645;1;1;1;1;6;647;;M;4697561;515705;210
2,016E+11;16;10;26;1508;1;1;1;1;5;35;D996 PK112+350;M;4706242;509483;210
2,016E+11;16;12;10;1715;3;1;1;5;1;332;Rd973;M;4700575;507958;210
2,016E+11;16;7;14;2130;2;1;1;1;7;536;;M;4758297;530680;210
2,016E+11;16;8;14;2045;1;2;1;1;5;383;18 rue de l'IGNON;M;4752485;513448;210
2,016E+11;16;2;26;945;1;1;1;1;6;610;;M;4723765;544240;210
2,016E+11;16;5;3;1500;1;2;1;1;1;496;40 RUE DE BOURGOGNE;M;4729837;540687;210
2,016E+11;16;11;3;1535;1;1;1;1;3;256;D961 PK11;M;4731808;533652;210
2,016E+11;16;11;13;1630;2;1;1;2;7;60;D34D;M;4735750;523795;210
2,016E+11;16;8;25;1715;1;1;1;1;1;27;;M;4738447;503438;210
2,016E+11;16;10;8;445;3;1;1;1;2;27;RD 974 - PK 57+200;M;4739119;505941;210
2,016E+11;16;11;26;1730;3;1;1;1;3;136;RD971;M;4745426;475968;210
2,016E+11;16;12;23;2000;5;2;1;2;3;425;rue du faubourg;M;4762963;434990;210
2,016E+11;16;12;30;145;5;2;1;1;6;425;route de Laignes;M;4762874;434042;210
2,016E+11;16;10;23;2030;3;1;1;2;6;276;D 21;M;4764635;455706;210
2,016E+11;16;12;7;705;5;2;1;9;2;4;20 rue des ducs de bourg;M;4766866;472911;210
2,016E+11;16;8;9;1915;1;2;1;1;1;674;20 RUE HENRI JURIEN DE L;M;4794393;480255;210
2,016E+11;16;12;13;1830;5;2;1;1;6;154;10 rue du Maréchal de La;M;4785999;457261;210
2,016E+11;16;11;14;1030;1;1;1;2;7;349;D906 - PK 27 + 750;M;4726567;425962;210
2,016E+11;16;12;23;1545;1;2;3;1;3;525;Intersection D906 et D15;M;4738245;417766;210
2,016E+11;16;10;23;2025;3;1;1;2;6;288;R.D. 06;M;4752907;464763;210
2,016E+11;16;8;11;500;3;1;1;1;6;25;;M;4802055;-55170;530
2,016E+11;16;12;7;1130;1;1;1;1;6;6;;M;4778329;-62965;530
2,016E+11;16;4;15;1845;1;2;1;1;3;84;70 rte de Chateau-Gontie;M;4784697;-94301;530