Num_Acc;an;mois;jour;hrmn;lum;agg;int;atm;col;com;adr;gps;lat;long;dep
2,016E+11;16;4;25;945;1;1;1;1;1;165;;M;4784673;-98985;530
2,016E+11;16;2;11;1330;1;1;3;1;3;71;;M;4840104;-83120;530
2,016E+11;16;10;16;45;3;1;1;1;6;126;;M;4832367;-98669;530
2,016E+11;16;9;9;1545;1;1;1;1;6;111;;M;4837547;-61011;530
2,016E+11;16;10;20;2030;3;1;6;5;6;127;;M;4843318;-50330;530
2,016E+11;16;10;21;1500;1;1;1;1;3;127;;M;4847663;-43840;530
2,016E+11;16;11;14;615;3;1;1;5;6;170;;M;4834454;-66253;530
2,016E+11;16;8;22;1630;1;1;1;1;3;346;;M;0;0;70
2,016E+11;16;10;2;315;1;1;1;5;7;5;;M;0;0;70
2,016E+11;16;3;5;730;3;1;1;1;6;238;;M;4445400;417199;70
2,016E+11;16;5;27;1730;1;1;1;1;1;329;;M;4460400;407099;70
2,016E+11;16;1;30;1700;1;2;1;7;1;296;chemin des tuileries;M;0;0;70
2,016E+11;16;8;16;2345;5;2;1;1;1;339;Le peyrou - RD 104;M;0;0;70
2,016E+11;16;12;8;1830;3;1;1;1;3;339;;M;4464500;443000;70
2,016E+11;16;12;15;1830;5;1;1;1;3;339;;M;4466000;444800;70
2,016E+11;16;2;22;1815;2;1;1;2;1;153;;M;0;0;70
2,016E+11;16;4;30;1645;1;1;1;2;3;153;;M;0;0;70
2,016E+11;16;6;5;1215;1;1;1;1;3;130;;M;0;0;70
2,016E+11;16;7;19;1215;1;1;1;1;1;232;;M;0;0;70
2,016E+11;16;5;21;1630;1;1;1;1;3;294;;M;0;0;70
2,016E+11;16;8;3;2115;2;1;1;1;6;334;;M;0;0;70
2,016E+11;16;11;22;1400;2;1;1;8;1;17;;M;4441700;414499;70
2,016E+11;16;5;27;1015;1;2;1;7;6;201;2 bis avenue de l'ancien;M;0;0;70
2,016E+11;16;9;4;700;1;1;1;1;1;330;;M;0;0;70
2,016E+11;16;9;23;1700;1;1;1;1;1;126;;M;0;0;70
2,016E+11;16;12;15;1545;1;1;1;1;7;330;;M;0;0;70
2,016E+11;16;4;23;1800;1;2;3;1;1;9;carrefour CD86 - CD 82;M;0;0;70
2,016E+11;16;5;13;1630;1;1;1;1;1;227;;M;0;0;70
2,016E+11;16;7;26;715;2;2;1;7;1;317;D370B ROUTE DE SARRAS;M;0;0;70
2,016E+11;16;9;17;1245;1;1;1;1;7;172;;M;0;0;70
2,016E+11;16;9;19;945;1;1;1;1;6;172;;M;0;0;70
2,016E+11;16;10;12;1030;1;2;1;1;1;308;D86 C;M;0;0;70
2,016E+11;16;11;17;1515;1;2;1;1;5;234;RD82;M;0;0;70
2,016E+11;16;2;21;245;3;1;1;1;6;338;;M;0;0;70
2,016E+11;16;6;15;1915;1;1;1;1;1;338;;M;0;0;70
2,016E+11;16;6;19;1945;2;2;1;2;1;244;Le village;M;0;0;70
2,016E+11;16;6;21;930;1;1;1;1;1;52;;M;0;0;70
2,016E+11;16;11;19;1415;1;1;1;2;7;129;;M;0;0;70
2,016E+11;16;5;26;1530;1;1;1;1;7;103;;M;0;0;70
2,016E+11;16;6;9;1930;1;1;1;1;1;204;;M;0;0;70
2,016E+11;16;8;7;1245;1;1;1;1;6;165;;M;0;0;70
2,016E+11;16;8;28;1230;1;1;1;1;4;252;;M;0;0;70
2,016E+11;16;12;21;1030;1;1;1;1;7;64;;M;0;0;70
2,016E+11;16;2;14;1745;2;1;1;1;1;170;;M;4508400;457000;70
2,016E+11;16;5;25;2000;1;1;1;1;1;250;;M;0;0;70
2,016E+11;16;12;14;745;3;1;1;1;2;205;;M;0;0;70
2,016E+11;16;12;24;1800;5;2;1;8;6;292;RUE CHATEAU D'AY;M;0;0;70
2,016E+11;16;5;17;1445;1;1;1;1;1;82;Charmant Gare;M;4550023;16257;160
2,016E+11;16;5;25;2015;1;1;2;1;1;283;;M;4548018;24687;160
2,016E+11;16;6;25;1655;1;1;3;1;3;382;Chez Voyons;M;4556716;20468;160
2,016E+11;16;7;12;1900;2;1;1;1;7;263;La Font Jouzeau;M;4551659;6923;160
2,016E+11;16;8;12;1745;1;1;1;1;6;424;Cherz Parlant;M;4526311;-1735;160
2,016E+11;16;7;3;2000;1;1;1;7;1;55;Les Grans Moulins;M;4561372;29560;160
2,016E+11;16;9;9;1600;1;1;2;1;3;137;le Mainchou;M;4557048;44127;160
2,016E+11;16;6;5;1100;1;2;1;1;3;167;44 RUE DOGLIANI;M;4568509;-17019;160
2,016E+11;16;9;24;1500;1;1;1;1;1;366;Mareuil;M;4562169;-20452;160
2,016E+11;16;12;2;1815;5;2;3;1;3;153;Avenue Carnot;M;4567318;-17779;160
2,016E+11;16;4;28;1830;1;1;1;1;6;106;Avenue  de St Germain;M;4602288;67571;160
2,016E+11;16;5;4;1915;1;1;1;1;7;383;;M;4578560;19071;160
2,016E+11;16;1;31;2145;3;1;1;2;6;10;;M;4683280;105168;360
2,016E+11;16;4;24;2045;3;1;1;2;6;139;;M;4679030;148372;360
2,016E+11;16;5;1;745;1;1;1;1;6;204;;M;4679830;109576;360
2,016E+11;16;8;1;1230;1;1;1;1;6;212;;M;4685750;122445;360
2,016E+11;16;3;15;1500;1;1;1;1;6;28;;M;4649730;179127;360
2,016E+11;16;11;19;1100;1;2;1;1;6;46;avenue Aristide Briand;M;0;0;360
2,016E+11;16;9;24;1845;1;2;1;1;2;32;AVENUE MAURICE ROLLINAT;M;4652500;155200;360
2,016E+11;16;1;11;2130;3;1;1;4;6;168;;M;4652200;133600;360
2,016E+11;16;3;20;845;3;1;1;1;6;47;;M;4642910;137562;360
2,016E+11;16;4;30;1445;1;1;1;3;6;70;;M;4645890;160157;360
2,016E+11;16;1;9;1600;1;1;2;1;3;269;;M;4851700;410799;100
2,016E+11;16;3;3;1100;1;1;1;4;6;216;;M;4863800;417900;100
2,016E+11;16;4;21;2130;5;2;1;8;4;15;RD677;M;4843400;411800;100
2,016E+11;16;7;2;545;2;1;1;1;6;15;;M;4843700;411900;100
2,016E+11;16;10;28;530;3;1;1;5;6;4;;M;4860300;416200;100
2,016E+11;16;11;13;500;3;1;1;2;1;6;;M;4852900;414400;100
2,016E+11;16;1;5;1945;3;1;1;2;1;422;;M;4809217;385753;100
2,016E+11;16;3;25;1700;1;2;1;1;1;394;PK 30+300;M;4799620;406244;100
2,016E+11;16;7;24;1845;1;1;1;1;6;104;;M;4812969;412419;100
2,016E+11;16;1;8;1845;3;1;3;1;1;270;;M;4840220;424379;100
2,016E+11;16;3;18;1245;1;1;3;1;1;209;;M;4824404;428163;100
2,016E+11;16;2;27;30;3;1;1;1;7;11;;M;4826715;475108;100
2,016E+11;16;4;23;1100;1;1;1;2;1;55;;M;4873359;421320;100
2,016E+11;16;8;21;645;1;1;1;1;3;399;;M;4818585;419319;100
2,016E+11;16;5;6;2045;3;1;1;1;6;259;;M;4846937;345063;100
2,016E+11;16;8;20;1545;1;1;1;1;7;420;;M;4857600;352600;100
2,016E+11;16;10;17;1745;1;2;1;1;3;268;01 rue françois bacimont;M;4849228;349675;100
2,016E+11;16;10;31;1615;1;1;1;1;4;334;;M;4849822;354621;100
2,016E+11;16;10;31;900;2;1;1;5;6;268;;M;4848493;351500;100
2,016E+11;16;3;5;1930;5;2;1;1;6;271;rue de la paix;M;4847000;377400;100
2,016E+11;16;3;17;2000;3;1;1;1;6;353;;M;4843700;392100;100
2,016E+11;16;3;30;245;3;1;1;2;6;320;;M;4844796;394349;100
2,016E+11;16;5;24;845;1;1;1;1;6;341;;M;4851800;366700;100
2,016E+11;16;6;12;345;3;1;1;1;3;220;;M;4850100;379145;100
2,016E+11;16;6;13;1145;1;2;1;1;6;323;paul vaillant couturier;M;4852000;371900;100
2,016E+11;16;7;8;2145;2;2;1;1;1;323;rue Milford Haven;M;0;0;100
2,016E+11;16;7;15;545;5;2;1;1;6;323;rue aux Gouets;M;0;0;100
2,016E+11;16;9;25;815;1;1;1;8;6;144;;M;4855600;387000;100
2,016E+11;16;10;7;645;3;1;1;1;7;164;;M;4848600;370400;100
2,016E+11;16;10;13;730;2;1;1;2;3;392;;M;4846700;391200;100
2,016E+11;16;10;16;2100;3;1;1;1;7;86;;M;4851863;394479;100
2,016E+11;16;10;22;2100;3;1;1;1;6;89;;M;4849900;381700;100
2,016E+11;16;10;31;1615;1;2;1;1;6;323;RUE ARISTIDE BRIAND;M;4851500;371600;100
2,016E+11;16;11;7;1045;1;2;1;1;1;323;rue Emile Zola;M;4850900;372900;100
2,016E+11;16;11;9;945;2;1;1;2;6;323;;M;4851400;372200;100
2,016E+11;16;11;21;1645;2;1;1;2;3;323;;M;4851500;372100;100
2,016E+11;16;11;22;1430;1;1;1;1;6;323;;M;4851200;369100;100
2,016E+11;16;12;14;45;3;1;1;1;7;368;;M;4840200;394100;100
2,016E+11;16;12;28;1215;1;2;1;1;3;280;RUE NATIONALE;M;4848700;373100;100
2,016E+11;16;6;16;115;5;2;3;2;6;268;78 RUE DE TURENNE;;;;430
2,016E+11;16;7;5;1745;1;1;2;1;1;7;BIGOUROUX;M;4503810;417303;430
2,016E+11;16;8;13;1030;1;1;3;1;3;203;;M;4515520;403401;430
2,016E+11;16;12;15;630;3;1;1;1;3;162;;M;4522670;405574;430
2,016E+11;16;9;8;2230;3;1;1;1;3;12;"LIEU DIT ""LA SEMENE""";M;4538360;422712;430
2,016E+11;16;1;27;845;1;2;1;1;6;139;Rue du vieux Marseilles;M;0;0;180
2,016E+11;16;3;2;1845;3;1;1;4;1;265;;M;0;0;180
2,016E+11;16;7;24;1345;1;1;1;1;6;174;;M;4707600;249200;180
2,016E+11;16;8;13;1145;1;2;1;1;1;220;rue de la mairie;M;4712500;300900;180
2,016E+11;16;10;21;400;3;1;1;1;6;49;;M;4716533;297211;180
2,016E+11;16;10;29;1615;1;1;1;1;3;12;;M;4717355;298885;180
2,016E+11;16;10;30;200;3;1;1;5;1;118;;M;4703549;312767;180
2,016E+11;16;11;30;1500;1;1;9;1;7;158;;M;4708305;251654;180
2,016E+11;16;12;3;1645;3;1;2;1;5;61;;M;4714300;278300;180
2,016E+11;16;1;10;245;5;2;7;2;6;109;Place Henri IV;M;4730274;252387;180
2,016E+11;16;1;16;1000;1;1;1;4;6;176;;M;0;0;180
2,016E+11;16;5;6;1700;1;1;2;1;3;253;;M;0;0;180
2,016E+11;16;5;18;1700;1;2;2;1;2;97;RD 940 - ROUTE DE PARIS;M;4714442;242954;180
2,016E+11;16;6;25;1500;1;1;2;1;3;226;;M;4715671;249452;180
2,016E+11;16;7;16;1500;1;1;2;1;3;206;;M;4714716;235687;180
2,016E+11;16;7;17;615;2;1;1;1;7;229;;M;4714716;235687;180
2,016E+11;16;7;21;1500;1;1;1;1;6;223;;M;4726073;266396;180
2,016E+11;16;7;28;2130;2;1;1;1;7;109;Route des Gimonets;M;0;0;180
2,016E+11;16;8;26;1730;1;1;1;1;3;4;;M;0;0;180
2,016E+11;16;9;11;1630;1;1;1;1;7;206;;M;4714055;234180;180
2,016E+11;16;10;9;1615;1;1;1;7;1;189;;M;4721387;243250;180
2,016E+11;16;10;11;1945;2;1;1;2;2;109;;M;4729485;252163;180
2,016E+11;16;12;11;315;3;1;1;9;7;280;;M;0;0;180
2,016E+11;16;7;2;2015;1;2;1;1;3;86;;M;4669843;251538;180
2,016E+11;16;9;3;1830;1;1;1;1;6;231;;M;4674029;256139;180
2,016E+11;16;10;27;1730;1;2;1;1;1;197;Rue de Juranville;M;4672503;250627;180
2,016E+11;16;1;26;745;2;1;3;1;3;153;;M;0;0;180
2,016E+11;16;2;3;1415;1;1;1;1;1;41;;M;4663131;249234;180
2,016E+11;16;2;14;2015;5;2;1;2;6;57;19 rue saint genest;M;0;0;180
2,016E+11;16;3;14;1800;1;2;1;1;3;89;Lieu dit la Surprise;M;0;0;180
2,016E+11;16;3;27;1400;1;1;1;1;7;152;;M;0;0;180
2,016E+11;16;4;27;1300;1;1;1;1;6;59;;M;4662300;228700;180
2,016E+11;16;8;28;1715;1;2;1;1;7;252;le bourg;M;4651100;232000;180
2,016E+11;16;9;4;730;1;1;1;1;7;114;;M;4675200;226900;180
2,016E+11;16;11;19;1430;1;1;1;1;1;209;;M;4668600;246400;180
2,016E+11;16;11;26;1730;3;1;1;1;1;130;;M;4665800;240600;180
2,016E+11;16;1;15;1900;2;1;1;9;1;221;;M;4681700;237900;180
2,016E+11;16;2;24;1230;1;2;1;2;6;87;Rue de l'ermitage;M;4689133;257143;180
2,016E+11;16;3;1;330;3;1;1;1;6;63;;M;0;0;180
2,016E+11;16;5;5;1500;1;1;1;1;6;254;;M;4701871;251269;180
2,016E+11;16;5;22;1730;1;1;1;2;1;180;;M;4701200;249300;180
2,016E+11;16;12;9;2115;3;2;1;1;7;121;Route de Chalivoy;M;4691200;266300;180
2,016E+11;16;12;22;1215;1;1;2;2;3;129;;M;4697200;235100;180
2,016E+11;16;5;14;2000;1;1;2;1;3;149;;M;0;0;180
2,016E+11;16;6;18;2030;1;1;1;8;6;165;;M;4733000;224100;180
2,016E+11;16;7;31;1515;1;1;1;1;6;11;;M;4756089;236875;180
2,016E+11;16;9;3;900;1;1;1;1;6;165;;M;4727900;228702;180
2,016E+11;16;10;11;1900;2;1;1;1;1;30;;M;4751158;249625;180
2,016E+11;16;11;27;2000;3;1;1;1;6;37;;M;4755718;211682;180
2,016E+11;16;1;21;730;2;1;1;5;1;36;;M;0;0;180
2,016E+11;16;2;20;1015;1;1;3;1;3;141;;M;4714765;226619;180
2,016E+11;16;6;24;600;3;1;1;1;6;124;;M;4706102;206841;180
2,016E+11;16;8;8;2015;1;2;1;1;6;214;chemin de la prairie;M;0;0;180
2,016E+11;16;9;14;1515;1;2;1;2;7;28;Les Mazières;M;4713746;232805;180
2,016E+11;16;9;21;1715;1;2;7;1;6;103;;M;0;0;180
2,016E+11;16;1;6;1645;1;2;1;2;6;128;ROUTE DE PONTPIERRE;M;4571414;591925;730
2,016E+11;16;8;6;1610;1;1;1;1;2;300;;M;4566549;589596;730
2,016E+11;16;10;22;1545;1;1;1;1;6;300;;M;4567454;589377;730
2,016E+11;16;1;27;1500;1;2;1;7;6;96;rue de la chapelle;M;0;0;730
2,016E+11;16;9;24;1400;1;1;1;1;3;151;;M;4548771;599540;730
2,016E+11;16;10;18;1145;1;1;4;1;3;183;Route de Belledonnes;M;4550804;599122;730
2,016E+11;16;2;25;1015;1;1;1;2;5;162;;M;4559187;627369;730
2,016E+11;16;3;26;1615;1;1;1;1;1;308;;M;4568768;640466;730
2,016E+11;16;4;22;1815;1;1;1;1;1;32;;M;4563847;644326;730
2,016E+11;16;5;14;315;3;1;1;5;6;162;;M;4560452;628025;730
2,016E+11;16;5;22;1;5;2;6;1;3;114;Rue du MONT BLANC;M;4581858;651636;730
2,016E+11;16;5;24;2100;5;2;1;1;3;303;avenue pringolliet;M;4575316;642121;730
2,016E+11;16;6;22;1215;1;1;2;1;1;124;;M;4565814;635163;730
2,016E+11;16;6;27;1115;1;2;1;1;6;186;CD 218B lieu dit le Mont;M;4580896;651871;730
2,016E+11;16;8;8;1120;1;1;1;1;6;153;;M;4572852;643533;730
2,016E+11;16;8;26;1830;1;1;1;1;4;121;;M;4562706;632143;730
2,016E+11;16;10;28;1345;1;2;1;7;1;110;RD66;M;4561401;643509;730
2,016E+11;16;6;10;830;1;2;1;1;3;248;avenue du Mont Cenis;M;4527311;634949;730
2,016E+11;16;6;29;1145;1;2;7;1;6;248;Place du marché;M;4527701;634324;730
2,016E+11;16;1;24;1500;1;2;1;1;6;67;Route de SAINT AVRE;M;0;0;730
2,016E+11;16;1;29;1400;1;1;1;1;1;19;;M;4550756;630889;730
2,016E+11;16;3;4;2359;3;1;1;8;6;7;;M;4557812;625256;730
2,016E+11;16;6;24;1430;1;1;1;1;1;74;;M;4542057;627321;730
2,016E+11;16;8;1;1115;1;2;3;1;6;212;;M;4554438;630913;730
2,016E+11;16;1;21;1315;1;1;3;1;1;519;RD 834;M;4339243;-38023;640
2,016E+11;16;2;21;1600;1;1;1;1;6;511;RD 40;M;4341620;-36572;640
2,016E+11;16;3;1;1345;1;1;1;1;2;448;RD 817;M;4334252;-47047;640
2,016E+11;16;6;9;1700;1;1;1;1;1;60;RD 2;M;4332776;-47480;640
2,016E+11;16;10;21;1700;1;2;2;1;3;37;RUE DES ECOLES;M;4332856;-50113;640
2,016E+11;16;11;17;1830;3;1;2;1;3;511;CHEMIN MORLANNE;M;4339824;-41205;640
2,016E+11;16;1;12;1830;3;1;1;2;6;152;ROUTE DE PAU;M;4333956;-32503;640
2,016E+11;16;3;3;1715;1;2;1;2;3;395;CHEMIN DE ST JACQUES;M;4343291;-1380;640
2,016E+11;16;4;9;615;3;1;1;2;7;329;RD 817;M;4329700;-28400;640
2,016E+11;16;8;23;1945;1;1;1;7;5;216;RD 817;M;4325817;-15181;640
2,016E+11;16;10;25;1800;1;1;2;1;5;309;RD 202;M;4336987;-5083;640
2,016E+11;16;12;11;1030;1;1;1;1;6;389;RD 943;M;4341290;-19676;640
2,016E+11;16;5;5;1715;1;2;1;1;3;417;RUE GAMBETTA;M;4318238;-26131;640
2,016E+11;16;12;7;415;3;2;2;1;3;141;RD 296;M;4354990;-31571;640
2,016E+11;16;2;11;1230;1;1;1;9;6;34;RD 933;M;4334650;-99696;640
2,016E+11;16;10;2;1415;1;1;1;1;6;104;RN 134;M;4298072;-60597;640
2,016E+11;16;1;12;1815;3;1;1;2;1;535;RD 2;M;4335502;-53531;640
2,016E+11;16;5;8;2000;1;1;1;1;7;430;;M;4351100;-81700;640
2,016E+11;16;8;25;1100;1;1;6;1;3;108;RD 430;M;4351996;-91516;640
2,016E+11;16;9;22;630;3;1;1;1;3;87;RD 817;M;4350694;-83550;640
2,016E+11;16;10;15;1000;1;1;1;1;2;462;RD 415;M;4351800;-87034;640
2,016E+11;16;3;6;1545;1;1;1;1;6;20;;M;4785534;165082;450
2,016E+11;16;5;4;1745;1;2;3;1;3;98;D951/R BONSHOMMES;M;4782575;176291;450
2,016E+11;16;5;15;1845;1;1;3;1;2;264;D 2157/D 3;M;4792816;170438;450
2,016E+11;16;7;6;700;1;2;3;1;3;130;R FRANCIS CARRET/VIGNES;M;4779357;170888;450
2,016E+11;16;11;12;1615;1;1;1;2;6;179;;M;4778137;170468;450
2,016E+11;16;12;15;700;3;1;1;9;6;167;;M;4791371;170018;450
2,016E+11;16;12;15;745;3;1;1;1;1;313;;M;4806477;182017;450
2,016E+11;16;2;25;645;5;2;1;5;6;307;18 RUE DU LIMOUSIN;M;4806298;289475;450
2,016E+11;16;6;28;1315;1;1;1;1;1;306;;M;4801531;286409;450
2,016E+11;16;9;29;830;1;2;2;1;3;30;RTE MONTARGIS/R ECOLES;M;4806925;243474;450
2,016E+11;16;1;15;1845;5;1;1;9;6;95;RONVILLE;M;4807006;209246;450
2,016E+11;16;2;20;1800;1;1;1;2;6;224;LA RIVE DU BOIS;M;4805152;205229;450
2,016E+11;16;3;5;2330;3;1;1;2;6;95;;M;4807048;211724;450
2,016E+11;16;3;12;1745;1;2;1;1;6;118;28 R DE D'HUY;M;4812162;206625;450
2,016E+11;16;8;22;1830;1;1;1;1;1;188;;M;4803044;207601;450
2,016E+11;16;12;12;1600;1;1;1;1;1;95;;M;4807963;214282;450
2,016E+11;16;12;12;1945;3;1;1;1;7;347;;M;0;0;450
2,016E+11;16;1;10;300;1;1;1;1;6;250;;M;4945420;203307;600
2,016E+11;16;1;29;1945;3;1;1;1;1;251;;M;4945796;221165;600
2,016E+11;16;3;3;1515;1;1;1;1;6;230;;M;4945738;225286;600
2,016E+11;16;7;25;1730;1;1;1;1;5;646;;M;4947603;205057;600
2,016E+11;16;9;30;1615;1;2;1;1;3;41;;M;4938286;222354;600
2,016E+11;16;11;7;1045;1;1;1;1;3;646;;M;4948263;203876;600
2,016E+11;16;11;12;2200;1;2;3;2;3;103;rue amiot;M;4940365;224976;600
2,016E+11;16;12;5;1215;1;2;1;1;1;103;rue du petit chantilly;M;4941011;224689;600
2,016E+11;16;12;30;1345;1;1;1;5;1;668;;M;4950290;208683;600
2,016E+11;16;3;21;1930;1;1;1;1;1;187;;M;4944446;182214;600
2,016E+11;16;6;24;2300;2;2;1;1;1;164;;M;4941289;183981;600
2,016E+11;16;6;30;1815;1;1;1;1;1;63;;M;4934508;207311;600
2,016E+11;16;7;21;1130;1;2;1;1;6;343;43 grande rue;M;4939272;178545;600
2,016E+11;16;1;12;1730;5;2;1;3;5;110;Rue de la briqueterie D7;M;4965610;182765;600
2,016E+11;16;2;2;615;5;2;1;1;6;286;D124;M;4966105;192556;600
2,016E+11;16;2;23;830;1;1;1;1;6;194;;M;4970064;195949;600
2,016E+11;16;5;4;1430;1;1;1;1;6;233;;M;4965029;184787;600
2,016E+11;16;3;18;1815;1;1;1;1;6;233;;M;4964871;184652;600
2,016E+11;16;4;6;1930;1;1;1;1;3;288;;M;4955695;189172;600
2,016E+11;16;4;12;1400;1;1;1;1;1;605;;M;4967336;192025;600
2,016E+11;16;4;19;2100;3;1;1;1;7;304;;M;4958539;198708;600
2,016E+11;16;4;21;945;1;1;1;1;1;691;;M;4957966;174628;600
2,016E+11;16;4;25;1515;1;1;1;1;6;180;;M;4952442;191992;600
2,016E+11;16;5;12;2200;2;1;1;1;6;387;;M;4957337;195940;600
2,016E+11;16;8;2;1330;1;1;1;1;1;4;;M;4955269;198489;600
2,016E+11;16;11;6;845;1;2;1;1;6;435;12 RUE RIQUEFOSSE;M;4958015;187184;600
2,016E+11;16;12;16;1815;3;2;1;1;6;354;24 RUE CHANTAL GARZUEL;M;4968241;199733;600
2,016E+11;16;12;19;2000;5;2;1;1;3;122;rue de gournay;M;4961516;174910;600
2,016E+11;16;4;19;745;1;2;1;1;6;155;rue du Colombier;M;4925868;233184;600
2,016E+11;16;9;22;945;1;2;1;1;6;155;rue de la station;M;4927105;235836;600
2,016E+11;16;10;20;1530;1;2;1;1;6;584;D92;M;4921663;242156;600
2,016E+11;16;11;23;1630;1;1;1;1;1;584;;M;4921320;240938;600
2,016E+11;16;12;6;1345;1;1;1;9;1;155;;M;4926603;234697;600
2,016E+11;16;7;19;30;3;1;1;1;7;111;;M;4963115;246050;600
2,016E+11;16;10;25;1515;1;2;1;1;6;104;62 rue d'amiens;M;4963632;228961;600
2,016E+11;16;12;13;1330;1;1;1;1;1;178;;M;4961023;210350;600
2,016E+11;16;12;13;1615;1;2;1;1;1;104;avenue du général frere;M;4963230;229079;600
2,016E+11;16;12;8;1630;2;1;1;1;3;26;;M;4956756;211837;600
2,016E+11;16;1;21;745;2;1;1;9;1;556;;M;4960302;252458;600
2,016E+11;16;1;22;2100;3;1;1;5;6;468;;M;4950267;235528;600
2,016E+11;16;3;5;1215;1;1;1;9;1;503;;M;4958633;258037;600
2,016E+11;16;3;2;1430;1;2;1;2;6;581;rue de Paris;M;4950614;243388;600
2,016E+11;16;3;29;800;1;1;2;1;3;232;;M;4958761;249728;600
2,016E+11;16;6;24;2300;3;1;1;1;1;112;;M;4955766;248183;600
2,016E+11;16;7;14;815;1;1;1;1;1;374;;M;4954364;252799;600
2,016E+11;16;10;18;1945;1;1;2;1;3;222;Croisement D938 et D9;M;4946906;226211;600
2,016E+11;16;10;27;1515;1;2;1;1;6;702;rue de plainville;M;4960677;247872;600
2,016E+11;16;11;15;1645;2;1;1;2;5;581;;M;4951715;242052;600
2,016E+11;16;1;9;1845;1;1;3;1;3;537;;M;4952640;293882;600
2,016E+11;16;2;16;1430;1;2;1;1;3;64;20 rue Raymond Faroux;M;4941364;301245;600
2,016E+11;16;3;12;1830;1;2;1;1;6;119;rue du chateau;M;4949865;290245;600
2,016E+11;16;3;16;1015;1;1;1;1;3;129;;M;4952458;300248;600
2,016E+11;16;4;28;2245;5;2;1;1;6;534;05 rue de VERDUN;M;4941601;294235;600
2,016E+11;16;6;22;1700;1;2;6;1;6;471;BOULEVARD CARNOT;M;4957829;299476;600
2,016E+11;16;6;28;1415;1;1;1;1;7;25;;M;4940432;307001;600
2,016E+11;16;8;20;1445;1;2;1;1;3;636;Route Départementale 932;M;4947736;286742;600
2,016E+11;16;8;25;1500;1;2;1;1;1;151;rue  président roosvelt;M;4943109;286436;600
2,016E+11;16;10;24;1815;1;2;1;8;1;537;zac de la Grérie;M;4951725;292428;600
2,016E+11;16;11;15;1730;1;1;1;2;5;150;;M;4954744;295807;600
2,016E+11;16;12;3;545;5;2;1;1;6;119;rue de bellerive;M;4950003;291440;600
2,016E+11;16;12;8;900;1;2;1;8;6;641;rue de choisy au bac;M;4947775;299711;600
2,016E+11;16;12;23;1015;1;2;1;1;6;188;;M;4940412;300511;600
2,016E+11;16;1;8;715;3;1;1;1;1;617;;M;4962238;293156;600
2,016E+11;16;1;11;830;2;2;1;2;6;471;rue du tour de ville;M;4957294;301138;600
2,016E+11;16;2;5;115;3;1;1;9;6;471;;M;4960272;301274;600
2,016E+11;16;2;26;1045;1;1;2;1;3;474;;M;4969940;291305;600
2,016E+11;16;4;10;1930;1;2;1;1;2;676;rue de l'ormeau;M;4955349;293668;600
2,016E+11;16;6;20;1015;1;2;1;2;3;507;;M;4955213;304980;600
2,016E+11;16;8;6;1315;1;2;2;1;6;471;boulevard carnot;M;4957782;299804;600
2,016E+11;16;8;21;1945;1;1;1;1;7;291;;M;4967428;302334;600
2,016E+11;16;9;20;1045;1;2;1;1;3;471;boulevard ernest noel;M;4957953;300763;600
2,016E+11;16;10;4;930;1;1;3;1;3;55;;M;4959985;296963;600
2,016E+11;16;10;22;530;2;1;2;5;3;124;;M;4963764;290569;600
2,016E+11;16;11;8;1530;1;1;1;8;1;127;;M;4959293;280638;600
2,016E+11;16;12;29;1515;1;1;2;1;3;124;;M;4963794;290534;600
2,016E+11;16;2;3;1;3;1;1;1;6;160;;M;4961836;272435;600
2,016E+11;16;3;10;1515;1;1;1;1;3;533;;M;4952564;270894;600
2,016E+11;16;7;10;1930;1;2;2;1;3;386;;M;4951695;276313;600
2,016E+11;16;1;1;115;5;2;1;1;6;670;6 Rue Louis Crussard;M;4927260;250919;600
2,016E+11;16;1;21;815;1;1;1;1;1;509;;M;4928733;260294;600
2,016E+11;16;4;16;2115;3;1;1;1;6;509;;M;4929601;258579;600
2,016E+11;16;4;27;600;2;2;1;1;6;508;;M;4930053;265193;600
2,016E+11;16;6;17;1330;1;2;1;1;3;509;14 Rue Jean Moulin;M;4930662;260434;600
2,016E+11;16;7;24;1530;1;1;1;1;1;667;;M;4929459;272313;600
2,016E+11;16;8;27;815;1;1;1;1;6;667;;M;4927474;272754;600
2,016E+11;16;8;7;200;3;1;1;1;6;667;;M;4929713;272173;600
2,016E+11;16;9;22;45;5;1;6;1;6;509;;M;4932424;260412;600
2,016E+11;16;10;7;545;1;2;1;1;1;509;;M;4930406;260443;600
2,016E+11;16;5;4;2215;3;1;1;1;1;176;;M;4275614;177071;90