Num_Acc;an;mois;jour;hrmn;lum;agg;int;atm;col;com;adr;gps;lat;long;dep
2,016E+11;16;8;14;1700;1;1;1;1;6;32;;M;4267658;183481;90
2,016E+11;16;9;9;1215;1;1;1;1;1;189;;M;4268488;182365;90
2,016E+11;16;9;10;1700;1;1;1;1;6;139;;M;4257617;179032;90
2,016E+11;16;1;22;2045;5;2;1;2;3;324;avenue du 8 mai 1945;M;4304699;163327;90
2,016E+11;16;12;13;815;2;1;1;9;6;163;;M;4314705;152245;90
2,016E+11;16;12;30;2030;3;1;1;5;7;238;;M;4309250;170384;90
2,016E+11;16;2;6;1545;1;1;1;2;6;32;;M;0;0;830
2,016E+11;16;2;13;1500;1;1;1;2;5;25;;M;0;0;830
2,016E+11;16;4;20;1745;1;1;1;1;3;39;;M;0;0;830
2,016E+11;16;11;12;315;3;1;1;1;7;32;;M;0;0;830
2,016E+11;16;5;27;1715;1;1;1;1;1;149;;M;0;0;830
2,016E+11;16;1;14;800;2;1;1;4;1;26;;M;;;900
2,016E+11;16;5;6;800;1;1;1;1;7;68;;M;0;0;900
2,016E+11;16;6;18;300;5;1;6;1;6;93;;M;0;0;900
2,016E+11;16;6;25;30;3;2;1;3;7;37;13 rue de Valdoie;M;0;0;900
2,016E+11;16;12;27;1430;1;1;1;7;3;12;;M;0;0;900
2,016E+11;16;5;30;1630;1;1;1;1;6;9;;M;0;0;900
2,016E+11;16;3;6;515;3;1;1;1;1;202;LE PONT DU MESNIL;M;4900620;-96024;500
2,016E+11;16;3;11;2030;3;1;3;1;3;139;LA PETITIERE;M;4907250;-102247;500
2,016E+11;16;3;31;1230;1;1;2;1;3;444;;M;4904680;-96303;500
2,016E+11;16;6;7;1145;1;1;1;1;6;601;;M;4904040;-98471;500
2,016E+11;16;2;3;700;3;1;2;2;3;625;LES QUATRE VENTS;M;4875390;-90623;500
2,016E+11;16;9;16;1130;1;1;1;8;5;284;;M;4858300;-143644;500
2,016E+11;16;10;15;145;5;2;1;1;6;410;RUE DU DOCTEUR BAILLEUL;M;4855280;-150629;500
2,016E+11;16;10;29;1800;1;1;2;1;3;543;ROUTE DE LA FOSSE;M;4864010;-129443;500
2,016E+11;16;11;12;1900;5;2;1;3;1;347;RUE DE PONTORSON;M;4852410;-132865;500
2,016E+11;16;11;27;1700;1;1;1;1;1;290;LA CROIX DU CHENOT;M;4865990;-128011;500
2,016E+11;16;12;1;1745;5;2;1;1;3;168;RUE DE L'OIR;M;4861960;-128888;500
2,016E+11;16;3;2;615;3;2;1;3;6;484;ROUTE DE FOUGÈRES;M;4856900;-109542;500
2,016E+11;16;4;27;1630;1;2;9;1;6;274;AV MARECHAL LECLERC;M;4857730;-109178;500
2,016E+11;16;6;4;1130;1;1;3;1;1;274;ISABLAIS;M;4853830;-106876;500
2,016E+11;16;7;7;1100;1;1;1;1;2;256;LES CINQ TOURNEES;M;4859860;-119705;500
2,016E+11;16;11;3;1115;1;1;1;1;2;256;LES CINQ TOURNEES;M;4859990;-120021;500
2,016E+11;16;7;22;1745;1;1;2;1;3;648;CARREFOUR DES VERGERS;M;4949610;-151466;500
2,016E+11;16;11;25;1515;1;1;1;1;1;135;LA MAISON DES CHAMPS;M;4964990;-139621;500
2,016E+11;16;1;7;2000;3;1;1;8;7;45;;M;4954100;-177906;500
2,016E+11;16;1;19;1930;3;1;1;9;1;402;LE POINT DU JOUR;M;4951100;-176767;500
2,016E+11;16;2;5;715;2;1;1;1;3;604;LA LAGUE;M;4954780;-185074;500
2,016E+11;16;3;27;100;3;1;1;1;7;425;HAMEAU ECOURTEMER;M;4951520;-166137;500
2,016E+11;16;4;23;1615;1;2;1;1;6;31;AVENUE DE LA MER;M;4936900;-176775;500
2,016E+11;16;5;3;800;1;2;3;7;3;82;RUE P MARIE / ABBAYE;M;4947050;-163867;500
2,016E+11;16;6;22;1115;1;2;1;1;7;425;ROUTE DES ECOLES;M;4951950;-168082;500
2,016E+11;16;7;8;1700;1;1;2;1;3;425;LA CROIX VALMONT;M;4951440;-167850;500
2,016E+11;16;7;31;930;1;1;1;1;6;176;LE MELLERET;M;4947430;-159967;500
2,016E+11;16;9;3;1815;1;1;2;1;3;31;;M;4937870;-174213;500
2,016E+11;16;9;21;500;3;1;1;1;1;176;;M;4947940;-160636;500
2,016E+11;16;10;21;2115;3;1;1;1;7;425;HAMEAU DELAY;M;4952790;-164855;500
2,016E+11;16;2;28;1915;3;1;1;8;6;390;;M;4950650;-134768;500
2,016E+11;16;3;11;1515;1;1;1;1;6;551;LE JARDIN BOISSY;M;4937820;-157731;500
2,016E+11;16;3;25;1915;2;1;1;1;7;177;;M;4940420;-144166;500
2,016E+11;16;5;3;815;2;2;9;7;2;103;LE PORT;M;4936840;-133629;500
2,016E+11;16;8;5;30;3;1;1;1;5;233;;M;4942830;-149389;500
2,016E+11;16;9;9;1615;1;1;1;1;3;426;AV DIVISION LECLERC;M;4937940;-153091;500
2,016E+11;16;9;23;1115;1;1;3;1;3;269;LE MOULIN;M;4935430;-132693;500
2,016E+11;16;7;8;830;1;1;1;1;1;92;;M;4908580;-135291;500
2,016E+11;16;8;11;1515;1;1;1;1;7;350;LA MONTERIE;M;4902430;-130031;500
2,016E+11;16;10;6;1745;1;1;1;1;5;419;RUE DU MONT SAINT MICHEL;M;4896130;-147382;500
2,016E+11;16;5;22;1430;1;2;1;1;1;10;ROUTE DE GRENOBLE;M;4452681;576326;50
2,016E+11;16;5;29;2000;1;1;1;1;7;8;;M;4449725;572969;50
2,016E+11;16;6;24;1745;1;1;1;7;6;179;;M;4453996;583973;50
2,016E+11;16;8;6;1715;1;1;1;1;2;123;;M;4456189;593421;50
2,016E+11;16;10;20;1730;1;1;1;1;5;146;;M;4458349;572263;50
2,016E+11;16;11;17;1745;3;1;1;1;2;179;;M;4453320;579964;50
2,016E+11;16;11;22;945;1;2;3;2;3;179;;M;4453156;580649;50
2,016E+11;16;8;14;930;1;1;1;1;4;84;;M;4455648;623806;50
2,016E+11;16;9;9;2325;3;1;1;3;2;124;;M;4457734;614901;50
2,016E+11;16;11;1;1800;3;1;3;1;4;84;;M;4455911;622078;50
2,016E+11;16;4;30;1715;1;1;1;2;1;12;;M;4454786;648516;50
2,016E+11;16;2;22;1845;3;1;1;3;6;506;;M;4917840;-79851;140
2,016E+11;16;3;8;2055;3;1;1;1;6;103;LA BOULLAYE;M;4925140;-87522;140
2,016E+11;16;3;9;1410;1;1;1;3;6;551;;M;4933290;-82472;140
2,016E+11;16;3;20;1600;1;1;1;1;6;239;;M;4938840;-94092;140
2,016E+11;16;5;22;1900;1;2;1;3;7;614;DÉPARTEMENTALE 11;M;4922520;-104638;140
2,016E+11;16;5;26;1850;1;1;1;1;3;716;;M;4919210;-72072;140
2,016E+11;16;6;19;915;1;1;2;1;3;714;;M;4922640;-81569;140
2,016E+11;16;10;26;1345;1;2;1;1;3;312;AVENUE MARCEL DESTORS;M;4938100;-105658;140
2,016E+11;16;7;18;2330;3;1;1;1;7;377;;M;4932090;-70293;140
2,016E+11;16;9;1;1045;1;1;2;1;1;577;;M;4927200;-55800;140
2,016E+11;16;3;29;150;4;2;1;1;7;692;;M;4917720;-60870;140
2,016E+11;16;8;10;1550;1;1;2;1;7;353;;M;4906910;-57535;140
2,016E+11;16;12;1;1530;1;1;1;1;2;111;;M;4921800;-65500;140
2,016E+11;16;12;11;1345;1;1;1;1;1;182;;M;0;0;140
2,016E+11;16;12;20;1515;1;1;2;7;5;389;;M;4905200;-66500;140
2,016E+11;16;2;21;1000;1;2;1;2;6;514;RUE SAINT MICHEL;M;4928520;18336;140
2,016E+11;16;2;22;1945;5;2;3;3;6;644;LA FONTAINE D'ANJOU;M;4920890;28693;140
2,016E+11;16;4;11;1600;1;1;1;1;6;578;;M;4934090;21931;140
2,016E+11;16;4;28;800;1;1;3;1;1;593;;M;4922880;18066;140
2,016E+11;16;5;8;1030;1;1;2;1;3;299;;M;4937640;27580;140
2,016E+11;16;5;15;1930;1;1;1;1;1;492;;M;4941270;18572;140
2,016E+11;16;12;28;600;3;1;1;9;6;528;;M;0;0;140
2,016E+11;16;6;26;1615;1;2;1;1;6;754;;M;4932230;-563;140
2,016E+11;16;8;19;900;1;1;1;1;3;494;;;;;140
2,016E+11;16;10;3;1730;1;1;1;1;3;474;D613;M;4913270;-91;140
2,016E+11;16;11;1;1500;1;2;1;1;6;754;6 RUE DE LA SAUVAGINE;;;;140
2,016E+11;16;11;15;1430;1;1;1;2;7;83;L'EGLISE;M;4923080;10111;140
2,016E+11;16;11;27;2045;3;1;1;1;7;33;;M;4922540;6438;140
2,016E+11;16;12;31;1015;1;1;1;9;1;455;;M;4900500;-36000;140
2,016E+11;16;12;30;1845;3;1;9;9;6;546;;M;4900700;-17400;140
2,016E+11;16;3;29;1230;1;2;1;1;7;456;RUE DES PERDRIX;M;4911450;-17295;140
2,016E+11;16;6;23;2345;3;2;1;1;7;516;;M;4896830;-24119;140
2,016E+11;16;7;9;1845;1;1;1;1;2;39;D131-RUE GRANDE RUE;M;4900960;-35825;140
2,016E+11;16;11;7;745;2;1;1;2;1;319;;;;;140
2,016E+11;16;4;7;725;2;1;1;2;1;251;;M;4895970;-47865;140
2,016E+11;16;4;10;1745;1;1;3;1;2;223;;M;4887630;-33805;140
2,016E+11;16;4;14;715;1;2;1;1;5;162;RUE DE L'ORNE;M;4893200;-51131;140
2,016E+11;16;4;24;1945;1;1;1;1;6;656;;M;4895390;-48929;140
2,016E+11;16;5;10;1145;1;2;6;2;7;689;RUE DE CONDE;M;4898060;-47581;140
2,016E+11;16;5;14;1645;1;1;1;1;7;505;;M;4897080;-43503;140
2,016E+11;16;6;6;2030;1;1;1;1;6;656;;M;4895430;-48856;140
2,016E+11;16;6;13;1815;1;1;1;8;6;764;;M;4887930;-39952;140
2,016E+11;16;6;22;2200;2;1;1;2;6;689;;;;;140
2,016E+11;16;6;23;915;1;1;1;1;1;602;;M;4893440;-56362;140
2,016E+11;16;7;1;1745;1;1;1;2;6;458;;;;;140
2,016E+11;16;1;20;1700;1;1;3;1;3;478;;M;4903340;38600;140
2,016E+11;16;3;7;1330;1;1;1;1;1;210;LIEU-DIT LA POTERIE;M;4902940;27814;140
2,016E+11;16;3;18;1555;1;2;1;1;6;471;;M;4899080;26465;140
2,016E+11;16;5;5;1315;1;1;1;1;6;326;;;;;140
2,016E+11;16;6;1;1350;1;1;1;2;3;647;;M;4907650;30444;140
2,016E+11;16;7;3;2315;3;1;1;1;2;504;RD 510;M;4920330;32543;140
2,016E+11;16;7;23;2000;1;1;1;1;6;626;;;;;140
2,016E+11;16;10;6;1415;1;1;1;1;1;326;;M;4916120;27330;140
2,016E+11;16;11;7;510;4;2;1;1;1;69;PONT DE GLOS;M;4912970;26771;140
2,016E+11;16;12;3;1030;1;1;1;1;3;504;;M;4921200;34000;140
2,016E+11;16;12;9;1215;1;2;1;1;7;303;19 rue d'orbec;M;0;0;140
2,016E+11;16;12;15;915;1;1;1;1;1;326;;M;4918600;29900;140
2,016E+11;16;2;3;1900;5;2;3;1;6;431;;M;4908000;-5964;140
2,016E+11;16;5;17;1500;1;1;1;1;7;419;;M;4909020;17280;140
2,016E+11;16;7;22;1900;1;1;1;1;6;697;RD39 AMMEVILLE;M;4895210;4849;140
2,016E+11;16;5;19;1900;1;1;1;1;7;611;LA MARE (LIEU-DIT);M;4882180;-95838;140
2,016E+11;16;3;22;1640;1;1;1;1;3;730;LIEU-DIT LE TESSON;M;4886280;-83086;140
2,016E+11;16;7;10;1815;1;1;1;1;7;79;;M;0;0;60
2,016E+11;16;7;14;230;5;2;1;1;6;79;avenue Henry Clews;M;0;0;60
2,016E+11;16;8;25;530;5;1;1;1;6;138;;M;0;0;60
2,016E+11;16;9;16;445;4;2;1;1;6;90;980 avenue de Grasse;M;0;0;60
2,016E+11;16;10;4;850;1;2;6;7;6;90;Place du Logis;M;4359294;693008;60
2,016E+11;16;10;9;1230;1;2;1;1;3;90;2344 route de la fènerie;M;4357522;693385;60
2,016E+11;16;11;1;1538;1;2;3;1;2;79;519 route de fréjus;M;4352570;691389;60
2,016E+11;16;11;10;700;1;2;6;1;3;7;Route de Grasse;M;4361377;692008;60
2,016E+11;16;11;16;1015;1;2;1;1;2;90;bd de la mourachonne;M;4359955;693194;60
2,016E+11;16;12;3;2150;5;2;3;2;3;79;2220 Bouleva des anciens;M;4355178;694185;60
2,016E+11;16;12;6;1730;3;2;1;1;6;7;Route de Grasse;M;4361027;691607;60
2,016E+11;16;12;9;1450;1;1;1;1;3;108;675 chemin du pont neuf;M;4358646;695704;60
2,016E+11;16;12;13;2250;5;2;1;1;1;79;Avenue du Maréchal de La;M;4354874;694178;60
2,016E+11;16;12;21;330;5;1;1;2;6;79;D6007 - 300 mètres avant;M;4353667;693402;60
2,016E+11;16;12;31;1725;5;2;9;1;3;79;Avenue de Fréjus - RD 60;M;4352676;692663;60
2,016E+11;16;3;26;1315;1;1;1;1;6;10;;M;0;0;60
2,016E+11;16;6;22;1915;1;1;1;1;1;68;;M;0;0;60
2,016E+11;16;7;19;1700;1;2;1;1;3;112;route de Nice;M;0;0;60
2,016E+11;16;7;27;1545;1;2;1;1;2;112;97 route de Nice;M;0;0;60
2,016E+11;16;9;8;1215;1;2;1;1;1;112;43 route de nice;M;4367458;700950;60
2,016E+11;16;9;11;1100;1;1;1;1;7;10;;M;0;0;60
2,016E+11;16;10;4;2250;3;2;1;1;6;10;165 Route de Gourdon;M;4369439;697087;60
2,016E+11;16;10;23;1520;1;2;1;2;3;105;1149, route de nice;M;4366460;705324;60
2,016E+11;16;11;16;1015;1;2;1;1;6;148;1 place de la libération;M;4371645;705831;60
2,016E+11;16;12;10;1400;1;1;1;1;6;68;route départementale 3;M;4372249;697942;60
2,016E+11;16;12;17;200;5;2;9;1;6;105;rd 2085;M;4366306;705567;60
2,016E+11;16;3;26;830;1;2;1;1;6;136;Av. des Arcs sur Argens;M;4387838;744788;60
2,016E+11;16;6;3;1645;1;1;1;3;1;163;;M;0;0;60
2,016E+11;16;6;6;1;3;1;1;1;6;163;;M;0;0;60
2,016E+11;16;7;29;1915;1;1;1;1;6;163;;M;4406900;758900;60
2,016E+11;16;9;25;1100;1;1;1;1;7;163;;M;0;0;60
2,016E+11;16;11;10;1800;5;2;3;1;1;23;rd6204;M;4394656;751822;60
2,016E+11;16;11;30;835;1;2;1;1;7;163;avenue Georges Bidault;M;4408350;759409;60
2,016E+11;16;1;12;730;2;2;1;1;3;59;Avenue de la Liberté;M;4320500;759700;60
2,016E+11;16;2;3;1645;1;2;1;1;3;59;avenue de verdun;M;0;0;60
2,016E+11;16;6;27;1745;1;2;9;1;1;59;757 Bd du Mal LECLERC;M;0;0;60
2,016E+11;16;7;31;1730;1;2;1;1;6;59;Avenue de la liberté;M;0;0;60
2,016E+11;16;8;4;1930;1;1;1;1;1;32;;M;0;0;60
2,016E+11;16;8;16;730;1;2;1;1;2;32;D6007, PR60+300;M;0;0;60
2,016E+11;16;8;24;1200;1;1;3;1;3;59;;M;0;0;60
2,016E+11;16;8;28;615;2;1;1;1;7;59;;M;0;0;60
2,016E+11;16;10;15;2035;5;1;1;1;6;59;1777 Avenue des diables;M;4373566;736469;60
2,016E+11;16;10;19;827;1;1;1;1;3;59;Basse corniche - sortie;M;4372461;737972;60
2,016E+11;16;12;9;1805;3;1;1;1;6;59;avenue Raymond Poincaré;M;4372050;736873;60
2,016E+11;16;12;17;1319;1;2;9;7;6;32;13 avenue du 3 septembre;M;4372705;741131;60
2,016E+11;16;12;17;1745;5;2;4;1;6;150;Route de Menton;M;4374960;740902;60
2,016E+11;16;6;10;1630;1;1;1;1;6;101;;M;0;0;60
2,016E+11;16;8;15;1430;1;2;1;1;2;71;avenue des PLANS;M;0;0;60
2,016E+11;16;12;25;1859;3;1;1;1;6;16;Départementale 28;M;4409618;698063;60
2,016E+11;16;11;16;845;1;1;1;1;3;151;Le chaudan;M;4387063;719810;60
2,016E+11;16;8;13;1030;1;2;1;1;2;23;rue saint laurent;M;0;0;720
2,016E+11;16;9;26;1015;1;1;1;1;1;26;;M;0;0;720
2,016E+11;16;5;8;1715;1;1;1;1;6;42;;M;0;0;720
2,016E+11;16;4;7;1415;1;1;1;1;6;300;;M;0;0;720
2,016E+11;16;4;3;100;3;1;1;1;6;161;;M;0;0;720
2,016E+11;16;7;23;1515;1;1;1;1;2;71;;M;0;0;720
2,016E+11;16;12;1;1830;5;2;1;1;2;325;08 rue andré Albert;M;4783000;49000;720
2,016E+11;16;12;12;615;3;1;1;2;7;183;;M;4773800;55200;720
2,016E+11;16;3;6;2000;3;1;2;1;3;104;;M;0;0;720
2,016E+11;16;3;12;1715;1;1;6;1;1;39;;M;0;0;720
2,016E+11;16;3;23;1630;1;1;1;1;6;276;;M;0;0;720
2,016E+11;16;4;5;1430;1;2;9;1;3;104;1 RUE DES TERRES;M;0;0;720
2,016E+11;16;5;2;1645;1;2;9;1;1;180;125 rue ledru rollin;M;0;0;720
2,016E+11;16;11;27;1545;1;2;1;1;2;180;2 Charles Granger;M;0;0;720
2,016E+11;16;12;13;1715;2;1;1;1;6;104;;M;0;0;720
2,016E+11;16;6;24;1615;1;2;6;1;3;132;av general de gaulle;M;0;0;720
2,016E+11;16;8;9;715;1;1;1;1;6;322;;M;0;0;720
2,016E+11;16;8;17;1345;1;2;1;1;1;29;Rue de Beaulieu;M;0;0;720
2,016E+11;16;11;27;1700;5;2;1;1;3;138;rue doumer;M;4828000;2900;720
2,016E+11;16;12;6;800;2;1;1;5;1;394;;M;4957800;539500;540
2,016E+11;16;6;10;2215;5;2;1;1;6;260;;M;0;0;540
2,016E+11;16;11;20;430;5;2;1;1;6;325;ROUTE DE LORO;M;4844500;643900;540
2,016E+11;16;1;10;1400;1;2;1;2;1;129;Rue Lyautey;M;4858500;694200;540
2,016E+11;16;3;27;1745;1;1;1;1;3;40;;M;4881700;653300;540
2,016E+11;16;6;28;1415;1;1;1;1;7;40;;M;4848910;694595;540
2,016E+11;16;7;8;1400;1;1;1;1;3;40;;M;4848464;695435;540
2,016E+11;16;4;1;1600;1;1;1;8;6;343;;M;0;0;540
2,016E+11;16;4;9;1900;1;1;1;1;7;463;;M;4879000;598000;540
2,016E+11;16;4;25;1815;1;2;2;2;1;490;route nationale;M;4879295;604569;540
2,016E+11;16;7;10;2030;1;1;1;1;6;200;;M;4889300;583700;540
2,016E+11;16;9;8;1530;1;1;1;1;6;200;;M;4886900;583200;540
2,016E+11;16;12;27;1545;1;1;1;4;6;435;;M;4896700;593300;540
2,016E+11;16;11;22;1313;1;2;2;1;3;220;GENERAL DE GAULLE (AVENU;;;;140
2,016E+11;16;11;29;2255;5;2;2;1;1;220;REPUBLIQUE (AVENUE DE LA;;;;140
2,016E+11;16;12;4;1745;5;2;3;1;3;220;AVENIR (RUE DE L');;;;140
2,016E+11;16;1;2;1750;3;2;2;2;3;79;BEAUMONT (ROUTE DE);M;4932400;3632;140
2,016E+11;16;12;5;1430;1;2;1;1;7;715;FERNAND MOUREAUX (BOULEV;;;;140
2,016E+11;16;1;9;1900;5;2;6;2;6;220;REPUBLIQUE (AVENUE DE LA;M;4936030;8235;140
2,016E+11;16;12;28;1210;1;2;3;1;3;79;ORMES (Rue des);;;;140
2,016E+11;16;1;13;1455;1;2;1;1;3;715;32, FERNAND MOUREAUX (BO;M;4936260;8511;140
2,016E+11;16;1;15;715;1;2;1;1;3;715;95, GENERAL DE GAULLE (R;M;4935960;8887;140
2,016E+11;16;1;27;1400;1;2;1;1;6;699;LOUVEL ET BRIERE (RUE);M;4934240;10246;140
2,016E+11;16;1;28;1115;1;1;2;2;3;79;VILLERS (ROUTE DE);M;4930710;4083;140
2,016E+11;16;1;29;1535;1;1;1;1;6;701;CD 275;M;4929810;8110;140
2,016E+11;16;1;30;1300;1;2;6;2;2;557;BRIQUETTERIE (CHEMIN DE;M;4933900;9894;140
2,016E+11;16;1;31;1020;1;1;1;1;1;715;AGUESSEAU (ROUTE D');M;4936490;10229;140
2,016E+11;16;1;31;1920;5;2;1;1;1;557;AVENUE MICHEL D'ORNANO;M;4934330;8735;140
2,016E+11;16;2;13;1430;1;2;1;2;7;220;VICTOR-HUGO (RUE);M;4935820;7163;140
2,016E+11;16;2;27;1745;1;1;1;1;3;557;L'ORGUEIL (CHEMIN DE);M;4931810;8998;140
2,016E+11;16;3;6;1350;1;1;6;1;7;220;ROUTE DEPARTEMENTALE 27;M;4935660;8581;140
2,016E+11;16;3;18;1407;1;2;1;1;7;220;JOHN FITZGERALD KENNEDY;M;4935930;8693;140
2,016E+11;16;3;27;1145;1;2;1;1;6;715;FERNAND MOUREAUX (BOULEV;M;4936460;8238;140
2,016E+11;16;3;19;1810;1;2;1;1;6;220;MARINE (QUAI DE LA );;;;140
2,016E+11;16;3;10;1358;1;1;2;1;7;699;CD 677;M;4935100;9245;140
2,016E+11;16;4;28;1930;1;2;1;1;6;701;VILLERS (ROUTE DE);M;4935200;6018;140
2,016E+11;16;4;15;1835;1;2;1;1;7;699;HAUT BOIS (AVENUE DU);M;4935710;10946;140
2,016E+11;16;4;16;1750;1;2;1;1;3;59;LITTORAL (AVENUE DU);M;4934570;4345;140
2,016E+11;16;4;10;1021;1;2;1;1;6;220;REPUBLIQUE (AVENUE DE LA;M;4935840;7695;140
2,016E+11;16;5;14;1819;1;1;1;1;2;557;C.D. 27;M;4932780;9352;140
2,016E+11;16;5;14;1037;1;2;6;8;3;220;CD 677;M;4935300;9020;140
2,016E+11;16;5;8;1525;1;2;1;1;3;220;REPUBLIQUE (AVENUE DE LA;M;4935780;7547;140
2,016E+11;16;5;25;1825;1;2;1;1;6;220;MER (RUE DE LE);M;4936090;6886;140
2,016E+11;16;5;20;1425;1;2;3;1;3;699;GENERAL DE GAULLE (AVENU;M;4934670;10246;140
2,016E+11;16;7;19;1300;1;2;1;1;6;220;CORNUCHE (BOULEVARD);M;4936010;6648;140
2,016E+11;16;6;23;1005;1;2;2;1;6;715;AGUESSEAU (RUE D');M;4936100;8689;140
2,016E+11;16;6;19;1825;1;2;1;1;7;220;96, REPUBLIQUE (AVENUE D;M;4935900;7871;140
2,016E+11;16;6;22;1845;1;1;1;1;3;701;C.D. 27;M;4932750;7646;140
2,016E+11;16;7;24;1535;1;1;1;1;2;701;VILLERS (ROUTE DE);M;4935230;6023;140
2,016E+11;16;7;9;1700;1;2;1;1;7;701;C.D. 27;;;;140
2,016E+11;16;7;11;1905;1;2;1;1;7;220;CORNUCHE (BOULEVARD);M;4936080;7105;140
2,016E+11;16;7;13;855;1;2;2;2;3;220;RASPAIL (RUE);;;;140
2,016E+11;16;7;20;1320;1;2;1;1;7;715;FERNAND MOUREAUX (PLACE);;;;140
2,016E+11;16;7;23;1640;1;2;1;1;7;220;11, LAPLACE (RUE);M;4935580;7003;140
2,016E+11;16;7;27;1215;1;2;1;1;6;220;LOUIS-ARMAND (PLACE);;;;140
2,016E+11;16;7;30;1740;1;2;1;1;7;220;CORNUCHE (BOULEVARD);;;;140
2,016E+11;16;7;30;2100;1;2;2;1;3;220;REPUBLIQUE (AVENUE DE LA;;;;140
2,016E+11;16;9;20;125;5;2;4;1;1;220;GAMBETTA (RUE);;;;140
2,016E+11;16;9;21;1630;1;2;1;1;6;220;FLORIAN DE KERGORLAY (AV;;;;140
2,016E+11;16;8;17;1035;1;2;1;1;2;557;AVENUE MICHEL D'ORNANO;M;4934400;8614;140
2,016E+11;16;9;20;2120;5;2;1;1;6;699;CD 677;;;;140
2,016E+11;16;8;24;1745;1;2;1;1;6;79;02, TENNIS (RUE DES);M;4933710;2907;140
2,016E+11;16;8;10;1750;1;2;1;1;3;59;GENERAL LECLERC (AVENUE;;;;140
2,016E+11;16;8;20;1215;1;1;1;1;3;701;C.D. 27;;;;140
2,016E+11;16;8;20;1400;1;1;2;1;3;79;C D 27;;;;140
2,016E+11;16;8;23;850;1;2;1;1;7;220;AGUSTE-DECAENS (RUE);;;;140
2,016E+11;16;8;30;1130;1;2;1;1;7;715;MARINIERE (RUE DE LA);;;;140
2,016E+11;16;8;30;1105;1;2;1;1;7;220;REPUBLIQUE (AVENUE DE LA;;;;140
2,016E+11;16;9;5;1755;1;2;1;1;4;79;MICHEL D'ORNANO (AVENUE);;;;140
2,016E+11;16;9;10;1735;1;2;1;1;2;699;CD 677;;;;140
2,016E+11;16;9;27;1905;1;1;1;1;7;701;CD 275;;;;140
2,016E+11;16;11;2;230;5;1;1;1;7;557;RD27;M;4934070;9746;140
2,016E+11;16;10;1;1815;1;2;1;1;3;220;REPUBLIQUE (AVENUE DE LA;;;;140
2,016E+11;16;10;1;1525;1;2;1;1;7;715;01, JOHN FITZGERALD KENN;;;;140
2,016E+11;16;10;6;1035;1;2;1;1;7;220;12, MER (RUE DE LE);;;;140
2,016E+11;16;10;13;1410;1;1;1;1;1;715;AGUESSEAU (ROUTE D');;;;140
2,016E+11;16;10;15;2105;3;1;1;1;7;701;CD 278;;;;140
2,016E+11;16;10;15;945;1;2;1;1;7;59;72, LITTORAL (AVENUE DU);;;;140
2,016E+11;16;10;15;1440;1;2;1;2;7;220;44, REPUBLIQUE (AVENUE D;;;;140
2,016E+11;16;10;17;1420;1;2;1;1;7;79;MICHEL D'ORNANO (AVENUE);;;;140
2,016E+11;16;10;22;1650;1;2;1;1;7;220;AGUSTE-DECAENS (RUE);;;;140
2,016E+11;16;10;29;1610;1;1;1;1;7;557;C.D. 27;;;;140
2,016E+11;16;6;8;1130;1;1;1;1;7;137;;M;0;0;660
2,016E+11;16;7;15;1300;1;2;1;1;6;106;route de las illas;M;4248918;280852;660
2,016E+11;16;7;29;1615;1;1;1;1;6;214;;M;0;0;660
2,016E+11;16;9;21;1515;1;1;1;1;6;178;;M;0;0;660
2,016E+11;16;5;5;1500;1;2;1;1;3;53;rd 114;M;0;0;660
2,016E+11;16;2;24;1715;1;1;1;1;6;197;;M;0;0;660
2,016E+11;16;8;8;1945;2;1;1;1;1;25;;M;0;0;660
2,016E+11;16;12;20;500;3;1;1;1;7;218;;M;4245569;193614;660
2,016E+11;16;9;17;1800;1;1;1;1;3;20;;M;0;0;660
2,016E+11;16;1;20;645;4;2;1;9;6;10;lieu dit les pasquelins;M;0;0;580
2,016E+11;16;2;6;1745;2;1;2;1;3;289;;M;0;0;580
2,016E+11;16;12;1;1445;1;1;1;7;1;168;;M;0;0;580
2,016E+11;16;12;31;330;3;1;1;1;7;168;;M;0;0;580
2,016E+11;16;8;24;2200;3;1;1;1;6;125;;M;0;0;580
2,016E+11;16;2;15;1215;1;1;1;2;6;283;;M;0;0;580
2,016E+11;16;3;17;930;1;1;1;1;1;127;;M;0;0;580
2,016E+11;16;7;6;1115;1;1;1;1;3;127;;M;0;0;580
2,016E+11;16;5;31;1430;1;1;1;2;6;20;RD6;M;0;0;260
2,016E+11;16;6;11;2330;5;2;1;1;6;108;RUE DE LA REPUBLIQUE;M;4472891;502385;260
2,016E+11;16;8;17;1000;1;1;1;1;6;234;LES MOULINAS;M;0;0;260
2,016E+11;16;11;14;930;1;2;1;1;6;108;LA LOZIERE;M;4473179;504212;260
2,016E+11;16;11;14;1115;1;2;2;1;6;108;QUAI DE VERDUN;M;4472709;502398;260
2,016E+11;16;12;10;1830;5;2;1;1;6;108;AV DES TROIS BECS;M;4472570;503141;260
2,016E+11;16;10;6;2000;3;1;1;1;1;167;RD 93;M;0;0;260
2,016E+11;16;10;15;1220;1;1;1;1;6;69;RD 518;M;0;0;260
2,016E+11;16;10;16;200;5;2;1;1;6;113;AVENUE DE LA CLAIRETTE;M;0;0;260
2,016E+11;16;10;18;1400;1;1;1;1;7;187;CHAROUX;M;0;0;260
2,016E+11;16;10;22;835;1;1;1;1;7;113;RUINEL ET ONGLANE;M;4476737;531948;260
2,016E+11;16;11;10;1150;1;1;1;8;3;1;LA  TUILIERE;M;0;0;260