Num_Acc;an;mois;jour;hrmn;lum;agg;int;atm;col;com;adr;gps;lat;long;dep
2,016E+11;16;12;3;430;3;1;1;9;6;248;CLEF;M;0;0;260
2,016E+11;16;2;20;1430;1;1;1;1;6;243;LES RIVALES;M;0;0;260
2,016E+11;16;10;5;1710;1;1;1;1;6;300;LES TOMBES;M;0;0;260
2,016E+11;16;1;2;2000;3;1;1;1;7;193;RTE DE LA LAVANDE;M;0;0;260
2,016E+11;16;10;22;1220;1;2;1;1;6;63;BD EYSSERIC;M;0;0;260
2,016E+11;16;3;19;1730;1;1;1;2;7;148;BOIS DES RIVOIRES;M;0;0;260
2,016E+11;16;7;23;1500;1;2;1;1;1;428;rue de la Vaugine;M;4764278;614454;700
2,016E+11;16;8;23;2330;3;1;1;1;7;111;;M;4764076;626875;700
2,016E+11;16;11;6;430;3;1;1;1;7;429;;M;4766294;616570;700
2,016E+11;16;9;15;1530;1;1;1;8;7;488;;M;4781558;605639;700
2,016E+11;16;12;26;2100;3;1;1;5;7;329;;M;4773495;580304;700
2,016E+11;16;12;23;1215;1;1;1;5;7;387;;M;4757383;598094;700
2,016E+11;16;11;14;1345;1;2;4;8;5;340;CARREFOUR D70 - RD1;M;4759252;573353;700
2,016E+11;16;1;26;1145;1;1;1;1;6;393;;M;4743623;590555;700
2,016E+11;16;11;10;1315;1;1;1;2;1;48;;M;4727899;563028;700
2,016E+11;16;9;24;830;1;1;1;7;6;215;;M;4768164;678011;700
2,016E+11;16;1;21;2100;5;1;1;1;6;245;;M;4786741;638656;700
2,016E+11;16;4;12;800;1;1;2;1;3;360;;M;4793055;608152;700
2,016E+11;16;6;4;1300;1;1;1;8;5;245;;M;4792409;642559;700
2,016E+11;16;7;29;1730;1;2;5;1;2;245;RD57D;M;4787497;639111;700
2,016E+11;16;7;10;1800;1;1;1;1;7;477;;M;4759297;663191;700
2,016E+11;16;12;28;1400;1;2;1;1;2;246;;M;4672647;-115711;850
2,016E+11;16;1;12;900;1;1;1;4;4;64;;M;4682070;-121766;850
2,016E+11;16;1;15;1300;1;1;1;1;5;232;;M;4666228;-115684;850
2,016E+11;16;5;25;1400;1;1;1;1;6;38;MALVILLE;M;4689732;-134144;850
2,016E+11;16;7;23;1915;1;1;1;1;6;89;;M;4675276;-126717;850
2,016E+11;16;10;27;800;3;1;1;1;5;64;;M;4684450;-125851;850
2,016E+11;16;11;6;1315;1;1;1;4;6;302;;M;4694155;-97322;850
2,016E+11;16;11;17;730;2;1;1;1;5;109;LA PELLETRIE;M;4687197;-94979;850
2,016E+11;16;11;21;1445;1;1;1;1;1;224;;M;4703065;-135248;850
2,016E+11;16;12;19;1300;1;2;1;1;6;97;RUE JACQUES FORESTIER;M;4694350;-105916;850
2,016E+11;16;1;20;1800;3;1;1;1;5;72;;M;0;0;10
2,016E+11;16;1;27;1815;3;1;1;1;1;72;;M;4618546;530110;10
2,016E+11;16;7;10;815;1;2;1;7;6;350;RD3;M;0;0;10
2,016E+11;16;8;4;715;1;1;2;1;3;426;;M;4628536;534171;10
2,016E+11;16;9;30;2015;1;1;6;1;7;72;;M;0;0;10
2,016E+11;16;12;10;950;1;1;1;1;1;184;;M;4616496;540660;10
2,016E+11;16;12;19;1415;1;1;1;2;7;426;;M;0;0;10
2,016E+11;16;1;8;1915;3;1;1;2;1;266;;M;0;0;10
2,016E+11;16;5;14;1145;1;1;1;2;5;108;1270;M;4638000;534000;10
2,016E+11;16;6;4;130;5;2;1;2;6;323;133 route de macon;M;4642761;493675;10
2,016E+11;16;6;12;330;3;1;1;1;6;102;;M;4639440;494515;10
2,016E+11;16;6;24;1630;1;2;7;1;6;108;;M;0;0;10
2,016E+11;16;8;26;845;1;1;2;1;3;352;;M;0;0;10
2,016E+11;16;11;6;500;3;1;1;1;3;236;;M;0;0;10
2,016E+11;16;11;30;1615;1;1;1;1;1;163;;M;0;0;10
2,016E+11;16;3;17;1200;1;2;1;1;3;159;750 Grande Rue;M;0;0;10
2,016E+11;16;6;20;1700;1;1;1;1;6;332;;M;0;0;10
2,016E+11;16;12;14;1600;1;2;1;1;1;343;Route de MACON;M;4627572;497461;10
2,016E+11;16;12;16;1630;1;1;1;1;2;320;;M;0;0;10
2,016E+11;16;12;27;51;5;2;1;2;3;144;Lieu-dit Le Logis;M;4633670;499217;10
2,016E+11;16;1;19;815;1;1;1;8;1;216;;M;0;0;10
2,016E+11;16;4;17;1115;1;1;1;3;1;182;;M;0;0;10
2,016E+11;16;7;8;2115;1;2;1;7;6;34;182 av Charles de Gaulle;M;0;0;10
2,016E+11;16;3;7;815;1;2;1;7;3;452;route de Belley;M;0;0;10
2,016E+11;16;4;27;615;2;1;1;1;6;329;;M;0;0;10
2,016E+11;16;8;23;1145;1;1;1;1;3;10;;M;0;0;10
2,016E+11;16;10;4;1500;1;1;1;1;5;138;;M;0;0;10
2,016E+11;16;1;8;1530;1;1;1;8;1;35;;M;0;0;10
2,016E+11;16;2;25;2045;5;1;6;1;6;31;;M;0;0;10
2,016E+11;16;6;18;515;2;1;1;1;1;214;;M;0;0;10
2,016E+11;16;9;11;45;5;2;1;1;1;152;RD 49 Lieu dit Miribel;M;0;0;10
2,016E+11;16;10;2;1515;1;2;1;1;1;269;Rue des savoies;M;4616901;557766;10
2,016E+11;16;12;16;2230;3;1;1;1;1;240;;M;0;0;10
2,016E+11;16;7;2;1;5;2;6;1;7;314;1160;M;4599000;528000;10
2,016E+11;16;12;21;1800;3;2;1;2;6;273;;M;4607879;537659;10
2,016E+11;16;12;19;1530;1;2;1;1;6;374;ROUTE DE SALLES;M;4611527;532536;10
2,016E+11;16;3;17;1915;2;1;1;1;3;348;;M;4618165;480000;10
2,016E+11;16;3;19;1430;1;1;2;1;3;83;;M;0;0;10
2,016E+11;16;6;6;1500;1;2;1;1;4;420;Pont de BELLEVILLE;M;0;0;10
2,016E+11;16;12;16;745;2;1;1;8;2;446;;M;0;0;10
2,016E+11;16;7;11;1145;1;1;1;7;5;14;;M;0;0;150
2,016E+11;16;8;27;1515;1;1;1;1;1;94;;M;4499600;219300;150
2,016E+11;16;8;29;1345;1;1;1;1;2;175;;M;0;0;150
2,016E+11;16;1;23;1100;1;1;9;1;1;181;;M;0;0;150
2,016E+11;16;1;26;1615;1;1;1;1;6;172;;M;4474300;232800;150
2,016E+11;16;8;23;2315;3;1;1;1;7;120;;M;0;0;150
2,016E+11;16;9;18;1645;1;2;6;1;2;120;D922;M;4522000;234200;150
2,016E+11;16;10;21;1530;1;1;1;8;3;120;;M;0;0;150
2,016E+11;16;12;31;1500;1;1;1;9;1;162;;M;0;0;150
2,016E+11;16;6;2;1315;1;1;1;2;6;92;;M;4541900;250000;150
2,016E+11;16;9;3;1915;1;1;1;1;5;8;;M;0;0;150
2,016E+11;16;12;15;1630;5;1;6;1;3;187;;M;4504300;307000;150
2,016E+11;16;8;24;1300;1;1;1;1;7;192;;M;0;0;150
2,016E+11;16;8;29;1430;1;1;1;1;5;99;;M;4637400;302700;30
2,016E+11;16;10;28;1215;1;1;1;1;3;247;;M;0;0;30
2,016E+11;16;1;26;900;3;1;1;1;6;264;;M;0;0;30
2,016E+11;16;5;21;2315;3;2;1;1;1;80;LD LYONNE RD 2209;M;0;0;30
2,016E+11;16;12;15;630;3;1;1;1;1;236;;M;0;0;30
2,016E+11;16;12;22;1730;5;2;6;2;3;60;route de Saint pourcain;M;0;0;30
2,016E+11;16;6;5;1945;1;2;1;1;7;118;vieille route de poëzat;M;0;0;30
2,016E+11;16;1;18;430;3;2;1;1;6;53;35 place de l'Oscambre;M;0;0;30
2,016E+11;16;5;22;1545;1;2;1;3;6;149;rue de la Brosse;M;4630700;323200;30
2,016E+11;16;10;27;2000;5;1;2;1;3;254;;M;4633200;328700;30
2,016E+11;16;6;10;1430;1;2;1;1;6;89;RD973;M;0;0;840
2,016E+11;16;3;30;500;3;1;1;1;6;72;;M;0;0;840
2,016E+11;16;6;3;1215;1;1;1;1;3;72;;M;0;0;840
2,016E+11;16;6;19;130;4;1;1;1;6;46;;M;0;0;840
2,016E+11;16;6;20;1815;1;1;1;1;6;107;;M;0;0;840
2,016E+11;16;7;26;2045;2;1;1;1;7;148;;M;4407300;518800;840
2,016E+11;16;8;15;1030;1;1;1;1;1;17;;M;0;0;840
2,016E+11;16;8;25;1130;1;1;1;1;3;17;;M;0;0;840
2,016E+11;16;9;10;2015;2;1;1;1;6;148;;M;0;0;840
2,016E+11;16;9;12;1545;1;1;1;1;3;72;;M;0;0;840
2,016E+11;16;9;15;1200;1;1;1;1;7;79;;M;4405667;532696;840
2,016E+11;16;10;28;1445;1;1;1;1;1;30;;M;0;0;840
2,016E+11;16;11;12;1745;2;1;1;1;1;107;;M;0;0;840
2,016E+11;16;12;11;1700;2;1;1;1;1;148;;M;4405800;522300;840
2,016E+11;16;12;18;1915;3;1;1;1;1;123;;M;0;0;840
2,016E+11;16;12;23;1000;1;1;1;1;1;41;;M;0;0;840
2,016E+11;16;2;3;1845;3;1;1;2;6;128;;M;0;0;20
2,016E+11;16;7;20;630;2;1;1;1;1;238;;M;0;0;20
2,016E+11;16;1;14;1745;3;1;2;2;3;461;;M;0;0;20
2,016E+11;16;3;10;845;1;2;1;1;4;680;rue de la manufacture;M;0;0;20
2,016E+11;16;5;17;1715;1;2;1;1;3;173;bd de l europe;M;4962655;321806;20
2,016E+11;16;10;3;945;1;1;6;1;3;820;CD338 VIRY-NOUREUIL;M;0;0;20
2,016E+11;16;5;25;1500;1;2;1;1;1;52;38 RUE BALLOY;M;4952465;338544;20
2,016E+11;16;10;19;1915;5;2;1;1;3;292;48 Rue Pierre Semard;M;4903708;341340;20
2,016E+11;16;10;22;1700;1;1;1;1;6;228;;M;0;0;20
2,016E+11;16;4;28;30;3;1;1;2;7;121;;M;0;0;20
2,016E+11;16;6;18;1415;1;1;1;1;1;356;;M;0;0;20
2,016E+11;16;5;11;1745;1;1;2;3;3;330;;M;4985625;322529;20
2,016E+11;16;7;4;1530;1;1;1;1;7;359;;M;0;0;20
2,016E+11;16;12;24;1715;2;2;1;1;6;334;976 rue OLIVIER DE GUISE;M;4995025;343117;20
2,016E+11;16;1;28;1215;1;2;2;1;6;361;rue Camille Desmoulins;M;0;0;20
2,016E+11;16;4;25;1845;1;1;1;8;1;783;;M;0;0;20
2,016E+11;16;10;15;1815;1;2;1;1;6;306;04 rue de crécy;M;4973425;356407;20
2,016E+11;16;1;2;1000;1;1;1;1;7;770;;M;0;0;20
2,016E+11;16;1;2;1530;1;1;2;1;3;643;;M;0;0;20
2,016E+11;16;6;18;1800;1;2;1;1;6;226;rue de château thierry;M;4934661;332308;20
2,016E+11;16;6;26;1330;1;1;1;1;6;598;route nationale 31;M;0;0;20
2,016E+11;16;10;13;1930;2;2;9;1;6;245;7 Avenue de François Mit;M;4939885;332708;20
2,016E+11;16;3;15;1315;1;2;4;1;3;210;31 route de vouziers;M;4939831;347194;20
2,016E+11;16;11;3;930;1;2;1;1;7;174;;M;4947286;351644;20
2,016E+11;16;1;1;1000;1;1;1;1;1;232;;M;0;0;20
2,016E+11;16;1;31;1900;3;1;1;2;7;810;;M;0;0;20
2,016E+11;16;2;21;1800;3;1;1;1;3;307;;M;0;0;20
2,016E+11;16;3;31;1845;1;2;1;2;6;368;49 rue docteur mouflier;M;4927755;305610;20
2,016E+11;16;6;13;215;3;1;1;3;6;506;;M;0;0;20
2,016E+11;16;8;5;1845;1;1;1;1;5;810;;M;0;0;20
2,016E+11;16;9;14;815;1;1;2;7;3;744;;M;0;0;20
2,016E+11;16;9;16;1500;1;1;3;1;3;258;;M;0;0;20
2,016E+11;16;12;27;1600;1;1;1;1;1;810;;M;0;0;20
2,016E+11;16;9;5;1800;1;2;3;1;1;69;Rue du hurtaut;M;4966330;410703;20
2,016E+11;16;10;22;1430;1;2;1;1;6;826;RD771;M;0;0;20
2,016E+11;16;11;5;1900;3;1;1;2;7;109;;M;0;0;20
2,016E+11;16;5;8;45;2;1;1;1;1;684;;M;0;0;20
2,016E+11;16;7;15;2300;3;1;1;1;6;684;;M;0;0;20
2,016E+11;16;1;28;1215;1;1;3;1;1;379;;M;0;0;20
2,016E+11;16;5;10;945;1;1;2;1;3;419;;M;0;0;20
2,016E+11;16;8;20;1315;1;1;1;7;1;135;;M;0;0;20
2,016E+11;16;9;5;1730;1;2;1;1;3;324;8 chemin de papleux;M;5002814;386684;20
2,016E+11;16;11;6;100;3;1;1;2;6;558;;M;0;0;20
2,016E+11;16;3;27;1845;1;1;1;1;6;36;;M;0;0;130
2,016E+11;16;5;18;1830;1;1;1;2;1;45;;M;0;0;130
2,016E+11;16;6;4;600;1;1;1;1;7;83;?Route du Mas de Belly,;M;0;0;130
2,016E+11;16;8;1;2145;3;1;1;1;7;45;;M;0;0;130
2,016E+11;16;8;4;1345;1;1;1;1;3;83;;M;4389600;480400;130
2,016E+11;16;8;18;200;3;1;1;1;7;36;;M;0;0;130
2,016E+11;16;9;13;1715;1;2;1;1;1;83;rue croix saint éloi;M;4389679;480182;130
2,016E+11;16;12;17;830;1;1;1;5;1;45;;M;4386034;476875;130
2,016E+11;16;12;26;1500;1;1;1;1;1;36;;M;4386200;484300;130
2,016E+11;16;10;29;1215;1;1;1;1;7;128;;M;0;0;380
2,016E+11;16;6;24;1000;1;2;1;1;1;44;route de belmont;M;0;0;380
2,016E+11;16;6;25;1115;1;1;1;1;1;305;;M;4545306;552416;380
2,016E+11;16;7;16;1815;1;1;1;1;5;118;;M;0;0;380
2,016E+11;16;11;11;1215;1;1;1;2;3;257;;M;4548776;540127;380
2,016E+11;16;1;10;115;3;2;3;8;6;541;D1075 / ch des grimauds;M;4561523;553993;380
2,016E+11;16;3;1;1900;5;1;2;1;3;297;int rte de la plaine;M;4568512;544528;380
2,016E+11;16;6;22;1430;1;2;1;1;6;126;;M;0;0;380
2,016E+11;16;7;27;1015;1;1;4;1;3;249;Route de domene;M;4521900;582258;380
2,016E+11;16;9;8;945;1;1;1;1;1;140;chemin de mayard;M;4528108;591235;380
2,016E+11;16;10;18;2330;5;2;2;1;3;229;avenue du Granier;M;0;0;380
2,016E+11;16;12;13;1815;5;2;1;1;2;249;1480 route de la Doux;M;4522388;581881;380
2,016E+11;16;12;6;2330;5;2;1;1;6;538;190 rue Paul Chretien;M;4521414;586071;380
2,016E+11;16;2;29;1830;5;1;1;3;3;75;;M;0;0;380
2,016E+11;16;7;25;1230;1;1;1;1;1;314;;M;0;0;380
2,016E+11;16;1;11;1845;3;1;3;1;3;416;;M;0;0;380
2,016E+11;16;9;17;1830;1;1;1;2;6;333;route de villard;M;4508773;547395;380
2,016E+11;16;4;7;945;1;1;1;1;6;347;route de montfalcon;M;4526293;521093;380
2,016E+11;16;1;15;1030;1;1;1;1;6;324;;M;0;0;380
2,016E+11;16;1;27;800;1;2;1;1;6;34;place yves pagneux;M;4533856;505337;380
2,016E+11;16;1;28;1800;4;2;1;1;6;130;AVENUE ARISTIDE BRIAND;M;0;0;380
2,016E+11;16;2;12;1300;1;1;1;1;5;130;ch voie ferree;M;4535191;526499;380
2,016E+11;16;2;12;1415;1;1;1;2;3;198;;M;0;0;380
2,016E+11;16;5;6;1600;1;2;1;1;6;130;;M;4539309;524932;380
2,016E+11;16;5;15;645;1;1;1;1;6;267;;M;4541934;532754;380
2,016E+11;16;5;15;1845;1;1;2;1;3;130;;M;0;0;380
2,016E+11;16;9;6;1045;1;2;1;1;2;34;rue chorier;M;0;0;380
2,016E+11;16;10;15;845;1;1;2;7;3;130;D518 / ch bas sardieu;M;4538330;525283;380
2,016E+11;16;10;18;600;3;1;1;2;1;134;"lieu dti ""le fit""";M;4544551;499418;380
2,016E+11;16;10;31;1615;1;1;1;1;4;473;;M;0;0;380
2,016E+11;16;3;22;1745;1;2;2;1;3;15;route du stade / roche;M;0;0;380
2,016E+11;16;6;22;645;1;1;1;1;1;189;rte st jean de bournay;M;4553663;515354;380
2,016E+11;16;6;23;745;1;1;1;1;1;184;;M;4565578;506098;380
2,016E+11;16;4;29;1740;1;1;1;1;3;490;;;;;310
2,016E+11;16;10;14;755;1;2;1;2;6;230;avenue de Toulouse;M;4372240;143131;310
2,016E+11;16;10;23;230;5;2;3;1;2;182;108 route de paris;M;4368746;140512;310
2,016E+11;16;10;28;2250;5;2;4;8;3;205;Intersection rue de terr;M;4369959;137185;310
2,016E+11;16;12;14;2310;5;2;1;1;6;136;980 avenue de toulouse;M;4374128;142975;310
2,016E+11;16;1;28;1345;1;1;2;1;1;583;route de Toulouse;M;4381830;149483;310
2,016E+11;16;4;28;100;3;1;1;1;6;563;route de fronton;M;4378449;147265;310
2,016E+11;16;10;7;830;1;1;2;1;3;563;ROUTE DE LA MAGDELAINE;M;4380168;151778;310
2,016E+11;16;10;10;900;1;1;3;1;6;79;lieu dit villefranche;M;4377033;138786;310
2,016E+11;16;10;27;1030;1;1;1;5;3;311;route départementale 32;M;4381611;151217;310
2,016E+11;16;10;29;715;1;1;1;5;1;79;ROUTE DÉPARTEMENTALE 4;M;4380755;140395;310
2,016E+11;16;11;10;2125;3;1;3;2;5;202;Route départementale 4 P;M;4385209;137924;310
2,016E+11;16;11;24;2000;5;2;1;5;3;79;839 route de Vacquiers;M;4378310;141808;310
2,016E+11;16;12;16;1110;1;1;1;1;6;79;D04;M;4380186;140532;310
2,016E+11;16;12;31;1310;1;2;1;8;3;66;avenue du Pont;M;4380120;160919;310
2,016E+11;16;5;12;1600;1;2;3;1;1;561;;;;;310
2,016E+11;16;7;8;1750;1;1;1;1;3;117;13 ROUTE DE CEPET;M;4370657;153321;310
2,016E+11;16;11;4;220;3;1;1;5;2;94;CD 888;M;4376909;165177;310
2,016E+11;16;11;21;1825;3;2;1;3;6;561;Avenue de Toulouse;M;4364856;147123;310
2,016E+11;16;1;1;445;3;1;1;5;5;403;;M;4379270;129667;310
2,016E+11;16;1;13;1400;1;1;2;1;1;356;RN224/D 64 route de daux;M;4368747;124141;310
2,016E+11;16;4;30;730;2;2;1;2;6;232;cours valmy;M;4377001;129100;310
2,016E+11;16;7;27;1430;1;1;1;1;1;232;;M;0;0;310
2,016E+11;16;7;30;245;5;2;1;1;6;232;cour valmy;M;0;0;310
2,016E+11;16;10;18;820;1;1;3;1;3;160;Intersection N224 et che;M;4368169;125686;310
2,016E+11;16;10;21;645;3;1;1;1;1;98;lieu-dit la bayne;M;4372966;106282;310
2,016E+11;16;11;28;2330;3;1;1;9;2;89;RD1;M;4370967;118804;310
2,016E+11;16;10;29;415;3;1;6;5;7;574;RD820;M;4344171;141649;310
2,016E+11;16;10;30;1244;1;2;8;7;6;33;Voie hélios - ZI Lavigne;M;4336710;145082;310
2,016E+11;16;11;9;1540;1;2;1;2;6;33;Rue Jean Jaures;M;4334987;147153;310
2,016E+11;16;12;21;1555;1;1;1;1;5;33;RD820;M;4334283;147630;310
2,016E+11;16;12;31;1810;3;1;1;5;6;33;"RD820 - Lieu-dit ""Le Bou";M;4333385;148357;310
2,016E+11;16;5;24;1810;1;2;1;1;1;455;21 route de Carbonne;M;4326446;119424;310
2,016E+11;16;10;1;845;1;2;1;1;6;107;;M;4329630;120645;310
2,016E+11;16;10;16;1150;1;1;1;1;6;334;CD 215;M;4337958;129005;310
2,016E+11;16;10;18;1530;1;1;1;1;6;279;lieu-dit berduc;M;4319350;130067;310
2,016E+11;16;10;29;2125;3;1;1;1;6;107;Lieu-dit Clavié;M;4328170;121402;310
2,016E+11;16;11;2;1800;3;2;1;1;7;399;chemin du gaillard du po;M;4336692;127992;310
2,016E+11;16;11;5;1650;2;2;1;2;1;320;D 48;M;4331777;125828;310
2,016E+11;16;11;6;1555;1;1;4;1;7;361;RD 48;M;4331964;130254;310
2,016E+11;16;11;22;1810;5;2;6;2;3;107;D627;M;4331005;122231;310
2,016E+11;16;11;30;1155;1;2;1;1;6;107;avenue de toulouse;M;4330807;122381;310
2,016E+11;16;11;25;1745;3;1;3;1;7;303;DÉPARTEMENTALE 49;M;4334130;120620;310
2,016E+11;16;12;8;1720;2;2;1;1;6;365;CD 74;M;4311636;123331;310
2,016E+11;16;12;15;930;1;1;1;2;6;219;D62;M;4321020;112312;310
2,016E+11;16;1;5;1915;3;1;1;8;6;193;;M;4326841;106897;310
2,016E+11;16;2;6;1315;1;1;3;6;6;292;;M;0;0;310
2,016E+11;16;12;18;1530;1;1;1;1;6;324;D817;M;4319952;101207;310
2,016E+11;16;5;17;2015;1;1;1;1;1;188;route de saint lys;M;4354390;119087;310
2,016E+11;16;11;13;100;3;1;1;2;6;187;D 68;M;4354600;120332;310
2,016E+11;16;11;17;720;3;2;1;1;6;424;Rue des landes;M;4356220;126457;310
2,016E+11;16;12;1;1705;1;1;3;1;3;481;Route départementale 7;M;4348838;114773;310
2,016E+11;16;10;23;1710;1;2;1;1;3;426;17 route de HUOS;M;4308356;60836;310
2,016E+11;16;11;24;1345;1;2;5;7;3;42;boulevard charles de gau;M;4279517;59615;310
2,016E+11;16;8;5;1300;1;1;2;1;3;468;;M;0;0;310
2,016E+11;16;9;9;2130;3;1;9;2;7;80;;M;0;0;310
2,016E+11;16;10;8;315;3;1;1;1;7;239;RD52;M;4337274;84473;310
2,016E+11;16;12;29;2220;3;1;1;5;6;276;Départementale 633 - PK;M;4319152;61190;310
2,016E+11;16;10;28;1435;1;1;3;1;3;372;RD 21;M;4309230;84298;310
2,016E+11;16;7;9;2015;2;1;3;7;3;210;ld LAVAL;M;4339819;167849;310
2,016E+11;16;12;2;510;5;1;2;1;1;582;Route de Gardouch;M;4339714;170467;310
2,016E+11;16;12;6;1500;1;1;3;1;3;210;RD622 / D16;M;4337849;168252;310
2,016E+11;16;12;12;1905;5;2;3;1;6;582;10 rue massot;M;4339754;171772;310
2,016E+11;16;12;28;1545;1;1;1;1;1;37;D 813;M;4337220;176656;310
2,016E+11;16;4;23;430;3;1;1;1;6;534;;M;4358220;173192;310
2,016E+11;16;11;4;830;1;1;1;1;1;570;lieudit viterbe;M;4347557;180979;310
2,016E+11;16;3;18;1545;1;1;1;1;7;173;kerharo;M;4802358;-419749;290
2,016E+11;16;2;15;1115;1;1;3;1;3;284;Proche Leslae;M;4782116;-426528;290
2,016E+11;16;9;9;1600;1;1;1;1;3;165;Kerescant;M;4781371;-421277;290
2,016E+11;16;1;24;1845;5;1;3;2;3;160;Echangeur de Lanvian;M;4845920;-436444;290
2,016E+11;16;2;11;745;2;2;6;4;1;93;rue des abers;M;4856731;-443239;290
2,016E+11;16;2;23;745;2;1;1;8;7;100;;M;4855873;-439762;290
2,016E+11;16;5;1;1245;1;1;1;1;3;195;Carrefour 113 32;M;4860518;-450665;290
2,016E+11;16;9;6;1315;1;1;3;1;3;95;Saint Elven;M;4846567;-437152;290
2,016E+11;16;10;7;1700;1;2;1;1;6;117;JB DE LA SALLE;M;4857179;-451988;290
2,016E+11;16;10;15;2230;3;1;1;8;6;160;Goureoc Nevez;M;4850388;-438326;290
2,016E+11;16;10;31;1515;1;1;1;1;3;290;Trouzilit;M;4855386;-455638;290
2,016E+11;16;11;13;2045;5;1;1;1;1;160;rue de Taraignon;M;4849453;-443006;290
2,016E+11;16;5;22;2330;4;2;1;1;6;149;rue du tregor;M;4846631;-456422;290
2,016E+11;16;8;7;915;1;1;1;1;1;26;Moulin de Pencran;M;4818934;-410944;290
2,016E+11;16;12;6;1800;5;2;1;1;6;26;grand rue;M;4819618;-408804;290
2,016E+11;16;5;30;1700;1;1;1;1;1;54;Leign Ar Heff;M;4837664;-383074;290
2,016E+11;16;9;15;945;1;1;1;1;7;162;Stang An Abad;M;4823362;-394984;290
2,016E+11;16;10;15;2015;3;1;1;1;6;125;Goarem Person;M;4811811;-373086;290
2,016E+11;16;12;4;530;3;1;1;1;6;249;Rte de laz;M;4815230;-380127;290
2,016E+11;16;10;17;800;3;1;1;8;6;199;Restigou;M;4857256;-373396;290
2,016E+11;16;4;1;1415;1;1;1;1;1;210; Le Moulin Neuf;M;4855547;-402107;290
2,016E+11;16;5;15;830;1;1;1;1;1;111;Maner Ar Liozou;M;4859720;-416532;290
2,016E+11;16;7;13;1745;1;1;1;1;2;79;Gare de Taulé;M;4862029;-389908;290
2,016E+11;16;8;22;1715;1;1;1;1;3;239;Keravel;M;4870146;-399782;290
2,016E+11;16;10;10;1815;1;1;1;1;3;111;Tréfalégan didreux;M;4858660;-418876;290
2,016E+11;16;1;21;1515;1;2;1;2;6;236;rue mélanie rouat;M;4784467;-369387;290
2,016E+11;16;7;6;1030;1;2;1;1;1;274;D782;M;4802739;-370316;290
2,016E+11;16;10;22;130;3;1;1;5;6;117;D166;M;4819074;-218998;350
2,016E+11;16;10;21;1545;1;2;1;1;6;184;impasse beaumanoir;M;4819720;-205169;350
2,016E+11;16;11;24;900;1;2;1;1;6;27;Rue Saint-Eutrope;M;4816775;-206375;350
2,016E+11;16;12;11;1915;3;1;1;2;1;27;RD 125;M;4816551;-209212;350
2,016E+11;16;6;11;715;1;1;1;2;6;133;;M;4814895;-197997;350
2,016E+11;16;7;5;1215;1;1;1;1;6;331;;M;4811658;-193162;350
2,016E+11;16;9;5;1745;1;1;2;1;3;211;;M;4803879;-218185;350
2,016E+11;16;9;16;1845;1;2;1;1;6;188;BD de la duchesse anne;M;4814342;-196488;350
2,016E+11;16;10;2;1600;1;1;3;1;1;211;;M;4801798;-215712;350
2,016E+11;16;10;27;2045;4;1;3;1;1;65;la piardiere;M;4812169;-184439;350
2,016E+11;16;4;28;815;1;1;1;1;1;62;;M;4833298;-111605;350
2,016E+11;16;10;16;1315;1;1;4;1;2;214;lieu dit la martinière;M;4826227;-118977;350
2,016E+11;16;12;4;920;2;1;1;1;7;71;la tricherie;M;4841910;-122514;350
2,016E+11;16;9;2;815;1;2;1;1;6;12;10-12 Rue du 03/08/44;M;4784298;-168517;350
2,016E+11;16;9;3;1830;1;2;1;1;1;218;LE VAL;M;4792761;-162434;350
2,016E+11;16;10;12;215;3;1;1;1;7;106;les croix brault;M;4781862;-157812;350
2,016E+11;16;10;13;1340;1;1;2;1;1;106;les croix brault;M;4781843;-157509;350
2,016E+11;16;11;28;1710;2;1;1;1;1;12;La Roustais;M;4781149;-171757;350
2,016E+11;16;12;13;1830;3;1;3;1;2;54;la regere - RD 82;M;4794936;-161141;350
2,016E+11;16;1;15;2300;3;1;1;1;6;179;rue des blés d'Or;M;4853562;-191505;350
2,016E+11;16;6;9;1830;1;1;3;1;3;299;;M;4865257;-194108;350
2,016E+11;16;6;14;1415;1;1;1;1;6;284;;M;4859923;-196718;350
2,016E+11;16;7;8;2015;1;1;3;1;3;263;;M;4867088;-193263;350
2,016E+11;16;8;28;800;1;1;1;1;1;299;;M;4864914;-190600;350
2,016E+11;16;8;28;1545;1;1;1;1;7;299;;M;4863145;-190179;350
2,016E+11;16;10;18;2200;3;1;1;2;6;306;bellevent;M;4858132;-191420;350
2,016E+11;16;10;27;1745;1;1;2;1;3;284;Intersection RD 4 et rue;M;4860764;-195933;350
2,016E+11;16;11;23;745;4;1;2;5;6;299;la croix de l'ormel;M;4864798;-190363;350