Num_Acc;an;mois;jour;hrmn;lum;agg;int;atm;col;com;adr;gps;lat;long;dep
2,016E+11;16;7;18;1530;1;2;1;1;3;280;rue du Bois de Naulin;M;4729897;177799;410
2,016E+11;16;9;20;745;1;1;1;5;3;185;;M;4737729;168714;410
2,016E+11;16;10;1;1600;1;1;1;1;6;122;;M;4724572;187347;410
2,016E+11;16;10;28;2345;5;2;3;1;3;135;8 rue Pierre Loyau;M;4726901;186584;410
2,016E+11;16;11;12;1900;5;2;1;3;3;242;25 route de BLOIS;M;4728344;154184;410
2,016E+11;16;12;12;1145;1;1;1;1;6;185;;M;4734155;170394;410
2,016E+11;16;1;31;1830;5;2;1;1;1;170;route de Sambin;M;4746152;131225;410
2,016E+11;16;3;6;1215;1;1;2;1;3;198;route d'Orbigny;M;4726088;133339;410
2,016E+11;16;4;1;1615;1;1;1;1;3;80;;M;4733360;117266;410
2,016E+11;16;3;3;915;1;2;1;1;6;198;20 place Wilson;M;4726885;137184;410
2,016E+11;16;4;27;2030;1;2;1;1;6;239;rue de gâtines;M;4726017;139676;410
2,016E+11;16;5;3;2015;1;1;1;1;7;166;;M;4739088;139010;410
2,016E+11;16;5;28;545;2;1;2;1;3;257;;M;4739102;131431;410
2,016E+11;16;6;18;30;3;1;1;1;6;82;;M;4744053;137255;410
2,016E+11;16;6;25;1800;1;1;1;1;5;59;;M;4740379;141684;410
2,016E+11;16;6;28;230;3;1;1;2;6;180;;M;4741508;120741;410
2,016E+11;16;6;30;1800;1;1;1;7;1;126;;M;4726494;132567;410
2,016E+11;16;7;9;915;1;2;1;1;7;151;14 rue d'amboise;M;4734396;117144;410
2,016E+11;16;8;13;2315;3;1;1;1;6;92;;M;4745234;133751;410
2,016E+11;16;8;23;1200;1;2;1;1;6;59;Carrefour des souvenirs;M;4741778;142825;410
2,016E+11;16;9;19;800;2;2;1;1;2;59;Ave Du Général De Gaulle;M;4742773;142801;410
2,016E+11;16;10;4;945;5;2;2;1;3;51;1 rue etienne denis;M;4733590;113340;410
2,016E+11;16;10;9;1000;1;2;1;1;6;198;;M;4727163;137246;410
2,016E+11;16;10;27;745;2;2;1;5;2;198;rue paul boncour;M;4727089;137529;410
2,016E+11;16;11;1;1845;3;1;1;5;7;59;;M;4742370;145751;410
2,016E+11;16;11;13;1030;1;2;3;1;3;59;;M;4741638;143177;410
2,016E+11;16;12;15;1445;1;1;1;1;6;51;;M;4737195;111160;410
2,016E+11;16;12;16;1915;3;1;1;1;1;237;;M;4739531;140932;410
2,016E+11;16;12;19;1830;3;1;1;1;6;63;;M;4724991;143229;410
2,016E+11;16;12;22;1430;1;1;2;2;3;237;;M;4739894;141648;410
2,016E+11;16;1;12;1030;1;2;3;7;3;232;Avenue de Nançay;M;4742023;206046;410
2,016E+11;16;4;21;1730;1;2;1;1;6;84;rd 724;M;4738660;194424;410
2,016E+11;16;5;3;700;1;1;1;1;1;256;;M;4730075;205838;410
2,016E+11;16;5;6;1500;1;2;1;1;3;241;;M;4738598;191809;410
2,016E+11;16;5;14;2130;3;1;1;1;7;251;;M;4765517;217575;410
2,016E+11;16;6;16;1400;1;2;1;1;6;232;rue des Charmes;M;4742367;205762;410
2,016E+11;16;7;11;1430;1;1;1;1;1;159;;M;4750456;181234;410
2,016E+11;16;7;27;1130;1;1;2;1;3;125;;M;4743513;190793;410
2,016E+11;16;8;9;1000;1;1;1;1;3;232;;M;4744377;206618;410
2,016E+11;16;8;28;1245;1;2;1;1;7;241;104 rue de l'aulne;M;4738512;191312;410
2,016E+11;16;9;11;1745;1;1;1;1;7;161;;M;4758770;206013;410
2,016E+11;16;9;12;1215;1;2;1;1;3;241;41 rue de la gare;M;4739269;192383;410
2,016E+11;16;9;28;1830;1;1;1;1;1;232;;M;4740003;205446;410
2,016E+11;16;12;23;1500;1;1;1;1;7;232;;M;4744548;199935;410
2,016E+11;16;2;19;530;3;1;1;9;6;154;;M;4792663;125925;410
2,016E+11;16;3;18;1815;1;1;1;1;6;88;;M;4796871;116343;410
2,016E+11;16;3;30;1430;1;1;1;2;6;53;;M;4801718;87522;410
2,016E+11;16;4;4;1400;1;1;1;1;6;12;;M;4797688;86490;410
2,016E+11;16;5;3;2030;2;1;1;1;6;175;;M;4787100;115700;410
2,016E+11;16;5;29;1230;1;1;1;2;7;73;;M;4789160;105145;410
2,016E+11;16;5;29;1515;1;2;1;2;1;75;Route de Vendome;M;4803901;107576;410
2,016E+11;16;6;5;745;1;1;1;1;7;216;;M;4796179;122033;410
2,016E+11;16;10;2;1815;1;1;1;1;6;73;;M;4787854;103855;410
2,016E+11;16;7;18;2300;3;1;3;1;3;210;;M;4425540;36195;470
2,016E+11;16;12;2;2130;3;1;1;5;7;38;;M;4434620;39960;470
2,016E+11;16;12;16;930;1;1;1;1;7;213;LDT LA JANOUNE;M;4430210;47977;470
2,016E+11;16;6;15;1445;1;1;1;1;6;138;LIEU-DIT LAGASSE;M;4426070;73603;470
2,016E+11;16;12;17;115;3;1;3;1;7;289;RD215 / VC504;M;4425130;81590;470
2,016E+11;16;2;1;1245;1;1;1;2;6;317;LDT CLAUDE;M;4446250;41432;470
2,016E+11;16;2;23;1615;1;1;1;2;7;253;LDT PÉ DE DIOU;M;4440990;15398;470
2,016E+11;16;6;4;2330;3;2;1;1;6;101;LE BOURG;M;4444850;15869;470
2,016E+11;16;7;21;900;1;1;1;1;7;110;;M;4446550;30335;470
2,016E+11;16;7;31;1515;1;2;1;1;6;65;RUE MAUBEC;M;4435920;37648;470
2,016E+11;16;8;12;2000;1;1;1;7;7;310;LDT BEREAU;M;4436100;31956;470
2,016E+11;16;9;13;1745;1;1;1;1;7;310;LDT GILLET;M;4435340;31993;470
2,016E+11;16;5;30;1530;1;1;1;1;1;222;LIEU-DIT SENDAT;M;4428760;13025;470
2,016E+11;16;11;23;2315;3;1;1;3;6;106;ROUTE DE PÉRIGEUX;M;4450120;94734;470
2,016E+11;16;2;4;1400;1;2;4;1;3;49;D225;M;4444660;61799;470
2,016E+11;16;10;29;1845;2;1;1;1;3;110;;M;0;0;10
2,016E+11;16;12;31;1545;1;1;1;1;2;102;;M;4427759;260869;120
2,016E+11;16;4;1;1500;1;2;1;1;1;56;637 AVENUE DE RODEZ;M;4427720;244456;120
2,016E+11;16;4;16;610;3;1;1;1;1;32;RD 911 - SAINT LOUIS;M;4428890;241899;120
2,016E+11;16;5;15;1745;1;1;1;1;7;187;RD 911 - PR 40+600;M;4427070;278909;120
2,016E+11;16;9;20;1530;1;1;1;1;3;133;RD 911 - PR 61+500;M;4428970;257794;120
2,016E+11;16;10;11;1715;1;1;1;1;3;283;RD 536 - PR 5+500;M;4424780;265292;120
2,016E+11;16;10;27;1800;1;1;1;1;3;133;AVENUE DE RODEZ;M;4431620;255803;120
2,016E+11;16;2;19;1635;1;1;1;1;6;95;RD 11 - L'ESTRADE;M;4448290;234429;120
2,016E+11;16;6;1;1815;1;1;1;2;1;288;RD 840 - PR 16+800;M;4444500;243451;120
2,016E+11;16;6;29;800;1;1;2;1;3;254;CADOUL;M;4442280;253148;120
2,016E+11;16;6;28;1820;1;1;1;1;1;218;LA CARRIERE;M;4455150;242563;120
2,016E+11;16;7;5;1705;1;2;1;1;6;138;RD 901 TOUR DE VILLE;M;4447410;246481;120
2,016E+11;16;11;18;1340;1;1;1;2;6;288;RD 840 - PR 16+800;M;4444510;243446;120
2,016E+11;16;4;14;900;1;1;3;1;3;182;INTERSECTION D45-D64;M;4442240;290481;120
2,016E+11;16;5;31;1345;1;1;1;2;6;160;LES RUSTES;M;4420110;317531;120
2,016E+11;16;6;25;1930;1;1;1;1;6;77;RD 7 - PR 36+400;M;4391040;318433;120
2,016E+11;16;7;2;1425;1;1;1;1;5;204;RD 991 - PR 12+700;M;4412180;321154;120
2,016E+11;16;8;11;1010;1;1;1;1;2;82;RD 7 - PR 50+750;M;4395150;329608;120
2,016E+11;16;4;19;1055;1;1;1;1;6;123;RN 88 + PR 3+800;M;4433320;305023;120
2,016E+11;16;5;11;1030;1;1;3;1;3;22;RD999 - PR 37-LA GINESTE;M;4401590;307283;120
2,016E+11;16;6;9;1510;1;2;1;1;7;208;BOULEVARD CARNOT;M;4395620;288590;120
2,016E+11;16;6;10;1740;1;2;1;1;6;243;15 AVENUE DU CRES;M;4401220;296772;120
2,016E+11;16;6;22;1500;1;2;1;1;6;208;57 BOULEVARD DE VERDUN;M;4395800;288328;120
2,016E+11;16;5;23;845;1;1;1;2;6;44;RAMONDENS;M;4383610;284908;120
2,016E+11;16;8;9;1710;1;1;1;1;6;248;RD 999 - PR 96+200;M;4389060;259447;120
2,016E+11;16;10;1;1730;1;1;1;1;3;154;LA PLAINE;M;4388420;281806;120
2,016E+11;16;11;15;1600;1;1;1;1;6;154;MOULIN NEUF;M;4430270;271456;120
2,016E+11;16;12;17;215;3;1;1;1;6;44;RD 902 - PR 90+400;M;4380770;290309;120
2,016E+11;16;8;4;1815;1;1;2;2;3;217;MARIN;M;4441190;192533;120
2,016E+11;16;11;13;1300;1;1;1;2;6;257;RD 922 - PR 57+900;M;4455050;202059;120
2,016E+11;16;7;16;1340;1;1;1;1;1;135;RD 39 - PR 23+400;M;4423620;213141;120
2,016E+11;16;8;6;1100;1;1;2;1;3;167;INTER RD 638 ET RD 239;M;4421370;199979;120
2,016E+11;16;12;12;648;3;1;1;1;6;54;RD 911 - PR 90+000;M;4430900;217452;120
2,016E+11;16;3;23;1215;1;1;1;1;3;345;;M;4726964;-49416;490
2,016E+11;16;10;1;1730;1;2;1;1;6;292;place ronceray;M;4730146;-63219;490
2,016E+11;16;10;10;1815;1;2;1;1;3;223;rue rabineau;M;4739995;-52460;490
2,016E+11;16;1;24;1530;1;1;1;1;6;307;Les chardonnières;M;4743617;-34326;490
2,016E+11;16;2;5;730;2;2;2;9;3;238;;M;4751954;-43613;490
2,016E+11;16;2;19;815;1;2;1;7;1;117;;M;4741845;-43667;490
2,016E+11;16;2;24;745;2;1;1;2;3;42;;M;4746513;-41837;490
2,016E+11;16;4;18;1030;1;2;1;1;7;42;Veau doré;M;4747641;-41348;490
2,016E+11;16;9;22;2145;3;1;1;1;6;4;29 b rue du Pigeon d'Or;M;4746537;-39662;490
2,016E+11;16;10;26;1430;1;1;1;1;1;377;Levée de Briollay;M;4755729;-49992;490
2,016E+11;16;11;10;415;3;2;1;2;6;326;Le grand clos;M;4750152;-38976;490
2,016E+11;16;9;21;745;2;1;1;8;1;68;La Haute Parque;M;4740342;-85295;490
2,016E+11;16;11;19;1145;1;1;1;1;5;283;Le petit Rochefou;M;4743118;-77098;490
2,016E+11;16;12;16;1100;1;2;1;1;1;63;pont de la loire;M;4735418;-76188;490
2,016E+11;16;12;10;1430;1;1;1;5;2;296;La bodinière;M;4727992;-120681;490
2,016E+11;16;2;12;1415;1;1;1;2;6;18;La Princellière;M;4757786;-11406;490
2,016E+11;16;8;5;1815;1;1;1;1;6;370;Clermont;M;4726810;-19272;490
2,016E+11;16;9;4;2100;3;1;1;1;6;374;;M;4724822;-787;490
2,016E+11;16;5;22;1100;1;1;2;2;3;9;Rue Gobin;M;4708419;-13525;490
2,016E+11;16;7;30;1930;1;1;2;1;3;362;Chemin de chaintre;M;4723046;-5353;490
2,016E+11;16;9;3;1500;1;1;1;1;3;215;;M;4715457;-14701;490
2,016E+11;16;2;22;1645;1;2;1;2;3;54;Rue du collège;M;4755954;-103925;490
2,016E+11;16;3;18;1700;1;1;1;1;7;54;;M;4755514;-100085;490
2,016E+11;16;6;10;1430;1;2;6;1;3;331;place de la république;M;4768464;-87077;490
2,016E+11;16;7;21;1630;1;1;1;1;7;305;La Montguillonnière;M;4771984;-71643;490
2,016E+11;16;8;25;1830;1;2;1;1;2;331;rue du champ de foire;M;4768284;-87826;490
2,016E+11;16;12;8;645;3;1;1;5;1;277;;M;4767702;-86015;490
2,016E+11;16;12;29;2000;3;1;1;1;7;14;La Machotière;M;4770419;-76492;490
2,016E+11;16;11;11;1345;1;1;1;1;7;350;;M;4859600;563300;550
2,016E+11;16;3;31;1715;1;1;1;8;3;8;;M;4924547;566801;550
2,016E+11;16;5;1;800;1;1;1;2;1;57;;M;4917777;567693;550
2,016E+11;16;7;10;2045;2;1;1;1;1;237;;M;4912106;551073;550
2,016E+11;16;2;25;1415;1;2;7;1;6;74;;M;4856692;-14710;610
2,016E+11;16;3;25;1900;1;1;1;1;1;433;;M;4852628;5859;610
2,016E+11;16;1;15;715;3;1;1;4;1;479;;M;4866273;-7886;610
2,016E+11;16;1;31;1830;2;1;2;2;3;170;;M;4869517;-4354;610
2,016E+11;16;9;14;730;1;1;1;1;1;179;;M;4874294;-24446;610
2,016E+11;16;3;27;1800;1;1;1;3;6;320;;M;4889795;31084;610
2,016E+11;16;6;25;1125;1;1;1;1;7;317;;M;4875795;34309;610
2,016E+11;16;10;31;1315;1;1;3;1;7;19;;M;4878962;22108;610
2,016E+11;16;2;10;800;1;1;1;1;1;459;;M;4867116;-49673;610
2,016E+11;16;8;26;1645;1;1;3;1;3;201;;M;4860007;-67014;610
2,016E+11;16;2;8;1700;1;1;3;2;3;377;;M;4871650;-71003;610
2,016E+11;16;3;5;400;3;1;1;1;7;30;;M;4877135;-59779;610
2,016E+11;16;11;5;2356;3;1;1;2;7;703;;M;4896580;-32675;140
2,016E+11;16;2;19;2315;4;1;2;2;1;243;;M;4858630;-33235;610
2,016E+11;16;3;2;315;3;1;1;2;7;35;;M;4861709;-28103;610
2,016E+11;16;11;30;1030;1;1;1;1;6;96;;M;4852561;-48042;610
2,016E+11;16;12;26;2315;3;1;6;1;6;243;;M;4858482;-32603;610
2,016E+11;16;2;13;1600;1;1;1;2;6;130;;M;4852175;49466;610
2,016E+11;16;7;19;1515;1;1;1;1;1;414;;M;4851722;52403;610
2,016E+11;16;7;2;300;3;1;1;1;7;130;;M;4852656;49697;610
2,016E+11;16;12;13;2115;3;1;1;5;6;128;;M;4846251;66630;610
2,016E+11;16;8;7;1145;1;1;2;1;6;100;;M;4870482;61593;610
2,016E+11;16;8;31;1330;1;1;1;7;7;456;;M;4877263;66728;610
2,016E+11;16;10;31;1600;1;1;1;1;6;244;;M;4867581;45217;610
2,016E+11;16;11;8;1345;1;2;6;1;2;214;;M;4876116;63425;610
2,016E+11;16;1;6;1815;3;1;1;2;6;207;;M;4831712;49190;610
2,016E+11;16;5;6;1645;1;1;1;1;3;309;;M;4836036;69746;610
2,016E+11;16;5;5;820;1;1;1;1;7;426;;M;4834548;53013;610
2,016E+11;16;5;16;1845;1;2;1;1;6;99;CD7 - Le Champ Durand;M;4831171;60825;610
2,016E+11;16;12;13;1730;2;1;1;5;7;61;;M;4842864;85573;610
2,016E+11;16;12;18;1700;1;1;1;5;6;500;;M;4860738;70511;610
2,016E+11;16;1;12;930;1;2;1;8;1;255;AV DES CANADIENS;M;5003979;142360;760
2,016E+11;16;1;27;1615;1;2;1;2;6;255;2, PL GUILLAUME LE CONQU;M;5004836;141923;760
2,016E+11;16;2;3;815;2;2;1;1;3;255;113, RTE DU TREPORT;M;5005196;140183;760
2,016E+11;16;2;7;1515;1;2;1;1;7;533;route de romval;M;5007726;141590;800
2,016E+11;16;3;5;1745;1;1;1;1;1;638;;M;5001532;142731;760
2,016E+11;16;3;10;1800;1;1;1;1;2;533;D1015;M;5006091;140790;800
2,016E+11;16;4;6;1230;1;2;1;1;1;711;Avenue Charles Gounod;M;5005511;138234;760
2,016E+11;16;4;30;1245;1;2;1;1;6;255;62, R DU DOCTEUR BERGONI;M;5005295;139059;760
2,016E+11;16;5;9;1700;1;1;1;1;2;507;;M;5004023;144463;760
2,016E+11;16;5;29;1930;1;1;1;1;1;507;;M;5003542;145544;760
2,016E+11;16;6;8;2045;1;1;1;1;5;696;;M;4999668;127969;760
2,016E+11;16;6;18;1615;1;1;1;1;3;644;;M;5000583;137194;760
2,016E+11;16;7;14;1830;1;2;1;1;6;533;Avenue P et M CURIE;M;5006531;139207;800
2,016E+11;16;7;24;1900;1;2;1;1;2;711;ROUTE DE DIEPPE;M;5004867;136664;760
2,016E+11;16;9;13;715;1;1;1;1;1;696;;M;4999392;127617;760
2,016E+11;16;11;10;1145;1;1;1;3;1;27;;M;4998357;128764;760
2,016E+11;16;2;28;1645;1;1;2;1;3;581;;M;4953059;133302;760
2,016E+11;16;5;9;1130;1;1;3;1;3;617;AV DE LA HETRAIE;M;4948383;115267;760
2,016E+11;16;5;13;1700;1;1;1;1;3;571;;M;4956867;136363;760
2,016E+11;16;7;19;800;1;2;1;7;6;560;cd7;M;4942216;117970;760
2,016E+11;16;7;30;2100;1;2;6;1;3;509;Rd 15 - Impasse épine;M;4949136;122337;760
2,016E+11;16;12;31;500;3;2;1;9;6;262;Rue des Percèdes;M;4570110;316210;630
2,016E+11;16;2;5;1830;5;2;1;1;6;455;22 avenue du dr presle;M;4567270;317168;630
2,016E+11;16;3;10;815;1;1;1;9;6;378;;M;4566800;322500;630
2,016E+11;16;5;28;1130;1;1;2;1;3;350;;M;4569000;328600;630
2,016E+11;16;8;18;2045;2;1;1;1;7;26;;M;4566500;304200;630
2,016E+11;16;8;18;1445;1;2;9;1;1;395;rue côte des chartres;M;4564100;310370;630
2,016E+11;16;5;5;1730;1;2;1;1;2;3;D996;M;4554400;376400;630
2,016E+11;16;11;5;1415;1;2;1;2;1;3;chemin des caires;M;4558000;376200;630
2,016E+11;16;1;10;1515;1;2;1;8;1;207;Pont de David;M;0;0;630
2,016E+11;16;6;1;1715;1;1;1;2;1;258;;M;0;0;630
2,016E+11;16;8;14;1900;1;1;1;1;1;23;;M;4560900;351200;630
2,016E+11;16;9;17;1500;1;1;1;2;6;258;;M;4568300;363300;630
2,016E+11;16;10;30;115;3;1;1;5;6;207;;M;4565300;369300;630
2,016E+11;16;11;6;2315;3;1;1;4;6;86;;M;4561700;362200;630
2,016E+11;16;11;17;2215;3;1;1;1;6;132;;M;4563200;359300;630
2,016E+11;16;1;29;1645;1;1;1;1;2;54;;M;0;0;630
2,016E+11;16;2;20;15;3;2;6;8;6;178;route de PERRIER;M;4554346;322430;630
2,016E+11;16;2;22;2015;5;2;6;1;3;50;avenue de la coussonnièr;M;4541470;331960;630
2,016E+11;16;5;26;1600;1;1;1;1;7;255;;M;0;0;630
2,016E+11;16;5;30;1300;1;1;6;1;6;352;;M;4546500;325400;630
2,016E+11;16;5;4;1815;1;1;1;1;6;397;;M;4561600;267700;630
2,016E+11;16;7;3;1800;1;1;3;1;7;426;;M;0;0;630
2,016E+11;16;7;9;1600;1;1;1;1;7;397;;M;4560200;271700;630
2,016E+11;16;7;12;1800;1;2;3;1;3;47;avenue Delattre de tassi;M;4559020;276230;630
2,016E+11;16;8;8;1630;1;1;1;7;1;192;;M;4552000;265900;630
2,016E+11;16;1;25;1515;1;1;1;7;1;322;;M;0;0;630
2,016E+11;16;3;20;1945;4;1;6;1;1;322;;M;4585000;316600;630
2,016E+11;16;2;7;1600;1;2;6;8;3;381;Le bourg;M;4582440;291190;630
2,016E+11;16;3;17;1830;1;2;1;1;3;285;avenue de Verdun;M;4583352;285813;630
2,016E+11;16;5;2;1015;1;2;5;1;3;237;;M;4593900;258600;630
2,016E+11;16;6;7;1630;1;1;1;1;1;381;;M;0;0;630
2,016E+11;16;6;10;1900;1;1;1;1;1;283;;M;0;0;630
2,016E+11;16;6;11;1630;1;1;1;1;7;228;;M;4594000;269700;630
2,016E+11;16;10;22;1715;1;1;1;1;1;118;;M;0;0;630
2,016E+11;16;10;24;945;1;1;1;8;3;186;;M;0;0;630
2,016E+11;16;3;26;1530;1;1;1;1;3;223;;M;0;0;630
2,016E+11;16;3;30;1530;1;1;1;1;6;197;;M;0;0;630
2,016E+11;16;7;8;930;1;1;2;1;3;338;;M;4617900;284050;630
2,016E+11;16;9;2;1615;1;1;3;1;3;233;;M;4617670;281020;630
2,016E+11;16;11;27;830;1;1;1;1;7;243;;M;0;0;630
2,016E+11;16;12;1;15;3;1;1;9;7;223;;M;0;0;630
2,016E+11;16;9;10;930;1;2;1;1;6;430;avenue des etats unis;M;4584970;353720;630
2,016E+11;16;12;15;1945;5;2;1;1;6;430;Cognord;M;4588790;351390;630
2,016E+11;16;2;9;1730;1;1;1;6;6;249;;M;0;0;630
2,016E+11;16;2;18;1500;1;2;1;1;1;125;av henri pourrat;M;4575900;354300;630
2,016E+11;16;3;18;1200;1;1;1;1;2;414;;M;0;0;630
2,016E+11;16;6;20;1330;1;1;3;1;3;16;;M;4570700;359400;630
2,016E+11;16;6;29;1700;1;1;3;1;3;249;;M;0;0;630
2,016E+11;16;9;7;1645;1;1;1;1;1;195;;M;0;0;630
2,016E+11;16;9;14;1515;1;2;1;2;6;249;rd906;M;4580000;352300;630
2,016E+11;16;9;21;1515;1;1;3;1;3;195;;M;0;0;630
2,016E+11;16;9;24;1630;1;1;1;1;6;125;;M;4575200;352900;630
2,016E+11;16;2;22;1000;1;1;1;5;6;210;;M;4592000;335800;630
2,016E+11;16;3;22;1415;1;1;1;1;3;210;;M;4592800;334100;630
2,016E+11;16;5;10;1945;1;1;1;1;3;201;;M;0;0;630
2,016E+11;16;4;26;1530;1;1;1;2;7;129;;M;0;0;890
2,016E+11;16;11;23;2300;3;1;1;1;6;15;;M;4759845;376485;890
2,016E+11;16;12;5;1800;3;1;1;1;2;15;;M;4761556;375387;890
2,016E+11;16;7;10;2345;5;2;1;1;6;227;Rue du Carrouge;M;4789968;375754;890
2,016E+11;16;12;21;800;2;1;1;1;1;307;;M;4789937;371188;890
2,016E+11;16;3;25;700;2;1;1;2;6;425;;M;4805891;374617;890
2,016E+11;16;3;5;1645;1;2;1;2;3;419;avenue Aristide briand;M;4774151;329099;890
2,016E+11;16;3;4;1315;1;1;1;2;1;217;;M;4768045;333657;890
2,016E+11;16;2;2;1915;5;2;1;1;3;25;rue de lyon;M;4749163;391623;890
2,016E+11;16;6;20;1930;1;1;1;2;7;433;;M;4751489;381696;890
2,016E+11;16;7;9;1030;1;1;5;1;1;378;;M;4749680;396689;890
2,016E+11;16;12;3;1800;3;1;1;1;3;306;;M;4749191;387948;890
2,016E+11;16;4;24;1145;1;1;1;1;1;12;;M;4762060;404497;890
2,016E+11;16;5;1;430;3;1;1;9;6;339;;M;4755181;396782;890
2,016E+11;16;10;5;1800;2;1;1;1;6;204;;M;0;0;890
2,016E+11;16;10;18;1700;1;2;1;7;3;22;12 rue du bois;M;4753781;398860;890
2,016E+11;16;1;30;1645;1;1;1;3;6;445;;M;4788287;386827;890
2,016E+11;16;8;8;1545;1;1;1;1;2;184;;M;4774310;417054;890
2,016E+11;16;9;29;715;2;2;1;1;3;321;10 rue Naudin;M;4773420;423172;890
2,016E+11;16;10;31;1530;1;1;1;7;6;418;;M;4784910;393186;890
2,016E+11;16;3;17;1745;1;1;1;1;6;3;;M;4786702;334189;890
2,016E+11;16;7;9;1745;1;2;1;1;1;3;31 Rue de la Mothe;M;4787337;334376;890
2,016E+11;16;1;5;945;1;1;1;1;6;467;;M;4826788;308834;890
2,016E+11;16;3;4;2200;5;2;1;1;6;274;45 Grande Rue;M;4822340;322173;890
2,016E+11;16;8;30;530;5;2;1;1;6;144;23 route de Savigny;M;4811527;306582;890
2,016E+11;16;4;12;1530;1;1;1;8;1;469;;M;4627661;454079;710
2,016E+11;16;4;13;1445;1;1;1;8;5;134;;M;0;0;710
2,016E+11;16;5;6;2300;3;1;1;1;1;134;;M;0;0;710
2,016E+11;16;5;31;1000;1;1;1;3;7;137;;M;0;0;710
2,016E+11;16;7;6;1400;1;2;2;7;3;137;;M;4644059;465271;710
2,016E+11;16;9;20;1215;1;1;1;1;3;146;;M;0;0;710
2,016E+11;16;10;1;1030;1;1;1;2;3;287;;M;0;0;710
2,016E+11;16;11;4;815;2;2;1;5;5;383;RD 906;M;4642734;487740;710
2,016E+11;16;4;29;1400;1;1;1;1;7;14;;M;4694256;435395;710
2,016E+11;16;5;23;815;1;1;1;2;7;14;;M;4692149;436724;710
2,016E+11;16;5;31;2130;2;1;1;8;7;493;;M;0;0;710
2,016E+11;16;8;2;745;1;2;1;1;2;527;le bourg;M;4704787;421869;710
2,016E+11;16;10;4;1400;1;1;1;1;1;129;;M;0;0;710
2,016E+11;16;11;9;1815;3;1;1;2;1;15;;M;0;0;710
2,016E+11;16;12;3;1830;5;2;1;9;1;14;avenue Charles de Gaulle;M;4695391;429530;710
2,016E+11;16;1;12;1415;1;1;1;3;1;202;;M;0;0;710
2,016E+11;16;9;25;1830;1;1;1;1;7;450;;M;0;0;710
2,016E+11;16;10;5;1545;1;2;1;1;6;73;4 rte de st loup de la s;M;4690507;476246;710
2,016E+11;16;11;26;2345;5;2;1;5;7;369;rue du 06 novembre 1944;M;4690625;472044;710
2,016E+11;16;10;8;2130;3;1;2;1;3;159;;M;4664309;464320;710
2,016E+11;16;12;9;1645;2;1;1;5;5;221;;M;0;0;710
2,016E+11;16;12;24;1215;1;1;1;1;3;221;;M;4676444;473783;710
2,016E+11;16;3;25;1600;1;1;2;2;3;187;;M;4676069;449719;710
2,016E+11;16;5;18;1530;1;1;1;1;2;310;;M;0;0;710
2,016E+11;16;6;17;1815;1;1;1;2;1;310;;M;0;0;710
2,016E+11;16;6;30;1015;1;1;1;1;2;310;;M;0;0;710
2,016E+11;16;9;11;600;3;1;1;1;1;310;;M;0;0;710
2,016E+11;16;6;9;1830;1;2;3;1;3;428;Cadollon;M;0;0;710
2,016E+11;16;2;1;1030;1;2;1;8;2;263;;M;4664747;520437;710
2,016E+11;16;2;4;745;2;1;1;1;5;558;;M;0;0;710
2,016E+11;16;3;18;1145;1;2;1;1;3;528;668 route du Bas de Rédy;M;4662634;520258;710
2,016E+11;16;3;2;545;2;1;1;1;7;580;;M;0;0;710
2,016E+11;16;3;18;1645;1;1;1;1;5;484;;M;0;0;710
2,016E+11;16;5;19;830;1;1;2;1;3;303;;M;0;0;710
2,016E+11;16;8;13;1645;1;1;9;1;1;380;;M;0;0;710
2,016E+11;16;8;25;845;1;1;1;1;3;196;;M;4665359;534371;710
2,016E+11;16;9;12;1200;1;2;1;1;6;263;Rue du port;M;4662941;521507;710
2,016E+11;16;9;16;1900;1;1;1;1;1;300;;M;0;0;710
2,016E+11;16;10;18;1430;1;2;1;1;1;263;390 avenue Fernand Point;M;4662398;523086;710
2,016E+11;16;11;16;1800;4;2;1;2;6;263;Rue de Bram;M;4662675;521591;710
2,016E+11;16;2;12;1430;1;1;1;1;6;158;;M;0;0;710
2,016E+11;16;3;26;1930;2;2;1;1;3;351;;M;0;0;710
2,016E+11;16;1;15;1030;1;1;1;8;2;265;;M;0;0;710
2,016E+11;16;6;22;515;2;1;1;1;6;292;;M;0;0;710
2,016E+11;16;8;25;1045;1;1;1;1;3;292;;M;0;0;710
2,016E+11;16;11;22;730;2;1;1;2;2;292;;M;0;0;710
2,016E+11;16;9;17;1430;1;1;1;1;6;407;;M;4350440;86980;320
2,016E+11;16;12;28;1400;1;1;2;1;3;277;;M;4348830;86550;320