Num_Acc;an;mois;jour;hrmn;lum;agg;int;atm;col;com;adr;gps;lat;long;dep
2,016E+11;16;11;21;815;2;2;2;1;3;102;248 AVENUE VICTOR HUGO;M;4668727;-31059;160
2,016E+11;16;5;24;1715;1;1;1;1;1;69;AV DE FONTAINEBLEAU;M;4845859;261307;770
2,016E+11;16;8;12;2300;3;1;1;1;6;69;D64;M;4848519;262803;770
2,016E+11;16;12;12;1545;1;1;3;1;3;425;D11 - ROUTE D'ARBONNE;M;4843904;256295;770
2,016E+11;16;7;7;645;1;2;1;1;3;100;56 rue de selettes;M;0;0;690
2,016E+11;16;7;22;2245;4;2;1;8;6;100;16 rue du vieux port;M;0;0;690
2,016E+11;16;9;11;700;1;2;1;1;7;260;CD 315;M;0;0;690
2,016E+11;16;10;25;1820;2;2;1;2;6;260;route de givors;M;4563894;480719;690
2,016E+11;16;3;5;1700;1;2;3;1;3;335;rue neuve prolongée;M;5047100;339500;590
2,016E+11;16;2;4;1600;1;2;6;1;6;189;Rond point de l'Eolienne;M;4270101;289235;660
2,016E+11;16;6;5;1630;1;1;1;1;7;186;;M;4266424;299188;660
2,016E+11;16;12;17;45;4;1;1;2;7;189;;M;0;0;660
2,016E+11;16;1;23;1100;1;2;1;1;1;471;;M;4958495;300002;600
2,016E+11;16;8;18;1954;1;1;1;1;7;71;5110;M;4441801;597972;50
2,016E+11;16;12;3;1655;1;2;6;1;7;449;., SAINTONGE AVENUE DE;M;4595050;-89616;170
2,016E+11;16;2;11;715;5;2;1;2;6;299;., BACHELARD AVENUE VICT;M;4594952;-95647;170
2,016E+11;16;12;14;1505;1;2;1;1;6;299;., QUATRE ANES CENTRE CI;M;4595664;-97746;170
2,016E+11;16;3;19;1410;1;1;1;1;2;299;., C.D. 733;M;4591635;-96624;170
2,016E+11;16;12;26;1755;5;2;2;1;3;299;PONTY AVENUE W.;M;4594483;-95774;170
2,016E+11;16;4;2;1030;1;2;3;1;3;449;., SAINTONGE AVENUE DE;M;4595129;-89056;170
2,016E+11;16;12;30;1140;1;2;1;1;6;449;2, AUNIS AVENUE D';M;4594815;-91274;170
2,016E+11;16;4;8;1055;1;2;1;1;2;299;., AUNIS AVENUE D';M;4594923;-97658;170
2,016E+11;16;4;15;1525;1;2;1;1;3;299;50, PELLETAN AVENUE;M;4594164;-96437;170
2,016E+11;16;5;14;1715;1;2;1;1;2;299;., AIGREFEUILLE AVENUE D;M;4595594;-95547;170
2,016E+11;16;5;25;1105;1;2;2;1;3;299;., HUGO RUE VICTOR;M;4593881;-96281;170
2,016E+11;16;5;28;2110;1;2;1;1;7;449;28, TARIF RUE EDOUARD;M;4595216;-87825;170
2,016E+11;16;5;31;855;1;2;1;1;3;449;105, AUNIS AVENUE D';M;4595004;-92536;170
2,016E+11;16;6;12;1955;1;2;2;1;3;299;., RHIN ET DANUBE AVENUE;M;4594822;96752;170
2,016E+11;16;6;13;2150;2;2;2;1;7;299;., DUGUAY TROUIN AVNUE L;M;4592776;95685;170
2,016E+11;16;7;5;1935;1;2;1;1;7;449;108, AUNIS AVENUE D';M;4594980;-92343;170
2,016E+11;16;7;7;1535;1;2;2;1;3;299;., REPUBLIQUE RUE DE LA;M;4593330;96185;170
2,016E+11;16;7;9;830;1;2;1;1;7;299;173, POUZET BOULEVARD ED;M;4593545;98047;170
2,016E+11;16;7;11;1730;1;1;1;1;2;299;., MILLE PATTES BOULEVAR;M;4593325;-98366;170
2,016E+11;16;7;30;1720;1;2;1;1;7;299;7, PONTY AVENUE W.;M;4594513;-95703;170
2,016E+11;16;8;16;1940;1;2;2;1;3;299;61, DE GAULLE AVENUE DU;M;4593562;-96241;170
2,016E+11;16;8;10;1930;1;1;1;1;1;449;, R.D. 137 (TONNAY CHARE;M;4595303;-87595;170
2,016E+11;16;9;3;1635;1;1;1;1;7;449;R.D. 911;M;4596210;-92820;170
2,016E+11;16;9;23;1220;1;2;1;1;2;299;40, DEPORTES ET FUSILLES;M;4593277;-96638;170
2,016E+11;16;10;5;1250;1;2;1;1;6;299;., WILSON AVENUE;M;4594328;-96064;170
2,016E+11;16;10;13;400;5;2;6;1;7;299;., AUNIS AVENUE D';M;4595582;-97803;170
2,016E+11;16;10;15;1630;1;2;1;1;7;299;27, PREVERT RUE JACQUES;M;4595465;-94514;170
2,016E+11;16;11;9;135;5;2;1;3;7;299;., VIVRES QUAI AUX;M;4594451;-95915;170
2,016E+11;16;11;9;1110;1;2;1;2;6;299;6, BRIAND BOULEVARD ARIS;M;4594724;-96593;170
2,016E+11;16;11;25;1715;2;1;1;1;1;299;RD 137;M;4595164;-93288;170
2,016E+11;16;12;2;825;2;2;1;1;7;449;., PASTEUR LOUIS RUE;M;4595174;-89618;170
2,016E+11;16;12;30;135;5;2;2;1;6;300;105, COGNEHORS   BOULEVA;M;4616649;-113746;170
2,016E+11;16;1;1;1657;1;2;1;1;3;300;46, REPUBLIQUE   BOULEVA;M;4613839;-115182;170
2,016E+11;16;12;31;1811;3;1;1;1;2;291;33 PK RN11 NANTES ROCADE;M;4617921;-109664;170
2,016E+11;16;1;3;1900;4;1;1;3;4;291;33 PK RN11 NANTES ROCADE;M;4617920;-109663;170
2,016E+11;16;1;3;2000;4;1;1;3;2;291;34 PK RN11 ROCADE NANTES;M;4617558;-110875;170
2,016E+11;16;1;3;2000;5;1;1;3;4;291;35 PK RN11 NANTES ROCADE;M;4617205;-112005;170
2,016E+11;16;1;4;710;4;2;1;2;7;300;84, JAURES   RUE JEAN;M;4616241;-114218;170
2,016E+11;16;1;4;1830;5;2;2;2;6;300;26, DAME HILAIRE   COURS;M;4616772;-117598;170
2,016E+11;16;1;6;1115;1;2;1;1;6;300;2, LACROIX   RUE MARIUS;M;4616966;-114666;170
2,016E+11;16;1;6;2025;5;2;2;2;3;300;14, NORMANDIN   RUE EMIL;M;4615045;-114621;170
2,016E+11;16;1;7;800;2;2;1;2;7;300;87, GRASSET   AVENUE EDM;M;4616374;-117162;170
2,016E+11;16;1;7;1500;1;2;1;1;6;300;14, CORSAIRES   AVENUE D;M;4616477;-117525;170
2,016E+11;16;1;8;1350;1;2;1;2;2;300;77BIS, GRASSET   AVENUE;M;4616351;-116887;170
2,016E+11;16;1;10;1326;1;2;2;2;3;300;29, GAMBETTA   AVENUE;M;4616177;-114671;170
2,016E+11;16;1;12;1840;5;2;1;3;1;200;Avenu des Oiseaux de mer;M;4618311;-115296;170
2,016E+11;16;1;14;745;5;1;1;1;7;291;01 PK RN237 MOULIN JUSTI;M;4617883;-112882;170
2,016E+11;16;1;19;1730;1;2;2;1;6;291;50, JUSTICES  RUE DU MOU;M;4617234;-112443;170
2,016E+11;16;1;20;1220;1;1;1;1;2;28;112 PK RN137 JUSTICE ROC;M;4612089;-110954;170
2,016E+11;16;1;23;2130;5;2;1;1;6;300;17, MARILLAC   AVENUE;M;4614111;-116135;170
2,016E+11;16;1;25;1515;1;1;1;1;4;300;118 PK RN137 ROCHEFORT J;M;4616926;-112058;170
2,016E+11;16;1;26;1740;1;1;1;1;6;300;09 PK RN237 MOULIN JUSTI;M;4617318;-121765;170
2,016E+11;16;1;27;110;5;2;1;1;2;28;62, SALENGRO   AVENUE RO;M;4614010;-113326;170
2,016E+11;16;1;28;800;2;2;2;2;3;300;56, EINSTEIN   AVENUE AL;M;4614825;-115509;170
2,016E+11;16;1;31;1900;5;2;1;1;6;274;86, POMMERAIE   PLACE DE;M;4615509;-109602;170
2,016E+11;16;2;1;1135;1;2;1;1;5;28;12, SALENGRO   AVENUE R;M;4614078;-113686;170
2,016E+11;16;2;2;950;1;2;1;1;2;300;42, DUPERRE   QUAI;M;4615806;-115311;170
2,016E+11;16;2;2;1840;5;1;1;2;2;291;33 PK RN11 NANTES ROCADE;M;4617920;-109667;170
2,016E+11;16;2;2;1850;5;2;6;2;6;28;2, LYSIACK   AVENUE DU C;M;4613637;-112477;170
2,016E+11;16;2;3;800;1;2;3;2;3;300;15, GRANDES VARENNES   A;M;4617140;-117701;170
2,016E+11;16;2;3;1946;2;2;1;1;2;291;Rue de la Libération;M;4617697;-111522;170
2,016E+11;16;2;5;1147;1;2;1;1;6;200;1, LAGORD   AVENUE DE;M;4617337;-116125;170
2,016E+11;16;2;6;937;1;2;1;2;7;291;57, BAILLAC   RUE DE;M;4618059;-111621;170
2,016E+11;16;2;6;2310;5;1;1;1;6;300;D 106;M;4617621;-121162;170
2,016E+11;16;2;8;2024;5;2;2;1;3;300;125, CORSAIRES   AVENUE;M;4616900;-117183;170
2,016E+11;16;2;9;1415;1;2;2;1;6;300;14, SAINTES-CLAIRES   RU;M;4616364;-115201;170
2,016E+11;16;2;10;1010;1;2;1;2;6;200;, ROSE   AVENUE DU FIEF;M;4617379;-116640;170
2,016E+11;16;2;11;430;5;2;1;2;2;300;1, MOULIN   PONT JEAN;M;4615621;-114153;170
2,016E+11;16;2;11;1900;1;2;1;1;1;291;15, LA ROCHELLE   ROUTE;M;4618358;-111984;170
2,016E+11;16;2;12;950;1;2;1;1;6;300;15, MARILLAC   AVENUE;M;4614174;-115862;170
2,016E+11;16;2;12;1630;1;2;1;1;6;300;25, JOFFRE   BOULEVARD (;M;4616010;-114100;170
2,016E+11;16;2;12;1715;1;2;1;1;2;300;1, DUPERRE   QUAI;M;4615817;-115108;170
2,016E+11;16;2;22;1920;5;2;1;2;3;300;1, DUPERRE   QUAI;M;4615807;-115071;170
2,016E+11;16;2;28;430;5;2;1;1;6;300;2, NEUVE   AVENUE DE LA;M;4616146;-115839;170
2,016E+11;16;3;1;1910;2;1;1;1;7;28;112 PK RN137 ROCHEFORT J;M;4612085;-110936;170
2,016E+11;16;3;2;800;1;2;1;2;3;300;27, LA ROCHELLE   RUE DE;M;4616039;-114930;170
2,016E+11;16;3;2;1750;1;2;1;1;3;200;1, LAGORD VENDOME   AVEN;M;4617341;-116099;170
2,016E+11;16;3;3;1148;1;1;1;1;7;274;1, D108;M;4615436;-111235;170
2,016E+11;16;3;4;1615;1;2;1;1;2;200;15, HUIT MAI 1945   AVEN;M;4617748;-115166;170
2,016E+11;16;3;9;1810;1;2;1;2;1;274;1, REPUBLIQUE   ROND-POI;M;4615259;-111260;170
2,016E+11;16;3;16;805;1;2;1;1;3;28;1, LE VERRIER  RUE;M;4613041;-109811;170
2,016E+11;16;3;16;1720;1;2;1;1;6;300;7, MERVAULT   RUE;M;4616314;-115061;170
2,016E+11;16;3;18;1250;1;2;1;1;2;300;5, SCHUMANN   AVENUE ROB;M;4616659;-117861;170
2,016E+11;16;3;21;1605;1;2;1;1;6;300;209, PERIGNY   RUE DE;M;4616038;-112870;170
2,016E+11;16;3;24;1550;1;2;2;1;3;300;84, CORSAIRES   AVENUE D;M;4616519;-117501;170
2,016E+11;16;3;27;1740;1;2;1;2;2;300;5, ROBINET   AVENUE LEOP;M;4616538;-113669;170
2,016E+11;16;3;27;1840;1;2;6;1;3;300;105, COGNEHORS   BOULEVA;M;4616746;-114022;170
2,016E+11;16;4;1;1740;1;2;1;1;2;300;73, SAUTEL  BOULEVARD AN;M;4616809;-113232;170
2,016E+11;16;4;1;2220;5;2;1;1;5;300;106, COUNEAU   RUE EMILE;M;4614973;-114720;170
2,016E+11;16;4;3;1620;1;1;1;1;2;291;33 PK RN11 NANTES ROCADE;M;4617919;-109657;170
2,016E+11;16;4;3;2325;5;2;1;2;6;200;209, HUIT MAI 1945   AVE;M;4617866;-115259;170
2,016E+11;16;4;4;900;1;2;1;1;4;300;117, REPUBLIQUE   BOULEV;M;4613861;-114935;170
2,016E+11;16;4;4;1735;1;2;1;2;6;300;70 BIS, GRASSET   AVENUE;M;4616349;-116899;170
2,016E+11;16;4;6;745;1;2;6;1;6;300;96, CARNOT   AVENUE;M;4616453;-118173;170
2,016E+11;16;4;6;1525;1;2;2;1;6;300;8, DELMAS   AVENUE MAURI;M;4615869;-115964;170
2,016E+11;16;4;10;620;3;1;1;1;2;291;0 PK RN237 MOULIN JUSTIC;M;4617185;-112081;170
2,016E+11;16;4;11;1200;1;2;1;1;2;300;370, GUITON   AVENUE JEA;M;4616017;-119434;170
2,016E+11;16;4;12;130;5;2;1;1;6;300;161, GUITON   AVENUE JEA;M;4616079;-117256;170
2,016E+11;16;4;12;1250;1;2;3;1;3;300;2, VERDUN   PLACE DE;M;4616309;-115432;170
2,016E+11;16;4;12;1810;1;2;1;1;4;300;150, SARTRE   AVENUE JEA;M;4615685;-112206;170
2,016E+11;16;4;12;1910;1;2;3;1;6;300;52, CENT-VINGT-TROISIEME;M;4615037;-114611;170
2,016E+11;16;4;13;1810;1;2;1;1;4;300;155, SARTRE   AVENUE JEA;M;4615686;-112208;170
2,016E+11;16;4;14;945;1;2;1;1;6;300;2, SAINT-NICOLAS   RUE;M;4615817;-114978;170
2,016E+11;16;4;14;1915;1;2;1;2;6;300;29, VALIN   QUAI;M;4615701;-114994;170
2,016E+11;16;4;15;525;1;2;1;1;6;200;258, CORSAIRES   AVENUE;M;4617222;-116325;170
2,016E+11;16;4;15;1440;1;2;3;1;1;300;2, LECLERC   AVENUE DU G;M;4616241;-115852;170
2,016E+11;16;4;16;853;1;2;3;1;3;300;15, DENFERT-ROCHEREAU;M;4616422;-120274;170
2,016E+11;16;4;18;950;1;2;3;1;3;300;27, MANGIN   AVENUE DU G;M;4616664;-118317;170
2,016E+11;16;4;23;1945;1;1;1;1;1;300;2, MONSSIDUN   RUE DE;M;4618202;-117334;170
2,016E+11;16;5;3;1854;1;2;1;1;1;300;2, CORDELIERS   PLACE DE;M;4616287;-114600;170
2,016E+11;16;5;3;1905;1;2;1;1;1;300;2, SCIERIE   RUE DE LA;M;4615139;-115409;170
2,016E+11;16;5;3;2340;3;1;1;1;6;291;33 PK RN11 ROCADE NANTES;M;4617920;-109666;170
2,016E+11;16;5;6;1129;1;2;1;1;3;300;2, SCIERIE   RUE DE LA;M;4615133;-115411;170
2,016E+11;16;5;9;1639;1;2;1;1;1;291;2, QUATORZE JUILLET   RU;M;4617562;-111582;170
2,016E+11;16;5;11;155;5;2;1;1;6;300;2, REMPARTS   CHEMIN DES;M;4615556;-115844;170
2,016E+11;16;5;16;2140;5;2;1;1;7;300;2, LOTI   AVENUE PIERRE;M;4616149;-117601;170
2,016E+11;16;5;17;955;1;2;1;1;2;300;65, DENFERT-ROCHEREAU;M;4616523;-119206;170
2,016E+11;16;5;18;1505;1;2;1;2;2;300;78, SARTRE   AVENUE JEAN;M;4615622;-113110;170
2,016E+11;16;5;20;2210;1;1;2;1;3;300;15, GUITON   AVENUE JEAN;M;4615866;-115952;170
2,016E+11;16;5;22;1;5;2;1;1;6;300;2, COLMAR   AVENUE DE;M;4615383;-114848;170
2,016E+11;16;5;23;805;1;2;1;1;7;300;14, BECQUEREL   AVENUE H;M;4614711;-115515;170
2,016E+11;16;5;23;910;1;2;1;1;3;300;58, MUSE   RUE DE LA (1/;M;4616518;-120154;170
2,016E+11;16;5;23;1839;2;2;1;1;1;300;65, LOMBARD AVENUE MODE;M;4617153;-119581;170
2,016E+11;16;5;24;820;1;2;1;1;4;274;25, LANGEVIN   AVENUE PA;M;4616242;-109175;170
2,016E+11;16;5;26;1400;1;2;1;1;6;274;73, PERE   RUE DU;M;4615529;-108830;170
2,016E+11;16;5;27;855;1;1;1;1;3;274;100, GRANDE RUE   RUE;M;4615263;-110863;170
2,016E+11;16;5;27;1025;1;2;1;1;3;291;1, DIX-HUIT JUIN   RUE D;M;4617617;-111337;170
2,016E+11;16;5;29;2145;5;2;1;1;7;300;7, CLEMENCEAU   AVENUE G;M;4616408;-118190;170
2,016E+11;16;5;31;1658;1;1;1;1;2;28;114 PK RN137 JUSTICE ROC;M;4613730;-110346;170
2,016E+11;16;6;3;1040;1;2;1;1;3;300;2, VERDUN   PLACE DE;M;4616275;-115238;170
2,016E+11;16;6;3;1453;1;2;1;1;3;300;1, CHAMP DE MARS   AVENU;M;4616912;-114946;170
2,016E+11;16;6;6;1825;1;2;1;1;3;28;2, MAILLES   RUE DES COT;M;4614030;-111095;170
2,016E+11;16;6;8;1720;1;1;1;1;6;300;08 PK RN237 RE MOULIN JU;M;4617597;-121502;170
2,016E+11;16;6;8;2000;1;2;2;1;3;300;2, VILLENEUVE   RUE;M;4616174;-114670;170
2,016E+11;16;6;10;1205;1;2;1;1;1;300;3, MORCH   BOULEVARD WLA;M;4615870;-120347;170
2,016E+11;16;6;11;1605;1;2;1;1;2;300;12, VIELJEUX   RUE LEONC;M;4615780;-109232;170
2,016E+11;16;6;13;1328;1;1;1;1;2;28;50, GRASSET   AVENUE EDM;M;4613292;-111215;170
2,016E+11;16;6;13;1840;1;2;1;1;6;300;2, SARTRE   AVENUE JEAN-;M;4615620;-113053;170
2,016E+11;16;6;16;1615;1;2;1;1;2;300;80, QUEBEC   RUE DE (>11;M;4615081;-120539;170
2,016E+11;16;6;17;1430;1;2;2;1;3;300;33, HAUTIER   AVENUE HEN;M;4616424;-120274;170
2,016E+11;16;6;19;1620;1;2;2;1;3;300;33, HAUTIER   AVENUE HEN;M;4616425;-120268;170
2,016E+11;16;6;20;1035;1;2;1;1;2;300;20, LECLERC   AVENUE DU;M;4616284;-116237;170
2,016E+11;16;6;21;1335;1;2;1;1;5;300;2, SAUTEL  BOULEVARD AND;M;4616671;-113654;170
2,016E+11;16;6;21;2350;5;2;2;1;3;300;29, JOFFRE   BOULEVARD (;M;4615796;-114229;170
2,016E+11;16;6;23;145;5;2;1;1;6;28;55, CLEMENCEAU   BOULEVA;M;4613107;-112245;170
2,016E+11;16;6;23;1650;1;2;1;1;3;300;42, SAUTEL  BOULEVARD AN;M;4616736;-113461;170
2,016E+11;16;6;23;1840;1;2;2;1;3;300;60, BRIAND   AVENUE ARIS;M;4616685;-116399;170
2,016E+11;16;6;24;910;1;2;2;1;3;300;40, REPUBLIQUE   BOULEVA;M;4613877;-114813;170
2,016E+11;16;6;25;1200;1;2;2;1;3;300;1, PETROZAVODSK   PLACE;M;4615939;-117963;170
2,016E+11;16;6;25;1530;1;2;2;1;3;300;2, SCIERIE   RUE DE LA;M;4614841;-115337;170
2,016E+11;16;6;26;530;5;2;1;1;6;300;38, MAIL   ALLEE DU;M;4615598;-116584;170
2,016E+11;16;6;28;910;1;2;1;1;2;291;1, EUROPE  AVENUE;M;4617811;-112398;170
2,016E+11;16;6;28;1211;1;2;3;2;3;300;44, NORMANDIN   RUE EMIL;M;4614693;-114322;170
2,016E+11;16;6;28;1300;1;2;2;2;1;300;1, MOTTE ROUGE    PLACE;M;4615502;-114959;170
2,016E+11;16;6;28;1733;1;1;1;1;4;28;112 PK RN137 ROCHEFORT J;M;4612085;-110936;170
2,016E+11;16;6;28;2340;5;1;1;1;5;291;34 PK RN11 ROCADE NANTES;M;4617547;-110869;170
2,016E+11;16;7;1;923;1;2;1;1;6;291;18, LIBERATION   RUE DE;M;4617717;-111558;170
2,016E+11;16;7;3;1530;1;2;1;1;6;300;28, NORMANDIN   RUE EMIL;M;4614788;-114335;170
2,016E+11;16;7;5;1640;1;1;1;1;4;291;34 PK RN11 ROCADE NANTES;M;4617557;-110875;170
2,016E+11;16;7;5;1909;1;2;1;1;3;300;27, JOFFRE   BOULEVARD (;M;4616003;-114110;170
2,016E+11;16;7;6;830;1;2;1;1;3;200;07, BOIS D'HURE   RUE DU;M;4618987;-114492;170
2,016E+11;16;7;6;1625;1;2;3;1;3;300;2, DAUPHINE  AVENUE DE L;M;4616867;-114985;170
2,016E+11;16;7;8;1007;1;2;1;1;3;300;69, SAUTEL  BOULEVARD AN;M;4616803;-113250;170
2,016E+11;16;7;14;1730;1;2;1;1;6;300;2, SEMARD   PLACE PIERRE;M;4615320;-114581;170
2,016E+11;16;7;16;1032;1;1;1;1;6;300;09 PK RN237 RE MOULIN JU;M;4617182;-112082;170
2,016E+11;16;7;17;300;5;2;1;1;6;300;2, SAUTEL  BOULEVARD AND;M;4616680;-113662;170
2,016E+11;16;7;17;405;5;1;1;1;2;291;35 PK RN11 ROCADE NANTES;M;4617219;-112015;170
2,016E+11;16;7;17;1215;1;2;1;1;4;300;170, DENFERT-ROCHEREAU;M;4616431;-120192;170
2,016E+11;16;7;18;1640;1;2;1;1;3;291;01, HUIT MAI   RUE DU;M;4617762;-111350;170
2,016E+11;16;7;21;1835;1;2;6;1;6;300;GAULLE   AVENUE DU GENER;M;4615403;-114716;170
2,016E+11;16;7;21;1830;1;1;1;1;1;274;10, Route de Belle Croix;M;4616854;-164520;170
2,016E+11;16;7;25;1945;1;2;1;1;7;300;155, ROUX   RUE DE;M;4614245;-114996;170
2,016E+11;16;7;26;1311;1;2;2;1;3;300;03, CREPEAU   AVENUE MIC;M;4614921;-115879;170
2,016E+11;16;7;26;1415;1;2;4;1;3;300;23, DURAND  QUAI LOUIS;M;4615830;-114451;170
2,016E+11;16;7;26;1418;1;2;2;1;3;300;12, DELAYANT   RUE;M;4616423;-115180;170
2,016E+11;16;7;30;1055;1;2;1;1;3;300;2, MARILLAC   QUAI;M;4614860;-116083;170
2,016E+11;16;8;1;1455;1;2;1;1;2;300;42, MARILLAC   AVENUE;M;4614089;-116196;170
2,016E+11;16;8;2;1415;1;1;1;1;2;300;35 PK RN11 ROCADE NANTES;M;4617221;-112012;170
2,016E+11;16;8;2;1945;1;2;2;1;3;300;371, GUITON   AVENUE JEA;M;4615968;-116573;170
2,016E+11;16;8;3;1109;1;2;1;1;2;200;1, CLAVIER   AVENUE DU;M;4617928;-115959;170
2,016E+11;16;8;4;1840;1;2;2;1;3;300;35, BALANDE   RUE GASTON;M;4617140;-117700;170
2,016E+11;16;8;9;1559;1;2;1;1;6;300;12, BOIS FLEURI   RUE DU;M;4616542;-120505;170
2,016E+11;16;8;10;800;1;1;1;1;2;28;114 PK RN137 JUSTICE ROC;M;4613729;-110345;170
2,016E+11;16;8;11;2155;5;2;2;1;3;300;00, LECLERC   AVENUE DU;M;4616245;-115849;170
2,016E+11;16;8;22;1832;1;2;3;1;3;300;00, LECLERC   AVENUE DU;M;4616272;-116147;170
2,016E+11;16;8;22;1951;1;2;6;1;6;300;00, COGNEHORS   BOULEVAR;M;4616749;-114037;170
2,016E+11;16;8;24;1556;1;2;1;1;6;300;05, SAUTEL  BOULEVARD AN;M;4616684;-113614;170
2,016E+11;16;8;27;1242;1;2;1;1;6;291;00, QUATORZE JUILLET   R;M;4617460;-111700;170
2,016E+11;16;8;28;1847;1;2;1;1;6;300;100, MAIL   ALLEE DU;M;4615584;-117059;170
2,016E+11;16;8;29;1220;1;2;3;1;2;300;00, SAUTEL  BOULEVARD AN;M;4616916;-112913;170
2,016E+11;16;8;30;1110;1;2;1;1;2;28;62, GRASSET   AVENUE EDM;M;4613220;-110989;170
2,016E+11;16;8;30;1908;1;2;1;1;3;300;00, RAVEL   RUE MAURICE;M;4616365;-112533;170
2,016E+11;16;8;30;2215;5;2;3;1;3;28;00, LYSIACK   AVENUE DU;M;4613814;-112939;170
2,016E+11;16;9;2;906;1;2;2;1;6;300;00, QUATORZE JUILLET   A;M;4615209;-112429;170
2,016E+11;16;9;4;1507;1;1;1;1;2;300;00, D 106;M;4617707;-121169;170
2,016E+11;16;9;4;2150;5;2;1;1;7;300;00, BECQUEREL   AVENUE H;M;4614734;-115527;170
2,016E+11;16;9;4;2300;5;2;1;1;6;300;2, CHAUDRIER   RUE;M;4616029;-115339;170
2,016E+11;16;9;6;815;1;2;1;1;2;300;21, BLANCHARD   RUE JEAN;M;4616616;-112568;170
2,016E+11;16;9;6;1810;1;2;1;1;7;200;00, HUIT MAI 1945   AVEN;M;4617860;-115242;170
2,016E+11;16;9;10;1751;1;2;9;1;3;300;;M;4616251;-112129;170
2,016E+11;16;9;11;1824;1;1;1;1;6;200;00, D 105;M;4619353;-114128;170
2,016E+11;16;9;15;2350;5;2;1;1;7;300;00, SENAC DE MEILHAN   R;M;4615082;-115263;170
2,016E+11;16;9;15;1633;1;2;2;1;2;300;00, CORSAIRES   AVENUE D;M;4616960;-116989;170
2,016E+11;16;9;23;1640;1;2;3;1;3;300;00, JOFFRE   BOULEVARD (;M;4615312;-114629;170
2,016E+11;16;9;23;1822;1;1;1;1;4;300;00, 05 PK RN237 MOULIN J;M;4617368;-117828;170
2,016E+11;16;9;24;345;5;2;1;1;6;28;88, GRASSET   AVENUE EDM;M;4613165;-110447;170
2,016E+11;16;9;24;1700;1;2;1;1;7;300;00, REMPARTS   CHEMIN DE;M;4616572;-115385;170
2,016E+11;16;9;25;50;5;2;1;1;2;300;43 rue Emile Normandin;M;4614859;-114392;170
2,016E+11;16;9;25;1400;1;2;1;1;3;300;00, DENFERT-ROCHEREAU;M;4616514;-119284;170
2,016E+11;16;9;27;2100;5;2;3;1;3;300;38, GRANDES VARENNES   A;M;4617139;-117700;170
2,016E+11;16;9;28;1122;1;2;1;1;3;300;00, MAIL   ALLEE DU;M;4615580;-117047;170
2,016E+11;16;9;28;2340;5;2;1;1;6;300;71, NORMANDIN   RUE EMIL;M;4614778;-114331;170
2,016E+11;16;9;29;851;1;2;2;1;3;300;00, BERNIER   AVENUE DU;M;4616749;-109320;170
2,016E+11;16;9;30;1320;1;2;1;1;6;300;7, NOUE   RUE DE LA;M;4616029;-115572;170
2,016E+11;16;10;2;550;2;2;1;1;7;300;284, GUITON   AVENUE JEA;M;4616144;-118352;170
2,016E+11;16;10;2;1620;1;2;2;1;3;300;00, PEPINIERE   RUE DE L;M;4616150;-116392;170
2,016E+11;16;10;4;1345;1;2;3;1;3;300;SCHWEITZER   RUE DU DOCT;M;4615782;-114457;170
2,016E+11;16;10;5;800;1;2;1;1;6;300;43, MINAGE   RUE DU;M;4616294;-115141;170
2,016E+11;16;10;5;1725;1;2;1;1;3;300;108, GRASSET   AVENUE ED;M;4616383;-117230;170
2,016E+11;16;10;6;1538;1;2;2;1;1;300;00, REPUBLIQUE   BOULEVA;M;4614104;-114127;170
2,016E+11;16;10;6;1719;1;1;1;1;6;28;00, 114 PK RN137 JUSTICE;M;4613731;-110345;170
2,016E+11;16;10;7;1721;1;1;1;1;2;291;00, 118 PK RN137 JUSTICE;M;4617160;-112071;170
2,016E+11;16;10;7;1819;1;1;1;1;2;28;112 PK RN137 JUSTICE ROC;M;4612086;-110935;170
2,016E+11;16;10;8;2300;5;2;1;1;6;300;01, LOMBARD   AVENUE MOD;M;4616798;-119508;170
2,016E+11;16;10;11;1705;1;2;1;1;6;300;57, NORMANDIN   RUE EMIL;M;4614809;-114344;170
2,016E+11;16;10;12;1200;1;2;2;1;6;300;00, COLIGNY   AVENUE;M;4616304;-109540;170
2,016E+11;16;10;12;1846;1;2;2;1;6;300;00, RAMBAUD   RUE;M;4616354;-115468;170
2,016E+11;16;10;14;1815;1;2;3;1;3;300;Rue Moulin des justices;M;4616938;-112148;170
2,016E+11;16;10;14;2330;5;2;1;1;6;200;00, HUIT MAI 1945   AVEN;M;4617821;-115326;170
2,016E+11;16;10;15;1630;1;1;6;1;3;291;00, D 263;M;4617359;-111201;170
2,016E+11;16;10;16;340;5;2;1;1;6;300;85, GRASSET   AVENUE EDM;M;4616351;-116977;170