Num_Acc;an;mois;jour;hrmn;lum;agg;int;atm;col;com;adr;gps;lat;long;dep
2,016E+11;16;10;25;1830;5;2;3;1;5;231;PONT DES TANNERIES (DU);M;4731483;503113;210
2,016E+11;16;10;27;1450;1;2;5;1;6;231;SULLY  (RUE);M;4731476;508223;210
2,016E+11;16;10;29;808;1;2;2;1;3;166;MAXIME GUILLOT (RUE);M;4729778;501345;210
2,016E+11;16;10;29;1709;1;2;2;1;3;231;TRIMOLET (BOULEVARD);M;4732726;506508;210
2,016E+11;16;11;21;520;5;2;2;2;3;231;PEYVETS (DES) (BOULEVARD;M;4730558;502211;210
2,016E+11;16;12;2;1620;1;2;2;7;6;231;EUGENE FYOT (BOULEVARD);M;4730956;501661;210
2,016E+11;16;12;1;1220;1;2;4;1;1;355;DIJON (DE) (ROUTE);M;4730026;505185;210
2,016E+11;16;12;9;1650;2;2;1;5;6;231;GASTON BACHELARD (BOULEV;M;4731864;500145;210
2,016E+11;16;12;10;1249;1;2;1;1;6;231;5, COLONEL QUANTIN (RUE);M;4734078;505445;210
2,016E+11;16;12;8;1638;2;2;1;5;3;231;221, AUXONNE (D') (RUE);M;4730459;506228;210
2,016E+11;16;12;28;110;5;2;4;1;6;231;9, PASCAL (BOULEVARD);M;4733688;505537;210
2,016E+11;16;1;11;715;3;1;1;1;1;308;D62;M;4544325;464085;420
2,016E+11;16;2;5;1245;1;1;1;1;1;210;route de Pavezin;M;4547704;464985;420
2,016E+11;16;2;12;1245;1;1;1;2;6;271;lieu dit They;M;4545105;460893;420
2,016E+11;16;3;8;745;3;1;1;1;6;308;;M;4546256;458330;420
2,016E+11;16;3;8;1130;1;2;1;1;6;271;7 RUE HENRI TRONEL;M;4548230;457509;420
2,016E+11;16;5;29;2045;2;1;1;1;7;271;;M;4549075;456953;420
2,016E+11;16;6;6;1915;1;1;1;1;7;320;;M;4554984;452072;420
2,016E+11;16;7;11;1745;1;1;1;3;3;242;;M;4554564;462944;420
2,016E+11;16;8;13;1415;1;1;1;1;1;307;;M;4555024;467323;420
2,016E+11;16;9;14;1645;1;1;1;1;7;322;D2;M;4539971;453329;420
2,016E+11;16;1;14;1800;2;2;1;2;7;113;KERZOLLES (CHEMIN DE);M;4874840;-345762;220
2,016E+11;16;1;22;730;3;1;1;2;2;113;TREGASTEL (ROUTE DE);M;4877257;-348587;220
2,016E+11;16;1;27;1847;3;2;1;3;6;113;SAINT MARC (RUE DE);M;4873416;-344064;220
2,016E+11;16;2;8;1835;3;1;1;3;2;113;SAINT PIERRE (RUE);M;4875218;-345445;220
2,016E+11;16;1;25;820;2;1;1;1;3;113;TREBEURDEN (ROUTE DE);M;4875337;-351682;220
2,016E+11;16;1;26;835;1;2;1;1;1;113;PASCAL (RUE BLAISE);M;4875942;-347744;220
2,016E+11;16;2;13;2200;5;2;1;3;6;113;9, FRERES LAGADEC (RUE D;M;4872750;-346643;220
2,016E+11;16;2;23;2305;5;2;1;1;7;113;RESISTANCE (AVENUE DE LA;M;4873978;-346560;220
2,016E+11;16;3;7;1655;1;2;3;1;3;113;GUILLOUX (BOULEVARD LOUI;M;4872611;-344855;220
2,016E+11;16;3;8;1815;1;2;1;1;1;113;61, TREGUIER (RUE DE);M;4873323;-345152;220
2,016E+11;16;2;19;1615;1;2;4;1;3;113;1, AERODROME (RUE DE L');M;4873882;-346375;220
2,016E+11;16;3;31;955;1;2;1;1;6;113;PALAIS DE JUSTICE (ALLEE;M;4873066;-345983;220
2,016E+11;16;4;13;835;1;2;1;7;6;113;ARMOR (BOULEVARD D');M;4874658;-346415;220
2,016E+11;16;4;19;1659;1;1;1;1;6;113;04, GENERAL DE GAULLE (A;M;4873007;-346060;220
2,016E+11;16;4;18;850;1;1;3;1;3;113;MORLAIX (ROUTE DE);M;4872025;-348549;220
2,016E+11;16;5;14;2340;5;2;1;1;1;113;GERHARD (RUE CHARLES);M;4873287;-344446;220
2,016E+11;16;6;30;2220;2;1;1;8;7;113;TREBEURDEN (ROUTE DE);M;4875210;-350318;220
2,016E+11;16;7;4;1645;1;2;3;1;3;113;GUILLOUX (BOULEVARD LOUI;M;4872610;-344857;220
2,016E+11;16;7;5;1815;1;1;1;1;2;113;MARZIN (AVENUE PIERRE);M;4875330;-345901;220
2,016E+11;16;7;13;1205;1;1;1;2;1;113;CHARLES DARWIN (RUE);M;4874890;-345150;220
2,016E+11;16;7;20;1325;1;2;1;8;4;113;TREBEURDEN (ROUTE DE);M;4844506;-328561;220
2,016E+11;16;7;21;1305;1;2;1;1;2;113;MENDES FRANCE (BOULEVARD;M;4873042;-346866;220
2,016E+11;16;7;25;1725;1;1;3;1;3;113;FRERES LAGADEC (RUE DES);M;4872524;-347153;220
2,016E+11;16;8;8;2230;4;2;1;1;6;113;1, ARMOR (BOULEVARD D');M;4874320;-347275;220
2,016E+11;16;7;26;1415;1;2;9;1;6;113;GERHARD (RUE CHARLES);M;4873296;-344456;220
2,016E+11;16;8;8;1740;1;2;1;1;3;113;AERODROME (RUE DE L');M;4874744;-346680;220
2,016E+11;16;8;14;2115;1;2;1;1;6;113;SARTRE (RUE JEAN PAUL);M;4874364;-348011;220
2,016E+11;16;8;10;1755;1;2;1;1;6;113;SIEYES (RUE EMMANUEL);M;4872674;-344782;220
2,016E+11;16;8;19;115;5;2;6;1;3;113;MARECHAL JOFFRE (QUAI DU;M;4873199;-346510;220
2,016E+11;16;8;29;1330;1;1;1;1;2;113;RESISTANCE (AVENUE DE LA;M;4874915;-346075;220
2,016E+11;16;8;9;1525;1;2;6;1;3;113;ARMOR (BOULEVARD D');M;4874706;-346162;220
2,016E+11;16;9;15;1620;1;1;6;1;6;113;ROND POINT COPPENS;M;4873412;-343931;220
2,016E+11;16;10;3;935;1;2;6;1;3;113;KERLIGONAN (LIEU-DIT);M;4874472;-347667;220
2,016E+11;16;11;2;955;1;2;6;2;7;113;SARTRE (RUE JEAN PAUL);M;4874287;-347342;220
2,016E+11;16;11;14;1455;1;1;1;1;2;113;BOUTIL (LIEU-DIT);M;4872434;-343136;220
2,016E+11;16;11;15;1600;1;1;1;1;6;113;SAINT MARC (LIEU DIT);M;4873304;-343727;220
2,016E+11;16;11;16;1018;1;2;1;2;6;113;SAINT MARC (RUE DE);M;4873369;-344434;220
2,016E+11;16;12;3;1015;1;2;1;1;2;113;CORDERIE (QUAI DE LA);M;4873485;-346808;220
2,016E+11;16;11;26;1600;1;2;1;1;6;113;RESISTANCE (AVENUE DE LA;M;4874431;-346225;220
2,016E+11;16;12;9;1444;1;2;1;1;7;113;LE MAUX (RUE PHILIPPE);M;4873803;-345661;220
2,016E+11;16;12;7;1925;2;2;3;1;3;113;PLEUMEUR BODOU (ROUTE DE;M;4874902;-348608;220
2,016E+11;16;12;18;748;3;1;4;5;6;113;KERMARIA SULARD (ROUTE D;M;4875289;-341044;220
2,016E+11;16;12;26;2040;3;1;1;1;6;113;MINIHY (CHEMIN DE);M;4874454;-353405;220
2,016E+11;16;12;29;820;3;2;2;1;6;113;CROAS BODIOU (LIEU-DIT);M;4874901;-348594;220
2,016E+11;16;12;28;1625;1;1;1;1;3;215;0, RD 222;M;4848346;-279650;220
2,016E+11;16;1;5;1404;1;1;1;1;3;106;LAENNEC (RUE);M;4849466;-272479;220
2,016E+11;16;12;16;2015;3;1;1;1;7;360;ROCHERS (RUE DES);M;4828208;-245050;220
2,016E+11;16;1;5;950;1;1;6;8;3;187;BARBUSSE (Avenue Henri);M;4854622;-277270;220
2,016E+11;16;1;5;815;5;2;3;1;3;215;1, FROS (RUE DU);M;4849750;-279891;220
2,016E+11;16;1;12;1745;2;2;6;2;4;278;HAREL-DE-LA-NOE (BD);M;4851846;-274844;220
2,016E+11;16;1;9;1140;1;2;1;2;6;278;19, HERAULT (BD);M;4851701;-275438;220
2,016E+11;16;1;15;810;3;1;3;2;2;106;RENNES (RUE DE);M;4849172;-270479;220
2,016E+11;16;1;31;1900;5;2;1;1;6;278;47, GARNIER (ABBE);M;4850373;-276219;220
2,016E+11;16;1;12;800;5;2;1;2;6;278;4, WALDECK-ROUSSEAU (BD;M;4851199;-275579;220
2,016E+11;16;2;4;1820;1;1;1;1;3;106;GRIGNONS (RUE DES);M;4849581;-273140;220
2,016E+11;16;2;5;1740;1;2;1;1;2;278;16, GARNIER (ABBE);M;4850454;-276202;220
2,016E+11;16;2;5;1720;1;2;1;1;3;278;68, ROSTAND (EDMOND);M;4851753;-273412;220
2,016E+11;16;2;9;1615;1;1;1;2;4;215;MAUPASSANT (Rue Guy de);M;4849456;-276432;220
2,016E+11;16;2;18;1710;1;1;6;1;2;278;0, MERIMEE (PROSPER);M;4849338;-276137;220
2,016E+11;16;1;23;1435;1;1;1;1;7;215;RD 222;M;4848196;-279259;220
2,016E+11;16;2;28;1730;1;1;6;1;3;215;RD 700;M;4849403;-276282;220
2,016E+11;16;3;7;1440;1;1;1;1;6;360;RD700;M;4846538;-277855;220
2,016E+11;16;2;28;1650;1;1;1;1;7;278;2, VAU-MENO (DU);M;4852155;-278330;220
2,016E+11;16;3;22;2013;4;1;2;1;4;278;CHAPTAL;M;4850785;-273314;220
2,016E+11;16;4;6;1810;1;1;1;1;2;187;RN12;M;4853131;-275632;220
2,016E+11;16;4;20;845;1;2;2;1;1;278;1, RIBOT (THEODULE);M;4851732;-277837;220
2,016E+11;16;4;15;2013;1;1;1;1;7;278;LE BAIL (MAX);M;4852541;-274052;220
2,016E+11;16;4;19;1215;1;2;6;1;3;278;GALLOIS (CARREFOUR DES);M;4849709;-274703;220
2,016E+11;16;4;22;1330;1;2;1;1;6;278;50, RAHUEL (DOCTEUR);M;4850630;-274736;220
2,016E+11;16;3;31;1830;1;2;2;1;1;278;1, COURTELINE;M;4851320;-278042;220
2,016E+11;16;5;1;130;3;1;1;1;6;215;37, COTRELLES (RUE DES);M;4850144;-281322;220
2,016E+11;16;4;28;1426;1;2;1;1;4;278;LA FAYETTE;M;4851154;-274524;220
2,016E+11;16;4;28;1850;1;2;3;1;3;215;1, BRETAGNE (AVENUE DE);M;4849386;-278139;220
2,016E+11;16;5;15;830;1;2;6;7;3;360;0, PASTEUR (RUE);M;4848834;-274235;220
2,016E+11;16;5;25;805;1;1;9;1;3;187;0, VERDUN (rue de );M;4854300;-278268;220
2,016E+11;16;5;28;2220;4;2;3;1;2;278;1.00, BALZAC;M;4851421;-274747;220
2,016E+11;16;6;6;1215;1;2;6;1;3;278;PRIGENT (EDOUARD);M;4850884;-277212;220
2,016E+11;16;6;8;1810;1;2;2;1;6;278;0, ANJOU (D');M;4851225;-278132;220
2,016E+11;16;6;11;1125;1;1;4;1;2;360;0, VALLEE (RUE DE LA);M;4848178;-269326;220
2,016E+11;16;6;15;840;1;2;1;1;4;278;0, ARMOR (AV. D') COTE I;M;4851224;-275418;220
2,016E+11;16;6;26;1745;1;1;9;1;2;187;0, RD786;M;4854527;-278684;220
2,016E+11;16;7;5;1140;1;2;1;1;6;278;0, ALLENDE (PL. PT SALVA;M;4851128;-276102;220
2,016E+11;16;7;5;1550;1;1;1;1;7;106;LANDES (RUE DES);M;4849978;-273147;220
2,016E+11;16;7;18;1940;1;2;1;1;3;278;7, PLELO (BD DE);M;4852030;-275226;220
2,016E+11;16;7;24;2025;1;1;1;1;3;187;RN12;M;4854014;-276353;220
2,016E+11;16;7;22;2000;1;2;1;1;6;187;cale de la toupie;M;4852908;-273137;220
2,016E+11;16;7;26;1655;1;1;1;1;7;278;RN12;M;4851605;-274367;220
2,016E+11;16;7;27;1715;1;1;1;1;2;106;RN12;M;4850112;-272836;220
2,016E+11;16;7;28;2010;1;2;2;1;3;278;0, TOUR-D'AUVERGNE (BD D;M;4851552;-277358;220
2,016E+11;16;8;2;1325;1;1;1;1;4;360;0, RD700;M;4849257;-276253;220
2,016E+11;16;8;6;1540;1;1;6;1;3;360;0, ROND POINT DE BREZILL;M;4849305;-276238;220
2,016E+11;16;6;26;15;3;2;1;1;6;360;82, VALLEE (RUE DE LA);M;4847907;-270739;220
2,016E+11;16;8;10;850;1;2;6;1;3;278;0, ABERYSWITH (ROND POIN;M;4849822;-275194;220
2,016E+11;16;8;5;1630;1;2;2;1;3;360;0, CREAC'H (RUE DU);M;4846824;-276553;220
2,016E+11;16;8;9;1345;1;2;1;1;3;187;16, TOURNEMINE (RUE DE);M;4855624;-276947;220
2,016E+11;16;8;26;1852;1;1;6;1;7;187;1.00, VIADUC (RUE DU);M;4852353;-276392;220
2,016E+11;16;8;31;1750;1;2;1;1;2;278;27, GOUEDIC (DE);M;4851075;-275692;220
2,016E+11;16;9;7;1500;1;1;1;1;6;106;VERNE (RUE JULES);M;4849628;-272728;220
2,016E+11;16;9;3;1108;1;1;1;1;4;360;RD700;M;4849251;-276261;220
2,016E+11;16;9;13;1;4;2;1;1;7;106;1.00, RENNES (RUE DE);M;4849291;-270900;220
2,016E+11;16;9;12;1500;1;2;1;1;6;278;17, CORNEILLE COTE IMPAI;M;4851235;-275076;220
2,016E+11;16;9;12;1200;1;1;6;1;3;278;GALLOIS (CARREFOUR DES);M;4849773;-274823;220
2,016E+11;16;7;3;1620;1;1;1;1;1;215;0, BOISILLON (RUE DU);M;4846248;-279764;220
2,016E+11;16;7;5;1850;1;2;2;1;3;278;0, DU BELLAY (JOACHIM);M;4850025;-275115;220
2,016E+11;16;9;16;805;1;1;1;3;1;278;88, FRANCE (ANATOLE);M;4851015;-274225;220
2,016E+11;16;9;22;1850;1;1;3;1;2;106;58, GREVES (Rue des);M;4849724;-268922;220
2,016E+11;16;9;21;1740;1;1;3;1;3;278;FERRY (JULES);M;4850230;-276894;220
2,016E+11;16;9;16;1730;1;1;6;1;3;360;ROND POINT DE BREZILLET;M;4849325;-276163;220
2,016E+11;16;10;1;940;1;2;3;1;2;360;0, SEGUIN (RUE MARC);M;4849140;-272578;220
2,016E+11;16;10;4;2115;5;2;2;1;1;278;BECQUEREL (HENRI);M;4850021;-275120;220
2,016E+11;16;10;4;1340;1;1;1;1;4;278;0, RN12;M;4850802;-273670;220
2,016E+11;16;10;6;1510;1;1;3;1;3;187;0, VERDUN (rue de );M;4854542;-278694;220
2,016E+11;16;10;1;1735;1;1;6;1;5;360;ROND POINT DE BREZILLET;M;4849402;-276280;220
2,016E+11;16;9;29;1605;1;1;3;1;3;187;59,rue jj rousseau;M;4854145;-282515;220
2,016E+11;16;10;11;1020;1;1;1;7;6;187;23,rue de montesquieu;M;4854099;-283213;220
2,016E+11;16;6;24;2320;3;1;2;1;3;187;0, HAUTE RUE ( rue de la;M;4854176;-283467;220
2,016E+11;16;10;7;1840;1;2;2;1;3;187;0, RUE DU GENERAL DE GAU;M;4854027;-277114;220
2,016E+11;16;10;7;2110;3;1;1;1;6;187;RN12;M;4854631;-278094;220
2,016E+11;16;10;18;1900;1;2;1;1;5;278;0, VILLE JOUHA (BD DE LA;M;4850900;-278320;220
2,016E+11;16;10;26;1805;1;1;1;1;2;360;0, RD700;M;4849109;-276299;220
2,016E+11;16;9;21;1640;1;2;1;1;2;278;CLEMENCEAU (BD);M;4850966;-275976;220
2,016E+11;16;10;20;2300;5;2;1;2;6;278;10, CHRISOSTOME (MIREILL;M;4851269;-276213;220
2,016E+11;16;11;2;1845;5;1;1;1;3;106;RN12;M;4849858;-272533;220
2,016E+11;16;10;29;1600;1;1;2;1;5;187;0, RD786;M;4854475;-278568;220
2,016E+11;16;11;7;1810;2;1;1;1;4;187;0, RN12;M;4854467;-277216;220
2,016E+11;16;11;8;1830;5;2;1;2;4;187;15, RUE DU COMMERCE;M;4853536;-277041;220
2,016E+11;16;10;24;2105;5;2;2;1;1;278;FRANCE (ANATOLE);M;4850767;-274347;220
2,016E+11;16;10;29;1025;1;2;2;1;6;278;0, MAROT (CLEMENT);M;4851072;-275134;220
2,016E+11;16;11;7;1840;1;2;2;1;3;278;0, CORBIERES (TRISTAN);M;4851556;-277358;220
2,016E+11;16;11;12;1000;1;2;3;1;2;278;CARNOT (BD);M;4850633;-276573;220
2,016E+11;16;11;11;1730;5;2;2;1;3;278;ROCHE-GAUTIER (DE LA);M;4849349;-275370;220
2,016E+11;16;11;20;1600;1;2;2;2;3;278;HOCHE (BD);M;4850522;-276967;220
2,016E+11;16;11;25;810;5;2;2;1;3;106;0, BREST (RUE DE);M;4849556;-271793;220
2,016E+11;16;11;11;215;3;1;1;2;6;215;9 BIS, DOUETS (RUE DES);M;4850791;-281380;220
2,016E+11;16;11;25;1430;1;1;6;1;2;360;ROND POINT DE BREZILLET;M;4849405;-276184;220
2,016E+11;16;11;18;1211;1;1;6;1;1;360;SAINT-RIVILY (RUE DE);M;4848873;-276418;220
2,016E+11;16;11;22;800;2;2;1;1;6;278;37, LE GOFF (DES TROIS F;M;4851745;-276579;220
2,016E+11;16;12;3;1015;1;2;6;1;3;106;0, JOLIOT CURIE (RUE);M;4849836;-272326;220
2,016E+11;16;12;6;1715;1;2;1;1;6;278;5, GARE (DE LA);M;4851060;-276258;220
2,016E+11;16;12;8;805;5;1;6;2;6;360;0, ROND POINT DE BREZILL;M;4849315;-276271;220
2,016E+11;16;12;10;1254;1;2;1;1;6;278;15, JOUALLAN;M;4851347;-276090;220
2,016E+11;16;11;24;1740;1;1;3;1;3;187;VERDUN (rue de );M;4854470;-278563;220
2,016E+11;16;11;24;1845;4;2;1;1;6;278;86, CORDERIE (DE LA);M;4851619;-277605;220
2,016E+11;16;12;24;1730;2;1;1;1;6;187;0, LEQUIER (Rue Jules);M;4854291;-278235;220
2,016E+11;16;12;7;1815;3;1;1;1;1;187;0, RD786;M;4855161;-280095;220
2,016E+11;16;2;10;1030;1;2;1;1;6;96;36-40, BERRY (AVENUE);M;4617788;187717;230
2,016E+11;16;5;24;750;2;2;1;7;1;96;1, RIBIERE (RUE);M;4616697;188564;230
2,016E+11;16;7;8;1330;1;2;1;1;7;96;17, BONNYAUD (PLACE);M;4616830;187165;230
2,016E+11;16;7;25;1420;1;2;1;1;7;96;81, POITOU (AVENUE DU);M;4617707;185874;230
2,016E+11;16;7;26;1825;1;2;2;1;3;96;22, GRATEYROLLES (RUE SY;M;4617238;186763;230
2,016E+11;16;9;23;1500;1;1;2;1;3;96;34, D 33;M;4614364;186637;230
2,016E+11;16;10;12;1355;1;1;1;1;5;96;940 (ROUTE DEPARTEMENTAL;M;4618881;189570;230
2,016E+11;16;3;13;55;5;2;4;1;1;37;AVENUE PASTEUR;M;4486170;49671;240
2,016E+11;16;3;15;1345;1;2;2;1;3;37;BOULEVARD LOUIS PIMONT;M;4484320;48316;240
2,016E+11;16;4;20;1450;1;2;1;1;3;37;AVENUE DU GEN DE GAULLE;M;4484240;46679;240
2,016E+11;16;4;18;655;5;2;3;1;6;37;AVENUE MARCEAU FEYRY;M;4486430;49932;240
2,016E+11;16;5;31;1045;1;1;1;3;1;37;SAINT-CHRISTOPHE;M;4481980;50437;240
2,016E+11;16;8;3;945;1;2;1;1;6;37;97, NEUVE RUE D'ARGENSON;M;4485280;48718;240
2,016E+11;16;8;5;900;1;2;1;1;6;37;21, BOULEVARD MONTAIGNE;M;4485550;48527;240
2,016E+11;16;8;11;1315;1;2;1;1;6;37;63, RUE CLAUDE BERNARD;M;4486480;47160;240
2,016E+11;16;11;3;600;5;2;2;5;6;37;RUE SULLY-PRUDHOMME;M;4486060;47912;240
2,016E+11;16;11;19;1625;1;2;2;1;3;37;RUE DE LESPINASSAT;M;4483530;48671;240
2,016E+11;16;12;7;1645;1;1;1;1;6;37;D709 (RTE DE MUSSIDAN);M;4486350;45200;240
2,016E+11;16;12;13;1250;1;2;1;1;6;37;;M;4483640;49308;240
2,016E+11;16;1;11;815;2;2;1;5;6;322;75, COURS SAINT GEORGES;M;4517710;73133;240
2,016E+11;16;1;27;2040;5;2;2;1;3;557;95, AVENUE GRANDOU;M;4519050;74102;240
2,016E+11;16;2;12;802;2;2;1;3;6;138;58, AV.GENERAL DE GAULLE;M;4518930;69662;240
2,016E+11;16;2;23;910;1;2;1;1;6;322;AVENUE DAUMESNIL;M;4518390;72379;240
2,016E+11;16;4;7;835;1;2;3;1;6;53;COURS FENELON;M;4518270;71892;240
2,016E+11;16;4;10;1425;1;2;3;7;3;322;AVENUE GEORGES POMPIDOU;M;4518980;72409;240
2,016E+11;16;4;4;800;1;2;1;1;2;256;ROUTE DE RIBERAC;M;4519810;66118;240
2,016E+11;16;4;30;915;1;2;3;1;6;322;PLACE FRANCHEVILLE;M;4518270;71892;240
2,016E+11;16;4;30;1522;1;2;3;2;3;322;COURS FENELON;M;4518220;71988;240
2,016E+11;16;5;4;1255;1;2;3;1;3;322;56, RUE GUE DE BARNABE;M;4518610;73850;240
2,016E+11;16;7;22;1215;1;1;1;1;3;53;138, ROUTE DE LYON;M;4517889;74040;240
2,016E+11;16;9;14;730;1;2;1;1;6;53;11, PAUL AVENUE MARCEL;M;4518325;76830;240
2,016E+11;16;10;2;535;5;2;3;1;6;322;2, RUE PIERRE MAGNE;M;4518340;72520;240
2,016E+11;16;10;6;1420;1;2;1;1;6;322;23, RUE WILSON;M;4518410;71626;240
2,016E+11;16;10;17;955;1;2;9;2;6;322;86, RUE VICTOR HUGO;M;4518780;71921;240
2,016E+11;16;10;10;1510;1;1;6;1;6;557;AVENUE MICHEL GRANDOU;M;4518890;76436;240
2,016E+11;16;10;26;1740;1;2;1;1;6;322;RUE DES THERMES;M;4518070;71746;240
2,016E+11;16;10;25;1730;1;1;1;1;1;102;152, ROUTE DE RIBERAC;M;4519730;62947;240
2,016E+11;16;10;25;1730;1;2;1;1;2;557;23, AVENUE GRANDOU;M;4519000;73362;240
2,016E+11;16;11;7;1914;5;1;2;1;3;322;BOULEVARD PETIT CHANGE;M;4518376;73359;240
2,016E+11;16;12;1;1120;1;1;9;1;5;256;ROUTE DE RIBERAC;M;4519790;66035;240
2,016E+11;16;9;22;1210;1;2;2;1;7;322;ROUTE DE LYON;M;4517860;73868;240
2,016E+11;16;11;5;1740;2;1;1;1;2;312;LES FARGES;M;4510950;69253;240
2,016E+11;16;12;13;715;5;2;6;1;3;256;AVENUE LOUIS SUDER;M;4519100;66159;240
2,016E+11;16;12;17;1020;1;1;1;1;6;557;102, AVENUE GRANDOU;M;4519052;74013;240
2,016E+11;16;1;6;1630;2;2;3;2;6;56;SANS, FLORE PLACE;M;4724527;602805;250
2,016E+11;16;1;6;1836;1;2;7;2;6;56;SANS, JACQUES   PLACE ST;M;4723444;602055;250
2,016E+11;16;1;7;1929;5;2;1;9;6;56;SANS, STRASBOURG QUAI DE;M;4724222;602277;250
2,016E+11;16;1;7;1800;5;2;3;2;3;56;SANS, KENNEDY  BOULEVARD;M;4723444;598416;250
2,016E+11;16;1;8;1849;5;2;3;2;3;56;SANS, CORVEE RUE DE LA;M;4725760;604202;250
2,016E+11;16;1;11;635;3;2;1;3;6;56;sans, KENNEDY  BOULEVARD;M;4723280;598247;250
2,016E+11;16;1;11;755;3;2;1;3;1;56;SANS, VOIRIN RUE;M;4724286;601190;250
2,016E+11;16;1;15;1812;5;2;3;1;6;56;SANS, CHASNOT RUE DU;;;;250
2,016E+11;16;1;17;2255;5;2;1;1;6;56;SANS, DOLE RUE DE >185 &;M;4721916;594844;250
2,016E+11;16;1;22;530;3;2;1;1;6;56;SANS, OUEST BOULEVARD;M;4721611;598713;250
2,016E+11;16;1;25;1802;2;2;1;1;6;56;SANS, JARDINS RUE DES;M;4725008;603769;250
2,016E+11;16;2;3;1540;1;1;9;2;6;56;sans, FAURE AVENUE EDGAR;M;4724277;601705;250
2,016E+11;16;2;4;1858;5;2;1;2;6;56;SANS, GRANGE DU COLLEGE;M;4725033;600480;250
2,016E+11;16;2;11;2223;5;2;9;9;6;56;sans, MONTRAPON AVENUE D;M;4714424;600849;250
2,016E+11;16;2;14;57;5;2;1;1;6;56;112, CRAS RUE DES;M;4725969;604040;250
2,016E+11;16;2;14;1824;1;2;1;1;6;56;SANS, RN 1057 (CH. EPITA;;;;250
2,016E+11;16;2;15;1000;1;2;1;1;4;56;22, LANCHY  RUE NARCISSE;M;4725617;602850;250
2,016E+11;16;2;18;1909;5;2;1;2;6;56;sans, MARIE LOUISE RUE;M;4725046;603075;250
2,016E+11;16;3;5;2326;5;2;1;2;1;56;SANS, MICHEL  AVENUE LOU;;;;250
2,016E+11;16;3;15;806;1;2;1;1;7;56;SANS, DOLE RUE DE <82;M;4723444;601000;250
2,016E+11;16;3;21;1920;2;2;1;1;6;56;9, LUXEMBOURG RUE DU;M;4722269;596669;250
2,016E+11;16;3;23;2100;5;2;1;1;2;56;SANS, BLUM BOULEVARD LEO;;;;250
2,016E+11;16;3;25;1352;1;1;1;8;5;56;SANS, MORRE ROUTE DE;;;;250
2,016E+11;16;3;26;2008;5;2;1;1;6;56;SANS, BATTANT RUE;M;4724232;602082;250
2,016E+11;16;4;1;1018;1;2;1;1;6;56;sans, DOLE RUE DE <82;M;4723058;599408;250
2,016E+11;16;4;1;1700;1;2;1;1;6;56;SANS, MAROT RUE CLEMENT;M;4721315;596423;250
2,016E+11;16;4;8;928;1;2;2;1;6;56;SANS, KENNEDY  BOULEVARD;M;4724311;599461;250
2,016E+11;16;4;10;154;5;2;1;1;6;56;sans, CHAMPS PASSERET IM;M;4726185;603420;250
2,016E+11;16;4;11;1118;1;2;1;1;6;56;SANS, FLEMING BOULEVARD;;;;250
2,016E+11;16;4;12;708;1;2;1;1;6;56;72D, RIVOTTE  FAUBOURG;M;4722872;603805;250
2,016E+11;16;4;13;2305;5;2;1;2;6;56;1, CHAMPAGNE RUE DE;M;4722328;597625;250
2,016E+11;16;4;24;1606;1;2;6;1;3;56;SANS, MONTARMOTS CHEMIN;M;4726038;602702;250
2,016E+11;16;5;1;545;5;2;1;3;6;56;SANS, PLANCON RUE GABRIE;M;4723036;601163;250
2,016E+11;16;5;2;1739;1;2;2;1;3;56;SANS, DIDEROT BOULEVARD;M;4724216;603344;250
2,016E+11;16;5;6;400;5;2;3;1;3;56;FACE 76, CRAS RUE DES;M;4725741;603628;250
2,016E+11;16;5;7;1129;1;2;2;1;3;56;SANS, GRAY ROUTE DE;M;4724496;598157;250
2,016E+11;16;5;10;1745;1;2;1;1;6;56;SANS, ALLENDE  BOULEVARD;M;4722002;597638;250
2,016E+11;16;5;14;39;5;2;1;2;6;56;21, DIDEROT BOULEVARD;M;4724583;603519;250
2,016E+11;16;5;18;1816;1;2;1;1;6;56;sans, CASSIN PLACE RENE;M;4721808;597027;250
2,016E+11;16;5;20;1739;1;2;4;1;6;56;SANS, MERCIER RUE FRERES;M;4724098;601821;250
2,016E+11;16;5;28;434;5;2;1;8;6;56;sans, DROZ   AVENUE EDOU;M;4724147;603269;250
2,016E+11;16;5;28;450;5;2;1;1;2;56;SANS, DOLE RUE DE <82;M;4723261;600216;250
2,016E+11;16;6;4;244;5;2;1;1;6;56;26, MAZAGRAN CHEMIN DE;M;4722635;603143;250
2,016E+11;16;6;6;2330;5;2;1;1;6;56;RN 1057 (ROUTE DE GRAY-C;M;4724957;598417;250
2,016E+11;16;6;7;1400;1;2;1;1;6;56;SANS, DOLE RUE DE >82 &;M;4722858;598670;250
2,016E+11;16;6;7;1449;1;2;2;1;6;56;63, CHOPARD RUE ALEXIS;M;4724906;603126;250