Num_Acc;an;mois;jour;hrmn;lum;agg;int;atm;col;com;adr;gps;lat;long;dep
2,016E+11;16;10;8;1510;1;2;1;1;2;281;AV DEPORTATION;M;4505091;508708;260
2,016E+11;16;10;15;1130;1;2;2;1;1;281;PLACE PAULIN PAILHEREY;M;4504778;505468;260
2,016E+11;16;10;18;1640;1;2;1;1;6;281;COURS PIERRE DIDIER;M;4504566;504874;260
2,016E+11;16;10;21;1700;1;2;6;1;3;281;BD PIERRE MENDES FRANCE;M;4506092;505080;260
2,016E+11;16;11;7;1000;1;2;2;1;3;281;RUE DE LA REPUBLIQUE;M;4504595;505181;260
2,016E+11;16;11;9;800;1;2;1;1;2;281;AVENUE ZOLA EMILE;M;4505197;506085;260
2,016E+11;16;11;11;1140;1;2;1;1;2;281;RD 538  DIRECTION MOURS;M;4505966;505042;260
2,016E+11;16;11;16;1825;5;2;1;1;2;281;PLACE CARNOT;M;4504867;504950;260
2,016E+11;16;11;18;1430;1;2;1;1;2;281;RUE DU PUY;M;4504423;505329;260
2,016E+11;16;11;18;1505;1;2;3;1;3;281;RUE PARMENTIER;M;4504883;506531;260
2,016E+11;16;11;20;1734;1;2;1;1;3;281;AV JEAN MOULIN;M;4505617;504934;260
2,016E+11;16;11;21;832;1;2;1;1;6;281;AVENUE DU 11 NOVEMBRE;M;4504614;507504;260
2,016E+11;16;11;26;237;3;1;1;1;7;281;CHEMIN DE MEILLEUX DIR T;M;4504783;502066;260
2,016E+11;16;11;26;1055;1;2;1;1;6;281;BD MARX DORMOY;M;4504743;505497;260
2,016E+11;16;11;25;1810;1;2;6;1;3;281;RUE MARIE CURIE;M;4504822;508544;260
2,016E+11;16;11;29;1400;1;2;2;1;3;281;PASSAGE SUP EVARI GALLOI;M;4504761;505484;260
2,016E+11;16;11;30;1240;1;2;2;1;3;57;PLACE DU PRESIDE DOUMER;M;4504074;504851;260
2,016E+11;16;12;5;1835;3;2;3;1;3;281;AVENUE DU MAQUIS;M;4504716;507083;260
2,016E+11;16;12;8;1700;1;2;1;1;2;57;BD ALPES PROVENCE;M;4503423;505247;260
2,016E+11;16;12;15;1300;1;2;6;1;3;281;AVENUE GAMBETTA;M;4504519;506180;260
2,016E+11;16;12;15;1751;1;2;1;1;6;281;PLACE MASSENET;M;4504219;505613;260
2,016E+11;16;12;16;1840;3;1;6;1;5;281;RD 532 DIRECTION TAIN;M;4505580;507166;260
2,016E+11;16;12;17;915;1;2;1;1;6;281;RUE BRUNO LARAT;M;4504956;503682;260
2,016E+11;16;12;17;1645;1;2;1;1;4;281;AVENUE DES ALLOBROGES;M;4505246;508456;260
2,016E+11;16;12;21;1345;1;1;1;1;2;281;ROUTE DES BALMES;M;4505672;500830;260
2,016E+11;16;12;28;1430;1;2;1;1;2;281;ROND POINT DEVAL PAUL;M;4504560;504671;260
2,016E+11;16;12;30;240;3;1;1;1;6;57;BD ALPES PROVENCE;M;4503544;505350;260
2,016E+11;16;12;29;1630;1;2;1;1;6;362;RTE DE ROMANS;M;4494209;491803;260
2,016E+11;16;1;8;1654;1;2;1;1;3;58;QUAI SAINT NICOLAS;M;4493650;488930;260
2,016E+11;16;1;11;1950;3;1;1;1;6;362;AVENUE DE ROMANS;M;4494860;492560;260
2,016E+11;16;1;14;1025;1;2;1;1;6;362;BD GENERAL DE GAULLE;M;4493030;489430;260
2,016E+11;16;1;14;727;5;2;6;2;3;362;105 AVENUE DE ROMANS;M;4493383;490404;260
2,016E+11;16;1;30;1710;1;2;3;1;1;362;RUE JEAN PERRIN;M;4494030;492340;260
2,016E+11;16;2;3;1305;1;1;2;1;2;58;ROUTE DE PONT ISERE;M;0;0;260
2,016E+11;16;2;3;1652;1;2;1;1;6;362;PLACE DE LA REPUBLIQUE;M;4493050;489010;260
2,016E+11;16;2;17;517;4;1;1;1;7;362;L A C R A RN 532;M;0;0;260
2,016E+11;16;2;27;1700;1;1;1;1;1;362;RD 534 N;;;;260
2,016E+11;16;2;16;1300;1;1;1;1;1;252;RN 7;M;0;0;260
2,016E+11;16;2;27;1917;5;2;1;1;2;252;114 AV JEAN JAURES;M;0;0;260
2,016E+11;16;3;3;2015;5;2;2;1;3;362;BD ROOSEVELT FRANKLIN;M;4491594;491124;260
2,016E+11;16;3;7;1035;1;2;1;1;6;362;1 RUE PARMENTIER;M;4492695;489795;260
2,016E+11;16;3;11;1640;1;1;3;1;3;362;ROUTE DE CHABEUIL;M;4492540;492290;260
2,016E+11;16;3;31;830;1;1;6;1;4;252;ROND POINT DE MOTTE;M;4489356;487341;260
2,016E+11;16;4;16;2230;5;2;3;1;3;58;RUE ROGER SALENGRO;M;4494730;490290;260
2,016E+11;16;4;17;250;5;2;2;1;3;362;AVENUE DE VALENSOLLES;M;4491715;488148;260
2,016E+11;16;4;27;1350;1;2;1;1;2;58;MONTEE DU LONG;M;4496472;488703;260
2,016E+11;16;4;26;1640;1;2;1;1;3;58;L A C R A  RN7;M;0;0;260
2,016E+11;16;4;30;120;5;2;3;1;3;362;AVENUE DE ROMANS;M;4493467;490727;260
2,016E+11;16;5;4;800;1;1;1;1;1;362;RD 2007 N;;;;260
2,016E+11;16;5;4;1705;1;2;2;1;6;362;AV DOCTEUR SANTY;M;4491550;490835;260
2,016E+11;16;5;4;725;1;2;1;1;6;362;AVENUE DE ROMANS;M;4493388;490433;260
2,016E+11;16;5;14;1649;1;2;1;1;3;58;RD 2007 N;M;0;0;260
2,016E+11;16;5;26;805;1;2;3;1;3;362;ROUTE DE CHABEUIL;M;4492527;492335;260
2,016E+11;16;5;26;1746;1;2;1;1;5;362;AVENUE DE PROVENCE;M;0;0;260
2,016E+11;16;5;30;745;1;2;1;1;6;362;AVENUE DE  VERDUN;M;4493794;489803;260
2,016E+11;16;5;28;5;3;1;3;1;5;252;RD 269;M;0;0;260
2,016E+11;16;6;9;1710;1;2;6;1;6;362;RUE DE LA  CECILE;M;4492228;489063;260
2,016E+11;16;6;7;1700;1;2;1;1;2;58;87 AVENUE MARC URTIN;M;4494149;489502;260
2,016E+11;16;6;16;1040;1;1;1;2;3;4;LACRA RN532;;;;260
2,016E+11;16;6;22;1345;1;2;2;1;3;362;RUE BELLE MEUNIERE;M;4495025;491953;260
2,016E+11;16;6;30;1945;1;2;3;1;6;362;CHEMIN DE RONDE;M;4493191;490373;260
2,016E+11;16;6;29;2115;2;2;3;1;1;362;ROUTE DE  CHABEUIL;M;4492541;492292;260
2,016E+11;16;7;4;705;1;2;1;1;3;58;RUE HENRI PITOT;M;4496137;488349;260
2,016E+11;16;7;12;1710;1;1;1;1;5;362;CHEMIN DE PAILLASSIER;M;4489502;489931;260
2,016E+11;16;7;13;1713;1;2;1;1;2;362;RUE CHANTECOURIOL;M;0;0;260
2,016E+11;16;7;18;1205;1;1;1;1;2;58;ROUTE DE PONT  ISERE;M;0;0;260
2,016E+11;16;7;16;720;1;2;1;1;2;252;RUE JEAN JAURES;;;;260
2,016E+11;16;7;16;1250;1;1;1;1;7;252;RN7 DEV PLV;;;;260
2,016E+11;16;5;4;2115;5;2;1;1;7;362;BD WINSTON CHURCHILL;M;4493221;491841;260
2,016E+11;16;6;9;1715;1;2;1;1;6;252;RUE LENINE;M;0;0;260
2,016E+11;16;8;4;2035;1;1;1;1;6;362;L A C R A   R N 7;M;0;0;260
2,016E+11;16;9;22;1320;1;1;1;1;6;313;LES PETITS EYNARDS;M;0;0;260
2,016E+11;16;9;22;1410;1;1;1;1;4;313;L A C R A    R N 532;M;0;0;260
2,016E+11;16;9;27;1220;1;2;1;1;6;362;AVENUE DE CHABEUIL;M;4492606;492029;260
2,016E+11;16;9;28;815;1;2;3;1;1;252;AVENUE RESISTANCE;M;4487798;488480;260
2,016E+11;16;9;30;5;3;1;1;1;5;58;ROUTE DE PONT D ISERE;M;0;0;260
2,016E+11;16;10;13;1700;1;2;1;2;6;252;7  RUE ANATOLE FRANCE;M;4487112;487713;260
2,016E+11;16;10;21;1700;1;2;1;1;6;58;77 AV MARC URTIN;M;4494205;489489;260
2,016E+11;16;10;25;2015;5;2;3;2;3;362;AV DE CHABEUIL;M;4492443;492789;260
2,016E+11;16;10;26;1530;1;2;1;1;3;362;AVENUE DE PROVENCE;M;0;0;260
2,016E+11;16;10;27;1145;1;2;1;1;3;362;AV ROLAND GARROS;M;4494064;493068;260
2,016E+11;16;11;8;1140;1;2;1;1;6;58;IMPASSE CLOS CHAPON;M;4494240;490300;260
2,016E+11;16;11;12;1840;5;1;1;1;3;362;ROUTE DE BEAUVALLON;M;0;0;260
2,016E+11;16;11;10;738;2;2;4;2;2;252;RUE CHARLES DE GAULLE;M;0;0;260
2,016E+11;16;11;30;1149;1;2;1;1;6;362;48 RUE CHARL BAUDELAIRE;M;4490964;488144;260
2,016E+11;16;12;5;925;1;2;1;1;6;58;21 RUE ILE ADAM;M;4494833;489341;260
2,016E+11;16;12;12;1750;3;1;2;1;3;170;CH FORET AUX  MARTINS;M;4491441;493402;260
2,016E+11;16;12;13;1815;5;1;1;1;1;58;RTE DES MORLIETTES;M;4496424;491020;260
2,016E+11;16;12;17;1235;1;2;1;1;6;362;RN 7;;;;260
2,016E+11;16;1;21;830;1;2;1;1;3;37;D17 Borne 4;M;4404363;484822;840
2,016E+11;16;5;26;2330;3;1;1;1;1;37;;M;0;0;840
2,016E+11;16;6;28;2300;3;1;1;1;7;39;;M;0;0;840
2,016E+11;16;7;31;1945;1;1;1;1;6;27;;M;0;0;840
2,016E+11;16;9;28;630;3;1;1;1;6;37;;M;0;0;840
2,016E+11;16;10;2;1015;1;2;1;1;3;37;avenue baron le roy- D17;M;0;0;840
2,016E+11;16;11;6;1145;1;2;1;1;6;56;42 av de la Libération;M;0;0;840
2,016E+11;16;12;26;1715;3;1;1;1;6;56;;M;0;0;840
2,016E+11;16;2;19;1430;1;1;1;1;3;33;;M;0;0;60
2,016E+11;16;5;2;1800;1;1;1;1;2;34;RM 6202;M;0;0;60
2,016E+11;16;6;29;1745;1;1;1;1;1;34;;M;0;0;60
2,016E+11;16;9;13;1615;1;2;1;1;6;6;route de Nice PR 14+230;M;0;0;60
2,016E+11;16;10;6;710;2;1;1;1;1;109;M6202, Sortie Rond-Point;M;4383309;720489;60
2,016E+11;16;10;7;1155;1;1;1;1;5;33;RD6202 bis PK9.8 - PK9.9;M;4378511;721344;60
2,016E+11;16;10;21;10;3;1;1;8;6;46;220 route de la Manda;M;4376294;721413;60
2,016E+11;16;10;30;415;5;2;1;1;1;46;119 corniche Paul Clermo;M;4375755;723805;60
2,016E+11;16;11;3;1325;1;1;3;1;5;33;1 ère Avenue;M;4377292;720983;60
2,016E+11;16;12;7;650;2;1;3;1;1;33;1ere avenue;M;4379577;720334;60
2,016E+11;16;12;13;835;1;1;1;1;1;64;71 Route de la Baronne;M;4376653;719786;60
2,016E+11;16;12;23;1630;1;1;1;1;1;46;251 route de la Manda;M;4375808;720863;60
2,016E+11;16;2;24;1145;1;1;1;2;6;362;;M;0;0;380
2,016E+11;16;7;1;30;3;1;1;1;7;84;lezardieres;M;4535103;553450;380
2,016E+11;16;12;16;845;1;1;1;1;2;84;;M;4534240;552501;380
2,016E+11;16;4;15;1045;1;1;1;1;3;194;;M;4535552;544788;380
2,016E+11;16;5;5;930;1;1;1;1;1;239;;M;0;0;380
2,016E+11;16;6;29;2000;1;2;6;1;1;332;rue de la Republique;M;4533668;548332;380
2,016E+11;16;7;1;230;5;2;1;1;7;332;ZA les forges;M;0;0;380
2,016E+11;16;7;2;845;1;1;1;1;1;383;;M;4536391;566579;380
2,016E+11;16;7;31;930;1;2;1;1;1;337;50 avenue Maladiere;M;4534931;549282;380
2,016E+11;16;9;28;1430;1;2;1;1;2;133;829 route de GRENOBLE;M;4535650;559938;380
2,016E+11;16;11;3;645;2;2;2;1;3;239;781 rue s. Martin;M;4533206;556632;380
2,016E+11;16;11;16;730;1;2;3;1;3;239;route de grenoble;M;4532605;558350;380
2,016E+11;16;11;19;1145;1;2;1;1;3;270;route de la CouratiÃ¿re;M;0;0;380
2,016E+11;16;11;21;1745;3;1;1;8;3;337;;M;4534727;551288;380
2,016E+11;16;11;30;1830;3;1;1;1;6;332;;M;0;0;380
2,016E+11;16;1;23;15;5;2;1;2;6;283;73 rue de la Libération;M;0;0;690
2,016E+11;16;2;9;1745;2;2;1;2;1;283;route d'heyrieux;M;0;0;690
2,016E+11;16;5;26;800;1;2;2;1;1;283;avenue des Tilleuls;M;0;0;690
2,016E+11;16;7;23;1230;1;2;1;1;3;283;rue de l'égalité;M;0;0;690
2,016E+11;16;7;28;1130;1;2;1;1;6;283;rue du 8 mai 1945;M;0;0;690
2,016E+11;16;9;30;1730;1;2;1;1;3;283;Avenue des tilleuls;M;0;0;690
2,016E+11;16;11;5;815;1;1;1;2;1;283;Rue Joseph Marie Jacquar;M;4567771;496393;690
2,016E+11;16;2;3;2200;3;1;1;1;7;20;;M;5077715;189370;620
2,016E+11;16;7;29;1545;1;1;1;1;6;397;;M;5087919;187234;620
2,016E+11;16;10;6;1945;3;1;1;1;6;167;;M;5077883;183297;620
2,016E+11;16;1;5;1130;1;1;1;1;7;252;;M;4768673;142262;410
2,016E+11;16;3;1;1130;1;1;1;1;6;136;;M;4771573;147868;410
2,016E+11;16;7;24;830;1;1;1;1;7;91;;M;4761660;128816;410
2,016E+11;16;7;31;630;1;1;1;1;6;252;;M;4770920;146100;410
2,016E+11;16;8;25;1045;1;1;1;1;3;252;;M;4768115;140960;410
2,016E+11;16;9;2;1030;1;1;1;1;6;91;;M;4761747;127327;410
2,016E+11;16;10;13;830;1;1;1;1;6;223;;M;4761759;121685;410
2,016E+11;16;11;24;100;3;1;1;1;6;223;;M;4761927;124677;410
2,016E+11;16;11;8;1528;1;2;1;1;6;229;3, CLEMENCEAU (PLACE GEO;M;4907713;84617;270
2,016E+11;16;12;22;1030;1;2;1;1;1;229;184 ORLEANS (RUE D');M;4899965;115401;270
2,016E+11;16;1;9;455;5;2;1;1;6;229;21, CAVEE BOUDIN (RUE DE;M;4901663;113717;270
2,016E+11;16;2;12;1610;1;2;3;1;3;229;0, GAMBETTA (BOULEVARD);M;4901866;114337;270
2,016E+11;16;2;17;2110;5;2;2;1;1;229;0, CHURCHILL (AVENUE WIN;M;4902009;115949;270
2,016E+11;16;2;29;900;1;2;1;1;1;229;2, SEMARD (RUE PIERRE);M;4901821;115652;270
2,016E+11;16;2;29;1525;1;2;1;1;1;299;33 TER, BRIAND (AVENUE A;M;4904082;115881;270
2,016E+11;16;3;4;1025;1;2;1;1;3;229;FAUVILLE (RUE DE);M;4902887;118773;270
2,016E+11;16;3;15;1935;2;2;1;1;6;299;67, BRIAND (AVENUE ARIST;M;4904274;115980;270
2,016E+11;16;3;25;810;1;2;1;1;6;229;34, RUGBY (RUE DE);M;4900834;115915;270
2,016E+11;16;3;27;10;5;2;1;1;3;299;31, BRIAND (AVENUE ARIST;M;4903977;115818;270
2,016E+11;16;3;30;1850;2;2;3;1;2;299;50, BRIAND (AVENUE ARIST;M;4904602;116170;270
2,016E+11;16;4;4;725;1;1;1;1;1;299;RN 154;M;4905326;117735;270
2,016E+11;16;4;9;630;2;2;1;1;1;229;46, BERNARD (RUE GEORGES;M;4903024;115524;270
2,016E+11;16;4;19;1440;1;1;1;1;2;299;RN 154;M;4905691;117469;270
2,016E+11;16;5;27;1720;1;2;1;1;2;229;NATIONALE 13 (ROUTE);M;4901712;115987;270
2,016E+11;16;6;10;1935;1;2;2;1;3;229;0, NORMANDIE (BOULEVARD;M;4902166;113761;270
2,016E+11;16;6;17;1510;1;2;2;1;6;229;voie lakanal;M;4900366;114847;270
2,016E+11;16;6;24;1640;1;2;2;1;3;31;0, AVIRON (COTE D');M;4905216;113421;270
2,016E+11;16;6;25;1055;1;1;2;1;3;229;1, NORMANDIE (BOULEVARD;M;4901953;113895;270
2,016E+11;16;6;29;2054;1;2;1;2;6;229;20, ROCHETTE (RUE DE LA);M;4902684;114086;270
2,016E+11;16;6;30;2225;2;2;3;1;3;229;65, GAMBETTA (BOULEVARD);M;4901921;115182;270
2,016E+11;16;7;6;1725;1;2;2;1;6;229;QUATORZE JUILLET (BOULEV;M;4901158;116808;270
2,016E+11;16;7;9;1515;1;2;3;1;3;299;BRIAND (AVENUE ARISTIDE);M;4904983;116425;270
2,016E+11;16;7;11;1210;1;2;2;1;3;229;NORMANDIE (BOULEVARD DE);M;4901947;113900;270
2,016E+11;16;9;22;1620;1;2;1;1;2;229;2 rue jules ferry;M;4902884;117260;270
2,016E+11;16;10;24;2325;5;2;1;5;1;229;0, VAL ITON (RUE DU);M;4903440;114814;270
2,016E+11;16;9;27;1415;1;2;6;1;3;229;MOULIN (RUE JEAN);M;4901405;115253;270
2,016E+11;16;5;18;1220;1;2;1;1;2;229;23, VERNON (RUE DE);M;4903056;116024;270
2,016E+11;16;9;25;1455;1;2;2;1;1;229;0, QUATORZE JUILLET (BOU;M;4901172;116839;270
2,016E+11;16;9;22;1445;1;2;1;1;1;229;17, NORMANDIE (BOULEVARD;M;4901868;114232;270
2,016E+11;16;9;23;810;1;2;1;1;6;229;0, LAKANAL (RUE);M;4900253;114778;270
2,016E+11;16;10;4;1725;1;2;1;1;1;229;21, CONCHES (ROUTE DE);M;4902265;112371;270
2,016E+11;16;10;14;2140;5;2;1;1;7;229;ROUX (RUE DU DOCTEUR);M;4902530;113856;270
2,016E+11;16;10;25;1440;1;2;1;1;6;229;02, MOLIERE (RUE);M;4900852;115934;270
2,016E+11;16;12;11;205;4;2;1;8;6;229;1, NATIONALE 13 (ROUTE);M;4901550;117948;270
2,016E+11;16;6;28;1900;1;1;1;1;1;353;;M;4810706;-172672;350
2,016E+11;16;11;26;2045;3;1;1;1;7;559;D977;M;4910328;450167;510
2,016E+11;16;1;16;1700;5;2;1;1;7;701;BICHES (ALLEE DES);M;4927297;120025;270
2,016E+11;16;12;10;1840;5;2;1;1;6;375;1, CLEMENCEAU (BOULEVARD;M;4920997;116709;270
2,016E+11;16;12;25;145;3;1;1;1;1;701;1, CD110;M;4925463;123702;270
2,016E+11;16;1;28;845;1;2;6;1;3;701;DE GAULLE (RUE DU GEN;M;4926347;121155;270
2,016E+11;16;2;13;930;1;1;1;3;1;701;RD6015;M;4923986;119927;270
2,016E+11;16;4;23;1725;1;1;1;1;2;701;1.000, RD 313;M;4924414;120100;270
2,016E+11;16;4;19;520;5;2;1;1;3;375;1.000, THOREL (PLACE ERN;M;4921513;116826;270
2,016E+11;16;6;16;1745;1;2;1;2;7;351;DELAMARE (RUE ABBE);M;4924048;118836;270
2,016E+11;16;4;10;1220;1;1;1;1;3;375;1.000, HAYE MALHERBE (RO;M;4921652;111907;270
2,016E+11;16;7;23;1955;1;1;3;1;1;375;1.000, EVREUX (ROUTE D');M;4919755;116891;270
2,016E+11;16;10;9;1525;1;2;2;1;3;701;1, FALAISES (ROUTE DES);M;4925930;119761;270
2,016E+11;16;10;11;1610;1;2;2;1;2;701;3, FALAISES (ROUTE DES);M;4927238;121940;270
2,016E+11;16;10;16;650;5;2;2;1;2;375;1, CHURCHILL (AVENUE WIN;M;4922327;116741;270
2,016E+11;16;4;3;1245;1;2;3;1;2;701;1, VILLAGE (CHAUSSEE DU);M;4926334;120794;270
2,016E+11;16;8;14;1610;1;2;1;1;7;701;1 avenue des metiers;M;4923828;117160;270
2,016E+11;16;8;13;1750;1;1;1;1;6;701;1, RD6015;M;4923768;120237;270
2,016E+11;16;8;23;1415;1;2;1;1;7;375;bd georges clemenceau;M;4921014;117057;270
2,016E+11;16;10;14;655;5;2;3;1;6;375;1, CLEMENCEAU (BOULEVARD;M;4921016;116905;270
2,016E+11;16;6;21;1310;1;2;1;2;2;375;1, CHURCHILL (AVENUE WIN;;;;270
2,016E+11;16;9;4;1045;1;1;1;2;6;582;;M;0;0;20
2,016E+11;16;6;21;1515;1;1;1;1;6;191;;M;0;0;380
2,016E+11;16;11;18;145;5;2;2;1;6;474;argentière / sassenage;M;4520208;567702;380
2,016E+11;16;1;18;600;3;1;1;2;2;135;;M;4924970;-63263;140
2,016E+11;16;1;25;1530;1;1;1;1;3;568;;M;4922220;-54803;140
2,016E+11;16;1;28;745;1;1;1;1;7;124;;M;4934170;-98626;140
2,016E+11;16;5;25;120;3;1;1;1;6;630;;M;4924970;-66486;140
2,016E+11;16;6;14;1545;1;1;1;1;6;281;;M;4933010;-89140;140
2,016E+11;16;7;9;2015;1;2;1;1;3;663;D613;M;4928080;-68572;140
2,016E+11;16;8;13;2215;3;1;1;1;4;609;;M;4919950;-48286;140
2,016E+11;16;9;6;1700;1;1;1;1;5;543;;M;0;0;140
2,016E+11;16;12;31;1030;1;1;1;5;7;135;;M;0;0;140
2,016E+11;16;10;16;1040;1;1;1;1;2;37;Route départementale 12;M;4374194;691868;60
2,016E+11;16;10;16;1515;1;1;1;1;7;130;RD 6085;M;4370580;682756;60
2,016E+11;16;11;6;1435;1;1;1;1;1;130;RD 6085 PK 25+100;M;4369495;685482;60
2,016E+11;16;11;18;1845;1;2;1;1;3;95;66 avenue de boutiny;M;4364237;688005;60
2,016E+11;16;12;13;2050;3;1;1;1;6;118;RD13;M;4363533;683433;60
2,016E+11;16;1;16;1000;1;2;1;1;6;95;73 aV docteur BELLETRUD;M;4364090;686739;60
2,016E+11;16;1;17;915;1;1;1;1;6;118;;M;0;0;60
2,016E+11;16;2;8;900;1;2;1;1;6;95;03 boulevard BELLETRUD;M;4363993;687671;60
2,016E+11;16;5;5;1115;1;1;1;1;7;37;;M;0;0;60
2,016E+11;16;5;21;1415;1;1;1;1;3;3;;M;0;0;60
2,016E+11;16;5;26;1515;1;2;1;1;6;95;23 avenue Belletrud;M;0;0;60
2,016E+11;16;5;28;1430;1;1;1;1;1;130;;M;0;0;60
2,016E+11;16;6;27;730;1;2;1;1;1;140;2522 route de Draguignan;M;0;0;60
2,016E+11;16;7;15;1600;1;1;1;7;3;130;;M;0;0;60
2,016E+11;16;8;15;2015;2;2;1;1;3;95;83 avenue des termes;M;0;0;60
2,016E+11;16;10;3;900;1;2;1;1;3;118;route de St Vallier;M;0;0;60
2,016E+11;16;3;31;1215;1;1;1;8;1;13;;M;4689238;573085;390
2,016E+11;16;5;30;515;2;1;1;3;1;554;;M;4680676;591073;390
2,016E+11;16;12;7;915;1;2;1;1;7;681;57, SAINT LOUIS (RUE);M;4909105;147364;270
2,016E+11;16;2;3;1645;1;2;3;1;6;681;01, MENDES FRANCE (AVENU;M;4909050;148427;270
2,016E+11;16;3;30;1200;1;2;3;1;6;681;ROUEN (AVENUE DE);M;4909765;147857;270
2,016E+11;16;4;16;445;4;1;1;1;7;588;ROUEN (AVENUE DE);M;4912756;143371;270
2,016E+11;16;7;8;1310;1;2;1;7;3;681;7, BONNARD (RUE PIERRE);M;4910055;148705;270
2,016E+11;16;7;24;335;3;1;2;1;1;681;MAGNY (ROUTE DE);M;4909916;150495;270
2,016E+11;16;5;4;1305;1;2;3;1;1;562;INDUSTRIE (RUE DE L');M;4910409;145995;270
2,016E+11;16;5;12;755;1;2;3;1;3;681;ARDECHE (AVENUE DE L');M;4908402;147813;270
2,016E+11;16;6;25;1845;1;2;7;1;6;681;VIEUX RENE (PLACE DU);M;4909094;148445;270
2,016E+11;16;9;9;1025;1;2;1;1;2;562;02, ROUEN (ROUTE DE );M;4910193;146777;270
2,016E+11;16;10;12;1720;1;2;4;1;7;554;02, MAIRIE (RUE DELA);M;4910886;143575;270
2,016E+11;16;8;3;1915;1;1;1;1;7;407;;M;4617614;-97102;170
2,016E+11;16;8;20;1945;1;1;2;1;5;153;;M;4623945;-110876;170
2,016E+11;16;11;2;645;1;1;3;1;3;222;;M;4623554;-112524;170
2,016E+11;16;11;19;615;3;1;1;2;6;142;;M;4617092;-107338;170
2,016E+11;16;1;19;1615;1;1;1;4;3;470;;M;4744712;661414;250
2,016E+11;16;3;3;1400;1;1;1;4;6;629;;M;4739472;643266;250
2,016E+11;16;7;6;1900;1;1;1;1;5;97;;M;4752915;685829;250
2,016E+11;16;10;27;1;5;1;1;1;2;230;;M;4751300;684100;250
2,016E+11;16;11;14;415;3;1;1;1;2;156;;M;4740726;649739;250
2,016E+11;16;12;24;2015;3;1;1;2;1;214;;M;4743705;672332;250
2,016E+11;16;1;1;2200;5;2;3;2;1;665;rue du grand noyer;M;4866381;227395;910
2,016E+11;16;1;12;630;3;1;1;1;3;363;RD35;M;4866500;222200;910
2,016E+11;16;2;10;1745;1;2;1;1;1;458;route de montlhery;M;4865700;224600;910
2,016E+11;16;4;5;345;3;1;1;1;6;666;RD118;M;4868323;223652;910
2,016E+11;16;3;24;1200;1;2;1;1;1;363;rue de montlhéry;M;4863982;224841;910
2,016E+11;16;4;17;800;1;1;1;1;2;665;RN20;M;4866900;227800;910
2,016E+11;16;5;17;1230;1;2;1;1;2;666;Avenue de l'Océanie;M;4868414;220515;910
2,016E+11;16;7;13;1500;1;2;1;1;3;665;Av de la division Lecler;M;4866700;227600;910
2,016E+11;16;8;13;1715;1;1;1;1;6;363;RD 3;M;4864339;218810;910
2,016E+11;16;7;2;1445;1;1;1;1;3;606;;M;4977790;172812;760
2,016E+11;16;8;3;900;1;1;1;3;6;244;;M;4971464;140970;760
2,016E+11;16;12;30;2140;3;1;1;1;3;278;;M;4984379;154771;760
2,016E+11;16;1;5;1800;3;1;1;2;5;203;;M;4564720;140761;870
2,016E+11;16;1;11;1145;1;1;1;4;6;203;;M;4564900;140583;870
2,016E+11;16;1;26;1430;1;1;1;1;6;19;;M;4575520;133262;870
2,016E+11;16;4;4;815;1;1;1;1;2;119;;M;4569760;136281;870
2,016E+11;16;4;5;1515;1;1;1;1;6;146;;M;4558110;147831;870
2,016E+11;16;4;18;1930;2;1;1;1;6;140;;M;4590700;98038;870
2,016E+11;16;9;12;1345;1;1;1;1;2;127;;M;4557880;121649;870
2,016E+11;16;3;14;830;1;1;1;1;2;31;;M;4512500;148800;190
2,016E+11;16;5;3;1245;1;1;1;1;6;178;;M;4525400;153900;190
2,016E+11;16;8;16;915;1;1;1;1;7;278;;M;4516900;145500;190
2,016E+11;16;11;24;1845;3;1;1;1;2;129;;M;0;0;190
2,016E+11;16;7;19;930;1;1;1;1;3;462;;M;0;0;590
2,016E+11;16;9;11;930;1;1;1;1;7;266;;M;0;0;590
2,016E+11;16;10;6;1715;1;1;1;1;5;266;;M;5053800;297300;590
2,016E+11;16;1;9;1030;1;2;1;8;7;220;24, MAUNOURY (RUE PAUL);M;4842986;147723;280
2,016E+11;16;1;21;1850;3;2;1;2;4;209;RD 1154;M;4848756;147053;280
2,016E+11;16;2;1;915;1;2;1;1;7;85;16, SABLONS (AVENUE DES);M;4844472;151550;280
2,016E+11;16;1;10;450;5;2;1;9;6;229;52, GAMBETTA (RUE LEON);M;4845341;146644;280
2,016E+11;16;2;3;1800;5;2;3;3;1;220;77, MAUNOURY (RUE PAUL);M;4843821;148102;280
2,016E+11;16;3;17;925;1;1;2;1;3;229;D105;M;4845717;145954;280
2,016E+11;16;3;22;1250;1;1;6;1;3;85;ORLEANS (AVENUE D');M;4842747;151546;280
2,016E+11;16;3;18;1825;1;2;3;1;3;218;LECLERC (RUE DU MARECHAL;M;4843810;147291;280