Num_Acc;an;mois;jour;hrmn;lum;agg;int;atm;col;com;adr;gps;lat;long;dep
2,016E+11;16;4;12;1350;1;2;1;1;6;85;9, HAYE (RUE DU DOCTEUR;M;4844524;148142;280
2,016E+11;16;4;25;520;5;2;1;1;6;218;2, LECLERC (RUE DU MAREC;M;4843784;147276;280
2,016E+11;16;4;13;1705;1;2;1;1;3;85;26, ROSERAIE (ALLEE DE L;M;4845820;148095;280
2,016E+11;16;4;29;750;1;2;2;1;6;85;PARE (RUE AMBROISE);M;4844764;152090;280
2,016E+11;16;5;7;1105;1;1;6;1;7;85;BESNE (RUE DU MEDECIN GE;M;4845576;151184;280
2,016E+11;16;5;26;1715;1;2;3;1;3;70;VARENNES (RUE DE LA);M;4846493;151169;280
2,016E+11;16;5;16;1900;1;2;1;1;6;220;38, MAUNOURY (RUE PAUL);M;4842887;147734;280
2,016E+11;16;6;4;1925;1;2;1;1;3;229;155, RESISTANCE (AVENUE;M;4845280;145931;280
2,016E+11;16;6;14;1330;1;2;1;1;6;85;23, GRAND FAUBOURG (RUE;M;4844396;148071;280
2,016E+11;16;6;23;1340;1;2;1;1;6;85;42, BRIAND (RUE ARISTIDE;M;;;280
2,016E+11;16;7;10;1600;1;1;1;1;6;209;RD 339;M;4847841;147172;280
2,016E+11;16;7;12;655;1;2;1;1;6;85;01, VIOLETTE (BOULEVARD;M;4844598;148364;280
2,016E+11;16;7;10;1520;1;2;1;1;7;85;MERMOZ (RUE JEAN);M;4845212;152087;280
2,016E+11;16;7;31;110;5;2;1;1;6;85;PEGUY (BOULEVARD CHARLES;M;4845023;148449;280
2,016E+11;16;8;1;735;1;2;3;1;1;85;SAINT BRICE (RUE);M;4843318;149286;280
2,016E+11;16;7;28;1730;1;2;1;1;6;209;12, PAIX (AVENUE DE LA );M;4846950;148052;280
2,016E+11;16;8;19;1410;1;2;1;1;6;218;8, ECOLES (RUE DES);M;4844093;146315;280
2,016E+11;16;9;19;1405;1;2;1;1;6;220;6, MAUNOURY (MAURICE);M;4843561;147897;280
2,016E+11;16;11;1;1055;1;1;1;1;6;110;RN 123 (ROCADE);M;4842505;151314;280
2,016E+11;16;11;16;1040;1;2;6;2;2;229;PHILIPPE (AVENUE GERARD);M;4845048;145190;280
2,016E+11;16;11;23;915;1;2;1;3;6;85;5, CHASLES (BOULEVARD);M;4844219;148914;280
2,016E+11;16;12;7;1054;1;2;1;1;6;85;1, VIOLETTE (BOULEVARD M;M;4844577;148360;280
2,016E+11;16;5;8;1215;1;1;1;1;1;233;;M;4608097;393738;420
2,016E+11;16;7;27;1815;1;1;1;1;6;281;;M;4608185;385295;420
2,016E+11;16;1;16;1630;1;2;1;1;1;199;803 route des gonnards;M;4603180;391015;420
2,016E+11;16;3;4;1130;1;1;1;1;3;182;;M;4605135;395279;420
2,016E+11;16;3;27;1015;1;1;1;2;1;3;;M;4609905;391123;420
2,016E+11;16;3;31;1645;1;1;1;1;6;163;;M;4617798;387901;420
2,016E+11;16;7;10;1700;1;2;1;7;2;49;intersection RD307/RD41;M;4614168;389153;420
2,016E+11;16;7;25;1215;1;1;2;1;3;198;;M;4601166;431433;420
2,016E+11;16;7;28;830;1;1;1;1;7;337;;M;4618400;395200;420
2,016E+11;16;8;10;1500;1;1;1;1;7;3;;M;4610952;390995;420
2,016E+11;16;9;29;1330;1;1;1;1;1;8;;M;4599010;388104;420
2,016E+11;16;12;23;1;3;1;1;2;7;231;;M;4608934;395822;420
2,016E+11;16;12;2;2030;3;1;1;5;6;232;;M;4606460;392352;420
2,016E+11;16;12;5;945;1;2;1;1;1;176;rte St Romain la Motte;M;4604495;398338;420
2,016E+11;16;12;12;1530;1;1;2;1;5;198;;M;4601188;395051;420
2,016E+11;16;1;2;1500;1;2;3;1;6;134;RIOTTES (RUE DES);M;4873792;134679;280
2,016E+11;16;11;12;1845;3;2;1;2;6;134;RIOTTES (RUE DES);M;4873799;134815;280
2,016E+11;16;12;5;1810;5;2;6;1;6;404;PRESSOIR (RUE DU);M;4871894;136882;280
2,016E+11;16;1;8;2045;5;2;2;5;3;134;BOIS SABOT (RUE DU);M;4873829;136103;280
2,016E+11;16;3;4;1535;1;1;1;2;2;134;RN 12 (PHILIPS);M;4874704;140087;280
2,016E+11;16;3;4;1620;1;2;3;2;5;404;LIBERTE (AVENUE DE LA);M;4873654;133007;280
2,016E+11;16;4;15;1830;1;2;1;1;6;134;SEBILLE (RUE EMMANUEL);;;;280
2,016E+11;16;4;18;1435;1;1;1;1;6;134;OSMEAUX (RUE DES);M;4874883;139025;280
2,016E+11;16;4;26;735;1;2;1;2;6;134;Jean Hieaux;M;4873196;136074;280
2,016E+11;16;4;27;1620;1;2;1;1;1;134;RN 12 (DESCENTE ET PONT;M;4874656;138266;280
2,016E+11;16;5;2;850;1;2;1;1;6;134;VIEUX PRE (RUE DU);M;4873391;136521;280
2,016E+11;16;5;7;1440;1;2;1;1;2;134;Jean Hieaux;M;4873183;136227;280
2,016E+11;16;5;21;1850;1;2;1;2;6;404;44, CHARTRES (AVE DE);M;4871582;136583;280
2,016E+11;16;5;24;1130;1;2;6;1;6;134;BATES (AVE DES);M;4873842;134131;280
2,016E+11;16;6;7;1750;1;1;1;1;3;223;17, MONTDROUARD (COTE);M;4872529;139982;280
2,016E+11;16;7;16;1805;1;1;9;1;3;134;RN 12 (LA RABETTE);M;4874608;135089;280
2,016E+11;16;7;20;900;1;1;1;1;7;404;ROCADE OUEST;;;;280
2,016E+11;16;8;9;1100;1;1;3;1;3;134;0, ISAACS (RUE SAM);M;4874939;138659;280
2,016E+11;16;8;24;2000;1;2;9;1;6;134;FENOTS (AVENUE DES);M;4874166;134388;280
2,016E+11;16;10;6;1835;1;1;1;1;2;404;1, ROCADE SUD;M;4871333;136444;280
2,016E+11;16;6;2;1600;1;1;1;1;2;520;;M;0;0;710
2,016E+11;16;9;24;645;3;1;1;1;2;81;;M;0;0;710
2,016E+11;16;10;12;200;3;1;1;1;2;81;;M;0;0;710
2,016E+11;16;10;26;1145;1;1;1;1;2;170;;M;0;0;710
2,016E+11;16;3;23;1030;1;2;3;1;3;182;3 ROUTE DE FRANGY;M;0;0;740
2,016E+11;16;10;13;615;5;1;6;2;3;257;GIRATOIRE DE BONLIEU;M;0;0;740
2,016E+11;16;12;10;245;3;1;1;1;2;112;;M;0;0;740
2,016E+11;16;12;11;1045;1;2;1;1;1;217;RD 1203;M;0;0;740
2,016E+11;16;2;13;1400;1;1;1;2;6;618;;M;4893760;-91882;140
2,016E+11;16;4;10;1345;1;1;2;1;3;553;;M;4903790;-58583;140
2,016E+11;16;8;19;1445;1;2;2;1;3;255;;M;4888670;-88279;140
2,016E+11;16;1;31;2045;3;1;1;2;2;135;;M;4855378;-336604;220
2,016E+11;16;2;13;1545;1;1;1;8;6;227;;M;4856708;-356421;220
2,016E+11;16;2;14;1215;1;1;1;4;2;225;;M;4853999;-306846;220
2,016E+11;16;2;26;745;1;1;1;1;3;251;;M;4854419;-282813;220
2,016E+11;16;2;28;1615;1;1;1;6;3;34;;M;4866492;-334521;220
2,016E+11;16;3;9;730;1;1;1;3;4;304;;M;4853637;-305422;220
2,016E+11;16;2;10;130;3;1;1;4;7;135;;M;4855963;-334413;220
2,016E+11;16;3;25;1800;1;1;1;1;2;304;;M;4853741;-305796;220
2,016E+11;16;3;28;1845;1;1;1;2;4;372;;M;4852887;-286018;220
2,016E+11;16;3;28;1445;1;1;1;4;6;34;;M;4868555;-336324;220
2,016E+11;16;3;30;2350;3;1;1;2;6;4;;M;4862397;-331782;220
2,016E+11;16;4;5;545;3;1;1;1;6;4;la pigeonnière;M;4862465;-331867;220
2,016E+11;16;4;11;1600;1;1;1;1;7;164;;M;4858565;-324906;220
2,016E+11;16;4;22;1445;1;1;1;1;2;67;;M;4855214;-317014;220
2,016E+11;16;4;30;1530;1;1;1;1;7;227;;M;4856551;-354527;220
2,016E+11;16;5;17;1545;1;1;1;1;7;272;;M;4854866;-310389;220
2,016E+11;16;5;21;1645;1;1;1;2;6;354;;M;4856957;-327558;220
2,016E+11;16;5;26;1915;1;1;1;8;5;182;;M;4853129;-292970;220
2,016E+11;16;6;7;2300;3;1;1;1;6;164;;M;4859977;-326711;220
2,016E+11;16;6;13;1100;1;1;1;2;7;304;;M;4853613;-303535;220
2,016E+11;16;7;10;1545;1;1;1;1;6;225;;M;4855161;-311588;220
2,016E+11;16;9;30;1915;1;1;1;8;7;372;;M;4852932;-285969;220
2,016E+11;16;10;29;1430;1;1;1;1;3;206;;M;4853584;-301982;220
2,016E+11;16;11;8;1600;1;1;1;1;6;272;;M;4854890;-310564;220
2,016E+11;16;11;20;1030;1;1;1;1;2;182;;M;4853138;-292587;220
2,016E+11;16;11;24;845;1;1;1;1;7;251;;M;4854508;-281217;220
2,016E+11;16;12;6;1745;3;1;1;8;2;225;;M;4855219;-311800;220
2,016E+11;16;1;14;1430;1;1;1;4;2;327;;M;4848491;-204159;220
2,016E+11;16;1;15;115;3;1;1;9;6;3;;M;4844174;-212388;220
2,016E+11;16;1;27;1615;1;1;1;3;7;93;;M;4846443;-254402;220
2,016E+11;16;3;4;1545;1;1;1;8;4;246;sainte anne;M;4847674;-260615;220
2,016E+11;16;5;13;1645;1;1;1;1;2;193;;M;4843595;-247083;220
2,016E+11;16;5;17;1115;1;1;1;1;1;246;;M;4847690;-260549;220
2,016E+11;16;5;17;1515;1;1;1;1;2;93;;M;4846738;-254869;220
2,016E+11;16;8;31;1145;1;1;1;1;4;185;;M;4837419;-235465;220
2,016E+11;16;9;17;530;3;1;1;2;3;213;;M;4853653;-197630;220
2,016E+11;16;10;22;1145;1;1;1;1;3;213;;M;4853653;-200176;220
2,016E+11;16;10;29;1715;1;1;1;1;7;388;;M;4843698;-214466;220
2,016E+11;16;11;7;30;3;1;1;3;7;369;;M;4834717;-228952;220
2,016E+11;16;12;15;800;2;1;1;1;5;84;;M;4841815;-228149;220
2,016E+11;16;1;13;1045;1;1;1;1;7;266;ZA Men  Menez;M;4852807;-394315;290
2,016E+11;16;1;31;1945;3;1;1;2;7;264;Keriven;M;4850261;-416137;290
2,016E+11;16;2;7;430;3;1;1;1;6;68;N12;M;4851985;-401417;290
2,016E+11;16;3;30;1415;1;1;1;4;6;268;N12- Ar Neizic;M;4847406;-431705;290
2,016E+11;16;4;22;945;1;1;1;1;7;183;Echangeur;M;4857052;-360889;290
2,016E+11;16;4;30;815;1;1;1;1;6;266;N12;M;4852731;-395096;290
2,016E+11;16;4;30;815;1;1;1;7;5;266;RN12;M;4852675;-395266;290
2,016E+11;16;5;22;215;3;1;1;1;7;105;Pen Ar C'Hoat;M;4851956;-402206;290
2,016E+11;16;5;31;900;1;1;1;1;4;75;N12_Lavallot;M;4843465;-443690;290
2,016E+11;16;6;12;1730;1;1;1;1;3;211;Kermenguy;M;4834505;-376769;290
2,016E+11;16;6;21;1345;1;1;1;1;7;75;Pk65 + 400;M;4844879;-438890;290
2,016E+11;16;10;1;715;2;1;1;2;2;265;Trébompe;M;4854301;-389763;290
2,016E+11;16;10;20;1200;1;1;1;1;7;179;Saint Eloi;M;4848374;-429099;290
2,016E+11;16;10;29;900;1;1;1;1;7;75;Pontanne;M;4844281;-440476;290
2,016E+11;16;11;9;2200;3;1;1;2;2;105;N12 - Le Mechou;M;4851824;-403921;290
2,016E+11;16;11;13;900;1;1;1;1;6;181;N12 - Leslourch;M;4848566;-428122;290
2,016E+11;16;12;13;830;1;1;1;1;2;179;Lann Groaz N12;M;4848213;-429817;290
2,016E+11;16;1;28;1300;1;1;1;2;6;20;;M;4810534;-402980;290
2,016E+11;16;3;8;1345;1;1;1;6;6;142;;M;4816969;-404719;290
2,016E+11;16;12;8;1815;3;1;1;8;5;142;Poulscaven;M;4816827;-404771;290
2,016E+11;16;12;17;2145;3;1;1;5;5;86;Le Camfrout;M;4833971;-423011;290
2,016E+11;16;1;22;700;3;1;1;2;1;139;;M;4794505;-167666;350
2,016E+11;16;1;25;800;1;1;1;1;4;139;;M;4795390;-168051;350
2,016E+11;16;2;22;1630;1;1;1;1;6;363;;M;4801952;-169114;350
2,016E+11;16;3;30;330;3;1;1;1;6;139;;M;4796672;-169122;350
2,016E+11;16;8;24;2345;3;1;1;1;6;363;;M;4801338;-169143;350
2,016E+11;16;8;28;1315;1;1;1;1;6;124;;M;4773374;-171263;350
2,016E+11;16;10;15;1315;1;1;1;3;6;12;RN 137;M;4779524;-169052;350
2,016E+11;16;10;29;1815;1;1;1;1;6;206;RN137 - PK38+600;M;4805406;-168145;350
2,016E+11;16;11;28;1410;1;1;1;1;7;12;route nationale 137 pk 1;M;4783946;-169561;350
2,016E+11;16;8;8;230;3;1;9;1;6;152;;M;4817316;-156830;350
2,016E+11;16;8;27;1430;1;1;1;1;3;267;;M;4840548;-131127;350
2,016E+11;16;12;17;1910;3;1;1;5;4;293;Autoroute A 84 PK 121.65;M;4829624;-136630;350
2,016E+11;16;12;23;2230;3;1;1;5;6;152;autoroute A84;M;4820711;-152412;350
2,016E+11;16;3;5;1800;2;2;2;1;3;419;Rue de Fenières;M;4622300;596900;10
2,016E+11;16;8;14;845;1;1;1;1;5;209;;M;0;0;10
2,016E+11;16;9;9;2115;1;1;1;1;1;419;;M;4620200;595300;10
2,016E+11;16;9;30;815;2;2;1;7;6;354;chemin des vignes;M;0;0;10
2,016E+11;16;12;9;530;5;1;6;5;2;354;;M;0;0;10
2,016E+11;16;12;30;1930;3;1;9;1;6;288;;M;4610340;555730;10
2,016E+11;16;4;29;1530;1;2;1;1;1;354;rue de la faucille;M;0;0;10
2,016E+11;16;5;8;1245;1;2;5;1;3;143;rue de lausanne;M;4636000;614000;10
2,016E+11;16;8;23;1745;1;2;1;1;3;419;parking rue pre jacquet;M;0;0;10
2,016E+11;16;9;1;2330;3;1;1;1;6;419;;M;4636800;564000;10
2,016E+11;16;9;4;115;5;1;1;1;6;209;;M;0;0;10
2,016E+11;16;11;12;1330;1;1;9;1;3;360;;M;0;0;10
2,016E+11;16;4;2;1200;1;1;9;1;3;314;;M;4951800;569200;540
2,016E+11;16;3;17;1445;1;2;1;1;6;314;;M;4949200;570800;540
2,016E+11;16;4;6;1530;1;1;1;1;3;428;;M;4942200;570800;540
2,016E+11;16;4;25;1745;1;2;1;2;3;322;rue de Metz;M;4944600;561900;540
2,016E+11;16;7;13;2230;3;1;1;2;3;314;;M;0;0;540
2,016E+11;16;7;25;600;2;1;1;1;3;314;;M;4951600;572500;540
2,016E+11;16;8;25;1615;1;1;1;1;1;290;;M;4945500;579400;540
2,016E+11;16;10;8;1130;1;1;1;1;6;590;;M;4946500;561000;540
2,016E+11;16;10;20;2230;3;1;1;2;6;134;;M;4946100;548800;540
2,016E+11;16;12;22;1915;5;2;1;5;1;137;Rue de Longwy;M;4949100;570500;540
2,016E+11;16;5;8;1115;1;1;1;1;3;437;;M;0;0;670
2,016E+11;16;5;21;1300;1;2;1;1;3;380;16 rue principale;M;0;0;670
2,016E+11;16;10;19;1615;1;2;1;1;2;437;Rue Saint Nicolas;M;0;0;670
2,016E+11;16;12;14;1400;1;1;1;7;1;367;;M;0;0;670
2,016E+11;16;6;5;2245;3;2;1;1;1;48;RD 559 PK 79+500;M;0;0;830
2,016E+11;16;7;17;1030;1;1;1;1;3;36;;M;0;0;830
2,016E+11;16;7;31;915;3;1;1;1;7;48;2190 Chemin de Provence;M;4319735;654922;830
2,016E+11;16;8;7;1945;1;2;1;1;1;48;RD559 PK79+230;M;0;0;830
2,016E+11;16;8;12;445;5;1;1;1;6;48;;M;4353388;663142;830
2,016E+11;16;8;17;1945;1;2;1;1;1;48;1945 bd de St Raphael;M;4320075;656379;830
2,016E+11;16;9;15;1045;1;1;1;1;3;48;;M;4319200;658800;830
2,016E+11;16;4;10;1015;1;1;1;7;5;163;;M;0;0;670
2,016E+11;16;9;29;530;3;1;3;1;3;166;;M;0;0;670
2,016E+11;16;1;24;745;3;1;1;1;7;219;;M;4778388;-192696;350
2,016E+11;16;1;24;1800;2;2;1;1;6;129;quai des bateliers;M;4782240;-182298;350
2,016E+11;16;2;6;800;2;1;1;6;7;45;;M;4782206;-203482;350
2,016E+11;16;4;13;1630;1;1;1;1;1;285;;M;4774989;-194988;350
2,016E+11;16;6;12;730;1;1;1;2;6;45;;M;4779562;-200793;350
2,016E+11;16;7;3;1300;1;1;1;1;6;176;La Bas Noyal;M;4777945;-177997;350
2,016E+11;16;7;15;1600;1;2;7;1;1;219;;M;4781035;-194674;350
2,016E+11;16;8;23;1915;1;1;1;1;5;45;;M;4779761;-199349;350
2,016E+11;16;9;1;2000;1;1;1;1;3;168;;M;4789669;-201229;350
2,016E+11;16;9;20;2045;3;1;1;1;6;289;;M;4786727;-178958;350
2,016E+11;16;10;15;2045;3;1;2;1;3;45;bellevue;M;4779546;-200918;350
2,016E+11;16;10;28;1800;1;1;2;1;3;84;lieu-dit Lorette;M;4786594;-206139;350
2,016E+11;16;10;28;2330;3;1;2;1;3;160;lieu-dit la pierre droit;M;4794668;-206738;350
2,016E+11;16;12;17;1700;2;2;3;5;2;125;D178;M;4792931;-123631;350
2,016E+11;16;2;22;1945;3;1;1;8;5;100;;M;0;0;860
2,016E+11;16;11;8;1900;3;1;1;1;5;50;;M;0;0;860
2,016E+11;16;1;2;930;1;1;1;1;7;214;;M;4716970;469316;210
2,016E+11;16;2;3;1930;3;1;1;2;6;30;;M;4710114;472821;210
2,016E+11;16;3;14;445;3;1;1;1;6;73;;M;4743203;431191;210
2,016E+11;16;3;16;630;2;1;1;1;6;633;;M;0;0;210
2,016E+11;16;7;6;1915;1;1;1;1;4;214;;M;4719324;466655;210
2,016E+11;16;7;6;1830;1;1;1;1;2;214;;M;4719377;466604;210
2,016E+11;16;7;19;2130;1;1;1;1;7;205;;M;4744526;429310;210
2,016E+11;16;8;6;1630;1;1;1;1;6;244;;M;4731674;449523;210
2,016E+11;16;8;21;830;1;1;1;1;2;298;;M;0;0;210
2,016E+11;16;8;23;1615;1;1;1;1;6;214;;M;4718289;467912;210
2,016E+11;16;9;17;645;3;1;1;3;4;282;;M;4747300;421222;210
2,016E+11;16;10;14;1115;1;1;1;2;2;87;AUTOROUTE A6 PK 283+950;M;4711454;470981;210
2,016E+11;16;11;13;750;1;1;9;2;6;244;A6 PK 256.000 LYON/PARIS;M;4730345;450278;210
2,016E+11;16;12;11;1934;3;1;1;9;6;634;A6 - PK 282+500;M;4714822;469974;210
2,016E+11;16;12;26;1225;1;1;9;8;6;676;Autoroute A.6 sens Lyon-;M;4746533;424221;210
2,016E+11;16;9;30;2300;3;1;1;2;6;120;;M;0;0;860
2,016E+11;16;10;23;1730;1;2;2;1;3;187;RD 951;M;4658200;77700;860
2,016E+11;16;9;11;2345;3;1;1;1;6;173;;M;0;0;10
2,016E+11;16;9;28;1900;5;2;1;1;3;103;CD984C;M;0;0;10
2,016E+11;16;10;21;645;3;1;1;2;1;173;;M;0;0;10
2,016E+11;16;6;4;1700;1;1;1;1;1;157;RN 88 - PR 31+850;M;4440270;274080;120
2,016E+11;16;9;4;1630;1;1;1;1;1;96;RD 920 - PR 6+500;M;4451000;273481;120
2,016E+11;16;6;29;740;1;1;3;1;6;43;BARAQUE DE CEIGNAC;M;4428130;253433;120
2,016E+11;16;1;3;230;5;1;1;1;7;61;RD 281;M;4339097;-57955;640
2,016E+11;16;5;23;1100;1;1;6;1;1;410;;M;4337758;-60342;640
2,016E+11;16;12;24;1700;2;1;3;2;1;396;RD 817;M;4343944;-66715;640
2,016E+11;16;12;23;1800;3;1;6;5;6;253;;M;4778307;750253;680
2,016E+11;16;6;2;1630;1;2;1;2;1;427;rue des lapidaires;M;4594481;476191;10
2,016E+11;16;12;6;1030;1;2;6;1;6;194;rue Jean MONNET;M;4598469;475681;10
2,016E+11;16;12;15;1900;1;2;2;1;3;19;EAU BLANCHE (DE 9 ET 14;M;4841548;-446195;290
2,016E+11;16;12;24;1400;1;2;2;1;3;19;LE GOFFIC CHARLES;M;4839655;-444420;290
2,016E+11;16;1;5;1820;5;2;2;3;3;19;., LOSCOAT;M;4842225;-449856;290
2,016E+11;16;1;6;1200;1;2;1;1;4;19;27, MIRABEAU;M;4840821;-448668;290
2,016E+11;16;1;12;1835;5;2;1;8;2;19;4, KERGONAN (RUE ET IMPA;M;4841255;-446801;290
2,016E+11;16;12;12;930;2;2;3;2;3;19;Rue  du CARPON;M;4838999;-450353;290
2,016E+11;16;1;11;810;1;2;1;1;6;19;., GOUESNOU (DE 1 A 29 E;M;4840452;-446763;290
2,016E+11;16;1;14;1000;1;2;1;1;2;19;., CLEMENCEAU GEORGES (D;M;4839022;-448616;290
2,016E+11;16;1;12;1140;1;2;2;1;3;19;14, BEAUMANOIR;M;4838716;-451396;290
2,016E+11;16;12;7;1820;5;2;3;1;1;19;., TARENTE;M;4840459;-450980;290
2,016E+11;16;1;21;1635;1;2;1;1;6;19;10, HUGO VICTOR (DE 1 A;M;4839213;-448137;290
2,016E+11;16;12;14;1135;1;2;1;1;6;19;Rue  ANATOLE FRANCE;M;4838176;-452584;290
2,016E+11;16;1;18;1640;1;2;1;1;6;19;PORTZMOGUER;M;4839317;-449414;290
2,016E+11;16;1;16;1715;1;2;1;1;7;19;., COLAS ALAIN (PARTIE O;M;4839009;-443778;290
2,016E+11;16;12;15;1648;1;2;1;1;6;19;80,VICTOR  EUSEN;M;4838070;-453208;290
2,016E+11;16;1;6;1842;5;2;2;3;6;19;93, MONTAIGNE (DE 39 A 1;M;4840364;-448057;290
2,016E+11;16;1;30;1930;5;1;1;1;4;19;HARTELOIRE (PONT);M;4839205;-450362;290
2,016E+11;16;1;21;1945;5;2;3;2;3;19;., PORTZMOGUER;M;4839347;-449697;290
2,016E+11;16;1;28;2110;1;2;3;1;1;19;NARVIK;M;4838378;-448422;290
2,016E+11;16;1;30;1850;5;2;1;2;6;19;., CONSEIL;M;4839421;-448187;290
2,016E+11;16;1;13;945;1;2;3;1;3;19;43, GALLIENI GENERAL (DE;M;4838987;-450766;290
2,016E+11;16;2;2;1640;1;2;1;1;6;19;96, ROBESPIERRE (96 ET 1;M;4840717;-448962;290
2,016E+11;16;2;4;1220;1;2;1;1;6;19;2, PROFESSEUR CHRETIEN;M;4840356;-447108;290
2,016E+11;16;1;30;1650;1;2;3;2;3;19;., ALSACE LORAINE;M;4838133;-451277;290
2,016E+11;16;2;10;1600;1;2;3;1;2;19;EUROPE (DE 13 A 15);M;4841319;-449235;290
2,016E+11;16;2;7;635;5;2;2;2;5;19;PREMIERE DFL (AVENUE);M;4837800;-454456;290
2,016E+11;16;1;14;1345;1;2;1;1;6;19;., CUIRASSE BRETAGNE;M;4840637;-449635;290
2,016E+11;16;1;28;1840;5;2;1;1;2;19;LE GORGEU (NøENTRE TAREN;M;4840584;-450755;290
2,016E+11;16;1;10;1845;5;2;1;2;2;19;., EUROPE (DE 58 A 166 E;M;4841316;-449591;290
2,016E+11;16;2;3;915;1;2;1;1;6;19;., BLUM LEON;M;4840549;-448465;290
2,016E+11;16;2;10;1930;5;2;6;1;3;19;., PEN AR CH'LEUZ (ROND;M;4841499;-447893;290
2,016E+11;16;2;10;1750;1;2;1;2;2;19;ROND POINT DE KERESSEIS;M;4839558;-453828;290
2,016E+11;16;2;10;1000;1;2;3;1;1;19;MALAKOFF;M;4839602;-448329;290
2,016E+11;16;2;17;2130;4;2;1;2;6;19;COLLET YVES (DE 1 A 27 E;M;4838956;-448312;290
2,016E+11;16;2;15;930;1;1;1;1;6;19;LE GORGEU (Nø29 (TOTAL)+;M;4840031;-449849;290
2,016E+11;16;2;24;1115;1;2;1;2;6;19;SERUSIER PAUL;M;4840146;-445501;290
2,016E+11;16;2;25;1320;1;2;1;1;4;19;., EUROPE (DE 58 A 166 E;M;4841318;-449592;290
2,016E+11;16;3;4;1530;1;2;1;1;6;19;51, LAMOTTE PICQUET (Nø;M;4839543;-449206;290
2,016E+11;16;3;10;1530;1;2;1;1;1;19;., KERLOSSOUARN (CHEMIN);M;4844632;-449567;290
2,016E+11;16;3;17;725;1;2;6;1;3;19;FRANCAIS LIBRES;M;4838278;-449185;290
2,016E+11;16;3;22;845;1;2;3;1;6;19;49, MOULIN JEAN (DE 11 A;M;4839082;-449401;290
2,016E+11;16;3;8;740;1;2;3;1;1;19;., LABBE VINCENT;M;4842107;-446347;290
2,016E+11;16;3;14;800;2;2;6;1;3;19;., ROND POINT DE HONGRIE;M;4841840;-451180;290
2,016E+11;16;3;16;1020;1;1;3;1;3;19;., VENDEE (DE 7 A 31 ET;M;4840434;-451249;290
2,016E+11;16;3;25;1220;1;2;1;1;6;19;PLYMOUTH (DE 89 A 135 ET;M;4838514;-453531;290
2,016E+11;16;3;30;1640;1;1;1;1;3;19;TARENTE;M;4840457;-450975;290
2,016E+11;16;3;31;1410;1;2;1;1;2;19;., LIBERATION;M;4839731;-451773;290
2,016E+11;16;4;6;1850;1;2;2;1;3;19;CLEMENCEAU GEORGES (DE 1;M;4838885;-448397;290
2,016E+11;16;3;31;1300;1;2;1;1;6;19;, LAMOTTE PICQUET (DE;M;4839542;-449207;290
2,016E+11;16;3;30;1220;1;2;1;1;3;19;, COMMANDANT MALBERT;M;4838008;-448701;290
2,016E+11;16;4;7;1900;1;2;1;1;1;19;18, CHEVREUL;M;4840761;-449195;290
2,016E+11;16;4;14;640;1;2;3;1;1;19;MAISSIN;M;4838880;-450347;290
2,016E+11;16;4;11;1525;1;2;2;1;3;19;55, MONTAIGNE (DE 39 A 1;M;4840174;-448314;290
2,016E+11;16;4;4;1650;1;2;1;1;3;19;Place 19eme  RI;M;4838801;-448152;290
2,016E+11;16;4;11;1815;1;2;2;1;3;19;., BRUAT (DE 1 A 23 ET 2;M;4839657;-448263;290
2,016E+11;16;4;17;850;1;2;1;1;6;19;.., VERDUN (DE 53 A 199;M;4839851;-445352;290
2,016E+11;16;4;20;1705;1;2;2;1;3;19;., DONNART MATHIEU (DE 4;M;4839979;-448614;290
2,016E+11;16;4;11;1700;1;2;1;1;2;19;, SEVELLEC JIM;M;4836723;-454638;290
2,016E+11;16;4;6;2110;5;2;1;1;1;19;BOUGUEN;M;4839717;-449756;290
2,016E+11;16;4;17;1630;1;2;3;1;3;19;ROCH GLAS (ROUTE ET CHEM;M;4843310;-449663;290
2,016E+11;16;4;8;2100;4;2;1;2;6;19;., ROUSSE EMILE;M;4838421;-452786;290
2,016E+11;16;5;5;1530;1;2;1;1;1;19;67, FRANCE ANATOLE (DE 2;M;4838182;-452565;290
2,016E+11;16;5;18;2050;2;2;1;1;4;19;QUIMPER (154 ET 173 A FI;M;4839933;-444289;290
2,016E+11;16;5;2;925;1;2;2;1;3;19;COLLET YVES (DE 1 A 27 E;M;4839541;-447692;290
2,016E+11;16;4;27;900;1;2;3;2;3;19;., DONNART MATHIEU (DE 4;M;4840004;-448666;290
2,016E+11;16;6;5;1910;1;2;1;1;6;19;DUCOUEDIC;M;4838590;-449276;290
2,016E+11;16;6;6;1810;1;2;1;1;4;19;., KERZENNIEL (ROND POIN;M;4837360;-456100;290
2,016E+11;16;6;14;850;1;2;1;1;5;19;4, EAU BLANCHE (DE 1 A 7;M;4841034;-445666;290
2,016E+11;16;6;19;1500;1;2;3;1;3;19;DUPUY DE LOME (DE 1 A 33;M;4839137;-450623;290