Num_Acc;an;mois;jour;hrmn;lum;agg;int;atm;col;com;adr;gps;lat;long;dep
2,016E+11;16;6;22;1035;1;2;1;1;6;232;CREAC' H GWEN BOULEVARD;M;4797725;-410109;290
2,016E+11;16;6;16;1930;1;2;6;1;2;232;RUE DE L'UNIVERSITE;M;4758468;-405424;290
2,016E+11;16;6;26;130;5;2;1;1;7;232;7, 19 MARS 1962 RUE DU;M;4798863;-411101;290
2,016E+11;16;6;29;1850;1;1;1;2;4;232;Ave du Morbihan echangeu;M;4797799;-402838;290
2,016E+11;16;7;2;2350;5;2;6;1;3;232;KERUSTUM  ROND POINT DE;M;4797897;-409431;290
2,016E+11;16;7;5;2105;1;1;1;1;7;232;., KERUSTUM  ROND POINT;M;4797886;-409501;290
2,016E+11;16;7;3;1950;1;1;1;1;7;51;28, GARSALEC (avenue de);M;4801852;-399916;290
2,016E+11;16;7;6;2220;2;1;1;1;6;232;., PLOGONNEC ROUTE DE;M;4802959;-405999;290
2,016E+11;16;7;11;2332;5;2;1;1;6;232;29, LIBERATION AVENUE DE;M;4799167;-407637;290
2,016E+11;16;7;13;1102;1;2;1;1;7;232;GOURVILY AVENUE DE;M;4801527;-408310;290
2,016E+11;16;6;19;1645;1;1;1;1;6;232;., PONT L'ABBE ROUTE DE;M;4797866;-412821;290
2,016E+11;16;7;16;1440;1;2;1;1;7;232;., JACOB MAX PONT;M;4799362;-410641;290
2,016E+11;16;7;16;1510;1;2;2;1;3;232;., LOTH JOSEPH RUE;M;4800627;-408940;290
2,016E+11;16;7;12;1630;1;2;1;1;6;232;., GARE AVENUE DE LA;M;4799444;-409416;290
2,016E+11;16;7;9;2000;1;2;1;1;6;232;21, LOCRONAN ROUTE DE;M;4800738;-411885;290
2,016E+11;16;7;18;935;1;2;1;1;3;232;39, GARE AVENUE DE LA;M;4799474;-409551;290
2,016E+11;16;7;24;2030;1;1;1;1;6;232;Bretelle Troyallach;M;4797672;-401067;290
2,016E+11;16;6;18;1030;1;1;1;1;4;232;143, BENODET ROUTE DE;M;4797839;-409408;290
2,016E+11;16;7;27;840;1;2;1;2;6;232;1, LUZEL RUE;M;4799675;-410011;290
2,016E+11;16;7;28;800;1;1;6;1;2;232;500, ROSPORDEN ROUTE DE;M;4797857;-401467;290
2,016E+11;16;7;26;1800;1;2;3;1;3;232;., LUXEMBOURG (rue du);M;4799604;-413918;290
2,016E+11;16;7;23;605;1;2;2;1;1;232;14, DUPLEIX BOULEVARD;M;4799488;-409992;290
2,016E+11;16;7;24;1000;1;2;3;1;1;232;LE DEAN AIME JEAN RUE;M;4799273;-409159;290
2,016E+11;16;7;31;1920;1;2;1;1;2;232;., LE GOFFIC CHARLES RUE;M;4798346;-404624;290
2,016E+11;16;8;8;1200;1;1;1;1;7;51;., CORAY ROUTE DE;M;4800127;-402127;290
2,016E+11;16;8;8;1728;1;1;6;1;3;51;KEROURVOIS ROUTE DE;M;4800160;-404640;290
2,016E+11;16;8;12;1825;1;1;1;1;1;51;., KERVEADY ROUTE DE;M;4801243;-403710;290
2,016E+11;16;8;16;2348;3;1;1;1;7;232;KEREQUELLOU CHEMIN DE;M;4796308;-406246;290
2,016E+11;16;8;18;915;1;2;1;8;6;232;PLUGUFFAN ROUTE DE;M;4797630;-413788;290
2,016E+11;16;8;20;1120;1;1;1;1;5;232;PRESIDENT ALLENDE BOULEV;M;4800009;-404000;290
2,016E+11;16;8;22;1805;1;2;3;1;3;232;DUPLEIX BOULEVARD;M;4799488;-409990;290
2,016E+11;16;8;12;145;5;1;1;1;7;232;., MARECHAL JOFFRE RUE D;M;4801368;-409152;290
2,016E+11;16;8;24;1235;1;2;1;1;1;232;150, BREST ROUTE DE;M;4801584;-408194;290
2,016E+11;16;8;27;240;3;1;1;1;1;232;CNO;M;4801420;-412010;290
2,016E+11;16;9;1;1050;1;2;1;1;6;232;45, FRERES MAILLET BOULE;M;4800330;-409682;290
2,016E+11;16;9;1;645;2;1;1;1;7;232;Tréodet;M;4800566;-406189;290
2,016E+11;16;9;7;520;3;1;1;1;7;232;CHATEAU RUE DU;M;4801161;-411476;290
2,016E+11;16;9;4;1156;1;2;1;1;6;232;LE GUENNEC LOUIS BOULEVA;M;4798532;-411250;290
2,016E+11;16;9;9;1615;1;1;1;1;1;232;COSQUER RUE DU;M;4800223;-411369;290
2,016E+11;16;9;9;900;1;2;1;1;3;232;HIPPODROME RUE DE L';M;4799600;-409375;290
2,016E+11;16;9;10;1610;1;2;1;2;6;232;BREST ROUTE DE;M;4801172;-407862;290
2,016E+11;16;9;11;940;1;2;6;1;2;232;TY PONT KERROUE  ROND PO;M;4801681;-409563;290
2,016E+11;16;9;11;1820;1;2;1;1;3;51;ROUTE d'ELLIANT;M;4799330;-403257;290
2,016E+11;16;9;29;1400;1;2;1;2;2;232;LIBERATION AVENUE DE LA;M;4799341;-408837;290
2,016E+11;16;9;30;1215;1;2;1;1;2;232;., KERADENNEC AVENUE DE;M;4797643;-408133;290
2,016E+11;16;10;1;125;3;2;1;1;7;232;., GUTENBERG BOULEVARD;M;4798250;-407584;290
2,016E+11;16;10;2;1130;1;2;1;1;6;232;., PROVENCE BOULEVARD DE;M;4798075;-412620;290
2,016E+11;16;10;3;1650;1;1;1;1;6;232;., TOUR D'AUVERGNE RUE D;M;4799426;-411027;290
2,016E+11;16;10;4;1917;1;2;7;1;3;232;., PRESIDENT SADATE RUE;M;4797641;-409656;290
2,016E+11;16;10;5;1350;1;2;1;1;2;232;., THEPOT YVES AVENUE;M;4798841;-409044;290
2,016E+11;16;10;7;1445;1;1;1;1;3;232;., BREST ROUTE DE;M;4802850;-408739;290
2,016E+11;16;10;9;1730;1;1;1;1;6;232;141, GUENGAT ROUTE DE;M;4800850;-412800;290
2,016E+11;16;10;12;1150;1;2;6;1;6;232;PONTIGOU RUE DU;M;4800221;-411404;290
2,016E+11;16;10;17;730;5;2;9;1;3;232;CREAC' H GWEN BOULEVARD;M;4797324;-409668;290
2,016E+11;16;10;17;845;1;2;6;1;6;232;., KERIVOAL RUE;M;4800647;-410772;290
2,016E+11;16;10;17;1500;1;2;1;1;4;232;43, KERFEUNTEUN RUE DE;M;4800127;-410046;290
2,016E+11;16;10;18;1400;1;2;1;1;3;232;18, MOULIN VERT RUE DU;M;4800329;-411552;290
2,016E+11;16;10;19;800;2;1;1;1;3;232;RN 165 BRETELLE DE SORTI;M;4801614;-408003;290
2,016E+11;16;10;22;500;3;1;1;1;6;232;LE GUENNEC LOUIS BOULEVA;M;4798552;-411252;290
2,016E+11;16;10;23;1845;1;1;1;1;6;232;LE GUENNEC LOUIS BOULEVA;M;4798400;-411271;290
2,016E+11;16;10;24;125;5;1;4;1;7;232;., KEREQUELLOU CHEMIN DE;M;4796637;-406158;290
2,016E+11;16;10;25;2300;5;2;3;1;6;232;Pont du Theatre;M;4799515;-409781;290
2,016E+11;16;10;30;545;3;1;1;1;7;51;Le Rouillen;M;4800183;-405271;290
2,016E+11;16;11;1;1740;1;2;1;1;6;51;LESTONAN AVENUE DE;M;4801897;-402022;290
2,016E+11;16;11;6;1810;5;1;1;1;7;51;Vers rte de Coray;M;4800119;-405265;290
2,016E+11;16;11;18;645;3;1;1;2;6;232;MORBIHAN AVENUE DU;M;4797824;-403418;290
2,016E+11;16;11;21;1945;5;2;1;2;3;232;45, PROVIDENCE RUE DE LA;M;4799909;-410887;290
2,016E+11;16;11;25;50;3;1;1;9;6;232;231, CONCARNEAU ROUTE DE;M;4796330;-405840;290
2,016E+11;16;11;29;1550;1;1;1;1;3;232;GUTENBERG BOULEVARD;M;4797990;-408790;290
2,016E+11;16;11;29;1920;5;2;3;1;1;232;DOUARNENEZ ROUTE DE;M;4799743;-411931;290
2,016E+11;16;10;28;900;1;1;1;1;7;232;., DOUARNENEZ ROUTE DE;M;4799846;-412786;290
2,016E+11;16;11;30;1900;5;2;1;1;3;232;STANG BIHAN RUE DE;M;4800861;-410638;290
2,016E+11;16;12;5;800;5;2;6;1;6;232;., BENODET ROUTE DE;M;4797877;-409462;290
2,016E+11;16;12;6;1257;1;2;1;2;6;232;., POHER RUE DU;M;4798195;-410959;290
2,016E+11;16;11;13;240;5;2;1;2;6;232;STIVEL RUE DU;M;4798995;-411169;290
2,016E+11;16;11;25;1615;1;1;1;1;6;51;., de KERVEGUEN;M;4798522;-402170;290
2,016E+11;16;12;2;740;3;1;1;9;7;232;., PLOGONNEC ROUTE DE;M;4803555;-411611;290
2,016E+11;16;12;7;1310;1;1;6;1;7;232;., CHATEAU RUE DU;M;4801774;-411775;290
2,016E+11;16;12;10;840;2;2;1;1;6;232;., Pont du Th‚ƒtre;M;4799516;-409779;290
2,016E+11;16;12;9;825;2;1;1;8;2;232;BENODET ROUTE DE;M;4794055;-407147;290
2,016E+11;16;12;17;1935;5;2;1;1;6;232;., AMIRAL DE KERGUELEN B;M;4799513;-410067;290
2,016E+11;16;12;18;1850;5;2;1;1;3;232;., KERUSTUM  ROND POINT;M;4797944;-409411;290
2,016E+11;16;12;18;1550;1;2;6;1;3;232;., LEBON PHILIPPE  ROND;M;4799478;-407325;290
2,016E+11;16;12;20;1350;1;2;1;2;2;232;., POULGUINAN BOULEVARD;M;4798433;-411343;290
2,016E+11;16;12;2;655;3;1;1;9;6;232;Rocade 783A;M;4798141;-407728;290
2,016E+11;16;12;13;1950;5;2;6;1;7;232;., TREQUEFFELEC  ROND PO;M;4800322;-408418;290
2,016E+11;16;12;15;750;5;2;1;1;6;232;., JUSTICES CHEMIN DES;M;4799177;-411885;290
2,016E+11;16;12;27;1615;1;2;1;1;2;232;., NAPOLEON III RUE;M;4798635;-407497;290
2,016E+11;16;9;18;1345;1;1;1;1;7;211;;M;0;0;570
2,016E+11;16;9;24;1200;1;1;1;1;7;286;;M;4919560;586764;540
2,016E+11;16;10;1;830;1;1;1;2;6;443;;M;0;0;570
2,016E+11;16;3;20;645;1;1;1;1;1;395;;M;4922723;211797;600
2,016E+11;16;5;24;1915;1;2;1;1;7;395;rue victor hugo;M;4923350;213341;600
2,016E+11;16;7;6;1730;1;2;1;1;3;12;9 rue jean jaures;M;4925847;216392;600
2,016E+11;16;9;8;1545;1;2;1;1;1;395;rue de gournay;M;4924486;212566;600
2,016E+11;16;10;5;2045;3;1;1;1;1;395;;M;4921321;213877;600
2,016E+11;16;10;30;1445;1;1;1;1;1;88;;M;4919370;218144;600
2,016E+11;16;11;14;1000;1;2;1;1;3;395;rue Marcel Coquet;M;4921965;213894;600
2,016E+11;16;11;30;1500;1;2;1;7;1;395;rue vaillant radiologue;M;4923414;212980;600
2,016E+11;16;12;18;1045;1;2;1;5;3;395;rue marcel coquet;M;4922290;213743;600
2,016E+11;16;10;2;15;3;2;1;1;6;302;34 rue du zornhoff;M;0;0;670
2,016E+11;16;11;30;735;1;2;2;1;3;7;SAINT ETIENNE NORD (CHEM;M;4413062;411324;300
2,016E+11;16;11;19;15;5;2;1;1;6;7;2, SAINT VINCENT (RUE);M;4412360;407779;300
2,016E+11;16;11;17;1115;1;2;2;1;3;243;MOULIN (AVENUE J.);M;4406104;409028;300
2,016E+11;16;12;10;1230;1;2;1;1;3;7;1262, UZES (ROUTE D');M;4410988;411174;300
2,016E+11;16;11;14;1200;1;2;1;1;2;7;CHAPTAL ( QUAI MAX );M;4412604;407151;300
2,016E+11;16;12;7;1315;1;2;1;1;3;7;UZES (ROUTE D');M;4411172;410827;300
2,016E+11;16;11;18;1210;1;2;1;1;6;7;62, MOULIN (GRAND' RUE J;M;4412137;407756;300
2,016E+11;16;12;6;1315;1;2;1;1;6;7;3, ROUPAIN (RUE JEAN);M;4414743;408530;300
2,016E+11;16;1;8;1020;1;2;1;1;6;7;POMMIERS (RUE DES);M;4411597;411001;300
2,016E+11;16;12;23;900;1;2;6;1;3;7;MONGE (AVENUE);M;4414586;410107;300
2,016E+11;16;1;8;1055;1;2;1;1;6;7;STALINGRAD (AVENUE DE);M;4412439;408499;300
2,016E+11;16;1;8;1215;1;2;1;1;6;7;LUMIERES (AVE DES FRERES;M;4413997;409037;300
2,016E+11;16;1;15;940;1;2;1;1;6;7;SERRES (AVE OLIVIER DE);M;4410733;409227;300
2,016E+11;16;12;31;255;5;2;1;1;6;7;21, CARNOT (AVE);M;4412133;408338;300
2,016E+11;16;1;15;2235;5;2;2;1;3;7;BROUZEN (PONT DE);M;4413372;407833;300
2,016E+11;16;12;23;1645;1;2;1;1;1;7;945, SPORTS (CHEMIN DES);M;4411345;409290;300
2,016E+11;16;1;19;1630;1;2;3;1;3;7;STALINGRAD (AVENUE DE);M;4412497;408830;300
2,016E+11;16;12;13;1850;2;2;6;1;3;7;MONGE (AVENUE);M;4414585;410095;300
2,016E+11;16;1;29;1350;1;2;1;1;6;7;7, DEBUSSY (RUE CLAUDE);M;4412466;409040;300
2,016E+11;16;12;12;1540;1;2;1;1;6;7;9, VERNE (RUE JULES);M;4413593;409962;300
2,016E+11;16;12;15;1525;1;2;1;1;3;7;ONZE NOVEMBRE 1918 (QUAI;;;;300
2,016E+11;16;2;4;1315;1;2;3;1;3;7;SAINT MARTIN (ROUTE DE);M;4414722;408622;300
2,016E+11;16;12;31;1630;1;2;2;1;3;243;CAMPELLO (AVENUE DE);M;4408123;407082;300
2,016E+11;16;2;15;450;5;2;1;1;6;7;277, LUQUETTE (CHEMIN DE;M;4410301;407868;300
2,016E+11;16;12;19;1640;2;2;2;1;3;7;CLAVIERES (AVE DE);;;;300
2,016E+11;16;2;16;1630;1;2;1;1;6;7;DELAUNE (RUE AUGUSTE);M;4414573;408713;300
2,016E+11;16;12;9;1826;4;2;1;1;6;7;HUIT MAI 1945 (QUAI DU);;;;300
2,016E+11;16;2;27;2050;5;2;1;1;6;7;BILINA (QUAI);M;4413001;407185;300
2,016E+11;16;12;22;1515;1;2;3;1;2;7;VIGET (CHEMIN DU);M;4413730;410545;300
2,016E+11;16;2;13;1700;1;2;1;1;6;7;25, QUINET (RUE EDGAR);M;4412384;408348;300
2,016E+11;16;12;29;2220;5;2;1;1;1;7;927, BAGNOLS (ROUTE DE);M;4413039;411530;300
2,016E+11;16;2;5;800;2;2;1;1;6;7;CARNOT (AVE);M;4412143;408713;300
2,016E+11;16;3;10;1000;1;2;1;1;6;7;277, LUQUETTE (CHEMIN DE;M;4410302;407870;300
2,016E+11;16;3;4;2115;4;2;3;1;3;7;TRESPEAUX (CHEMIN DE);M;4411681;410959;300
2,016E+11;16;3;11;1050;1;2;1;1;3;7;102, ANDUZE (AVE);M;4410858;408106;300
2,016E+11;16;12;17;1030;1;2;6;1;3;243;MOULIN (AVENUE J.);M;4408165;407777;300
2,016E+11;16;3;13;315;5;2;1;1;1;7;LARMINAT (AVE);;;;300
2,016E+11;16;4;6;1600;1;2;1;1;3;7;CARNOT (AVE);M;4412147;408997;300
2,016E+11;16;4;1;1725;1;2;2;1;2;7;STALINGRAD (AVENUE DE);M;4412462;408563;300
2,016E+11;16;3;30;1410;1;2;1;1;6;7;VIALA (AVE DU COMMANDANT;M;4412738;408194;300
2,016E+11;16;4;30;535;5;2;1;1;6;7;27, RIBOT (AVE GASTON);M;4413637;408812;300
2,016E+11;16;4;2;1900;2;2;2;1;6;7;PELET (RUE RAYMOND);M;4412447;407566;300
2,016E+11;16;4;4;1640;1;2;1;1;3;7;GAS GARDONNET (CHEMIN DU;M;4411021;410912;300
2,016E+11;16;4;15;1705;1;2;2;1;6;7;BEAUTEVILLE (RUE DE);M;4412380;407924;300
2,016E+11;16;4;8;1110;1;2;1;1;5;7;397, BAGNOLS (ROUTE DE);M;4413050;410822;300
2,016E+11;16;6;4;1800;1;2;1;1;3;243;928, MOULIN (AVENUE J.);M;4407555;408014;300
2,016E+11;16;6;11;1540;1;2;3;1;1;7;PELLOUTIER (RUE FERNAND);M;4411191;408089;300
2,016E+11;16;5;5;1750;1;2;2;1;3;7;VIGET (CHEMIN DU);M;4413729;410489;300
2,016E+11;16;5;8;1930;1;2;2;1;3;7;DIDEROT (AVENUE);M;4413374;407824;300
2,016E+11;16;6;17;1225;1;2;2;1;1;7;DIDEROT (AVENUE);M;4413363;407829;300
2,016E+11;16;6;23;2100;1;2;1;1;1;7;16, FERREOL (QUAI);M;4412276;407195;300
2,016E+11;16;6;19;2130;2;1;1;1;6;7;MONGE (AVENUE);M;4414944;409804;300
2,016E+11;16;6;17;1335;1;2;1;1;2;243;MOULIN (AVENUE J.);M;4407918;407876;300
2,016E+11;16;6;22;1440;1;2;2;1;3;7;SPORTS (CHEMIN DES);M;4411760;408997;300
2,016E+11;16;6;23;900;1;1;1;1;3;7;533, UZES (ROUTE D');M;4411386;410473;300
2,016E+11;16;6;25;1005;1;1;1;1;1;7;279, NIMES (ROUTE DE);M;4411333;409917;300
2,016E+11;16;6;14;1630;1;2;1;1;6;7;LADRECHT (AVE DE);M;4413764;408005;300
2,016E+11;16;6;30;1715;1;1;1;1;2;7;CASSIN (RUE RENE);M;4411170;410520;300
2,016E+11;16;7;12;1310;1;1;1;2;4;7;CASSIN (RUE RENE);M;4411188;410539;300
2,016E+11;16;7;4;1845;1;2;1;1;6;7;BOISSIER DE SAUVAGE  ( Q;M;4412696;407555;300
2,016E+11;16;7;28;1825;1;2;3;1;3;7;COMBE JULIANE (CHEMIN DE;M;4412613;409319;300
2,016E+11;16;7;30;510;5;2;2;1;6;7;BILINA (QUAI);M;4413432;407714;300
2,016E+11;16;7;31;1740;1;2;1;1;6;7;CHAPTAL ( QUAI MAX );M;4412624;407158;300
2,016E+11;16;7;31;2030;1;2;1;1;6;7;HOTEL DE VILLE (PLACE DE;M;4412480;407768;300
2,016E+11;16;8;11;2335;5;2;2;1;1;7;MARCET (RUE BAPTISTE);M;4413171;409849;300
2,016E+11;16;8;12;2045;2;2;1;1;3;7;CROUPILLAC (AVE DE);M;4413796;410475;300
2,016E+11;16;8;1;1105;1;2;9;1;7;7;ALSACE (ROUTE D');M;4413162;408122;300
2,016E+11;16;8;16;1830;1;2;6;1;2;7;LARMINAT (AVE);M;4412134;409204;300
2,016E+11;16;9;13;915;1;2;1;1;3;7;780, SILHOL (MONTEE);M;4412867;410175;300
2,016E+11;16;9;7;835;1;2;3;1;3;7;BOISSIER DE SAUVAGE  ( Q;M;4412714;407678;300
2,016E+11;16;9;2;1235;1;2;2;1;3;7;JARDINS (RUE DES);M;4411753;408183;300
2,016E+11;16;9;26;1200;1;2;2;1;6;7;DEBUSSY (RUE CLAUDE);M;4412508;409029;300
2,016E+11;16;9;20;1755;1;2;1;1;2;7;31 bis FAUBOURG AUVERGNE;M;4412957;407981;300
2,016E+11;16;9;20;1830;1;2;1;1;6;7;10, GUESDE (AVE JULES);M;4411993;408178;300
2,016E+11;16;9;24;1800;1;2;1;1;2;7;BLUM ( RUE LEON );M;4410879;409814;300
2,016E+11;16;9;30;1435;1;2;1;1;3;7;JUIN (AVE DU MARECHAL);M;4412020;410892;300
2,016E+11;16;9;16;1020;1;2;1;1;1;7;CASSIN (RUE RENE);M;4411206;410555;300
2,016E+11;16;10;8;2245;5;2;1;1;3;243;158, DE GAULLE (AVENUE);M;4408573;407737;300
2,016E+11;16;10;12;1525;1;2;1;1;6;7;PARC DU COLOMBIER;M;4412824;407977;300
2,016E+11;16;11;23;1715;2;2;1;1;6;7;5, PROMELLES (IMPASSE DE;M;4410543;408248;300
2,016E+11;16;10;19;820;1;2;1;1;6;7;DE LATTRE DE TASSIGNY (A;M;4412740;407937;300
2,016E+11;16;10;18;1930;1;2;2;1;3;243;LEZAN (ROUTE DE);M;4408123;407087;300
2,016E+11;16;10;3;1710;1;2;1;7;6;7;38, STALINGRAD (AVENUE D;M;4412528;409110;300
2,016E+11;16;11;14;1200;1;2;1;1;2;7;24, MERCIER (RUE DU DOCT;M;4414601;408230;300
2,016E+11;16;11;4;1815;4;2;1;2;6;7;45, STALINGRAD (AVENUE D;M;4412506;409016;300
2,016E+11;16;11;11;1430;1;2;1;1;2;7;JUIN (AVE DU MARECHAL);M;4412507;410745;300
2,016E+11;16;11;12;2315;5;2;6;1;1;7;GAGARINE (AVE YOURI);M;4413139;409571;300
2,016E+11;16;1;5;1900;3;1;1;1;4;28;1672, ROUTE DE PONT SAIN;M;4418675;462222;300
2,016E+11;16;2;2;1025;1;2;1;1;6;28;21, PAUL LANGEVIN (AVENU;M;4416457;462168;300
2,016E+11;16;2;9;1910;5;2;2;2;6;28;1, EUROPE (AVENUE DE L');M;4416528;461933;300
2,016E+11;16;3;5;1700;1;2;6;1;3;28;COMPERE MOREL (ROND POIN;M;4415819;463236;300
2,016E+11;16;2;21;705;2;2;1;1;6;28;1, DAUDET (AVENUE ALPHON;M;4415667;461401;300
2,016E+11;16;4;1;1030;1;1;2;1;3;28;ROUTE DE NIMES;M;4413774;461293;300
2,016E+11;16;2;19;1700;1;2;1;1;6;28;1, DE LATTRE DE TASSIGNY;M;4416891;461891;300
2,016E+11;16;5;20;1150;1;2;1;1;2;28;ROUTE DE SAINT GERVAIS;M;4417819;461433;300
2,016E+11;16;6;13;1540;1;2;9;1;1;28;18, AURIOL (AVENUE VINCE;M;4415573;461672;300
2,016E+11;16;6;25;1110;1;2;1;1;3;28;1, JAURES (PLACE JEAN);M;4416530;461932;300
2,016E+11;16;7;31;110;5;2;1;1;2;28;ALPHONSE DAUDET (AVENUE);M;4415903;461584;300
2,016E+11;16;8;18;735;1;2;3;1;3;28;MAYRE (AVENUE DE LA);M;4415793;462353;300
2,016E+11;16;8;13;1700;1;2;1;1;2;28;AVIGNON (ROUTE D');M;4415544;463991;300
2,016E+11;16;8;30;1215;1;1;1;1;2;28;DAUDET (AVENUE ALPHON;;;;300
2,016E+11;16;9;2;1130;1;2;1;1;1;28;OLIVIERS (MONTEE DES);;;;300
2,016E+11;16;9;4;2115;5;2;1;1;3;28;40, DE GAULLE AVENUE;M;4416296;462578;300
2,016E+11;16;9;26;1033;1;2;3;1;6;28;DAUDET (AVENUE ALPHONSE);M;4415972;461625;300
2,016E+11;16;9;30;1730;1;2;1;1;3;28;98, ROUTE DE NIMES;M;4414598;461505;300
2,016E+11;16;11;7;1435;1;2;6;1;6;28;1., MALRAUX (ROND POINT);M;4415355;461636;300
2,016E+11;16;12;27;1800;5;2;6;1;2;28;POMPIDOU (ROND POINT);M;4415524;461315;300
2,016E+11;16;12;11;1545;1;2;1;1;4;28;ROUTE DE LYON;M;4417176;462012;300
2,016E+11;16;12;21;1140;1;2;3;2;6;189;BENEDICTINS (RUE);M;4384093;435263;300
2,016E+11;16;12;26;2340;5;2;9;1;6;189;OLIVER ST JOHN (ROND-POI;M;4381642;439286;300
2,016E+11;16;12;17;2330;5;2;1;1;3;189;TALABOT (BOULEVARD);;;;300
2,016E+11;16;1;7;1725;2;2;1;1;6;189;61, JAURES JEAN (BOULEVA;M;4382902;435294;300
2,016E+11;16;12;25;645;5;2;1;1;7;189;BULLY MICHEL (PLACE);M;4384723;439602;300
2,016E+11;16;1;11;750;1;2;4;1;6;189;MARECHAL JUIN (BOULEVARD;M;4382106;434731;300
2,016E+11;16;1;6;1820;3;2;1;1;6;189;MITTERAND FRANCOIS (AVEN;;;;300
2,016E+11;16;1;14;2230;5;2;2;1;3;189;JAURES JEAN (BOULEVARD);M;4383446;435132;300
2,016E+11;16;1;13;2215;4;2;1;1;7;189;UZES (ROUTE D');M;4387361;437889;300
2,016E+11;16;1;8;1656;1;2;6;1;1;189;ALLENDE SALVADOR (RUE);;;;300
2,016E+11;16;1;20;1815;5;2;3;1;1;189;SAINT GILLES (ROUTE);M;4381514;436852;300
2,016E+11;16;1;24;1135;1;2;1;1;6;189;77, LECLERC GENERAL (AVE;M;4382784;437398;300
2,016E+11;16;1;18;1210;1;2;1;1;6;189;SAINT LAURENT (RUE);M;4383740;435178;300
2,016E+11;16;1;31;1810;2;2;2;1;3;189;MITTERAND FRANCOIS (AVEN;M;4381775;436047;300
2,016E+11;16;2;5;1020;1;2;3;1;6;189;BEAUCAIRE (RUE);M;4383719;438510;300
2,016E+11;16;2;9;735;1;2;1;1;7;189;PLANETTE (CHEMIN DE LA);M;4384973;434925;300
2,016E+11;16;2;13;1135;1;1;1;2;3;189;ALES (ROUTE);M;4386118;433224;300
2,016E+11;16;2;13;900;1;2;2;1;3;189;MONNET JEAN (COURS);M;4381624;434873;300
2,016E+11;16;1;7;1650;1;2;1;1;2;189;2636, MONTPELLIER (ROUTE;M;4381068;432961;300
2,016E+11;16;2;12;1420;1;2;2;1;3;189;MONNET JEAN (COURS);M;4381624;434873;300
2,016E+11;16;2;16;1745;1;2;1;1;1;189;ARCHIMEDE (RUE OU IMPASS;M;4383039;432765;300
2,016E+11;16;2;24;2120;3;2;1;1;7;189;KENNEDY (AVENUE);M;4381632;430273;300
2,016E+11;16;2;19;1100;1;2;1;1;6;189;3, VERDUN (RUE);M;4383177;434999;300
2,016E+11;16;2;26;1055;1;2;3;1;6;189;150, GOLF (CHEMIN OU IMP;M;4385076;431412;300
2,016E+11;16;3;1;1755;1;2;2;1;6;189;CIRQUE ROMAIN (RUE);M;4383208;435203;300
2,016E+11;16;2;27;2300;1;2;2;1;3;189;DHUODA (RUE);M;4382756;435580;300
2,016E+11;16;3;5;1420;1;2;1;1;4;189;SAUVE (ROUTE);;;;300
2,016E+11;16;3;10;1520;1;1;3;1;3;189;17, GREZAN (RUE);M;4383912;437508;300
2,016E+11;16;3;14;1815;1;2;6;1;4;189;ALLENDE SALVADOR (RUE);M;4382002;435813;300
2,016E+11;16;3;11;1635;1;2;1;1;2;189;ALLENDE SALVADOR (RUE);M;4381633;434300;300
2,016E+11;16;3;19;1810;1;2;1;1;6;189;FEUCHERES (AVENUE);;;;300
2,016E+11;16;2;24;2240;1;2;2;1;6;189;REPUBLIQUE (RUE);M;4383386;436000;300
2,016E+11;16;3;24;1120;1;2;1;1;6;189;1026, MARECHAL JUIN (BOU;M;4381999;434492;300
2,016E+11;16;3;24;1340;1;1;1;1;6;189;SAUVE (ROUTE);;;;300
2,016E+11;16;3;23;1600;1;2;3;1;3;189;BOLLEE AMEDEE (AVENUE);M;4381046;433660;300
2,016E+11;16;3;29;1748;1;2;1;1;3;189;21, MONNET JEAN (COURS);M;4381700;434758;300
2,016E+11;16;2;5;2130;5;2;2;1;3;189;., JAURES JEAN (BOULEVAR;M;4382692;435358;300
2,016E+11;16;4;1;150;3;1;1;1;7;189;RUSSAN (CHEMIN OU ROUTE);M;4388847;432601;300
2,016E+11;16;4;1;550;5;2;2;1;7;189;LANGUEDOC (AVENUE);M;4381830;436622;300
2,016E+11;16;4;2;2300;5;2;3;3;3;189;MARECHAL JUIN (BOULEVARD;M;4382364;435193;300
2,016E+11;16;4;10;1115;1;2;1;1;2;189;TRIAIRE SERGENT (BOULEVA;M;4382509;435409;300
2,016E+11;16;3;2;904;1;1;3;1;1;189;MAS DE SORBIER (CHEMIN);M;4384442;441963;300
2,016E+11;16;3;29;2120;5;2;1;1;6;189;871, COURBESSAC (ROUTE);M;4385209;439699;300
2,016E+11;16;3;23;1425;1;2;1;1;1;189;SAUVE (ROUTE);;;;300
2,016E+11;16;2;14;1740;1;2;3;1;5;189;AVIGNON (ROUTE);M;4385215;440048;300
2,016E+11;16;2;9;830;1;2;3;1;3;189;WEBER (RUE);M;4382603;433479;300
2,016E+11;16;2;21;2115;5;2;2;1;6;189;RUE COLBERT;M;4383735;436606;300