Num_Acc;an;mois;jour;hrmn;lum;agg;int;atm;col;com;adr;gps;lat;long;dep
2,016E+11;16;4;4;1710;1;2;9;1;6;189;DEBUSSY CLAUDE (PLAC;M;4382327;433563;300
2,016E+11;16;4;13;1515;1;1;3;1;2;189;POULX (ROUTE DE);M;4386783;440581;300
2,016E+11;16;4;14;1820;1;2;2;1;4;189;CANAUX (CHEMIN);M;4383175;444070;300
2,016E+11;16;4;17;1410;1;2;6;1;3;189;FRANCAIS LIBRES (BD);M;4383076;432274;300
2,016E+11;16;4;19;1935;1;2;2;1;6;189;DANTE (RUE);M;4382274;433954;300
2,016E+11;16;4;22;1430;1;1;1;1;7;189;ALES (ROUTE);M;4387406;431690;300
2,016E+11;16;4;25;720;1;2;1;1;3;189;DION BOUTON (COURS);;;;300
2,016E+11;16;3;16;2120;4;2;1;1;6;189;56 BIS, FAITA VINCENT (R;M;4384422;437047;300
2,016E+11;16;4;19;750;1;1;6;1;3;189;CANAUX (CHEMIN);M;4383177;444072;300
2,016E+11;16;4;27;950;1;2;6;1;4;189;SEVERINE (IMPACE OU PLAC;M;4383040;435200;300
2,016E+11;16;4;28;2040;1;1;1;1;3;189;2750, MONTPELLIER (ROUTE;M;4381001;432869;300
2,016E+11;16;4;19;1440;1;2;1;1;1;189;JEAN XXIII (RUE);M;4383835;438760;300
2,016E+11;16;4;21;815;1;2;3;1;5;189;AVIGNON (ROUTE);M;4384726;438964;300
2,016E+11;16;4;25;1620;1;2;1;1;6;189;47, JAURES JEAN (BOULEVA;M;4383147;435221;300
2,016E+11;16;5;6;1935;1;2;6;1;1;189;ALLENDE SALVADOR (RUE);M;4382507;437074;300
2,016E+11;16;5;4;1235;1;2;1;1;6;189;MONNET JEAN (COURS);M;4381506;434885;300
2,016E+11;16;5;17;915;1;2;3;1;3;189;SAUVE (ROUTE);M;4384002;431968;300
2,016E+11;16;4;26;1550;1;2;1;1;6;189;REPUBLIQUE (RUE);M;4383107;435697;300
2,016E+11;16;5;16;2000;1;2;3;1;3;189;BEAUCAIRE (ROUTE);M;4383759;438163;300
2,016E+11;16;4;29;2300;5;2;1;1;3;189;123, BOUVINE (AVENUE);M;4381742;435881;300
2,016E+11;16;5;6;1840;1;2;6;1;3;189;MONNET JEAN (COURS);M;4381623;434874;300
2,016E+11;16;4;26;2204;5;2;2;1;3;189;REPUBLIQUE (RUE);M;4382841;435484;300
2,016E+11;16;5;19;2035;1;2;1;1;2;189;BOEGNER PASTEUR MARC (BO;M;4381883;433759;300
2,016E+11;16;5;20;1155;1;2;4;1;6;189;BERGSON HENRI (RUE);M;4383243;438023;300
2,016E+11;16;5;5;2050;2;2;2;1;1;189;., ORAN (RUE);M;4382571;437548;300
2,016E+11;16;4;30;40;5;2;2;1;7;189;TALABOT (BOULEVARD);M;4384087;437334;300
2,016E+11;16;5;15;415;5;2;2;1;3;189;DHUODA (RUE);M;4382840;435486;300
2,016E+11;16;5;4;1800;1;2;1;1;6;189;AQUEDUC (RUE);M;4383089;435506;300
2,016E+11;16;6;3;1430;1;2;2;1;6;189;CLAUDE BAILLET (AVENUE);M;4381183;436335;300
2,016E+11;16;6;11;2306;5;2;2;1;3;189;ALLENDE SALVADOR (RUE;M;4382733;437476;300
2,016E+11;16;6;1;1320;1;2;1;1;2;189;39, SEGUIER (RUE);M;4383722;436868;300
2,016E+11;16;6;8;1930;1;1;2;1;3;189;TRIAIRE SERGENT (BOULEVA;M;4382981;436188;300
2,016E+11;16;6;8;2015;2;2;3;1;3;189;FAITA VINCENT (RUE);M;4384903;437369;300
2,016E+11;16;6;13;1600;1;2;2;1;3;189;HERMINIER COMMANDANT L';M;4384195;438784;300
2,016E+11;16;5;15;2324;5;2;1;1;7;189;1667, MARECHAL JUIN (BOU;M;4381664;433798;300
2,016E+11;16;6;15;950;1;2;2;1;6;189;CIRQUE ROMAIN (RUE);M;4383203;435288;300
2,016E+11;16;6;6;1220;1;2;3;1;2;189;0, ALLENDE SALVADOR (RUE;M;4383274;438442;300
2,016E+11;16;6;3;1855;1;2;3;1;2;189;SAUVE (ROUTE);M;4384849;428945;300
2,016E+11;16;6;19;740;1;2;1;1;3;189;MAIL (RUE);M;4383279;435183;300
2,016E+11;16;6;14;1630;1;2;1;1;6;189;BOEGNER PASTEUR MARC (BO;M;4381698;433952;300
2,016E+11;16;6;15;444;1;2;4;1;1;189;274, AVIGNON (ROUTE);M;4384728;438972;300
2,016E+11;16;5;22;2056;2;1;1;3;3;189;ALES (ROUTE);M;4387969;431065;300
2,016E+11;16;6;2;1820;1;2;3;1;6;189;BEAUCAIRE (ROUTE);M;4383758;438161;300
2,016E+11;16;6;12;1700;1;2;3;1;1;189;93, SEMARD PIERRE (RUE);M;4384087;437332;300
2,016E+11;16;6;29;1055;1;2;1;1;1;189;TERRES DE ROUVIERE (CHEM;M;4387178;436294;300
2,016E+11;16;6;18;1150;1;2;2;1;2;189;MONTPELLIER (ROUTE DE);M;4381116;433023;300
2,016E+11;16;6;15;715;1;2;6;1;2;189;0, SOUVENIR FRANCAIS (RO;M;4384162;439007;300
2,016E+11;16;6;16;2255;5;2;2;1;3;189;ESPERENDIEU HENRI (RUE);M;4383000;435056;300
2,016E+11;16;7;3;1610;1;1;2;1;7;189;POULX (ROUTE DE);M;4389202;441886;300
2,016E+11;16;6;27;1635;1;2;2;1;5;189;ALLENDE SALVADOR (RUE);M;4382736;437475;300
2,016E+11;16;7;4;2320;5;2;2;1;1;189;SAUVE (RUE);M;4383720;434572;300
2,016E+11;16;7;14;1810;1;2;1;1;6;189;ALLENDE SALVADOR (RUE);M;4383722;438843;300
2,016E+11;16;6;18;430;5;2;2;1;2;189;., BOSSUET (RUE);M;4383013;435902;300
2,016E+11;16;6;22;959;1;2;9;1;6;189;148, JEAN LAURET;M;4380893;436186;300
2,016E+11;16;7;14;2200;1;2;2;1;3;189;AQUEDUC (RUE);M;4383024;435459;300
2,016E+11;16;7;18;2310;5;2;3;1;1;189;0, CARNOT (AVENUE);M;4383690;436542;300
2,016E+11;16;6;22;310;5;2;2;1;2;189;POETES (AVENUE);M;4382123;433893;300
2,016E+11;16;7;26;215;5;2;2;1;3;189;NOTRE DAME (RUE);M;4383764;436703;300
2,016E+11;16;7;2;2100;1;2;2;1;3;189;CLERISSEAU (RUE);M;4384174;436042;300
2,016E+11;16;7;5;2300;3;1;3;1;3;189;ALES (ROUTE);M;4387170;432012;300
2,016E+11;16;7;22;510;1;2;1;1;6;189;22, LIBERTE (AVENUE);M;4382414;435394;300
2,016E+11;16;7;28;455;3;1;3;1;6;189;ALES (ROUTE);M;4387196;431989;300
2,016E+11;16;7;29;1415;1;2;2;1;6;189;AVIGNON (ROUTE);M;4384725;438962;300
2,016E+11;16;8;1;1000;1;2;1;1;6;189;BAT D'ARGENT (RUE);M;4383978;436284;300
2,016E+11;16;7;29;1450;1;2;1;1;2;189;ALLENDE SALVADOR (RUE);;;;300
2,016E+11;16;8;1;930;1;1;1;1;3;189;4700, KENNEDY (AVENUE);M;4381665;430228;300
2,016E+11;16;8;4;1635;1;2;1;1;5;189;LIBERTE (AVENUE);M;4382278;435516;300
2,016E+11;16;8;10;2305;5;2;1;1;7;189;KOENING GENERAL PIERRE (;M;4385937;440086;300
2,016E+11;16;7;27;1050;1;1;1;1;1;189;MONNET JEAN (COURS);;;;300
2,016E+11;16;7;29;1943;1;2;1;1;3;189;CAPOUCHINE (CHEMIN);M;4381812;435275;300
2,016E+11;16;8;5;1537;1;2;6;1;3;189;KENNEDY (AVENUE);M;4381537;431353;300
2,016E+11;16;8;6;200;5;2;2;1;3;189;LECLERC GENERAL (AVENUE);M;4382735;437475;300
2,016E+11;16;8;20;450;5;2;2;1;3;189;TRIAIRE SERGENT (BOULEVA;M;4382671;435680;300
2,016E+11;16;8;31;925;1;2;2;1;2;189;BEAUCAIRE (ROUTE);M;4383317;442629;300
2,016E+11;16;9;5;735;1;2;1;1;3;189;2614, MONTPELLIER (ROUTE;M;4381141;432997;300
2,016E+11;16;8;20;1605;1;1;5;1;6;189;MONNET JEAN (COURS);M;4381623;434874;300
2,016E+11;16;8;26;1840;1;1;1;1;7;189;COURBESSAC (ROUTE);M;4384910;439349;300
2,016E+11;16;9;5;815;1;2;1;1;6;189;13, POETES (AVENUE);M;4382167;433793;300
2,016E+11;16;8;12;855;1;2;2;1;3;189;AVIGNON (ROUTE);M;4384724;438962;300
2,016E+11;16;9;17;2040;5;1;6;1;6;189;PONT DES ILES (CHEMIN);M;4383136;438722;300
2,016E+11;16;9;16;325;3;2;3;1;7;189;MAISON MATERNELLE;M;4384935;437385;300
2,016E+11;16;9;1;1020;1;2;6;1;3;189;JEAN LAURET;M;4380768;436548;300
2,016E+11;16;9;21;1610;1;2;1;1;1;189;ANCIENS COMBATTANTS D IN;M;4384854;431797;300
2,016E+11;16;8;23;2330;5;2;6;1;3;189;GAMEL PIERRE (AVENUE);M;4382503;436198;300
2,016E+11;16;8;29;1645;1;1;3;1;1;189;GENERAC (ROUTE);M;4378856;435187;300
2,016E+11;16;9;26;1130;1;2;2;1;3;189;JAURES JEAN (BOULEVARD);M;4383211;435158;300
2,016E+11;16;9;17;155;5;2;2;1;3;189;POMPIDOU GEORGES (AV;M;4383780;434521;300
2,016E+11;16;10;3;1555;1;2;1;1;3;189;TRINTIGNANT MAURICE (AVE;;;;300
2,016E+11;16;8;21;240;5;2;3;1;3;189;FRANCAIS LIBRES (BD);M;4383077;432273;300
2,016E+11;16;9;28;905;1;2;1;1;6;189;23, POMPIDOU GEORGES (AV;M;4383395;434840;300
2,016E+11;16;8;18;1950;2;2;1;1;1;189;PRESTON (RUE DE);M;4383718;436591;300
2,016E+11;16;10;4;830;1;2;2;1;3;189;GRAND CAMARGUE (RUE);M;4382305;435489;300
2,016E+11;16;9;28;2040;5;2;2;1;3;189;MENDES FRANCE PIERRE (AV;M;4382737;437481;300
2,016E+11;16;10;4;1727;1;2;1;7;6;189;FOREZ (RUE);M;4382385;436654;300
2,016E+11;16;10;15;1745;1;2;3;1;7;189;ALLENDE SALVADOR (RUE);M;4381923;435244;300
2,016E+11;16;9;20;850;1;2;1;7;6;189;346, BIR HAKEIM (AVENUE);M;4384158;438604;300
2,016E+11;16;10;8;1025;1;2;1;1;6;189;LECLERC GENERAL (AVENUE);M;4383065;436929;300
2,016E+11;16;10;9;620;5;2;1;1;6;189;362, KENNEDY (AVENUE);M;4383188;434511;300
2,016E+11;16;10;7;1140;1;2;1;1;2;189;BOEGNER PASTEUR MARC (BO;M;4381970;433651;300
2,016E+11;16;10;21;1250;1;2;3;1;3;189;88, JAURES JEAN (BOULEVA;M;4382760;435290;300
2,016E+11;16;10;27;723;5;2;1;1;4;189;71, SAUVE (ROUTE);M;4383686;433896;300
2,016E+11;16;10;27;1205;1;2;1;1;6;189;134, PERE BROTTIER  (RUE;M;4381918;434710;300
2,016E+11;16;10;29;1555;1;2;1;1;6;189;ARNAVIEILLE (RUE);M;4382519;435222;300
2,016E+11;16;9;11;2245;5;2;3;1;4;189;BOEGNER PASTEUR MARC (BO;M;4382351;432788;300
2,016E+11;16;9;1;920;1;2;3;1;3;189;FONT DAME (RUE);M;4382059;435226;300
2,016E+11;16;11;6;1905;5;2;4;1;3;189;FRANCAIS LIBRES (BD);M;4383082;432306;300
2,016E+11;16;10;18;1700;1;1;2;7;6;189;TALABOT (BOULEVARD);M;4383846;437235;300
2,016E+11;16;11;8;950;1;2;3;1;3;189;SEVERINE (IMPACE OU PLAC;M;4383023;435192;300
2,016E+11;16;11;21;1535;1;1;3;3;7;189;ANCIENS COMBATTANTS D IN;M;4387008;432273;300
2,016E+11;16;11;26;835;1;2;1;1;6;189;44, LECLERC GENERAL (AVE;M;4382901;437208;300
2,016E+11;16;11;28;740;2;2;6;1;3;189;MITTERAND FRANCOIS (AVEN;M;4382003;435806;300
2,016E+11;16;10;22;2045;5;1;2;1;2;189;TALABOT (BOULEVARD);M;4383693;437100;300
2,016E+11;16;10;21;255;3;2;1;1;1;189;MAS DE CHEYLON;M;4380171;434001;300
2,016E+11;16;10;4;1150;1;2;1;1;6;189;BRUXELLES (BOULEVARD);M;4383399;436201;300
2,016E+11;16;12;3;2102;5;2;1;2;2;189;2049, SAINT GILLES (ROUT;M;4380449;437297;300
2,016E+11;16;12;25;2207;5;2;1;1;6;189;SIMON ANDRE (RUE);M;4382596;435909;300
2,016E+11;16;11;7;1420;1;2;2;1;3;189;SAINT GILLES (ROUTE);M;4381831;436618;300
2,016E+11;16;10;17;1237;1;1;2;1;5;189;MONNET JEAN (COURS);M;4381623;434874;300
2,016E+11;16;10;4;2011;5;2;3;1;3;189;BOURDALOUE (RUE);M;4383221;436077;300
2,016E+11;16;11;29;2;5;2;2;1;3;189;JAURES JEAN (BOULEVARD);M;4383331;435125;300
2,016E+11;16;12;17;1617;1;2;1;1;6;189;VICTOR PAUL EMILE  (ROND;M;4381780;434747;300
2,016E+11;16;12;16;2245;3;1;1;1;1;189;SAINT GILLES (ROUTE);M;4376891;440533;300
2,016E+11;16;12;10;1940;5;2;3;1;3;189;SAUVE (ROUTE);M;4383676;433406;300
2,016E+11;16;11;22;1201;1;2;3;1;3;189;GUIZOT (RUE);M;4384032;435778;300
2,016E+11;16;11;30;1705;1;2;5;1;1;189;TALABOT (BOULEVARD);M;4383694;437099;300
2,016E+11;16;11;5;2125;5;2;2;1;1;189;REPUBLIQUE (RUE);M;4383035;435639;300
2,016E+11;16;12;18;640;5;1;1;1;7;189;NEWTON (PROMENADE);M;4383069;432909;300
2,016E+11;16;11;13;125;5;2;2;1;3;189;PELLOUTIER FERNAND (RUE);M;4383648;435301;300
2,016E+11;16;11;27;725;1;1;6;1;7;189;SAUVE (ROUTE);M;4384387;430877;300
2,016E+11;16;12;9;2225;5;2;1;1;3;189;SIGAL YVES;M;4381455;435833;300
2,016E+11;16;12;23;955;1;1;2;1;3;189;MAS DE CHEYLON;M;4380525;433644;300
2,016E+11;16;12;28;1200;1;1;4;1;1;189;CANTIER FRANCIS (RUE);M;4384365;439272;300
2,016E+11;16;12;16;1540;1;2;1;1;1;189;ALLENDE SALVADOR (RUE);M;4384344;439211;300
2,016E+11;16;1;11;830;1;1;1;8;6;1;;M;4600900;321200;630
2,016E+11;16;2;27;1900;5;1;1;8;3;35;;M;4597400;310400;630
2,016E+11;16;3;26;1245;1;1;2;1;3;181;;M;4602700;310300;630
2,016E+11;16;5;4;1030;1;1;1;1;7;13;;M;4598700;318300;630
2,016E+11;16;7;23;215;4;1;1;2;6;12;;M;0;0;630
2,016E+11;16;9;11;2000;2;2;1;1;3;473;;M;0;0;630
2,016E+11;16;11;11;1800;2;1;1;1;7;408;;M;4598810;282820;630
2,016E+11;16;6;4;2045;1;1;1;1;6;163;;M;4573850;278787;630
2,016E+11;16;6;24;1500;1;2;1;1;6;163;rue des gannes, d134;M;0;0;630
2,016E+11;16;7;17;1245;1;1;1;1;6;225;;M;4562268;256327;630
2,016E+11;16;9;21;1315;1;1;1;1;6;451;;M;4567100;287300;630
2,016E+11;16;9;26;1945;3;2;1;1;6;248;pont des eaux;M;4572800;288200;630
2,016E+11;16;10;6;2345;3;1;1;1;1;274;;M;0;0;630
2,016E+11;16;10;13;2000;3;1;1;2;7;225;;M;0;0;630
2,016E+11;16;5;26;1800;1;1;1;1;1;245;;M;4617201;180939;230
2,016E+11;16;7;30;1545;1;1;1;1;4;245;;M;4616812;184703;230
2,016E+11;16;9;10;615;2;2;1;1;6;247;RD 63;M;4620473;176268;230
2,016E+11;16;11;4;1730;3;1;1;2;1;262;Coubarteix;M;4617302;208070;230
2,016E+11;16;12;9;1530;1;1;1;1;7;245;le maupuy;M;4617076;183684;230
2,016E+11;16;12;1;1420;1;1;1;9;6;1;lieu dit Molle rd13;M;4606853;202911;230
2,016E+11;16;6;9;1300;1;1;1;1;7;245;;M;4618597;184104;230
2,016E+11;16;7;16;1700;1;1;1;1;1;247;;M;4620603;171503;230
2,016E+11;16;7;17;1230;1;1;1;1;6;2;;M;4619130;194263;230
2,016E+11;16;1;7;1815;3;1;1;2;6;85;RTE DES ILES;M;4451406;470765;260
2,016E+11;16;2;16;1100;1;1;1;6;3;324;LONNES;M;0;0;260
2,016E+11;16;2;29;930;1;1;1;1;1;121;BONDONNEAU;M;0;0;260
2,016E+11;16;3;2;1315;1;1;1;1;2;191;A 7;M;0;0;260
2,016E+11;16;3;17;1415;1;1;1;1;5;339;CHEMIN DES CATALINS;M;4458773;478940;260
2,016E+11;16;3;22;215;3;1;1;1;2;339;ROSSAGNANT;M;0;0;260
2,016E+11;16;3;19;1030;1;1;1;1;6;99;RTE DE GRIGNAN;M;0;0;260
2,016E+11;16;4;24;1730;1;1;1;1;1;166;LES DAUMES;M;0;0;260
2,016E+11;16;5;6;1615;1;1;3;1;3;343;LE JABRON;M;0;0;260
2,016E+11;16;5;26;1645;1;1;1;1;1;169;ROUCOULE;M;0;0;260
2,016E+11;16;6;10;2215;3;1;1;1;5;169;A7;M;0;0;260
2,016E+11;16;6;22;1845;1;1;1;1;6;31;LA JONCHIERE;M;0;0;260
2,016E+11;16;6;22;1830;1;1;1;1;6;357;VOULEUYE EST;M;0;0;260
2,016E+11;16;6;19;1900;1;1;1;1;3;357;RTE DE NYONS;M;0;0;260
2,016E+11;16;6;25;1845;1;1;1;1;6;169;A7;M;0;0;260
2,016E+11;16;6;28;815;1;1;1;1;2;138;A7;M;0;0;260
2,016E+11;16;7;6;1715;1;1;1;1;1;324;RTE DE SITE DE TRICASTIN;M;4433239;472845;260
2,016E+11;16;7;17;1715;1;1;1;1;7;5;LA CHAUSSEE;M;0;0;260
2,016E+11;16;7;30;2000;2;1;1;1;7;339;HOMME ARMES;M;0;0;260
2,016E+11;16;8;26;1900;1;1;9;1;6;5;A7;M;0;0;260
2,016E+11;16;8;27;200;3;1;1;1;6;33;LES BARTRAS;M;4433682;486981;260
2,016E+11;16;8;30;800;2;1;1;1;1;338;LE HAUT PLAN;M;0;0;260
2,016E+11;16;9;9;1015;1;1;1;1;2;337;DUZET;M;0;0;260
2,016E+11;16;9;9;830;1;1;3;1;3;85;PAGNERE;M;0;0;260
2,016E+11;16;9;22;2030;3;1;1;1;6;342;CHEMIN DE LA VIERGE;M;4434453;480932;260
2,016E+11;16;9;25;1930;1;1;1;1;6;5;LE SASTRE;M;0;0;260
2,016E+11;16;10;4;1115;1;1;1;1;3;357;LE RIEU;M;0;0;260
2,016E+11;16;10;13;2015;3;1;1;3;6;116;A7;M;0;0;260
2,016E+11;16;10;16;745;2;1;1;5;6;353;A7;M;0;0;260
2,016E+11;16;10;13;2045;3;1;1;3;2;166;A7;M;0;0;260
2,016E+11;16;11;2;700;1;1;1;5;6;357;BOMPARET;M;0;0;260
2,016E+11;16;11;21;605;3;1;1;3;6;106;A7;M;0;0;260
2,016E+11;16;11;21;1640;2;1;1;3;5;357;RD94;M;0;0;260
2,016E+11;16;11;26;550;3;1;1;1;6;339;RN 7 PIZERIA EQUATEUR;M;0;0;260
2,016E+11;16;11;27;1535;1;2;1;1;6;198;CHEMIN DE LA MANCHE;M;4456433;475375;260
2,016E+11;16;4;12;1830;1;1;1;1;6;135;;M;4418969;480103;840
2,016E+11;16;12;17;915;1;2;1;1;6;91;RN7 plc alphonse daudet;M;0;0;840
2,016E+11;16;1;1;700;3;1;1;1;6;85;;M;4839367;-175341;350
2,016E+11;16;1;15;1530;1;1;1;1;1;225;;M;4843473;-193412;350
2,016E+11;16;2;6;200;4;2;1;1;6;337;avenue duguesclin;M;4832380;-183035;350
2,016E+11;16;3;5;2000;3;1;1;1;6;147;;M;4846562;-183446;350
2,016E+11;16;3;13;1815;1;1;1;1;7;85;;M;4839691;-173838;350
2,016E+11;16;4;1;1;3;1;1;5;7;29;;M;4846972;-173782;350
2,016E+11;16;4;28;2100;2;1;3;1;6;85;;M;4840046;-175287;350
2,016E+11;16;6;5;2200;2;1;1;1;6;92;;M;4844932;-162703;350
2,016E+11;16;6;18;1545;1;1;1;1;7;156;;M;4830442;-194315;350
2,016E+11;16;6;21;1500;1;1;2;1;3;226;;M;4840667;-190722;350
2,016E+11;16;10;6;315;3;1;1;1;7;337;La Saudrais;M;4833261;-188336;350
2,016E+11;16;10;9;2000;3;1;1;1;7;225;RD 137 - PK 89.560;M;4843308;-191901;350
2,016E+11;16;10;15;2050;3;1;1;1;2;85;Le chene de la liberté -;M;4843269;-179287;350
2,016E+11;16;12;16;1840;3;1;1;1;7;92;Les Landes;M;4845174;-167236;350
2,016E+11;16;3;2;1430;1;1;2;1;3;256;;M;4891088;124030;270
2,016E+11;16;5;25;1845;1;2;1;1;1;278;35b Anatole France;M;4890815;143540;270
2,016E+11;16;10;6;930;1;2;1;1;1;507;RUE DES EPINOCHES;M;4890689;126960;270
2,016E+11;16;11;22;1230;1;1;1;1;7;306;route de saint andre;M;4897582;119371;270
2,016E+11;16;4;5;645;2;2;1;2;1;57;rue du fort batard;M;5089963;206618;620
2,016E+11;16;4;9;1415;1;2;1;1;1;645;Rue Schumann;M;5097394;203904;620
2,016E+11;16;8;12;1300;1;1;1;1;1;86;;M;0;0;830
2,016E+11;16;8;14;1645;1;1;1;1;1;134;;M;0;0;830
2,016E+11;16;10;5;745;2;2;1;7;2;86;710 bd des Ferrières;M;4347467;655269;830
2,016E+11;16;12;3;1545;1;1;1;1;2;86;;M;0;0;830
2,016E+11;16;12;24;1230;1;2;9;1;6;86;Bld de la libération;M;4347328;657083;830
2,016E+11;16;1;1;230;3;1;1;1;6;553;;M;4874800;633000;540
2,016E+11;16;2;5;1200;1;1;1;8;1;336;;M;4896300;609700;540
2,016E+11;16;5;8;1430;1;1;1;7;7;241;;M;4865800;609500;540
2,016E+11;16;5;26;1515;1;1;1;1;6;164;;M;4841900;602300;540
2,016E+11;16;6;1;1900;1;2;1;1;6;204;20 RUE DE LA VOUTE;M;4839600;607700;540
2,016E+11;16;9;18;1315;1;1;1;1;1;107;;M;4486491;659909;50
2,016E+11;16;1;28;645;3;1;1;2;1;120;;M;4873900;510752;550
2,016E+11;16;2;29;745;1;2;1;1;6;239;50 rue de la liberté;M;0;0;670
2,016E+11;16;5;4;1130;1;1;1;1;1;445;;M;0;0;670
2,016E+11;16;6;21;345;3;1;1;2;6;73;;M;0;0;670
2,016E+11;16;1;5;1030;1;1;1;1;6;483;102, FRANCOIS MITTERAND;M;4311138;74091;310
2,016E+11;16;1;20;1430;1;2;1;1;1;483;SAINT PLANCARD ( AVENUE);M;4311332;71231;310
2,016E+11;16;2;9;750;5;2;1;1;6;483;01, BRU (RUE DU CDT);M;4310558;72257;310
2,016E+11;16;2;12;1210;1;2;1;3;6;483;2, KENNEDY (AVENUE);M;4310631;72514;310
2,016E+11;16;2;25;1020;1;2;6;1;6;565;D 8;M;4309578;70166;310
2,016E+11;16;4;6;1141;1;2;1;1;7;483;PHOEBUS GASTON (AVENUE);M;4310644;72340;310
2,016E+11;16;4;22;1805;1;1;1;1;3;483;3134, D 5;M;4314127;73569;310
2,016E+11;16;4;29;1535;1;2;1;1;6;483;147, FRANCOIS MITTERAND;M;4311228;74589;310
2,016E+11;16;5;17;1000;1;2;6;1;3;483;1, FOURNIER (PLACE );M;4311263;71411;310
2,016E+11;16;5;15;1025;1;2;4;1;3;483;JOFFRE (AVE DU MARECHAL);M;4310793;71545;310
2,016E+11;16;5;22;1745;1;2;4;3;7;483;PHOEBUS GASTON (AVENUE);M;4310652;72502;310
2,016E+11;16;5;24;1338;1;2;9;1;7;483;GAULLE (BLD CHARLES DE);M;4310938;72388;310
2,016E+11;16;5;11;1630;1;1;1;1;1;483;D 92 A;M;4314448;78798;310
2,016E+11;16;5;20;1700;1;2;1;1;3;483;12, TALAZAC MICHEL (RUE);M;4310431;72825;310
2,016E+11;16;6;11;1730;1;2;1;1;7;483;SOMMER RAYMOND (BOULEVAR;M;4310090;70991;310
2,016E+11;16;6;12;702;1;1;1;1;7;565;avenue de luchon;M;4309443;69050;310
2,016E+11;16;6;15;1840;1;2;1;1;2;483;ETANCELIN PHILIPPE (RUE);M;4310173;70581;310
2,016E+11;16;6;15;1200;1;2;1;1;7;483;01, SAINT PLANCARD ( AVE;M;4311515;70618;310
2,016E+11;16;6;17;1135;1;2;3;1;2;483;AVE ISLE/BD DE GAULLE;M;4310922;72566;310
2,016E+11;16;6;21;1630;1;2;6;1;7;483;COMPANS (RUE DU GENERAL);M;4311254;73949;310
2,016E+11;16;6;24;1210;1;2;4;1;3;483;POZZI CHARLES ( RUE);;;;310
2,016E+11;16;8;1;830;1;1;1;1;7;565;D 8;M;4309579;70215;310
2,016E+11;16;8;15;1110;1;2;7;1;7;483;JUIN (PLACE DU MARECHAL);M;4310891;72685;310
2,016E+11;16;9;9;1405;1;2;1;1;2;483;MONTAGUT HENRI (AVENUE);M;4310855;72669;310
2,016E+11;16;9;19;5;5;1;1;1;7;565;D 8/1 RUE D'ARNESP;M;4309441;68738;310
2,016E+11;16;10;18;1520;1;2;1;8;3;483;GAULLE (BOULEVARD CHARLE;M;4310890;72643;310
2,016E+11;16;11;23;1400;1;2;1;2;7;483;ENCORE (BOULEVAR D');;;;310
2,016E+11;16;12;1;917;1;2;1;1;1;483;83, FRANCOIS MITTERAND (;;;;310
2,016E+11;16;12;9;1805;5;2;1;1;4;483;FRANCOIS MITTERAND ( AVE;M;4311167;74216;310
2,016E+11;16;12;16;1050;1;2;1;1;2;483;ISLE (AVENUE DE L');M;4311310;72605;310
2,016E+11;16;12;16;1830;1;2;2;1;3;483;TROPLONG (RUE);M;4310809;72229;310
2,016E+11;16;7;5;1330;1;1;1;1;1;280;;M;4581000;507500;690
2,016E+11;16;10;22;1715;1;1;1;1;1;280;D 6;M;4579963;506343;690
2,016E+11;16;11;7;1800;5;1;1;1;3;277;CD 29;M;4572947;498385;690
2,016E+11;16;12;30;2015;5;2;1;1;4;555;999, BD DE MARENGO;M;4360961;145441;310
2,016E+11;16;1;3;1430;1;2;1;1;3;555;30, BD SILVIO TRENTIN;;;;310
2,016E+11;16;1;4;1820;5;2;1;2;6;555;2, AV JEAN RIEUX;;;;310
2,016E+11;16;1;4;2130;5;2;1;3;1;555;FRANCAIS LIBRES (ROND PO;;;;310
2,016E+11;16;1;4;1945;5;1;1;2;3;555;VA007331 A620;M;4360280;139990;310
2,016E+11;16;1;5;725;5;1;1;1;4;555;VA007313 LE CHAPITRE A64;;;;310
2,016E+11;16;1;6;730;2;1;1;1;4;555;VA007553 A62;;;;310
2,016E+11;16;1;6;1647;1;2;1;2;6;555;58, ALL DE BARCELONE;;;;310
2,016E+11;16;1;6;2140;5;2;1;1;3;555;46, BD DE STRASBOURG;;;;310
2,016E+11;16;1;7;1645;1;2;1;2;3;555;7, AV JEAN RIEUX;;;;310
2,016E+11;16;1;8;1750;2;2;1;1;3;555;999, RPT DU SGT MICHEL V;;;;310
2,016E+11;16;1;8;1845;5;2;1;1;6;555;BD DE LA MEDITERRANEE;;;;310
2,016E+11;16;1;9;1600;1;2;1;1;4;555;39, CHE DE BOUDOU;;;;310
2,016E+11;16;1;10;1410;1;1;1;1;2;555;VA007306 A64;;;;310
2,016E+11;16;1;11;1000;1;2;1;1;3;555;46, BD DE LA MEDITERRANE;;;;310
2,016E+11;16;1;11;1450;1;2;3;1;3;149;73, ROUERGUE (ALLEE DU);M;4360949;132989;310
2,016E+11;16;1;11;2300;5;1;3;3;3;555;RTE D AGDE;;;;310