Num_Acc;an;mois;jour;hrmn;lum;agg;int;atm;col;com;adr;gps;lat;long;dep
2,016E+11;16;1;12;730;5;2;1;2;1;555;999, BOULINGRIN (ROND PO;M;4359475;145296;310
2,016E+11;16;1;12;2025;5;2;1;2;6;555;17, BD LASCROSSES;;;;310
2,016E+11;16;1;12;730;5;2;1;2;4;555;87, RUE NICOLAS L VAUQUE;;;;310
2,016E+11;16;1;13;1140;1;2;1;1;1;555;123, CHE DE BASSO CAMBO;;;;310
2,016E+11;16;1;13;1235;1;2;1;1;3;555;156, AV RAYMOND NAVES;;;;310
2,016E+11;16;1;13;1645;1;1;1;1;3;555;VA008482 A624;;;;310
2,016E+11;16;1;14;645;5;2;1;2;6;149;HUGO (BOULEVARD VICTOR);;;;310
2,016E+11;16;1;13;1300;1;2;2;1;1;557;FOURNOLIS (CH DE);M;4358973;131709;310
2,016E+11;16;1;14;1740;5;2;1;2;6;555;SAINT LOUIS DU SENEGAL-R;;;;310
2,016E+11;16;1;15;710;5;2;3;2;3;555;115, AV DES ETATS UNIS;;;;310
2,016E+11;16;1;15;1940;2;2;1;1;2;555;5, PL DU PDT THOMAS WILS;;;;310
2,016E+11;16;1;16;545;4;1;1;1;7;555;VA007331 A620;M;4360940;141333;310
2,016E+11;16;1;16;1300;1;2;1;1;2;555;BD DE LA GARE;;;;310
2,016E+11;16;1;16;1625;1;2;3;1;1;69;CLAUZURES (CH DES);M;4365527;139317;310
2,016E+11;16;1;16;1700;2;1;1;1;7;555;VA008482 A624;;;;310
2,016E+11;16;1;16;1855;5;2;1;1;6;149;BD GENERAL DE GAULLE;M;4361019;132860;310
2,016E+11;16;1;17;220;5;2;1;1;7;555;11, BD DE MARENGO;;;;310
2,016E+11;16;1;17;230;5;2;1;1;7;555;41, BD MATABIAU;;;;310
2,016E+11;16;1;15;1715;1;2;1;1;3;557;DUNANT (RD-PT HENRI);M;4357850;135172;310
2,016E+11;16;1;18;1015;1;2;1;1;6;555;999, BD DES RECOLLETS;;;;310
2,016E+11;16;1;19;945;1;2;1;2;6;555;4, ALSACE LORRAINE (RUE;;;;310
2,016E+11;16;1;19;1640;1;2;1;1;4;555;999, BD DE L EMBOUCHURE;;;;310
2,016E+11;16;1;20;835;1;2;1;1;3;555;153, RUE HENRI DESBALS;;;;310
2,016E+11;16;1;21;25;5;2;3;1;3;149;Maurice Grynfogel (BD);M;4361826;133894;310
2,016E+11;16;1;21;725;4;1;1;1;3;555;VA007306 A64;;;;310
2,016E+11;16;1;21;1720;1;2;1;1;6;555;999, RUE JULES AMILHAU;;;;310
2,016E+11;16;1;21;1730;2;1;1;1;3;149;3 COLOMIERS EST (A624);M;4360880;136852;310
2,016E+11;16;1;21;1745;2;2;1;1;3;555;65, RTE D ESPAGNE;;;;310
2,016E+11;16;1;22;733;5;2;1;2;6;557;14, BD ALAIN SAVARY;M;4357729;131344;310
2,016E+11;16;1;24;730;5;1;1;1;2;555;VA007331 A620;M;4364380;142157;310
2,016E+11;16;1;24;1100;1;2;1;1;4;557;PLATANES (ALLEE DES);M;4358152;135041;310
2,016E+11;16;1;24;1400;1;2;1;1;3;555;AV MAURICE HAURIOU;;;;310
2,016E+11;16;1;25;945;1;1;1;1;2;555;VA007333 LA FAOURETTE A6;M;4358310;140373;310
2,016E+11;16;1;26;1458;1;2;1;1;3;555;999, R-PT CHARLES FABRE;;;;310
2,016E+11;16;1;28;650;5;2;1;1;6;149;4, SERRES (AVE EDOUARD);M;4361035;135213;310
2,016E+11;16;1;28;743;2;1;1;1;4;555;VA007553 A61;;;;310
2,016E+11;16;1;28;1215;1;1;1;1;2;555;VA007331 A620;M;4361263;141651;310
2,016E+11;16;1;28;1900;5;2;3;1;3;557;22, ST PIERRE (CH);M;4358370;133655;310
2,016E+11;16;1;28;1925;3;1;1;1;2;149;3 COLOMIERS EST;;;;310
2,016E+11;16;1;29;1654;1;2;3;1;3;555;RTE DE SAINT SIMON;;;;310
2,016E+11;16;1;30;750;1;2;2;1;6;555;999, AV DES COTEAUX;;;;310
2,016E+11;16;1;31;2124;5;2;1;2;1;555;32, AV M BOURGES MAUNOUR;;;;310
2,016E+11;16;1;30;2025;5;2;2;1;1;555;RUE D AVRANCHES;;;;310
2,016E+11;16;1;31;1735;5;1;1;2;4;555;VA007331 A620;M;4357480;143977;310
2,016E+11;16;2;1;830;1;2;1;1;2;149;999, SALVETAT (CHEMIN DE;;;;310
2,016E+11;16;2;3;1800;5;2;1;1;3;555;27, RUE LOUIS PLANA;;;;310
2,016E+11;16;2;3;1910;5;1;1;1;4;69;VA001490 A621;;;;310
2,016E+11;16;2;6;1110;1;2;1;1;6;555;31, RUE DE METZ;;;;310
2,016E+11;16;2;6;1535;1;2;1;1;6;555;7, BOUILLIERE (PL EDOUAR;;;;310
2,016E+11;16;2;7;1740;1;2;2;2;3;555;280, AV JEAN RIEUX;;;;310
2,016E+11;16;2;5;1635;1;1;1;1;3;555;VA008432 LANGLADE A;M;4356860;142002;310
2,016E+11;16;2;5;1420;1;2;1;1;3;555;999, BD D ARCOLE;;;;310
2,016E+11;16;2;4;1730;2;2;1;1;3;555;999, CHE DU VALLON;;;;310
2,016E+11;16;2;8;810;1;2;9;1;3;555;999, BD DU MARECHAL LECL;;;;310
2,016E+11;16;2;8;855;1;2;3;1;6;555;999, RUE DUFAUR DE PIBRA;;;;310
2,016E+11;16;2;9;1850;5;2;1;3;6;149;COLLONGUES (RUE ETIENNE);M;4360441;133541;310
2,016E+11;16;2;9;1952;5;2;1;2;3;555;AV DE GRANDE BRETAGNE;;;;310
2,016E+11;16;2;11;645;5;2;1;2;1;557;93, TARBES (ROUTE DE);M;4357951;133156;310
2,016E+11;16;2;11;1900;5;2;1;2;6;555;203, NARBONNE (ROUTE DE);;;;310
2,016E+11;16;2;11;1540;1;2;1;1;2;555;21, AV JULES JULIEN;;;;310
2,016E+11;16;2;12;700;5;2;1;3;6;149;FONTAINE LUMINEUSE;M;4360990;135225;310
2,016E+11;16;2;12;715;2;2;1;3;3;555;153, CHE DE TUCAUT;;;;310
2,016E+11;16;2;12;1330;1;2;3;3;3;557;MONTAGNE (RUE MICHEL);M;4358989;136976;310
2,016E+11;16;2;12;1615;1;2;1;1;6;555;35, AV CRAMPEL;;;;310
2,016E+11;16;2;10;1305;1;2;6;3;2;69;GRENADE (ROUTE DE);M;4363732;139051;310
2,016E+11;16;2;13;1140;1;2;1;1;3;557;DUNANT (RD-PT HENRI);M;4357850;135156;310
2,016E+11;16;2;15;1700;1;2;1;1;3;557;PETIT TRAIN (RUE DU;M;4357861;132410;310
2,016E+11;16;2;17;1950;3;2;1;1;6;555;42, PLANA (RUE LOUIS) DU;;;;310
2,016E+11;16;2;18;930;1;1;1;2;3;555;VA007355 PURPAN A62;M;4360500;140364;310
2,016E+11;16;2;18;1848;5;2;1;1;6;555;102, RTE D ALBI;;;;310
2,016E+11;16;2;19;1720;1;2;3;7;3;69;SERVANTY (AV LUCIEN);M;4362480;139249;310
2,016E+11;16;2;19;1535;1;2;1;1;6;555;15, BD DE STRASBOURG;;;;310
2,016E+11;16;2;22;1630;1;2;3;2;3;149;BRUNAUD (AVENUE YVES);M;4361520;134584;310
2,016E+11;16;2;23;1045;1;2;1;2;6;555;87, AV JEAN BAYLET;;;;310
2,016E+11;16;2;24;1340;1;2;1;1;3;555;999, SAINTE LUCIE (RUE);;;;310
2,016E+11;16;2;24;1445;1;1;1;1;4;555;VA008482 A624;M;4360660;139156;310
2,016E+11;16;2;25;1655;1;2;1;1;5;555;999, RTE D AGDE;;;;310
2,016E+11;16;2;27;950;1;2;2;3;3;555;4, RUE DE METZ;;;;310
2,016E+11;16;2;27;1515;1;2;1;8;6;149;32, LOIRE (ALLEE DE LA);M;4361742;130949;310
2,016E+11;16;2;29;850;1;2;1;1;2;555;BD LASCROSSES;;;;310
2,016E+11;16;2;29;1850;2;2;1;1;3;557;277, RAMELET MOUNDI (CH;M;4357830;135292;310
2,016E+11;16;3;1;1320;1;2;2;1;1;555;42, ITALIE (AV D) DU 1AU;;;;310
2,016E+11;16;3;2;2130;5;2;1;2;3;555;9, AV CRAMPEL;;;;310
2,016E+11;16;3;3;1310;1;2;1;2;1;555;68, BD PIERRE SEMARD;;;;310
2,016E+11;16;3;3;1820;5;1;1;2;4;555;VA007418 PONT JUMEAUX;M;4360960;141366;310
2,016E+11;16;3;4;1300;1;1;1;1;2;555;27 LA CEPIERE;M;4358570;140203;310
2,016E+11;16;3;4;1910;5;2;1;3;6;555;RTE DE NARBONNE;;;;310
2,016E+11;16;3;4;1800;2;2;1;1;3;555;999, VOIE DU TOEC;;;;310
2,016E+11;16;3;5;1045;1;2;2;1;3;555;999, RUE DU SERGENT VIGN;;;;310
2,016E+11;16;3;5;1145;1;2;3;1;3;555;999, RTE D ALBI;;;;310
2,016E+11;16;3;5;1435;1;2;1;2;3;555;ALL GABRIEL BIENES;;;;310
2,016E+11;16;3;6;1045;1;1;1;1;7;555;999, VA008482 A624;;;;310
2,016E+11;16;3;6;300;5;2;1;1;6;555;20, STRASBOURG (BD DE);M;4360700;144730;310
2,016E+11;16;3;6;330;5;2;1;1;6;555;70, SAINT MICHEL (GRANDE;;;;310
2,016E+11;16;3;8;710;2;2;3;1;3;555;65, BD PIERRE ET MARIE C;;;;310
2,016E+11;16;3;8;850;1;2;3;1;3;555;999, RUE BERNADETTE;;;;310
2,016E+11;16;3;8;1645;1;2;1;1;2;555;999, AV SALVADOR ALLENDE;;;;310
2,016E+11;16;3;8;1720;1;1;1;1;2;555;VA008482 A624;M;4361070;137600;310
2,016E+11;16;3;8;2000;5;2;1;1;3;555;999, AV DES MINIMES;;;;310
2,016E+11;16;3;9;1640;1;2;2;1;3;555;258, AV ANTOINE DE ST EX;;;;310
2,016E+11;16;3;10;910;1;2;6;1;3;69;MAGA (RD-PT JEAN);M;4362206;139589;310
2,016E+11;16;3;11;920;1;2;1;1;3;555;13, BD LASCROSSES;;;;310
2,016E+11;16;3;11;1615;1;1;6;1;1;149;PIBRAC (ROUTE DE);M;4361279;130870;310
2,016E+11;16;3;11;1830;1;2;6;1;3;149;RP FONTAINE LUMINEUSE;M;4360933;135265;310
2,016E+11;16;3;13;550;4;1;1;1;4;555;LA FAOURETTE A 620;M;4359130;139883;310
2,016E+11;16;3;12;2010;5;2;1;1;1;69;31, CANTAYRE (RUE FRANCO;M;4363719;139596;310
2,016E+11;16;3;12;339;5;2;1;1;3;555;999, AV DES ETATS UNIS;;;;310
2,016E+11;16;3;15;1122;1;2;1;1;6;69;9B, AUSSONNE (CH D');M;4363798;138965;310
2,016E+11;16;3;15;830;1;2;3;1;6;555;271, RTE DE NARBONNE;;;;310
2,016E+11;16;3;15;900;1;2;3;1;3;555;999, BD DE L EMBOUCHURE;;;;310
2,016E+11;16;3;16;1900;5;1;1;1;2;555;27 LA CEPIERE  (PERIPH O;M;4358700;140116;310
2,016E+11;16;3;17;1400;1;2;3;1;3;555;65, RUE LOUIS MASSE;;;;310
2,016E+11;16;3;16;1545;1;2;1;1;4;555;41, LAUNAGUET (RTE DE) D;;;;310
2,016E+11;16;3;18;820;1;1;1;2;3;433;VA007307 FRANCAZAL A64 S;;;;310
2,016E+11;16;3;18;1600;1;2;1;1;6;555;40, FITTE (ALL CHARLES D;;;;310
2,016E+11;16;3;19;1205;1;2;6;1;3;149;MITTERAND (ESPLANADE);M;4360687;133605;310
2,016E+11;16;3;19;1351;1;2;1;1;6;555;999, QU DE TOUNIS;;;;310
2,016E+11;16;3;19;1730;1;2;1;1;3;555;999, BD LAZARE CARNOT;;;;310
2,016E+11;16;3;19;1900;2;2;1;1;6;555;39 bis, AV HONORE SERRES;;;;310
2,016E+11;16;3;20;1310;1;1;1;1;2;555;15 LA ROSERAIE (PERIPH E;;;;310
2,016E+11;16;3;18;1750;1;2;1;1;2;555;999, RUE PAUL MESPLE;;;;310
2,016E+11;16;3;17;1400;1;2;3;1;1;555;999, RTE DE SEYSSES;;;;310
2,016E+11;16;3;21;1645;1;2;1;1;2;557;AURIOL (BD VINCENT);M;4358661;134817;310
2,016E+11;16;3;22;1315;1;2;1;1;3;555;999, RTE D ESPAGNE;;;;310
2,016E+11;16;3;22;1855;1;2;1;1;6;555;5, PL ETIENNE ESQUIROL;;;;310
2,016E+11;16;3;22;2010;5;2;3;1;2;555;17, BD DE STRASBOURG;;;;310
2,016E+11;16;3;22;1334;1;2;1;1;3;555;56, NARBONNE (ROUTE DE);;;;310
2,016E+11;16;3;23;1000;1;1;1;1;3;555;VA007331 A620;M;4357600;144253;310
2,016E+11;16;3;24;850;1;1;1;1;2;555;VA007331 A620;M;4355410;149273;310
2,016E+11;16;3;24;2106;1;2;1;1;2;555;RAVANEL (ALLEE SERGE);;;;310
2,016E+11;16;3;25;1435;1;2;1;1;2;555;8, ESP COMPANS CAFFARELL;;;;310
2,016E+11;16;3;25;1700;1;2;6;1;3;555;999, RTE DE REVEL;;;;310
2,016E+11;16;3;25;1734;1;1;1;1;4;555;VA007331 A620;M;4363410;142043;310
2,016E+11;16;3;26;1420;1;2;1;1;6;555;ALL JULES GUESDE;;;;310
2,016E+11;16;3;26;1423;1;2;1;1;5;555;171, MINIMES (AV DES) DU;;;;310
2,016E+11;16;3;27;510;5;2;3;3;3;555;999, ALL FORAIN FRANCOIS;;;;310
2,016E+11;16;3;27;721;4;2;1;2;6;555;999, FOULQUES (ALLEE DES;;;;310
2,016E+11;16;3;27;1605;1;2;2;1;3;149;TOURNEFEUILLE (ROUTE);M;4359356;134621;310
2,016E+11;16;3;29;1810;1;2;1;1;1;555;999, CHE DES IZARDS;;;;310
2,016E+11;16;3;30;2120;5;2;3;1;3;555;999, RTE D AGDE;;;;310
2,016E+11;16;4;2;735;1;2;1;1;1;555;11, AV DU DR MAURICE GRY;;;;310
2,016E+11;16;4;2;1055;1;2;1;1;3;555;62, BD DE SUISSE;;;;310
2,016E+11;16;4;2;2320;5;2;1;1;7;555;16, RUE JEAN CHEVERRY;;;;310
2,016E+11;16;4;3;545;5;1;1;1;3;555;20 LESPINET(PERIPH OUEST;M;4357030;147710;310
2,016E+11;16;4;4;1745;1;2;1;2;3;555;16, RTE DE BAYONNE;;;;310
2,016E+11;16;4;4;2043;2;2;1;2;1;555;144, AV DE LA GLOIRE;;;;310
2,016E+11;16;4;5;1105;1;2;1;2;4;557;293, MARQUISAT (AV DU);M;4357875;135527;310
2,016E+11;16;4;6;1830;1;2;1;1;2;555;999, AV M BOURGES MAUNOU;;;;310
2,016E+11;16;4;7;1402;1;2;1;8;3;555;39, RUE ANDRE VASSEUR;;;;310
2,016E+11;16;4;8;825;1;2;1;1;6;555;999, BD GABRIEL KOENIGS;;;;310
2,016E+11;16;4;8;840;1;2;3;1;6;555;34, BILLIERES (AV ETIENN;;;;310
2,016E+11;16;4;8;1400;1;1;1;1;2;555;VA007379 BAYLAC  A624 So;M;4360500;139689;310
2,016E+11;16;4;9;2340;5;2;1;1;3;555;999, PONT MONTAUDRAN;;;;310
2,016E+11;16;4;10;1830;1;2;1;1;2;555;999, BOULINGRIN (ROND PO;;;;310
2,016E+11;16;4;12;1050;1;2;1;1;7;149;19, SEVENNES (CHEMIN DES;M;4360105;131790;310
2,016E+11;16;4;12;1746;1;2;1;7;2;149;RN124;;;;310
2,016E+11;16;4;12;1825;1;2;1;1;6;555;58, AV DE CASTRES;;;;310
2,016E+11;16;4;8;1700;1;2;1;1;3;149;RN124;M;4360605;133807;310
2,016E+11;16;4;14;820;1;2;1;1;4;555;999, CRETES (BOULEVARD D;;;;310
2,016E+11;16;4;14;1535;1;2;1;1;3;149;BOURDETTES (CHEMIN DES);M;4360689;133918;310
2,016E+11;16;4;14;2045;5;2;1;1;3;555;44, AV JULES JULIEN;;;;310
2,016E+11;16;4;14;2345;5;2;1;1;7;555;5, RUE DU PETIT CASTELET;;;;310
2,016E+11;16;4;14;834;1;2;1;1;6;557;02, COMMINGES (AV DU);M;4358581;133801;310
2,016E+11;16;4;15;1004;1;2;1;1;3;69;LATECOERE (AV PIERRE);M;4362172;139533;310
2,016E+11;16;4;15;1605;1;2;3;1;3;555;25, ALL DES DEMOISELLES;;;;310
2,016E+11;16;4;16;1540;1;2;6;1;3;555;999, ROND POINT LALANDE;;;;310
2,016E+11;16;4;15;800;1;2;2;1;3;149;1 RONSARD (ALLEE PIERRE);M;4361601;131243;310
2,016E+11;16;4;18;820;1;2;6;1;2;149;VOIE LATERALE NORD;M;4360781;133720;310
2,016E+11;16;4;18;1630;1;2;1;1;3;555;103, AV DES MINIMES;;;;310
2,016E+11;16;4;19;815;1;2;1;1;2;555;999, NARBONNE (ROUTE DE);;;;310
2,016E+11;16;4;19;1615;1;2;1;1;2;555;999, BD DES COURTIES;;;;310
2,016E+11;16;4;18;1740;1;1;1;1;2;555;VA007331 A620;;;;310
2,016E+11;16;4;20;1200;1;2;1;1;3;555;28, BD LASCROSSES;;;;310
2,016E+11;16;4;20;1445;1;2;1;1;3;555;ECHANG SESQUIERES (A620);M;4364800;142208;310
2,016E+11;16;4;22;915;1;2;9;1;6;555;1, AV ANTOINE DE ST EXUP;;;;310
2,016E+11;16;4;22;1050;1;2;2;1;1;555;999, AV EMMANUEL MAIGNAN;;;;310
2,016E+11;16;4;22;1930;1;2;1;1;1;555;08, RUE DU PR GASTON AST;;;;310
2,016E+11;16;4;22;2155;5;2;1;1;3;555;999, AV DE FRONTON;;;;310
2,016E+11;16;4;24;1513;1;2;1;1;3;555;45, BD LAZARE CARNOT;;;;310
2,016E+11;16;4;23;949;1;2;2;8;3;555;999, RTE D AGDE;;;;310
2,016E+11;16;4;25;2005;2;2;1;1;7;555;4, AV CRAMPEL;;;;310
2,016E+11;16;4;26;1300;1;2;1;1;3;555;ALL JULES GUESDE;;;;310
2,016E+11;16;4;26;1435;1;2;1;1;2;555;999, BD MATABIAU;;;;310
2,016E+11;16;4;26;1650;1;2;1;1;3;149;LANGUEDOC (PASSAGE);M;4361028;132960;310
2,016E+11;16;4;27;1045;1;2;1;1;3;555;79, BD DE STRASBOURG;;;;310
2,016E+11;16;4;17;1139;1;2;1;1;3;555;999, AV DES ETATS UNIS;;;;310
2,016E+11;16;4;27;1234;1;2;1;1;1;555;999, CHE DE POUVOURVILLE;;;;310
2,016E+11;16;4;27;1500;1;2;1;1;6;555;999, BD LASCROSSES;;;;310
2,016E+11;16;4;27;1545;1;2;1;1;4;555;VA008482 A624;M;4360580;139323;310
2,016E+11;16;4;29;707;1;2;2;1;3;555;999, QU SAINT PIERRE;;;;310
2,016E+11;16;4;29;1605;1;2;2;1;1;555;BD DE MARENGO;;;;310
2,016E+11;16;5;1;1559;1;2;1;1;3;555;61, BD DE STRASBOURG;;;;310
2,016E+11;16;4;30;150;5;2;6;1;7;149;SAINT GRANIER (AVE);M;4359699;136390;310
2,016E+11;16;4;28;1330;1;2;1;1;2;555;RD901;;;;310
2,016E+11;16;4;29;1730;1;2;3;1;3;557;999, ST PIERRE (CH);;;;310
2,016E+11;16;5;2;1815;1;2;2;1;2;149;52, HUGO (BOULEVARD VICT;;;;310
2,016E+11;16;5;3;1330;1;2;1;1;3;555;28, BD GRIFFOUL DORVAL;;;;310
2,016E+11;16;5;4;1810;1;2;1;1;3;149;4, MOSELLE (ALLEE DE LA);;;;310
2,016E+11;16;5;5;2159;3;1;1;1;5;149;163, CORNEBARRIEU (ROUTE;;;;310
2,016E+11;16;5;6;1218;1;2;1;1;3;557;999, GASCOGNE (AV DE);;;;310
2,016E+11;16;5;7;240;5;2;2;1;1;555;999, AV RAYMOND NAVES;;;;310
2,016E+11;16;5;7;2235;5;2;1;1;7;555;999, RUE LASCROSSES;;;;310
2,016E+11;16;5;9;1005;1;2;2;1;3;149;999, PAUL VALERY;;;;310
2,016E+11;16;5;8;1850;1;2;1;1;5;555;999, BD DE SUISSE;;;;310
2,016E+11;16;5;9;1315;1;2;1;2;4;555;VA007331 A620;M;4357580;144129;310
2,016E+11;16;5;9;1455;1;2;1;2;4;555;999, CHE DE FENOUILLET;;;;310
2,016E+11;16;5;9;1730;1;2;1;2;7;555;11, RUE DU GENERAL PELET;;;;310
2,016E+11;16;5;10;925;1;2;1;1;6;555;145, ETATS UNIS (AV DES);;;;310
2,016E+11;16;5;10;1010;1;2;1;1;6;555;91, AV DE GRANDE BRETAGN;;;;310
2,016E+11;16;5;11;1705;1;2;1;2;6;555;125, AV DE LARDENNE;;;;310
2,016E+11;16;5;12;250;5;2;2;1;1;555;999, AV DES ETATS UNIS;M;4365892;141898;310
2,016E+11;16;5;11;1240;1;2;1;2;2;149;999, PIBRAC (ROUTE DE);;;;310
2,016E+11;16;5;12;1445;1;2;1;1;3;555;999, RPT MARCEL ACHARD;;;;310
2,016E+11;16;5;13;1655;1;2;1;1;3;69;999, BRASSENS (AV GEORGE;;;;310
2,016E+11;16;5;14;438;2;2;1;2;7;555;BOULINGRIN (ROND POINT D;;;;310
2,016E+11;16;5;14;1108;1;2;1;2;2;69;999, DE GAULLE (AV DU GE;;;;310
2,016E+11;16;5;16;2155;5;2;1;1;3;555;RUE JEAN MERMOZ;;;;310
2,016E+11;16;5;17;843;1;2;4;1;3;557;189, DOUMERGUE (RUE GAST;M;4358562;135085;310
2,016E+11;16;5;17;1000;1;2;6;1;6;555;999, R-PT EUGENE CLAUDIU;;;;310
2,016E+11;16;5;17;855;1;1;1;1;4;555;999, VA007333 LA FAOURET;M;4358290;140382;310
2,016E+11;16;5;18;1240;1;2;1;1;2;555;999, RUE MATABIAU;;;;310
2,016E+11;16;5;18;1650;1;2;3;1;3;149;999, SALVETAT (CHEMIN DE;;;;310
2,016E+11;16;5;15;1745;1;2;1;1;3;555;999, CHE DE LA SAUDRUNE;;;;310
2,016E+11;16;5;19;845;1;1;1;2;4;555;VA008482 A624;;;;310
2,016E+11;16;5;19;1645;1;1;1;1;3;555;VA007553 A61;;;;310
2,016E+11;16;5;19;1928;1;2;1;1;6;555;1, RUE BERTRAND DE BORN;M;4360893;145048;310
2,016E+11;16;5;20;1555;1;2;1;1;3;555;999, RTE D ALBI;;;;310
2,016E+11;16;5;20;1900;1;2;1;1;3;555;999, RUE DU LOT;;;;310
2,016E+11;16;5;20;1905;1;2;1;1;3;555;09, BD DE THIBAUD;;;;310
2,016E+11;16;5;23;920;1;2;1;1;1;555;BD LAZARE CARNOT;M;4360045;145172;310
2,016E+11;16;5;21;805;1;2;1;1;2;555;999, BD DE STRASBOURG;;;;310
2,016E+11;16;5;23;1411;1;2;1;1;3;555;999, RTE DE LAUNAGUET;;;;310
2,016E+11;16;5;23;1715;1;2;1;1;2;555;BD DU MARECHAL JUIN;;;;310
2,016E+11;16;5;25;1845;1;2;1;1;6;555;14, CHE DU VALLON;;;;310
2,016E+11;16;5;25;1845;1;2;1;1;6;69;L'EUROPE (BD);;;;310
2,016E+11;16;5;27;845;1;1;1;1;3;555;VA007331 A620;M;4356880;141515;310
2,016E+11;16;5;27;1730;1;2;1;1;3;555;999, AV DE LATTRE DE TAS;;;;310
2,016E+11;16;5;27;1845;1;2;1;1;2;555;VA007331 A620;;;;310
2,016E+11;16;5;27;1915;1;2;1;1;3;555;227, AV ANTOINE DE ST EX;;;;310
2,016E+11;16;5;29;1620;1;2;1;1;3;555;9, RUE DU DR MARCEL BOUV;;;;310
2,016E+11;16;5;29;1825;1;1;1;1;4;555;999, VA008482 A624;M;4361060;137594;310
2,016E+11;16;5;26;2330;5;2;1;1;3;555;52, RTE DE NARBONNE;;;;310
2,016E+11;16;5;30;1505;1;2;1;1;3;555;999, AV JEAN ZAY;;;;310
2,016E+11;16;5;30;1800;1;2;1;1;2;555;999, BD DE SUISSE;;;;310
2,016E+11;16;5;25;850;1;2;1;1;4;557;64, AURIOL (BD VINCENT);M;4358795;135405;310
2,016E+11;16;5;31;1510;1;2;1;2;2;555;386, AV DES ETATS UNIS;;;;310
2,016E+11;16;5;31;1640;1;2;1;1;3;149;14, BRUNAUD (AVENUE YVES;M;4361421;135136;310
2,016E+11;16;5;31;1809;1;2;1;1;4;555;75, BD PIERRE ET MARIE C;;;;310
2,016E+11;16;6;1;1400;1;2;6;1;7;149;RD PT FLANDRES DUNKERQUE;M;4361445;133998;310
2,016E+11;16;6;1;813;1;2;3;1;3;555;241, RUE DES FONTAINES;M;4360320;140999;310
2,016E+11;16;6;1;1100;1;2;1;2;3;555;69, BD LAZARE CARNOT;M;4360486;144947;310
2,016E+11;16;6;1;2105;2;2;2;1;3;555;999, CHE DES SAUGES;;;;310
2,016E+11;16;6;2;830;1;2;1;2;3;555;44, RTE DE LAUNAGUET;;;;310
2,016E+11;16;6;2;2115;5;2;3;1;3;555;999, AV DE L URSS;M;4358019;144947;310
2,016E+11;16;6;3;1530;1;2;1;1;4;557;LABITRIE (RUE PIERRE);M;4357804;132697;310
2,016E+11;16;6;4;1040;1;2;1;1;2;555;170, AV DE CASTRES;;;;310
2,016E+11;16;6;4;1930;1;2;1;1;5;555;1, AV JEAN RIEUX;;;;310
2,016E+11;16;6;4;1930;1;2;3;1;2;149;CH EN SIGAL/AL RONCEVAUX;M;4360581;132755;310
2,016E+11;16;6;7;850;1;1;1;1;2;555;23 RANGUEIL  (PERIPH OUE;;;;310
2,016E+11;16;6;7;1555;1;2;1;1;2;149;999, SALVETAT (CHEMIN DE;;;;310
2,016E+11;16;6;8;1623;1;1;1;1;4;555;999, RUE LOUIS BONIN;;;;310
2,016E+11;16;6;9;720;1;2;1;1;5;555;27B, AV DE LYON;;;;310
2,016E+11;16;6;8;1830;1;1;1;1;4;149;RN124;;;;310
2,016E+11;16;6;9;1400;1;1;1;1;3;149;RN124;M;4360510;129007;310
2,016E+11;16;6;12;1355;1;2;1;1;3;555;168, AV DES ETATS UNIS;;;;310
2,016E+11;16;6;10;1940;1;2;3;1;3;555;999, RTE DE SEYSSES;;;;310
2,016E+11;16;6;13;740;1;1;1;2;4;555;VA007331 A620;;;;310
2,016E+11;16;6;13;1620;1;2;1;1;6;555;52, AV M BOURGES MAUNOUR;;;;310
2,016E+11;16;6;14;1030;1;1;1;1;2;555;VA007331 A620;;;;310
2,016E+11;16;6;14;1550;1;2;1;1;3;555;65, RTE DE LABEGE;;;;310
2,016E+11;16;6;15;750;1;1;1;2;6;555;VA007331 A620;;;;310
2,016E+11;16;6;14;1830;1;2;1;1;3;555;45, AV JULES JULIEN;;;;310
2,016E+11;16;6;15;645;1;1;1;1;2;555;RN 124;M;4360640;131346;310
2,016E+11;16;6;14;1141;1;2;1;1;4;555;999, AV DU GENERAL EISEN;;;;310
2,016E+11;16;6;16;955;1;2;1;1;6;557;49, BELBEZE (RUE DE);M;4358069;133678;310
2,016E+11;16;6;16;930;1;1;1;1;2;555;VA007553 A61;M;4362080;148170;310
2,016E+11;16;6;18;2030;1;2;1;1;6;555;47, AV DE FRONTON;;;;310
2,016E+11;16;6;20;900;1;2;1;1;6;555;CHE DE LA FLAMBERE;;;;310
2,016E+11;16;6;20;1740;1;2;1;1;2;555;1, BD LASCROSSES;;;;310
2,016E+11;16;6;21;2055;1;2;1;1;3;149;DEFERRE (BOULEVARD);M;4361659;133311;310
2,016E+11;16;6;22;540;1;2;1;1;1;555;999, RUE DE NEGOGOUSSES;;;;310
2,016E+11;16;6;22;1210;1;2;1;1;6;555;AV DES ARENES ROMAINES;;;;310
2,016E+11;16;6;22;1735;1;2;1;1;6;557;48, AURIOL (BD VINCENT);M;4358781;135133;310
2,016E+11;16;6;23;933;1;2;1;1;6;555;63, ALL DE BELLEFONTAINE;;;;310
2,016E+11;16;6;23;1815;1;1;1;1;4;555;999, RD901;;;;310
2,016E+11;16;6;22;750;1;2;1;1;3;557;279, RAMELET MOUNDI (CH;M;4357832;135250;310
2,016E+11;16;6;24;1540;1;1;1;1;2;555;999, VA007331 A620;;;;310
2,016E+11;16;6;24;1625;1;2;1;1;2;557;22, AURIOL (BD VINCENT);M;4358667;134826;310
2,016E+11;16;6;24;2315;5;2;1;8;6;555;25, RUE DE LA DALBADE;;;;310
2,016E+11;16;6;24;1800;1;2;3;1;1;555;999, RUE DES AMIDONNIERS;;;;310
2,016E+11;16;6;27;1415;1;2;4;1;6;555;999, CHE DE LESTANG;M;4356001;139478;310