Num_Acc;an;mois;jour;hrmn;lum;agg;int;atm;col;com;adr;gps;lat;long;dep
2,016E+11;16;6;28;1545;1;2;1;1;3;149;6 BIS, SERRES (AVE);M;4361169;135219;310
2,016E+11;16;6;28;2100;1;2;1;1;6;555;146, BD PIERRE ET MARIE;;;;310
2,016E+11;16;6;28;830;1;2;1;1;2;555;VA007331 A620;;;;310
2,016E+11;16;6;29;1410;1;2;1;1;3;555;146, RTE D ALBI;;;;310
2,016E+11;16;6;29;1440;1;2;2;1;3;555;65, CHE DU RAMELET MOUND;;;;310
2,016E+11;16;6;30;1625;1;2;2;1;3;555;999, RUE DU PONT SAINT P;;;;310
2,016E+11;16;7;1;545;2;2;1;1;3;555;26, RUE DU FAUBOURG BONN;;;;310
2,016E+11;16;7;1;845;1;1;1;1;2;149;999, 3 COLOMIERS EST (A6;M;4361100;137705;310
2,016E+11;16;7;1;1200;1;2;1;1;3;555;8, PERIOLE (RUE DE) DU 2;;;;310
2,016E+11;16;7;1;1420;1;2;1;7;2;555;EISENHOWER (AVENUE DU GE;;;;310
2,016E+11;16;7;2;1630;1;2;1;1;3;555;999, RTE D AGDE;;;;310
2,016E+11;16;7;1;1735;1;2;1;1;3;555;999, ROND POINT ETIENNE;;;;310
2,016E+11;16;7;4;1800;1;2;1;1;3;555;15, CHE COTES DE PECH DA;;;;310
2,016E+11;16;7;2;2015;1;2;1;1;3;555;217, RTE DE SAINT SIMON;;;;310
2,016E+11;16;7;5;555;2;2;1;2;4;555;157, AV DE MURET;;;;310
2,016E+11;16;7;5;1910;1;2;1;1;3;555;343, AV DES ETATS UNIS;;;;310
2,016E+11;16;7;5;1400;1;2;1;1;1;555;237, AV DE LARDENNE;;;;310
2,016E+11;16;7;6;1953;1;2;1;1;3;555;999, AV DU GENERAL EISEN;;;;310
2,016E+11;16;7;6;2045;1;2;1;1;3;555;29, RTE D AGDE;;;;310
2,016E+11;16;7;7;1100;1;2;1;1;3;555;146, CHE DU SANG DE SERP;;;;310
2,016E+11;16;7;7;1610;1;2;1;1;7;555;999, VA007440 LES MINIME;;;;310
2,016E+11;16;7;8;300;5;2;1;1;1;555;999, BOULINGRIN (ROND PO;;;;310
2,016E+11;16;7;8;835;1;2;1;1;2;149;999, RN124;;;;310
2,016E+11;16;7;8;1115;1;2;1;1;6;555;999, GRANDE RUE NAZARETH;;;;310
2,016E+11;16;7;8;855;1;2;1;1;6;555;208, AV DE CASTRES;;;;310
2,016E+11;16;7;8;950;1;2;1;1;3;555;40, AV JEAN ZAY;;;;310
2,016E+11;16;7;8;1600;1;1;1;1;2;555;999, VA007331 A620;M;4361250;141695;310
2,016E+11;16;7;10;320;5;2;1;1;6;557;SERMENT DE KOUFRA (RP);M;4356978;133403;310
2,016E+11;16;7;10;1940;1;2;1;1;1;555;999, AV DE LYON;;;;310
2,016E+11;16;7;11;1000;1;2;1;1;6;555;999, AV MAURICE HAURIOU;;;;310
2,016E+11;16;7;11;2020;1;2;1;1;1;555;4 BIS, RUE ALAIN FOURNIE;;;;310
2,016E+11;16;6;21;1040;1;2;1;1;1;555;999, BD DE STRASBOURG;;;;310
2,016E+11;16;7;12;1720;1;2;1;1;6;555;999, RUE DE SEBASTOPOL;;;;310
2,016E+11;16;7;13;2140;5;1;1;1;3;555;VA007331 A620;M;4357160;147499;310
2,016E+11;16;7;14;2130;2;2;1;1;5;555;999, RTE D AGDE;;;;310
2,016E+11;16;7;15;1400;1;2;1;1;5;555;BD DE LA MEDITERRANEE;;;;310
2,016E+11;16;7;16;1030;1;1;1;1;5;555;VA007331 A620;;;;310
2,016E+11;16;7;19;1715;1;2;3;1;3;555;116, GRANDE RUE SAINT MI;;;;310
2,016E+11;16;7;20;800;1;2;1;1;3;555;999, BD LASCROSSES;;;;310
2,016E+11;16;7;20;1845;1;2;1;1;5;555;999, RTE DE SAINT SIMON;;;;310
2,016E+11;16;7;21;815;1;2;1;1;3;555;45, AV FREDERIC ESTEBE;;;;310
2,016E+11;16;7;21;830;1;2;1;1;3;555;15, ALL DE BRIENNE;;;;310
2,016E+11;16;7;21;810;1;1;1;1;3;555;VA008482 A624;;;;310
2,016E+11;16;7;21;1940;1;2;1;1;3;555;999, RTE DE SAINT SIMON;;;;310
2,016E+11;16;7;22;1715;1;1;1;1;4;555;RN124;M;4361120;137766;310
2,016E+11;16;7;24;1020;1;2;1;1;1;555;21, LYON (AV DE) DU 1AU;;;;310
2,016E+11;16;7;24;1935;1;2;1;1;3;555;999, AV DES ARENES ROMAI;;;;310
2,016E+11;16;7;23;1550;1;2;1;1;1;555;334, SAINT SIMON (RTE DE;;;;310
2,016E+11;16;7;25;1135;1;2;1;1;1;555;21, BD ANDRE NETWILLER;;;;310
2,016E+11;16;7;25;745;1;2;1;1;2;555;43, AV DE GRANDE BRETAGN;;;;310
2,016E+11;16;7;25;1450;1;2;1;1;2;555;408, AV DES ETATS UNIS;;;;310
2,016E+11;16;7;26;945;1;1;1;1;3;555;VA007473 A62;;;;310
2,016E+11;16;7;26;1430;1;2;6;1;3;557;JAURES (AV JEAN);M;4358901;136110;310
2,016E+11;16;7;29;640;1;2;3;1;3;149;ADER (AVENUE CLEMEN;M;4361525;134570;310
2,016E+11;16;7;29;1300;1;2;1;1;6;555;119, AV JULES JULIEN;;;;310
2,016E+11;16;7;29;1445;1;2;1;1;3;555;46, RTE DE NARBONNE;;;;310
2,016E+11;16;7;30;1030;1;2;3;1;3;557;BD AURIOL/AVE RESISTANCE;M;4358548;134619;310
2,016E+11;16;7;30;1145;1;2;1;1;1;555;RD916;;;;310
2,016E+11;16;7;29;615;2;2;3;1;3;555;999, RUE DU POLE;;;;310
2,016E+11;16;8;1;1955;1;2;1;1;3;555;366, RTE DE SAINT SIMON;;;;310
2,016E+11;16;8;2;1115;1;2;1;1;2;149;MITTERAND (ESPLANADE);M;4360629;133494;310
2,016E+11;16;8;2;820;1;2;2;1;3;555;999, ALL JEAN JAURES;;;;310
2,016E+11;16;8;3;1115;1;2;1;1;6;555;4, RUE DE CUGNAUX;;;;310
2,016E+11;16;8;3;2110;5;2;1;1;2;555;70, AV LOUIS BAZERQUE;;;;310
2,016E+11;16;8;4;835;1;2;1;1;3;557;AURIOL (BD VINCENT);M;4358798;85925;310
2,016E+11;16;8;5;1810;1;2;1;1;3;555;19, RTE DE BAYONNE;;;;310
2,016E+11;16;8;6;1900;1;2;1;1;3;555;300, SEYSSES (RTE DE) DU;;;;310
2,016E+11;16;8;5;1610;1;2;1;1;2;555;80, RUE DE PERIOLE;M;4361710;145831;310
2,016E+11;16;8;9;1325;1;2;1;1;6;555;12, BD DE BONREPOS;;;;310
2,016E+11;16;8;10;925;1;2;1;1;6;555;40, BD SILVIO TRENTIN;;;;310
2,016E+11;16;8;10;1105;1;2;1;1;6;149;999, NAUROUZE (ALLEE DE);;;;310
2,016E+11;16;8;12;1445;1;2;1;1;3;555;24, AV DE MURET;;;;310
2,016E+11;16;8;13;1904;1;2;6;1;5;557;263, DOUMERGUE (RUE GAST;M;4358850;135871;310
2,016E+11;16;8;13;2030;2;2;3;1;3;555;999, RTE D ALBI;;;;310
2,016E+11;16;8;17;1750;1;2;2;1;3;555;999, RUE CARAMAN;;;;310
2,016E+11;16;8;19;821;1;2;6;1;3;149;ALLEE COLOMBE/BD SELERY;M;4362184;132082;310
2,016E+11;16;8;18;1340;1;2;1;1;3;555;8, GRANDE RUE SAINT MICH;M;4358475;144775;310
2,016E+11;16;8;19;1705;1;2;1;1;6;555;3, RUE MONTMORENCY;;;;310
2,016E+11;16;8;20;925;1;1;1;1;5;555;VA007306 A64;;;;310
2,016E+11;16;8;20;925;1;1;1;3;3;555;AV D ATLANTA;;;;310
2,016E+11;16;8;22;207;5;2;6;1;1;557;SERMENT DE KOUFRA (RP);M;4356979;133361;310
2,016E+11;16;8;22;1410;1;2;1;1;2;555;999, RTE DE SEYSSES;;;;310
2,016E+11;16;8;22;1500;1;1;1;1;2;555;VA001490 A621;M;4362370;140640;310
2,016E+11;16;8;22;1525;1;2;1;1;4;555;999, BD DE LA MARQUETTE;;;;310
2,016E+11;16;8;23;750;1;2;1;1;6;555;999, AV EDOUARD BELIN;;;;310
2,016E+11;16;8;23;1445;1;2;1;1;3;555;9, RUE PAULE RAYMONDIS;;;;310
2,016E+11;16;8;23;1800;1;2;1;1;3;555;22, BD PIERRE PAUL RIQUE;;;;310
2,016E+11;16;8;24;815;1;2;3;1;3;555;999, AV DE L URSS;;;;310
2,016E+11;16;8;24;1440;1;2;1;1;3;555;291, RTE DE SEYSSES;;;;310
2,016E+11;16;8;25;1300;1;2;1;1;6;555;54, RUE DE REMUSAT;;;;310
2,016E+11;16;8;25;1905;1;1;1;1;4;555;VA007331 A620;M;4364960;142170;310
2,016E+11;16;8;26;1440;1;2;1;1;6;69;VERDUN (PL DE);M;4362412;139294;310
2,016E+11;16;8;27;1125;1;2;1;1;3;555;999, BD D ARCOLE;;;;310
2,016E+11;16;8;27;2200;5;2;1;1;6;555;173, RTE DE LAUNAGUET;;;;310
2,016E+11;16;8;27;2245;5;1;1;1;2;69;A621 SAINT MICHEL DU TOU;M;4362650;138432;310
2,016E+11;16;8;28;740;1;1;1;1;2;555;999, VA001490 A621;M;4362480;140907;310
2,016E+11;16;8;30;905;1;2;1;1;3;555;32, BD LASCROSSES;;;;310
2,016E+11;16;8;30;1130;1;2;1;1;6;555;21, RUE ANTONIN MERCIE;;;;310
2,016E+11;16;8;29;1740;1;1;1;1;4;69;999, A621 SAINT MICHEL D;;;;310
2,016E+11;16;8;29;1135;1;2;2;1;3;69;TIERS ETAT (CH DU);M;4365746;139690;310
2,016E+11;16;8;30;1250;1;2;1;1;6;555;19, LYON (AV DE) DU 1AU;;;;310
2,016E+11;16;8;31;1530;1;1;1;1;2;555;VA007331 A620;M;4363710;142085;310
2,016E+11;16;9;1;855;1;2;1;1;6;555;999, ALL DE GUYENNE;;;;310
2,016E+11;16;9;1;1815;1;1;1;1;2;149;999, RN124;M;4360660;132585;310
2,016E+11;16;9;1;2240;5;2;3;1;3;555;999, RUE DES GERANIUMS;;;;310
2,016E+11;16;9;2;110;5;2;1;1;3;555;79, ALL CHARLES DE FITTE;;;;310
2,016E+11;16;9;1;1825;1;2;1;1;6;557;TARBES (ROUTE DE);;;;310
2,016E+11;16;9;2;1240;1;2;1;1;3;149;999, ORATOIRE (ALLEE DE;;;;310
2,016E+11;16;9;2;825;1;1;1;1;3;555;VA007331 A620;;;;310
2,016E+11;16;9;5;750;1;2;1;1;1;555;999, RUE DU GERS;;;;310
2,016E+11;16;9;5;1640;1;1;1;1;6;557;D980;;;;310
2,016E+11;16;9;5;2145;3;1;1;1;4;555;VA007553 A61;;;;310
2,016E+11;16;9;5;1125;1;1;1;1;4;555;VA007331 A620;;;;310
2,016E+11;16;9;6;807;1;1;1;1;4;555;VA007473 A62;;;;310
2,016E+11;16;9;7;758;1;2;1;1;6;555;108, AV DE LA GLOIRE;;;;310
2,016E+11;16;9;6;740;1;2;1;1;5;149;999, NAUROUZE (ALLEE DE);;;;310
2,016E+11;16;9;6;1305;1;2;1;1;4;149;999, ingres (auguste);;;;310
2,016E+11;16;9;7;855;1;1;1;1;4;555;VA007495 A62;;;;310
2,016E+11;16;9;7;930;1;2;1;1;6;555;92, AV CAMILLE PUJOL;;;;310
2,016E+11;16;9;8;715;1;2;1;1;3;555;999, ALL JEAN JAURES;;;;310
2,016E+11;16;9;9;1110;1;2;1;1;3;555;999, Rd Pt Firmin Pons;;;;310
2,016E+11;16;9;9;1350;1;2;1;1;2;149;17, NASQUE (CHEMIN DE LA;;;;310
2,016E+11;16;9;9;1245;1;1;1;1;4;555;VA007331 A620;;;;310
2,016E+11;16;9;9;2333;5;2;3;1;3;555;999, AV DE LA GLOIRE;;;;310
2,016E+11;16;9;10;1045;1;2;1;1;6;555;28, RUE DES FRERES LION;;;;310
2,016E+11;16;9;3;224;5;2;1;1;6;555;RUE DES CHAMOIS;;;;310
2,016E+11;16;9;12;1355;1;2;1;1;6;555;16, BD SILVIO TRENTIN;;;;310
2,016E+11;16;9;12;1020;1;2;1;1;6;555;311, RTE DE LAUNAGUET;;;;310
2,016E+11;16;9;12;1100;1;2;1;1;2;149;999, PYRENEES (ALLEE DES;;;;310
2,016E+11;16;9;12;1705;1;2;1;1;3;555;999, BD LASCROSSES;;;;310
2,016E+11;16;9;12;1755;1;1;3;1;3;555;999, ECHANGEUR SESQUIERE;;;;310
2,016E+11;16;9;10;220;5;2;1;1;6;555;130, RUE DU FAUBOURG BON;;;;310
2,016E+11;16;9;13;635;1;2;4;1;3;555;116, AV CAMILLE PUJOL;;;;310
2,016E+11;16;9;13;810;1;2;1;1;6;555;01, AV DE LARDENNE;M;4359343;140726;310
2,016E+11;16;9;13;1830;1;2;2;1;3;557;999, GASCOGNE (AV DE);;;;310
2,016E+11;16;9;15;1135;1;2;1;1;3;555;209, AV DE CASTRES;;;;310
2,016E+11;16;9;16;2000;5;2;1;2;2;555;AV DE LARDENNE;;;;310
2,016E+11;16;9;17;420;5;2;1;1;2;555;999, PONT NEUF;;;;310
2,016E+11;16;9;17;1825;1;1;1;1;2;555;999, VA007331 A620;;;;310
2,016E+11;16;9;17;1800;1;2;1;1;2;555;161, AV DES MINIMES;;;;310
2,016E+11;16;9;21;845;1;2;1;1;6;555;16, BD DE STRASBOURG;;;;310
2,016E+11;16;9;21;1240;1;2;1;1;3;555;32, RUE DE LA REPUBLIQUE;;;;310
2,016E+11;16;9;22;1450;1;2;1;1;6;555;153, RUE HENRI DESBALS;M;4358231;141406;310
2,016E+11;16;9;22;1855;1;1;1;1;2;555;999, RTE DE LAUNAGUET;;;;310
2,016E+11;16;9;23;1710;1;1;1;1;4;555;D980;M;4360210;136594;310
2,016E+11;16;9;25;1840;1;2;1;1;7;555;999, AV LUCIEN BAROUX;;;;310
2,016E+11;16;9;25;1950;5;2;2;1;2;555;999, ALL FORAIN FRANCOIS;;;;310
2,016E+11;16;9;24;1519;1;1;1;1;7;149;999, ECHANGEUR ST MARTIN;M;4361020;138535;310
2,016E+11;16;9;25;600;4;2;1;1;6;149;999, COLLONGUES (RUE ETI;M;4360301;132908;310
2,016E+11;16;9;22;1150;1;2;1;1;3;555;999, RPT DU DR MAURICE C;;;;310
2,016E+11;16;9;26;1805;1;2;1;1;6;555;999, AV DE TABAR;M;4357433;140314;310
2,016E+11;16;9;27;715;2;1;2;1;3;555;999, RTE DE SEYSSES;M;4355811;140209;310
2,016E+11;16;9;27;1220;1;2;1;1;2;555;17, ALL CHARLES DE FITTE;M;4359421;143320;310
2,016E+11;16;9;27;1540;1;2;1;1;3;555;999, RUE DU LANGUEDOC;M;4359946;144567;310
2,016E+11;16;9;27;1545;1;2;1;1;3;555;175, RTE DE LAUNAGUET;;;;310
2,016E+11;16;9;24;820;1;2;1;1;1;555;256, RTE DE REVEL;;;;310
2,016E+11;16;9;28;1507;1;1;1;1;4;555;VA007331 A620;M;4361260;141701;310
2,016E+11;16;9;29;845;1;2;1;7;6;149;999, LOURON (AVENUE DU);M;4360047;132259;310
2,016E+11;16;9;29;845;1;2;1;1;3;555;63, RUE DU BEARNAIS;M;4361076;142609;310
2,016E+11;16;9;29;820;1;2;1;1;6;555;77, BD DE STRASBOURG;;;;310
2,016E+11;16;9;29;825;1;1;1;1;3;555;VA007331 A620;;;;310
2,016E+11;16;9;29;925;1;2;1;1;6;555;RUE JEAN GILLES;M;4357004;140200;310
2,016E+11;16;9;29;1635;1;1;1;1;2;555;VA007495 A62;M;4365100;142261;310
2,016E+11;16;9;30;1945;5;2;1;1;6;555;52, RUE DE LA REPUBLIQUE;M;4359827;143345;310
2,016E+11;16;10;1;1345;1;2;1;1;3;69;18, DE GAULLE (AV DU GEN;M;4364051;138235;310
2,016E+11;16;10;3;1310;1;2;1;1;1;555;AV DES ARENES ROMAINES;M;4361987;139677;310
2,016E+11;16;10;3;1750;1;2;2;1;3;555;23, RUE GEORGES PICOT;M;4358852;145439;310
2,016E+11;16;10;3;1813;1;1;1;1;3;555;14 CROIX DAURADE (PERIPH;M;4364630;146599;310
2,016E+11;16;10;3;1830;1;2;1;1;6;555;34, AV DE GRANDE BRETAGN;M;4359743;142110;310
2,016E+11;16;10;4;1710;1;1;1;1;6;555;VA007331 A620;M;4362110;141770;310
2,016E+11;16;10;5;750;1;1;1;1;3;555;999, VA007306 A64;M;4356325;141826;310
2,016E+11;16;10;5;1335;1;2;2;1;3;555;999, AV PAUL SEJOURNE;M;4360689;142823;310
2,016E+11;16;10;5;1835;1;1;1;1;3;555;999, VA007331 A620;M;4357239;145611;310
2,016E+11;16;10;6;15;5;1;1;1;6;555;VA007553 A61;M;4362890;147892;310
2,016E+11;16;10;6;710;5;2;3;1;3;557;999, DOUMERGUE (IMP GAST;;;;310
2,016E+11;16;10;6;1020;1;2;1;1;3;555;999, BD D ARCOLE;;;;310
2,016E+11;16;10;6;655;5;2;1;1;6;555;132, AV DES ETATS UNIS;M;4363510;143096;310
2,016E+11;16;10;6;825;1;2;1;1;6;555;CHE D ESCALLES;;;;310
2,016E+11;16;10;6;1250;1;2;2;1;6;555;999, AV DE LYON;M;4361422;145094;310
2,016E+11;16;10;6;1700;1;1;1;1;4;555;999, RN124;M;4360900;136396;310
2,016E+11;16;10;6;1940;5;1;1;1;3;555;999, RD916;;;;310
2,016E+11;16;10;7;830;1;2;1;1;1;149;999, GERS (ALLEE DU);M;4360980;132486;310
2,016E+11;16;10;7;1310;1;2;1;1;3;555;47, RTE DE SAINT SIMON;M;4356310;137207;310
2,016E+11;16;10;8;1108;1;2;1;1;1;555;16, AV M BOURGES MAUNOUR;;;;310
2,016E+11;16;10;8;1440;1;2;2;1;1;555;999, AV PAUL SEJOURNE;;;;310
2,016E+11;16;10;8;1700;1;2;1;1;3;555;56, CHE DE GABARDIE;M;4363296;148203;310
2,016E+11;16;10;9;1800;1;2;1;1;6;555;22, BD SILVIO TRENTIN;;;;310
2,016E+11;16;10;8;1800;1;2;1;1;3;555;999, PL DE LA PATTE D OI;M;4359631;142299;310
2,016E+11;16;10;10;800;2;2;1;1;3;555;1, CHE DU RAMELET MOUNDI;M;4358271;137435;310
2,016E+11;16;10;10;1318;1;2;3;1;3;149;42, SALVETAT (CHEMIN DE;M;4360367;130556;310
2,016E+11;16;10;11;1620;1;1;1;1;3;69;999, TILLEULS (AV DES);M;4363571;138504;310
2,016E+11;16;10;11;2140;5;2;2;1;3;555;999, CHE RAYNAL;;;;310
2,016E+11;16;10;12;720;2;1;1;1;3;555;VA007495 A62;M;4364702;144303;310
2,016E+11;16;10;12;850;1;1;1;1;5;555;VA007355 PURPAN A620 Sor;M;4360163;139869;310
2,016E+11;16;10;12;1030;1;1;1;1;5;555;VA007331 A620;M;4360050;139804;310
2,016E+11;16;10;12;1410;1;2;1;1;6;555;4, CHE TRICOU;M;4361687;142254;310
2,016E+11;16;10;12;1730;1;2;1;1;6;555;54, BD DE STRASBOURG;M;4360948;144505;310
2,016E+11;16;10;12;1820;1;2;4;1;3;555;999, RUE DU FAUBOURG BON;M;4361604;145314;310
2,016E+11;16;10;14;1930;3;2;1;2;3;555;119, JULIEN (AV JULES) D;M;4357883;145010;310
2,016E+11;16;10;14;2010;5;2;1;2;3;555;999, BD PIERRE ET MARIE;M;4362600;143747;310
2,016E+11;16;10;15;1455;1;1;1;1;2;555;VA007331 A620;M;4364375;142602;310
2,016E+11;16;10;15;1750;1;1;3;1;3;555;999, RUE DU FERETRA;M;4357899;144342;310
2,016E+11;16;10;16;1835;1;2;1;1;2;555;999, AV DU GENERAL EISEN;;;;310
2,016E+11;16;10;17;720;2;1;1;1;3;555;ECHANGEUR SESQUIERES (A6;M;4364777;142169;310
2,016E+11;16;10;18;652;5;1;1;1;2;555;VA007331 A620;M;4360990;141377;310
2,016E+11;16;10;18;1320;1;1;1;1;2;555;999, VA007331 A620;M;4361360;141757;310
2,016E+11;16;10;18;1820;1;2;1;1;3;69;999, BELLONTE (RD-PT MAU;M;4362710;138523;310
2,016E+11;16;10;19;2040;5;2;1;1;3;555;8, RUE THEODORE OZENNE;M;4359683;144663;310
2,016E+11;16;10;20;5;3;1;1;1;1;555;999, CHE COTES DE PECH D;M;4355871;144693;310
2,016E+11;16;10;20;730;5;1;6;1;3;555;999, Rd Pt Firmin Pons;M;4356904;137569;310
2,016E+11;16;10;20;835;1;2;1;1;3;555;999, CHE DU RAMELET MOUN;M;4358018;136234;310
2,016E+11;16;10;20;1620;1;1;1;1;2;555;999, VA008482 A624;M;4361070;137608;310
2,016E+11;16;10;20;1805;1;2;1;1;3;555;999, RUE HENRI DESBALS;M;4358324;141488;310
2,016E+11;16;10;20;1830;2;2;1;1;2;555;310, AV DES ETATS UNIS;M;4365373;142367;310
2,016E+11;16;10;21;1630;1;2;1;1;6;555;1, PL DOMINIQUE MARTIN D;M;4359998;145344;310
2,016E+11;16;10;21;1825;1;2;1;1;3;555;3, RUE FEDERICO GARCIA L;M;4363357;142505;310
2,016E+11;16;10;22;150;5;2;2;1;3;555;999, AV JEAN CHAUBET;M;4360435;147434;310
2,016E+11;16;10;22;1650;1;2;3;1;6;555;999, RTE D ALBI;M;4363563;146385;310
2,016E+11;16;10;24;2150;5;1;1;2;2;555;RN124;M;4360860;137170;310
2,016E+11;16;10;24;1610;1;2;3;1;3;555;999, AV JEAN ZAY;M;4365160;142608;310
2,016E+11;16;10;27;700;5;1;1;2;5;555;VA007473 A62;M;4365199;142357;310
2,016E+11;16;10;25;1220;1;2;1;1;6;555;999, PL DU PARLEMENT;M;4359432;144403;310
2,016E+11;16;10;27;1730;1;2;1;1;3;555;999, Rd Pt Firmin Pons;M;4356990;137463;310
2,016E+11;16;10;28;416;1;2;1;1;6;69;999, BELLONTE (RD-PT MAU;M;4362699;138530;310
2,016E+11;16;10;28;1535;1;2;1;1;3;555;999, RUE DU FAUBOURG BON;M;4366225;145334;310
2,016E+11;16;10;30;140;3;1;1;1;6;555;999, D980;M;4360962;137187;310
2,016E+11;16;10;31;955;1;2;2;1;3;555;999, BD PIERRE ET MARIE;M;4362613;143711;310
2,016E+11;16;11;1;1910;5;2;3;1;3;555;999, RUE JEAN MERMOZ;M;4358285;141680;310
2,016E+11;16;11;1;2000;4;1;1;1;4;555;VA007331 A620;M;4363371;142069;310
2,016E+11;16;11;2;1630;1;1;1;1;4;555;VA007331 A620;M;4356915;142237;310
2,016E+11;16;11;2;1715;1;2;1;1;3;555;60, ALL MAURICE SARRAUT;M;4359110;142107;310
2,016E+11;16;11;2;2020;5;2;1;1;2;555;CHE DE FENOUILLET;M;4364770;141405;310
2,016E+11;16;11;3;1345;1;2;1;1;3;555;999, BD DE L EMBOUCHURE;M;4361272;141701;310
2,016E+11;16;11;3;1515;1;2;1;1;1;555;999, ROND POINT LEON LAJ;M;4355640;140615;310
2,016E+11;16;11;3;1800;2;2;1;1;3;555;8, RUE LAMARCK;M;4359363;144872;310
2,016E+11;16;11;3;1900;5;2;1;1;2;555;999, ROND POINT MADELEIN;M;4360642;139593;310
2,016E+11;16;11;4;720;2;2;2;1;3;555;999, NOUADHIBOU (RUE);M;4356566;150046;310
2,016E+11;16;11;4;1915;5;1;1;1;3;555;ECHANGEUR SESQUIERES (A6;M;4364819;142316;310
2,016E+11;16;11;4;1923;3;1;1;1;1;555;999, RUE ELLA MAILLART;M;4359772;141056;310
2,016E+11;16;11;5;215;5;2;3;2;3;555;999, RUE PIERRE CAZENEUV;M;4362242;144555;310
2,016E+11;16;11;5;1810;4;2;1;2;6;555;999, AV JULES JULIEN;M;4357375;145187;310
2,016E+11;16;11;6;830;1;2;1;1;1;555;AV DES ETATS UNIS;M;4364879;142522;310
2,016E+11;16;11;7;1910;5;1;1;1;2;555;, RD901;M;4362030;139363;310
2,016E+11;16;11;7;1700;1;2;3;1;3;555;71, RUE DU FAUBOURG BONN;M;4361888;145622;310
2,016E+11;16;11;8;820;1;2;1;1;1;149;999, MAROTS (AVENUE DES);M;4360283;132618;310
2,016E+11;16;11;8;1910;5;2;3;2;3;555;999, RUE EDOUARD GELIS;M;4357540;138513;310
2,016E+11;16;11;8;1815;5;2;1;1;6;555;34, BD DE LA MEDITERRANE;M;4358245;146290;310
2,016E+11;16;11;9;625;5;2;1;3;2;555;999, RTE DE LAUNAGUET;M;4363671;143912;310
2,016E+11;16;11;9;1950;5;1;1;1;2;555;VA007331 A620;M;4361876;141888;310
2,016E+11;16;11;10;630;4;1;1;2;4;555;RN124;M;4360864;136742;310
2,016E+11;16;11;10;1050;1;1;1;2;3;555;VA007553 A61;M;4364484;146874;310
2,016E+11;16;11;10;1708;1;2;1;1;1;555;77, RUE LOUIS PLANA;M;4361404;147596;310
2,016E+11;16;11;12;1640;1;2;1;1;6;555;1, CHE DE LA TERRASSE;M;4357810;149071;310
2,016E+11;16;11;13;2335;5;2;1;1;1;555;67, AV DE LATTRE DE TASS;M;4358327;143924;310
2,016E+11;16;11;11;1330;1;2;1;1;2;555;999, AV DES ETATS UNIS;M;4364746;142565;310
2,016E+11;16;11;14;1245;1;1;1;1;5;555;RD901;;;;310
2,016E+11;16;11;14;1420;1;1;1;1;5;555;VA007306 A64;M;4355846;141383;310
2,016E+11;16;11;15;730;1;2;3;1;3;555;72, AV DE RANGUEIL;M;4357351;145890;310
2,016E+11;16;11;15;2125;5;2;3;1;1;555;999, RUE DU PONT GUILHEM;M;4360069;145606;310
2,016E+11;16;11;16;750;2;2;1;1;6;149;999, ALLENDE (AVENUE SAL;M;4360507;132236;310
2,016E+11;16;11;16;905;1;1;1;1;2;555;VA007331 A620;M;4357343;145038;310
2,016E+11;16;11;16;1729;2;2;1;1;3;149;10, SERRES (AVENUE EDOUA;M;4361299;135258;310
2,016E+11;16;11;17;745;1;2;2;1;3;149;49, GILET (RUE);M;4361030;133950;310
2,016E+11;16;11;17;1228;1;1;1;1;3;555;VA007331 A620;M;4361456;141835;310
2,016E+11;16;11;17;2200;5;2;1;1;7;555;158, AV DE LARDENNE;M;4359345;139080;310
2,016E+11;16;11;18;940;1;1;1;2;2;149;999, SAINT GRANIER (AVEN;M;4359727;136414;310
2,016E+11;16;11;19;1500;1;2;1;1;4;69;999, BRASSENS (AV GEORGE;M;4364967;137977;310
2,016E+11;16;11;20;325;3;1;1;1;6;555;VA007331 A620;M;4364459;142158;310
2,016E+11;16;11;21;1710;2;2;2;2;3;555;999, RUE MARIE CLAIRE DE;M;4362674;144424;310
2,016E+11;16;11;17;1945;3;2;1;1;6;555;VA001490 A621;M;4363127;138185;310
2,016E+11;16;11;21;1715;3;1;1;2;3;69;999, FIL D'ARIANE (RD902;M;4363821;137646;310
2,016E+11;16;11;21;1800;4;2;1;3;6;555;999, PL EDOUARD BOUILLIE;M;4356917;139381;310
2,016E+11;16;11;22;1750;2;2;1;1;3;555;999, BD PIERRE ET MARIE;M;4362521;144105;310
2,016E+11;16;11;23;900;1;2;1;1;6;555;24, RUE HENRI EBELOT;M;4364118;145980;310
2,016E+11;16;11;21;1610;2;1;1;2;2;149;999, RN124;M;4360645;131086;310
2,016E+11;16;11;24;1320;1;2;1;1;1;555;8, BD DEODAT DE SEVERAC;M;4358668;142614;310
2,016E+11;16;11;24;1715;2;2;3;1;3;555;361, AV DES ETATS UNIS;M;4366160;141640;310