Num_Acc;an;mois;jour;hrmn;lum;agg;int;atm;col;com;adr;gps;lat;long;dep
2,016E+11;16;7;13;750;1;2;1;1;1;550;433, CHEM DE LEYSOTTE;M;4478650;-57927;330
2,016E+11;16;7;17;2030;1;2;3;1;3;192;CRS DU GENERAL DE GAULLE;M;4478884;-60503;330
2,016E+11;16;7;19;845;1;1;2;1;1;63;151CRS MARNE/BARBEY;M;4482850;-56205;330
2,016E+11;16;7;16;30;5;2;1;1;7;550;148AVPYRENEES=>BORDEAUX;M;4476270;-55940;330
2,016E+11;16;7;18;930;1;2;6;1;3;249;Q.CHA. BICHON=>Q.CARRIET;M;4488140;-53167;330
2,016E+11;16;7;20;1630;1;2;2;1;2;63;CRSL'YSER/RUE LAFONTAINE;M;4482690;-56923;330
2,016E+11;16;7;19;955;1;2;3;1;6;318;174 AVE PASTEUR/ACIERIES;M;4480250;-64463;330
2,016E+11;16;7;18;1710;1;2;4;1;6;522;R. F. SEVENE/PCH D'ARS;M;4480660;-57944;330
2,016E+11;16;7;23;1833;1;2;5;1;2;63;BD ALFREDDANEY/R.L.FAURE;M;4486980;-56647;330
2,016E+11;16;7;25;900;1;2;3;1;3;63;ESPRITDESLOIS/LAMOUREUX;M;4484320;-57180;330
2,016E+11;16;7;26;540;3;1;1;1;6;63;ARBREA130.45MDEREGAZ192;M;4490200;-55322;330
2,016E+11;16;7;25;1520;1;2;2;1;3;63;Rue F.DE SOURDIS;M;4483210;-58772;330
2,016E+11;16;7;27;150;5;2;1;1;2;63;325, AVE THIERS=>CENON;M;4485110;-54207;330
2,016E+11;16;7;25;1940;1;2;2;1;6;281;197RES L.BLUM/R.M.RAVEL;M;4485150;-63424;330
2,016E+11;16;7;26;1915;1;2;2;1;3;63;BD J.J.BOSC/LEON JOUHAUX;M;4481560;-55132;330
2,016E+11;16;7;18;1600;1;2;2;1;3;63;AVE D'EYSINES;M;4485430;-59839;330
2,016E+11;16;7;24;115;4;2;1;1;6;192;R.MAUGUETTE=>PESSAC;M;4478180;-62320;330
2,016E+11;16;7;19;1740;1;1;1;1;4;75;RUE DU PONT NEUF;M;4490210;-58433;330
2,016E+11;16;7;22;35;5;2;1;1;6;550;30, RUE DU DOCTEUR SCHWE;M;4477341;-53650;330
2,016E+11;16;7;28;2055;1;2;1;1;6;63;R.DELORD;M;4485950;-55845;330
2,016E+11;16;7;28;1050;1;2;4;1;6;63;PL GAMBETTA/RUE G.BONNAC;M;4484050;-58116;330
2,016E+11;16;7;29;135;5;2;3;1;3;63;55, QUAI DESCHAMPS;M;4483393;-55075;330
2,016E+11;16;7;27;2000;1;2;7;1;4;63;PONT PIERRE/PLSTALINGRAD;M;4483990;-56029;330
2,016E+11;16;7;26;2045;1;2;3;1;2;281;R.CASSIN/ECH11-AEROPORT;M;4483220;-67424;330
2,016E+11;16;8;1;1900;1;2;2;1;5;63;VL.A VENANT PARC EXPOS?;M;4487750;-57625;330
2,016E+11;16;7;27;35;5;2;2;1;3;550;TOULOUSE (RTE DE);M;4478174;-56602;330
2,016E+11;16;8;2;1555;1;2;1;1;6;63;QUAI DE LA DOUANE;M;4484110;-56945;330
2,016E+11;16;8;1;1210;1;2;2;1;2;119;BD ENTRE 2 MERS/MONREPOS;M;4484380;-52990;330
2,016E+11;16;8;2;1840;1;2;2;1;3;63;RUE DUMONTEIL/HT QUEYRON;M;4482650;-59281;330
2,016E+11;16;8;2;1720;1;2;2;1;3;63;GAL LARMINAT/FR. SOURDIS;M;4483440;-58876;330
2,016E+11;16;8;3;1330;1;2;4;1;2;63;BD PIERRE 1ER;M;4485900;-58961;330
2,016E+11;16;8;1;2100;1;2;2;1;2;192;CRS DU GENERAL DE GAULLE;M;4478374;-60659;330
2,016E+11;16;8;3;905;1;2;3;1;6;63;VL:PCE GAMBETTA=>DOUMER;M;4484880;-57566;330
2,016E+11;16;8;4;1540;1;2;2;2;3;63;RUE KIESER/R.CHEVALIER;M;4484270;-59468;330
2,016E+11;16;7;30;1040;1;2;4;1;2;39;BD J.J.BOSC/H.TANDONNET;M;4481770;-54728;330
2,016E+11;16;8;4;1400;1;2;1;2;2;63;4, QUAI SAINTE- CROIX;M;4483300;-56145;330
2,016E+11;16;8;2;1815;1;2;1;1;2;281;AV LA SOMME=>BORDEAUX;M;4483290;-65292;330
2,016E+11;16;8;7;50;5;2;4;8;3;167;AV 11 NOV.1918/V.AURIOL;M;4484010;-54371;330
2,016E+11;16;8;5;1440;1;2;1;1;6;63;102, AVE THIERS;M;4484380;-55424;330
2,016E+11;16;8;6;535;5;2;3;1;3;63;VELO VENANT CONTRE-ALLEE;M;4484010;-56873;330
2,016E+11;16;8;7;1815;1;2;2;1;3;63;RUE BOUDET;M;4484598;-57667;330
2,016E+11;16;8;5;2155;5;2;5;1;3;63;CRS ST LOUIS/C.GODARD;M;4485510;-57178;330
2,016E+11;16;8;3;1400;1;2;2;7;2;281;CAMLIVREURSTATIONMASQFEU;M;4484110;-64338;330
2,016E+11;16;8;7;20;5;2;3;1;4;13;RN89 Ech26 vers Bdx;M;4486866;-50295;330
2,016E+11;16;8;2;1110;1;2;6;1;3;318;RUE DU MERLE/MAGONTY;M;4479610;-69429;330
2,016E+11;16;8;10;100;5;2;2;1;3;63;R.LFAURE/CRSRACCORDEMENT;M;4486600;-56115;330
2,016E+11;16;8;9;1445;1;2;2;1;3;63;RUE JOSEPHINE/CHANTECRIT;M;4486080;-56111;330
2,016E+11;16;8;5;615;1;2;2;1;3;63;BD DU PDT FRANKLIN ROOSE;M;4482130;-58277;330
2,016E+11;16;8;14;1750;1;2;1;1;6;63;6 RUE GUYART=>Q.PALUDATE;M;4482860;-55401;330
2,016E+11;16;8;13;1840;1;2;2;1;3;63;VL.B VENANT DE GPOMPIDOU;M;4483320;-59856;330
2,016E+11;16;8;12;1200;1;2;1;1;4;63;AV NONTRASTE=>PONT JONC;M;4487730;-56724;330
2,016E+11;16;8;12;1750;1;2;2;1;3;63;AVE DE LAROQUE;M;4487420;-57187;330
2,016E+11;16;8;13;830;1;2;6;1;3;39;RUE DES FRERES LUMIERE;M;4479356;-53521;330
2,016E+11;16;8;14;1245;1;2;3;1;3;63;QUAI DESCHAMPS;M;4483770;-55742;330
2,016E+11;16;8;15;2155;1;2;4;1;1;63;MARNE/ST VINCENT PAUL;M;4482770;-55866;330
2,016E+11;16;8;12;1220;1;2;3;1;3;63;317 THIERS/S.CHANTELOUP;M;4485040;-54317;330
2,016E+11;16;8;14;1740;1;2;3;1;5;63;VL.A=>BENAUGE/BETC>PARIS;M;4483630;-55013;330
2,016E+11;16;8;16;1320;1;2;2;1;3;63;R.E.JACQUET/BONGREMALGRE;M;4482530;-61373;330
2,016E+11;16;8;16;1624;1;2;2;1;3;63;R. BELFORT/R. TONDU;M;4483230;-58170;330
2,016E+11;16;8;22;1;5;2;4;1;5;550;11MAL TASSIGNY/H.DUNANT;M;4477570;-55180;330
2,016E+11;16;8;10;1245;1;2;2;1;3;192;Crs Gal DE GAULLE;M;4477850;-60980;330
2,016E+11;16;8;20;420;5;2;1;8;6;63;S/FRERES MOGA>PONTSTJEAN;M;4482920;-55225;330
2,016E+11;16;8;18;35;5;2;2;1;1;281;AVE DE VERDUN;M;4483934;-63522;330
2,016E+11;16;8;19;1700;1;1;1;1;4;281;RUE DE BEAUDESERT;M;4484620;-69214;330
2,016E+11;16;8;14;2230;3;1;4;1;2;200;D1215;M;4489216;-67161;330
2,016E+11;16;8;22;450;5;2;2;1;6;167;RUE SALVADOR ALLENDE;M;4484710;-51010;330
2,016E+11;16;8;12;750;1;2;2;1;3;162;RUE ANDRE BLANC;M;4487849;-64138;330
2,016E+11;16;8;25;850;1;2;2;1;3;63;A.REINSON/CRS QUEBEC;M;4487800;-57092;330
2,016E+11;16;8;25;610;5;2;2;1;3;63;A.STGERMAIN/R. DE BEGLES;M;4481670;-56597;330
2,016E+11;16;8;20;1640;1;2;1;1;4;119;17AV J.JAURES=>AV CARNOT;M;4485400;-53733;330
2,016E+11;16;8;22;1115;1;2;4;1;6;318;21-25, AVE DU GENERAL LE;M;4479742;-66540;330
2,016E+11;16;8;22;1430;1;2;6;1;3;75;RTE MEDOC/AV CH.GAULLE;M;4487360;-61718;330
2,016E+11;16;8;25;1640;1;2;1;1;2;281;124 AV MAGUDAS>BORDEAUX;M;4485850;-66924;330
2,016E+11;16;8;28;1110;1;2;6;1;6;119;AVE JEAN JAURES;M;4485548;-53521;330
2,016E+11;16;8;26;300;5;2;2;1;3;63;B.STUTTENBERG/MEDOC;M;4485830;-56689;330
2,016E+11;16;8;29;1706;1;2;1;1;3;63;261, BD ALFRED DANEY;M;4487136;-56306;330
2,016E+11;16;8;29;2000;1;2;3;1;3;63;LATTRE TASSIGNY/CARTON;M;4485950;-63136;330
2,016E+11;16;8;29;2245;5;2;9;1;1;63;JRDANDICOLLE/BELLEVILLE;M;4483350;-58464;330
2,016E+11;16;8;29;2220;5;2;2;1;3;63;MANDRON/ST HUBERT/LACOUR;M;4485230;-57911;330
2,016E+11;16;8;30;1710;1;2;1;1;3;63;VL TAS SUR PARKING;M;4483960;-56035;330
2,016E+11;16;8;30;1555;1;2;3;1;6;63;VL:GDS HOMMES>ROUSSEAU;M;4484340;-57765;330
2,016E+11;16;9;1;1710;1;2;1;1;6;63;63, RUE CAMILLE GODARD;M;4485500;-57668;330
2,016E+11;16;9;1;910;1;2;1;1;1;63;52, RUE CHARLES CHAUMET;M;4484775;-61336;330
2,016E+11;16;9;1;700;1;2;1;1;2;281;TRVX-CIRCULA INTERDITE;M;4484790;-70887;330
2,016E+11;16;8;28;1715;1;2;1;1;1;75;CLUBVOILE>BDCHABANDELMAS;M;4487950;-58234;330
2,016E+11;16;9;1;1430;1;2;1;1;2;281;35, AV GRANGE NOIRE;M;4485700;-67640;330
2,016E+11;16;8;30;1915;1;2;6;1;1;522;RUE DE LEYSOTTE;M;4479664;-57953;330
2,016E+11;16;9;4;145;5;2;1;1;6;63;RUE GEORGES BONNAC;M;4484049;-58081;330
2,016E+11;16;9;2;650;5;2;4;1;6;63;CROIX (QUAI SAINTE-);M;4483192;-55934;330
2,016E+11;16;9;2;1830;1;2;1;1;3;63;14-16, CRS E.VAILLANT;M;4485950;-55722;330
2,016E+11;16;9;3;1000;1;2;3;1;3;63;R. E.JACQUET/A.SMITH;M;4482510;-61299;330
2,016E+11;16;8;31;1220;1;2;2;1;3;522;R.G.BIZET/A.MESSAGER;M;4479620;-58842;330
2,016E+11;16;9;3;1100;1;2;1;1;2;281;AV FR. MITTERRAND;M;4481930;-65597;330
2,016E+11;16;9;4;950;1;2;1;1;6;192;SUR PARKING - VL ENTRANT;M;4478590;-60336;330
2,016E+11;16;9;2;1115;1;2;4;1;6;63;CRS SOMME/PLVICTOIRE;M;4483030;-57247;330
2,016E+11;16;9;4;2030;5;2;6;1;4;522;CRS DE LA LIBERATION;M;4480060;-59605;330
2,016E+11;16;9;6;947;1;2;1;1;3;63;74, QUAI DE BRAZZA;M;4485670;-54828;330
2,016E+11;16;9;7;830;1;2;1;1;3;63;80 BD ALBERT 1ER;M;4481380;-56670;330
2,016E+11;16;9;7;1100;1;2;1;1;3;63;NONTRASTE>PONT DU JONC;M;4487730;-56722;330
2,016E+11;16;9;7;2345;5;2;1;1;3;63;VELO VENANT DE L.FAURE;M;4486030;-55393;330
2,016E+11;16;9;6;900;1;1;2;1;3;69;AVE DU MEDOC;M;4488020;-62764;330
2,016E+11;16;9;4;1845;1;2;1;1;6;318;AV CHATAIGNERAIE>CANEJAN;M;4479600;-64855;330
2,016E+11;16;9;4;1845;1;2;1;1;4;63;183, BD GODARD;M;4486356;-58186;330
2,016E+11;16;9;9;1730;1;2;4;1;4;63;BD ALIENOR D'AQUITAINE;M;4487809;-56345;330
2,016E+11;16;9;9;2145;5;2;3;1;2;63;AVE DE LABARDE/P.BAOUR;M;4489074;-54896;330
2,016E+11;16;9;9;1410;1;2;2;1;3;63;BDA.BRANDENBURG/BLANQUI;M;4487590;-54845;330
2,016E+11;16;9;11;230;5;2;1;1;6;63;165, BD GEORGE V;M;4482200;-58417;330
2,016E+11;16;9;12;800;1;2;1;1;4;63;PONTST JEAN>GARE ST JEAN;M;4483180;-55463;330
2,016E+11;16;9;10;2115;5;2;4;1;3;63;LAT.TASSIGNY/RUE CEREY;M;4485590;-61639;330
2,016E+11;16;8;13;2040;2;2;2;1;3;63;Q. PALUDATE/R. SEIGLIERE;M;4482600;-54820;330
2,016E+11;16;9;12;1417;1;2;2;1;3;63;CRS D'ALSACE ET LORRAINE;M;4483774;-57180;330
2,016E+11;16;9;12;1229;1;1;9;1;2;63;PELOUSEDOUET/ACCSHOPITAL;M;4482980;-60733;330
2,016E+11;16;9;7;1915;1;2;2;1;3;75;L' EUROPE/MAR.RESISTANCE;M;4488080;-61182;330
2,016E+11;16;9;9;1435;1;2;1;1;1;318;9, AVE DU VALLON;M;4481180;-62106;330
2,016E+11;16;9;12;1810;1;2;4;1;2;249;ACCES BRETELLE=>A630;M;4488330;-51796;330
2,016E+11;16;9;14;830;1;2;1;1;5;63;157/176 RUE STEHELIN;M;4485700;-63580;330
2,016E+11;16;9;15;555;5;2;2;1;3;63;HUGO / Richemont;M;4483495;-57281;330
2,016E+11;16;9;14;1630;1;2;2;3;3;63;RUE PASTEUR CAUD/AV GARE;M;4484690;-62915;330
2,016E+11;16;9;14;2225;1;2;3;1;3;63;RUE TIVOLI/RUE MOULIS;M;4485500;-58990;330
2,016E+11;16;9;14;2125;5;1;2;1;1;162;RTE  MEDOC/AV HIPPODROME;M;4487678;-62224;330
2,016E+11;16;9;14;1540;1;2;1;1;1;63;RUE LUCIEN FAURE;M;4486696;-56257;330
2,016E+11;16;9;16;1410;1;2;2;2;3;63;VLBDELSAIGNAT=>TONDU;M;4482740;-59239;330
2,016E+11;16;9;16;1420;1;2;1;2;2;63;V.HUGO=>STALINGRAD-;M;4483690;-56519;330
2,016E+11;16;9;12;1930;1;2;4;1;2;318;AVE LEON BLUM/GUIZOT;M;4481350;-62649;330
2,016E+11;16;9;14;1630;1;2;1;2;6;13;17, AVE GAY-LUSSAC;M;4484990;-49741;330
2,016E+11;16;9;17;2030;5;2;2;1;6;281;AVE PIERRE MENDES FRANCE;M;4482604;-63761;330
2,016E+11;16;9;16;1426;1;2;5;2;3;63;2 MERS/THAMIN-POURSUITE;M;4484640;-54063;330
2,016E+11;16;9;18;2235;5;2;6;1;1;550;AVE PIERRE PROUDHON;M;4478504;-58558;330
2,016E+11;16;9;15;745;1;2;1;1;1;281;145 M.DASSAULT=>ROCADE;M;4484650;-72148;330
2,016E+11;16;9;12;945;1;2;1;1;3;550;20, AVENUE MAL DE LATTRE;M;4477360;-54710;330
2,016E+11;16;9;21;830;1;2;9;1;3;63;PIEERE/BONNAC/LACANAU;M;4483773;-59289;330
2,016E+11;16;9;8;1720;1;2;1;1;3;162;8 AV L'HIPPODROME;M;4487480;-62639;330
2,016E+11;16;9;17;430;5;2;2;8;3;281;AVE DE FONCASTEL;M;4483594;-64106;330
2,016E+11;16;9;21;2340;5;2;1;1;6;63;DU PONTCHABAN>STALINGRAD;M;4485140;-55836;330
2,016E+11;16;9;21;1615;1;2;1;1;6;63;103 A.BRIAND=>CRS ALBRET;M;4483100;-57357;330
2,016E+11;16;9;21;1510;1;2;1;1;2;63;19CRSMLGALLIENI>PESSAC;M;4482480;-59028;330
2,016E+11;16;9;21;2155;5;2;6;1;1;63;10 PCE TOURNY/CRS VERDUN;M;4484520;-57789;330
2,016E+11;16;9;22;1500;1;1;1;1;2;39;A631;M;4481975;-53871;330
2,016E+11;16;9;23;140;5;2;1;1;6;63;41, AVE THIERS;M;4484170;-55737;330
2,016E+11;16;9;24;930;1;2;1;1;6;63;FRERESMOGA <=PTSTJEAN;M;4483140;-55696;330
2,016E+11;16;9;23;1843;1;2;1;1;3;63;Q.CHARTRONS FACE R.RAZE;M;4485110;-56927;330
2,016E+11;16;9;16;1340;1;2;1;2;3;69;RUE RAYMOND POINCARE;M;4486081;-59891;330
2,016E+11;16;9;22;820;1;2;1;1;4;281;7, AVE DE VERDUN;M;4483920;-62808;330
2,016E+11;16;9;20;1740;1;2;1;1;6;522;CRS LIBERATION>BORDEAUX;M;4480790;-59138;330
2,016E+11;16;9;23;840;1;2;2;1;3;63;BD PDT WILSON/REPUBLIQUE;M;4484020;-59937;330
2,016E+11;16;9;23;1325;1;2;2;1;3;63;69 BD G.POMPIDOU/BERRUER;M;4483250;-60233;330
2,016E+11;16;9;23;1540;1;2;4;1;3;63;153, GAULLE CAUD (AVE CH;M;4485054;-60612;330
2,016E+11;16;9;23;2155;5;2;3;1;3;39;176 RT TOULOUSE/GROUSSET;M;4480680;-57310;330
2,016E+11;16;9;26;1730;1;2;1;1;3;63;11R.GALIN-VHBVNTD THIERS;M;4484910;-54407;330
2,016E+11;16;9;22;1230;1;2;1;1;3;162;CYCLOVENANTDEAVETAILLAN;M;4488540;-65619;330
2,016E+11;16;9;23;625;5;2;1;1;6;119;Av Carnot;M;4486010;-52975;330
2,016E+11;16;9;22;850;1;1;6;1;1;167;EX RD936/MONDAULTS;M;4484290;-50382;330
2,016E+11;16;9;19;1700;1;2;3;1;3;318;HTLEVEQUE LIMITE CANEJAN;M;4477760;-64548;330
2,016E+11;16;9;27;755;1;2;3;1;3;63;QUAI DESCHAMPS/SEM;M;4483860;-55876;330
2,016E+11;16;9;27;1345;1;1;1;1;2;281;AVE MARCEL DASSAULT;M;4484730;-69555;330
2,016E+11;16;9;29;2125;5;2;4;1;2;63;RUE DE LA BECHADE;M;4482352;-60020;330
2,016E+11;16;9;27;755;1;2;1;1;1;167;08, COTE DE MONREPOS;M;4484520;-52107;330
2,016E+11;16;9;23;1725;1;2;3;1;3;550;AVE EDOUARD BOURLEAUD;M;4478590;-57450;330
2,016E+11;16;9;23;2300;5;2;1;1;2;39;513 RTETOULOUSE>MAYE;M;4478600;-56641;330
2,016E+11;16;9;29;1640;1;2;1;1;6;281;N06=>5 CRSL'YSER=>ROCADE;M;4484170;-64826;330
2,016E+11;16;9;21;1838;1;2;1;1;1;522;MARNE (AVE DE LA);M;4479420;-59705;330
2,016E+11;16;10;1;2135;5;2;4;1;2;63;CENON=>BORDEAUX;M;4483510;-55139;330
2,016E+11;16;9;30;725;2;2;3;1;3;63;R.STEHELIN/SQ B.LECACHE;M;4485360;-62191;330
2,016E+11;16;10;3;1335;1;2;1;1;3;63;ENT112 CASERNEMILITAIRE;M;4482850;-59395;330
2,016E+11;16;10;1;420;5;2;2;2;2;63;CRS MARNE/PEYRONNET;M;4482820;-56077;330
2,016E+11;16;9;21;1540;1;2;2;1;6;63;MERIGNAC (AVENUE DE);M;4483879;-62590;330
2,016E+11;16;10;4;1800;1;2;1;1;4;63;ALL DE BOUTAUT>LE LAC;M;4487080;-57611;330
2,016E+11;16;10;3;840;1;2;1;1;2;281;PDT J.F.KENNEDY=>AEROPOR;M;4483520;-67660;330
2,016E+11;16;10;4;2010;5;2;2;1;1;63;BD A.GAUTIER/G.POMPIDOU;M;4483330;-59874;330
2,016E+11;16;9;23;1755;1;2;3;1;3;162;R.19 MARS 1962/GUYENNE;M;4487530;-64370;330
2,016E+11;16;10;4;1150;1;2;2;1;3;63;MOTO VENANT DE L.FAURE;M;4487040;-56629;330
2,016E+11;16;10;3;1830;1;2;1;1;3;281;CASSIN (AVE RENE);M;4483273;-68168;330
2,016E+11;16;9;27;2030;5;2;1;1;3;550;573, TOULOUSE (RTE DE);M;4478599;-56639;330
2,016E+11;16;10;2;1040;1;2;3;1;2;318;AV MADRAN/R.A.LAURENSON;M;4480520;-65359;330
2,016E+11;16;9;30;1600;1;2;3;1;3;318;AVE ANTOINE BECQUEREL;M;4478935;-64797;330
2,016E+11;16;10;6;1545;1;2;4;1;3;63;DR CH.N.PENARD/ST SERNIN;M;4483890;-58178;330
2,016E+11;16;10;6;930;1;2;3;1;3;63;CRS RACCORDEMENT/BOURBON;M;4486570;-56219;330
2,016E+11;16;10;6;1800;1;2;1;1;2;63;BD ALIENOR D'AQUITAINE;M;4487970;-56282;330
2,016E+11;16;10;6;2010;1;2;1;1;2;63;234/251MALLATTASSIGNY>BX;M;4485650;-61813;330
2,016E+11;16;10;4;930;1;2;4;1;2;281;39PDT JFKENNEDY ACCES;M;4483380;-66815;330
2,016E+11;16;10;3;1135;1;2;2;1;3;522;THOUARS (AVE DE);M;4479733;-59216;330
2,016E+11;16;10;5;1036;1;2;1;1;6;522;PMR(FAUTEUIL ELECTRIQUE);M;4479740;-59921;330
2,016E+11;16;10;7;1030;1;2;3;1;4;39;64RTE TOULOUSE/CTAFFANEL;M;4481190;-57375;330
2,016E+11;16;10;8;2230;5;2;1;1;7;63;112 AVECOUNORD>RAVESIES;M;4486000;-57500;330
2,016E+11;16;10;7;1155;1;2;4;1;3;63;77, ALBRET (CRS D);M;4483520;-58063;330
2,016E+11;16;10;5;730;5;2;2;1;3;69;AVE DE TIVOLI/R.POINCARE;M;4486230;-59309;330
2,016E+11;16;10;9;345;5;2;3;1;6;63;51, AVE THIERS;M;4484188;-55691;330
2,016E+11;16;10;10;1538;1;2;2;1;6;318;CHATAIGNERAIE (AVE DE LA;M;4479568;-64876;330
2,016E+11;16;10;3;745;1;2;6;1;3;39;V.HUGO/MARTYRSRESISTANCE;M;4480760;-56049;330
2,016E+11;16;10;10;1345;1;2;2;1;6;63;R.CROIX BLANCHE/J.SOULA;M;4484510;-59187;330
2,016E+11;16;10;10;1008;1;2;2;1;3;63;66, POMPIDOU (BD GEORGES;M;4483248;-60228;330
2,016E+11;16;9;27;1150;1;2;1;1;6;318;6 ALLEE LILAS;M;4479290;-62918;330
2,016E+11;16;10;4;1110;1;2;4;1;6;550;80, RUE FERNAND SOORS;M;4476344;-56580;330
2,016E+11;16;10;4;945;1;2;1;1;3;200;10TOUSSAINTCATROS>MAGUDA;M;4485990;-69583;330
2,016E+11;16;10;9;1830;1;2;1;1;4;281;AVE FRANCOIS MITTERRAND;M;4481378;-68985;330
2,016E+11;16;10;11;1635;1;2;3;1;1;63;CYCLO: DE PASTEUR>QUAIS;M;4483530;-56956;330
2,016E+11;16;10;12;745;2;2;2;1;3;63;V.HUGO/FERME RICHEMONT;M;4483500;-57205;330
2,016E+11;16;10;13;810;1;2;2;1;3;63;MOUNEYRA (RUE );M;4483006;-58934;330
2,016E+11;16;10;5;2210;5;2;3;1;3;522;AV P.CORNEILLE/S.ALLENDE;M;4478900;-58709;330
2,016E+11;16;10;10;1758;1;2;1;1;3;281;208 AV DE LA MARNE;M;4483400;-63797;330
2,016E+11;16;10;11;1800;1;2;1;1;6;281;AVE PIERRE MENDES FRANCE;M;4482820;-63885;330
2,016E+11;16;10;11;745;2;2;2;1;3;63;RUE PASTEUR CAUD;M;4484530;-61552;330
2,016E+11;16;10;15;1000;1;2;2;1;3;63;RUE MANDRON/H.EXPERT;M;4485800;-58780;330
2,016E+11;16;10;15;1550;1;2;3;1;3;63;CRS DE VERDUN/GOURGUES;M;4484710;-57668;330
2,016E+11;16;10;16;1915;2;2;4;1;2;63;71B R.PASTEUR>MERIGNAC;M;4484460;-60352;330
2,016E+11;16;10;16;2330;5;2;4;1;3;281;AV L'ARGONNE/PROCESSION;M;4482240;-69083;330
2,016E+11;16;10;17;900;1;2;1;2;1;63;GEORGEV (TUNNEL-STGENES);M;4482130;-58298;330
2,016E+11;16;10;18;20;5;2;9;1;6;63;DE ALLEE TOURNY=>MUNICH;M;4484440;-57460;330
2,016E+11;16;10;17;2145;5;2;3;1;3;63;BIR HAKEIM/Q.SALINIERES;M;4483670;-56542;330
2,016E+11;16;10;18;940;1;2;2;1;6;63;RUE DE CURSOL;M;4483471;-57834;330
2,016E+11;16;10;18;900;1;2;3;1;3;63;V.HUGO/FERME RICHEMONT;M;4483500;-57205;330
2,016E+11;16;10;15;10;5;2;4;1;3;281;AVE PRESIDENT J.F. KENNE;M;4483281;-65322;330
2,016E+11;16;10;14;745;1;2;1;1;6;63;FACE No3 GAL LECLERC;M;4485100;-60674;330
2,016E+11;16;10;14;2115;5;2;3;1;3;522;THOUARS (AVE DE);M;4479623;-59235;330
2,016E+11;16;10;10;1100;1;2;1;1;6;200;14, RUE SAINTE CHRISTINE;M;4488111;-68290;330
2,016E+11;16;10;19;1840;1;2;1;1;3;167;CROISEMENT PSTE CYCLABLE;M;4483810;-53274;330
2,016E+11;16;10;19;2030;5;2;3;1;2;281;361, AVE DE VERDUN;M;4483940;-63632;330
2,016E+11;16;10;14;1300;1;2;2;1;3;39;RUE LOUIS BRAILLE;M;4480315;-56819;330
2,016E+11;16;10;14;1530;1;1;1;1;3;75;AVE J. CHABAN DELMAS;M;4488600;-58678;330
2,016E+11;16;10;16;142;5;2;1;1;6;119;30, AVE JEAN JAURES;M;4485462;-53649;330
2,016E+11;16;10;19;1940;1;2;4;1;6;63;CRS DE L'YSER/PELLEPORT;M;4481940;-57227;330
2,016E+11;16;10;20;2150;5;2;2;1;3;63;R.G.BONNAC/R.CHAUFFOUR;M;4483870;-58920;330
2,016E+11;16;10;20;2135;5;1;1;1;6;167;DU GIR RD936=>CHN BORIES;M;4484120;-49644;330
2,016E+11;16;10;18;940;1;2;1;1;2;75;36, RUE DES REDUITS;M;4488317;-59497;330
2,016E+11;16;10;24;245;5;1;1;1;6;39;VENANT DU BD FRERES MOGA;M;4482010;-53919;330
2,016E+11;16;10;18;1220;1;2;2;1;3;281;AVE PIERRE MENDES FRANCE;M;4483264;-64062;330
2,016E+11;16;10;21;1342;1;2;3;1;6;281;AVE PIERRE MENDES FRANCE;M;4481451;-63481;330
2,016E+11;16;10;24;1510;1;2;3;1;6;63;35, Av CH DE GAULLE;M;4484882;-59890;330
2,016E+11;16;10;19;1741;1;2;4;1;1;550;CHEM GASTON;M;4477777;-57421;330
2,016E+11;16;10;20;2050;5;2;2;1;3;522;RUE BOURGES/RUE SPORTS;M;4481490;-58021;330
2,016E+11;16;10;22;2150;5;2;4;1;1;318;AVE PASTEUR;M;4480260;-64312;330
2,016E+11;16;10;23;645;5;2;1;1;2;162;122 L'HIPPODROME>BRUGES;M;4487150;-63402;330
2,016E+11;16;10;24;845;1;2;6;1;3;192;RUE DE BENEDIGUES;M;4477722;-59296;330
2,016E+11;16;10;22;1920;5;2;1;1;3;162;168AV MEDOC-VH.A>D1215;M;4488640;-63999;330
2,016E+11;16;10;21;1610;1;2;1;1;6;192;49, CRS GAL DE GAULLE;M;4478220;-60767;330
2,016E+11;16;10;21;1405;1;2;4;1;1;192;RUE DES SAULES/LAURIERS;M;4477390;-61209;330
2,016E+11;16;10;26;2045;5;2;2;1;2;63;PCE LOUIS BARTHOU;M;4482127;-58274;330
2,016E+11;16;10;21;740;5;2;4;1;6;318;BOURGAILH>LECLERC;M;4479920;-66319;330
2,016E+11;16;10;21;1640;1;2;2;1;6;522;PIETON SUR FAUTEUIL;M;4480680;-59172;330
2,016E+11;16;10;25;1445;1;2;3;1;3;63;AVE DES QUARANTE JOURNAU;M;4487877;-56842;330
2,016E+11;16;10;21;1740;1;2;4;1;3;75;TERREFORT/MARYSE BASTIE;M;4488810;-61407;330
2,016E+11;16;10;27;845;1;2;2;1;3;63;BRAZZA/BOUTHIER/QUEYRIES;M;4485210;-55710;330
2,016E+11;16;10;27;1820;1;2;1;1;1;63;QUAI DE BRAZZA;M;4485269;-55592;330
2,016E+11;16;10;27;2200;5;2;2;1;3;249;DIRECTION LORMONT;M;4486590;-51300;330
2,016E+11;16;10;28;645;5;2;2;1;2;63;211, RUE DE SAINT GENES;M;4482319;-58215;330
2,016E+11;16;10;28;2115;5;2;2;1;1;522;TREMEUGE (RUE DE);M;4480233;-58626;330
2,016E+11;16;11;1;600;5;2;2;1;3;63;JOLIOTCURIE/PONT STJEA N;M;4483630;-55013;330
2,016E+11;16;10;30;200;5;2;1;1;6;63;BD JOLIOT-CURIE;M;4484180;-54304;330
2,016E+11;16;10;31;1021;1;2;1;1;6;63;PORTE BOURGOGNE=>BOURSE;M;4484090;-56940;330
2,016E+11;16;10;26;1340;1;2;6;1;4;281;30, AVE DE LA GRANGE NOI;M;4485421;-67722;330
2,016E+11;16;10;30;25;5;2;7;1;6;63;TRAM => TALENCE;M;4482130;-58277;330