Num_Acc;an;mois;jour;hrmn;lum;agg;int;atm;col;com;adr;gps;lat;long;dep
2,016E+11;16;10;8;1535;1;2;1;7;3;32;RENOIR AUGUSTE (RUE);M;4335940;323495;340
2,016E+11;16;11;6;820;1;1;1;1;2;32;BADIE VINCENT (RD POINT);M;4334750;325379;340
2,016E+11;16;11;9;2330;5;2;1;9;1;32;53, MARNE (AV DE LA);M;4333710;321532;340
2,016E+11;16;12;14;830;1;2;1;1;2;32;0, CHICLANA (RUE DE);M;4333510;327153;340
2,016E+11;16;12;14;955;1;2;1;1;7;32;0, CADENAT JULES (BD);M;4333650;325561;340
2,016E+11;16;12;17;1115;1;2;1;1;5;32;0, ROUTE DEPARTEMENTALE;M;4336540;323148;340
2,016E+11;16;11;19;25;3;1;1;1;6;32;NR, MURVIEL (ROUTE DE);M;4336520;318937;340
2,016E+11;16;1;3;1640;2;2;1;1;7;172;., PAVELET (AVENUE DU CO;M;4357979;386861;340
2,016E+11;16;1;4;1055;1;1;1;8;3;172;., MOULINS (AVENUE DES;M;4363360;384352;340
2,016E+11;16;1;4;1840;5;2;2;1;3;172;PAS DU LOUP (RUE DU;M;4359507;384411;340
2,016E+11;16;1;4;1950;5;2;1;8;4;172;49, RABELAIS (BOULEVARD);M;4360177;388395;340
2,016E+11;16;1;5;1607;1;2;2;1;3;172;TOULOUSE (AVENUE DE;M;4359320;385970;340
2,016E+11;16;1;6;1330;1;2;1;1;3;172;0, RAYMOND DUGRAND (AVEN;M;4359490;390543;340
2,016E+11;16;1;1;1625;1;2;1;8;5;172;LIBERTE (AVENUE DE LA;M;4359628;387670;340
2,016E+11;16;1;10;1335;1;2;3;1;6;172;SAINT CLEOPHAS (RUE);M;4360040;386764;340
2,016E+11;16;1;12;1750;2;2;1;1;7;172;SANS, VALERY (BOULEVARD;M;4359160;385391;340
2,016E+11;16;1;14;635;5;2;3;1;6;172;0, TANNEURS (QUAI DES);M;4361690;387368;340
2,016E+11;16;1;15;1710;1;2;1;1;3;172;619, TRIOLET (RUE DU);M;4362840;386118;340
2,016E+11;16;1;16;515;5;2;1;1;6;172;1383, TOULOUSE  AVENUE D;M;4359095;385728;340
2,016E+11;16;12;24;1420;1;2;3;1;3;172;PONT JUVENAL (AVENUE DU);M;4360590;389409;340
2,016E+11;16;1;16;1145;1;2;1;1;3;172;44, CHASSEURS (RUE DES);M;4360230;385630;340
2,016E+11;16;1;19;1135;1;2;1;1;6;172;27, BROUSSE (RUE PAUL);M;4360740;387349;340
2,016E+11;16;1;19;1955;3;1;1;8;1;129;0, AGAU (AVENUE DE L');M;4358220;390890;340
2,016E+11;16;1;22;630;5;2;1;1;1;172;140, TOULOUSE (AVENUE DE;M;4359340;385994;340
2,016E+11;16;1;23;1130;1;2;3;1;3;172;., TOULOUSE (AVENUE DE;M;4359900;386600;340
2,016E+11;16;1;23;1950;5;2;1;1;4;172;GIRAUD (AVENUE DU DOYEN;M;4363130;385066;340
2,016E+11;16;1;24;1535;1;1;1;1;7;198;0, D66  VOIE RAPIDE;M;4356670;395690;340
2,016E+11;16;1;27;1240;1;2;6;1;6;172;41, FAUBOURG SAINT JAUME;M;4361540;386948;340
2,016E+11;16;1;27;1310;1;2;1;1;7;172;., HEREDIA (RUE JOSE MAR;M;4360560;385671;340
2,016E+11;16;1;28;1800;2;2;1;1;3;172;403, RAVAZ (AVENUE DU PR;M;4361970;385142;340
2,016E+11;16;1;28;1830;5;2;1;1;6;172;MONTPELLIER (AVENUE MARI;M;4360010;389620;340
2,016E+11;16;1;30;1050;1;2;1;1;3;172;1637, SOULAS (AVENUE DU;M;4362500;385099;340
2,016E+11;16;1;31;2150;5;2;1;1;6;172;ZENITH (ROND POINT DU);M;4360840;393045;340
2,016E+11;16;2;1;1530;1;1;1;1;7;198;D66  VOIE RAPIDE;M;4356730;395627;340
2,016E+11;16;2;1;1105;1;2;2;1;3;172;0, DOMITIENNE (VOIE);M;4362380;386205;340
2,016E+11;16;12;22;1540;1;2;1;1;6;172;24, SAINT LOUIS (RUE);M;4361270;386670;340
2,016E+11;16;2;2;2110;5;2;3;1;3;172;431, DEZEUZE (RUE FRANCO;M;4360860;384604;340
2,016E+11;16;2;2;2330;5;2;1;1;6;172;GIRAUD (AVENUE DU DOYEN;M;4363460;384923;340
2,016E+11;16;2;3;1015;1;2;1;1;6;172;sans, POSEIDON (RUE);M;4360790;389411;340
2,016E+11;16;2;4;1000;1;2;1;1;3;172;1617, SOULAS (AVENUE DU;M;4362500;385100;340
2,016E+11;16;2;4;1830;5;2;2;1;3;172;MAS ARGELLIERS (AVENUE D;M;4358330;388730;340
2,016E+11;16;2;5;830;1;2;3;1;3;172;1366, TRINQUAT PONT DE 1;M;4359420;389837;340
2,016E+11;16;2;8;920;1;2;1;1;6;172;681, ROUGET DE LISLE (RU;M;4359520;383764;340
2,016E+11;16;2;8;1810;5;2;1;1;2;172;., VENTRE (ROND-POINT JU;M;4361830;386308;340
2,016E+11;16;2;10;755;1;2;1;1;7;172;., LIBERTE (AVENUE DE LA;M;4359700;387587;340
2,016E+11;16;2;4;2200;5;2;1;1;6;129;SANS, FIGUIERES (AVENUE;M;4358690;392986;340
2,016E+11;16;2;15;920;1;2;1;1;7;172;EINSTEIN (AVENUE ALBERT;M;4360960;390900;340
2,016E+11;16;2;15;1310;1;2;2;1;2;172;, VANIERES (AVENUE DE);M;4359670;384481;340
2,016E+11;16;2;16;1110;1;2;1;1;7;172;.SANS, MIDI (PLACE DU);M;4363080;382129;340
2,016E+11;16;2;19;1620;1;2;1;1;4;129;., BOIRARGUES (AVENUE DE;M;4357300;390818;340
2,016E+11;16;2;19;1700;1;2;1;1;6;172;130, LODEVE (AVENUE DE;M;4361154;384661;340
2,016E+11;16;2;20;1510;1;2;1;1;3;172;7, FLAHAULT (AVENUE CHAR;M;4361980;386541;340
2,016E+11;16;2;21;640;5;2;3;1;3;172;.SANS, SOULAS (AVENUE DU;M;4362270;385453;340
2,016E+11;16;2;22;1405;1;2;1;2;2;172;29, CAPITAINE CROIX DU;M;4360280;386381;340
2,016E+11;16;2;22;1915;5;2;2;1;6;172;FOURBISSEURS (RUE DES);M;4359170;387359;340
2,016E+11;16;2;25;1135;1;2;2;1;3;172;0, MOULARES (CHEMIN DE;M;4360014;389459;340
2,016E+11;16;2;25;1258;1;2;1;1;6;172;., HEIDELBERG (AVENUE DE;M;4362400;381150;340
2,016E+11;16;2;28;1948;5;2;1;1;6;172;SAINT HILAIRE (RUE DE);M;4359130;389104;340
2,016E+11;16;3;2;1545;1;2;3;1;3;172;SANS, ABRIVADO (RUE DE L;M;4358960;388789;340
2,016E+11;16;3;3;1540;1;2;1;1;7;172;BRET (ROND POINT PAUL LO;M;4357690;387399;340
2,016E+11;16;3;7;915;1;2;2;1;1;172;COMTE DE MELGUEIL (RUE D;M;4360370;389035;340
2,016E+11;16;3;8;1710;1;2;1;1;6;172;18, REPUBLIQUE (RUE DE L;M;4360727;387976;340
2,016E+11;16;3;8;1600;1;2;1;1;2;172;., LIBERTE (AVENUE DE LA;M;4360930;383809;340
2,016E+11;16;3;8;1742;1;2;1;1;6;172;252, VAUGUIERES (ROUTE D;M;4360530;390597;340
2,016E+11;16;3;9;920;1;2;1;1;7;172;0, PONT DE LATTES (RUE D;M;4360560;388221;340
2,016E+11;16;3;9;1705;1;2;1;2;6;172;., TOULOUSE (AVENUE DE;M;4359120;385752;340
2,016E+11;16;3;9;1755;2;2;1;2;4;172;LIBERTE (AVENUE DE LA;M;4361410;382168;340
2,016E+11;16;3;9;1930;5;2;1;8;3;172;11 TER, LEPIC (AVENUE);M;4360120;386539;340
2,016E+11;16;3;10;740;1;1;1;1;2;172;SANS, MONDIAL 98 (AVENUE;M;4360330;390694;340
2,016E+11;16;3;11;1100;1;2;1;1;7;172;63 BIS, LODEVE (AVENUE D;M;4360990;386202;340
2,016E+11;16;3;14;1755;1;2;3;1;1;172;SORBES (RUE DE LAS;M;4361670;386033;340
2,016E+11;16;3;15;1256;1;2;1;1;4;172;765, BECQUEREL (RUE HENR;M;4361130;391491;340
2,016E+11;16;3;15;1630;1;2;1;1;3;172;, LIBERTE (AVENUE DE LA;M;4360540;386484;340
2,016E+11;16;3;17;750;1;2;1;2;7;172;53, LAVERUNE (ROUTE DE;M;4360240;385406;340
2,016E+11;16;3;19;410;5;2;1;1;6;172;6, LEPIC (AVENUE);M;4360120;386570;340
2,016E+11;16;3;23;2110;5;2;6;1;2;172;SANS, COLOMB (PLACE CHRI;M;4358793;386891;340
2,016E+11;16;3;24;2100;5;2;1;1;2;172;SANS, COMEDIE (TUNNEL DE;M;4360880;388247;340
2,016E+11;16;3;27;2000;2;2;2;1;1;172;SANS, JUSTICE DE CASTELN;M;4362690;386981;340
2,016E+11;16;3;29;850;1;2;1;1;3;172;4, ABRIVADO (RUE DE L');M;4358940;388893;340
2,016E+11;16;3;29;1510;1;2;1;1;1;172;19, BERTIN-SANS (AVENUE;M;4362940;386341;340
2,016E+11;16;3;30;600;5;2;3;1;3;172;FLAHAULT (AVENUE CHARLES;M;4361980;386546;340
2,016E+11;16;3;30;2310;5;2;1;1;6;172;15 A, FIGAIRASSE (RUE DE;M;4360770;384919;340
2,016E+11;16;4;1;1050;1;2;3;1;3;172;1255, MAURIN (AVENUE DE;M;4359390;387532;340
2,016E+11;16;4;2;1510;1;1;1;2;2;198;SANS, D66  VOIE RAPIDE;M;4356260;396012;340
2,016E+11;16;4;4;810;1;2;1;2;6;172;117, PAS DU LOUP (RUE DU;M;4360010;384822;340
2,016E+11;16;4;5;2205;3;2;1;1;7;172;RAUZE (RUE DE LA);M;4359020;389964;340
2,016E+11;16;4;7;1730;1;2;1;1;4;172;SANS, LOUISVILLE (AVENUE;M;4362380;381560;340
2,016E+11;16;4;10;1210;1;2;1;1;3;172;SANS, VANIERES (AVENUE D;M;4359670;384504;340
2,016E+11;16;4;10;1700;1;1;1;1;6;198;GARRIGUE (CHEMIN DE);M;4357170;393770;340
2,016E+11;16;4;6;2005;1;2;1;8;1;172;0, MAS DE MERLE (RUE DU);M;4360510;385955;340
2,016E+11;16;4;13;1500;1;2;1;1;4;172;SANS, LIBERTE (AVENUE DE;M;4360130;386840;340
2,016E+11;16;4;13;2343;5;2;6;1;3;172;FLANDRES-DUNKERQUE (PLA;M;4358970;385691;340
2,016E+11;16;4;14;1735;1;2;1;1;3;172;SANS, VIALA (AVENUE PROF;M;4363640;382773;340
2,016E+11;16;4;15;745;1;2;1;1;3;172;SANS, VINCI (RUE LEONARD;M;4360530;390697;340
2,016E+11;16;4;15;1400;1;2;2;1;2;172;VIEILLE POSTE (RUE DE LA;M;4361150;390079;340
2,016E+11;16;4;18;825;1;2;1;1;2;172;MENDES FRANCE (AVENUE PR;M;4360970;390792;340
2,016E+11;16;4;16;1645;1;2;1;1;7;172;SALAISON (RUE DE);M;4362170;390365;340
2,016E+11;16;4;10;1845;1;2;1;1;1;172;47, TOULOUSE (AVENUE DE;M;4359850;386541;340
2,016E+11;16;4;19;1445;1;2;1;1;6;172;SANS, INDUSTRIE (RUE DE;M;4358840;388428;340
2,016E+11;16;4;19;1550;1;2;1;1;2;172;SANS, MAS ARGELLIERS (AV;M;4358340;388744;340
2,016E+11;16;4;19;1805;1;2;3;1;3;172;18, VIEUSSENS (BOULEVARD;M;4360030;387824;340
2,016E+11;16;4;22;35;5;2;1;2;3;172;SANS, RAYMOND DUGRAND (A;M;4359810;390302;340
2,016E+11;16;4;22;730;1;2;1;1;1;172;148, CARRIEU (RUE MARIUS;M;4361700;384242;340
2,016E+11;16;4;25;1400;1;2;2;1;3;172;SANS, FLAHAULT (AVENUE C;M;4362400;386221;340
2,016E+11;16;4;25;1350;1;2;1;1;6;172;SANS, ZENITH (ROND POINT;M;4360840;393059;340
2,016E+11;16;4;26;1600;1;2;2;1;3;172;SANS, LODEVE (AVENUE DE;M;4361460;383567;340
2,016E+11;16;4;26;1737;1;2;3;1;1;172;SANS, TOULOUSE (AVENUE D;M;4358610;385227;340
2,016E+11;16;4;26;2305;3;1;1;1;3;129;D116;M;4356110;386666;340
2,016E+11;16;4;28;1145;1;2;1;1;5;172;RIMBAUD (RUE PAUL);M;4361900;384778;340
2,016E+11;16;4;28;1710;1;1;1;1;6;172;ALLEE MANITAS DE PLATA;M;4361250;393019;340
2,016E+11;16;5;2;1800;1;2;1;1;3;172;SANS, MILHAUD (BOULEVARD;M;4361120;385758;340
2,016E+11;16;5;3;1445;1;2;1;1;2;172;PONT JUVENAL (AVENUE DU);M;4360630;389796;340
2,016E+11;16;5;4;1920;1;2;2;1;3;172;ECOLE D'AGRICULTURE-GABR;M;4361560;385615;340
2,016E+11;16;5;7;1230;1;2;1;1;2;198;SANS, D66  VOIE RAPIDE;M;4355820;396399;340
2,016E+11;16;5;9;850;1;2;1;1;3;172;SANS, VILLENEUVE-ANGOULE;M;4359330;386642;340
2,016E+11;16;5;10;1930;2;2;1;2;7;172;16, PARIS (ALLEE DE);M;4361140;383331;340
2,016E+11;16;5;11;1540;1;2;1;8;3;172;29, ASSAS (AVENUE D');M;4361460;386469;340
2,016E+11;16;5;13;1830;1;2;1;2;6;172;29, GAMBETTA (COURS);M;4360700;387094;340
2,016E+11;16;5;13;1708;1;2;1;2;3;172;138, TOULOUSE (AVENUE DE;M;4359360;385994;340
2,016E+11;16;5;13;1848;1;2;1;2;6;172;921, RAVAZ (AVENUE DU PR;M;4362210;384611;340
2,016E+11;16;5;14;1830;1;2;1;1;7;172;238, PRADIERS (RUE DES);M;4361430;389129;340
2,016E+11;16;5;16;1950;1;2;2;1;1;172;PAS DU LOUP (RUE DU;M;4359320;384373;340
2,016E+11;16;5;17;1015;1;2;1;1;6;172;896, HEIDELBERG (AVENUE;M;4362590;381310;340
2,016E+11;16;5;18;915;1;2;9;1;6;172;754, VILLENEUVE-ANGOULEM;M;4359520;386775;340
2,016E+11;16;5;19;1350;1;2;1;1;2;172;SANS, ODYSSEUM (PLACE);M;4360460;391443;340
2,016E+11;16;5;19;1920;1;2;1;1;7;172;., LIBERTE (AVENUE DE LA;M;4361000;383581;340
2,016E+11;16;5;20;1830;1;2;1;1;3;172;SANS, CLARET (RUE DE);M;4360210;386679;340
2,016E+11;16;5;21;150;5;2;1;1;6;172;RAYMOND DUGRAND (AVENUE);M;4359540;390499;340
2,016E+11;16;5;21;1015;1;2;2;1;3;172;SANS, GRASSET (AVENUE DU;M;4362470;386724;340
2,016E+11;16;5;25;2355;5;2;3;1;3;172;ALCO (RUE D';M;4361620;384106;340
2,016E+11;16;5;25;1145;1;2;3;1;2;172;PARGUEL (AVENUE ABBE PAU;M;4363710;385996;340
2,016E+11;16;5;26;1015;1;2;1;1;1;172;CASTELLE (RUE DE LA);M;4357680;386819;340
2,016E+11;16;5;28;2040;5;2;1;2;1;172;LIBERTE (AVENUE DE LA;M;4361010;383540;340
2,016E+11;16;5;28;2115;5;2;1;2;3;172;FONT FROIDE (RUE DE LA);M;4364650;384446;340
2,016E+11;16;5;29;315;5;2;1;3;6;172;RAYMOND DUGRAND (AVENUE);M;4359660;390411;340
2,016E+11;16;5;29;2320;5;2;1;1;6;172;GIRAUD (AVENUE DU DOYEN;M;4362770;385605;340
2,016E+11;16;6;1;1810;1;2;1;8;7;172;., VERDANSON (QUAI DU);M;4361700;387347;340
2,016E+11;16;6;3;740;1;1;2;1;1;172;SANS, BOYER (RUE);M;4360150;387920;340
2,016E+11;16;6;3;940;1;2;3;1;3;172;16, ASSAS (AVENUE D');M;4361330;386668;340
2,016E+11;16;6;3;1600;1;2;1;1;4;172;GOSSEC (RUE FRANCOIS-JOS;M;4357550;386983;340
2,016E+11;16;6;4;35;5;2;1;1;3;172;SANS, MONTELS-EGLISE (RU;M;4358027;388111;340
2,016E+11;16;6;4;1655;1;2;2;1;3;172;0, LAVERUNE (ROUTE DE;M;4360290;385517;340
2,016E+11;16;6;6;1550;1;2;1;1;6;172;1, BERTHELOT (BOULEVARD);M;4360130;386937;340
2,016E+11;16;6;8;1145;1;2;2;1;3;172;., CHAMPLAIN (AVENUE SAM;M;4360720;388855;340
2,016E+11;16;6;9;900;1;2;1;1;1;172;85, PALAVAS (AVENUE DE);M;4359530;388806;340
2,016E+11;16;6;9;1220;1;2;1;1;2;172;SANS, MENDES FRANCE (AVE;M;4361020;390531;340
2,016E+11;16;6;9;1406;1;2;1;1;6;172;RAYMOND DUGRAND (AVENUE);M;4360020;390211;340
2,016E+11;16;6;9;1800;1;2;1;1;6;172;AEROPORT INTERNATIONAL (;M;4360880;389287;340
2,016E+11;16;6;11;645;3;1;1;1;6;129;D116;M;4356190;386727;340
2,016E+11;16;6;12;1430;1;2;1;1;1;172;., LIBERTE (AVENUE DE LA;M;4361020;383506;340
2,016E+11;16;6;13;1900;1;2;1;1;1;172;1072, MELIES (RUE GEORGE;M;4360702;392344;340
2,016E+11;16;6;14;1900;1;2;3;1;1;172;32, ASSAS (AVENUE D');M;4361440;386512;340
2,016E+11;16;6;15;1800;1;2;1;1;3;172;MENDES FRANCE (AVENUE PR;M;4360928;389830;340
2,016E+11;16;6;15;2330;5;2;6;2;3;172;PRES D'ARENES (ROND-POIN;M;4358910;389063;340
2,016E+11;16;5;21;1;5;2;7;1;7;129;EUROPE (AVENUE DE L');M;4357050;390438;340
2,016E+11;16;6;16;1800;1;2;1;1;7;172;00, BECQUEREL (RUE HENRI;M;4361440;391479;340
2,016E+11;16;6;18;125;5;2;6;2;3;172;APPEL DU 18 JUIN (ROND-P;M;4363730;383089;340
2,016E+11;16;6;18;1445;1;1;1;1;2;172;SANS, RN109 A RN113;M;4360830;382118;340
2,016E+11;16;6;24;200;5;2;3;1;7;198;LEVADES (AVENUE DES);M;4356800;395525;340
2,016E+11;16;6;24;1515;1;2;1;1;3;172;SANS, TOULOUSE (AVENUE D;M;4358680;385297;340
2,016E+11;16;6;24;2040;1;2;1;1;6;172;949, RAVAZ (AVENUE DU PR;M;4362250;384829;340
2,016E+11;16;6;25;2010;1;2;1;1;3;172;., TOULOUSE (AVENUE DE;M;4358780;385406;340
2,016E+11;16;6;27;830;1;2;1;1;6;172;336, SOULAS (AVENUE DU P;M;4361840;386355;340
2,016E+11;16;6;27;645;1;2;1;1;3;172;SANS, LAVERUNE (ROUTE DE;M;4360290;385524;340
2,016E+11;16;6;27;1125;1;2;1;1;6;172;1, TANNEURS (QUAI DES);M;4361700;387335;340
2,016E+11;16;6;28;800;1;2;9;1;3;172;BECQUEREL (RUE HENRI);M;4361410;391448;340
2,016E+11;16;7;1;1950;1;2;3;1;4;172;41, FAUBOURG FIGUEROLLES;M;4360680;386580;340
2,016E+11;16;7;2;127;5;2;4;1;3;172;PEQUET (RUE HENRI);M;4361680;391080;340
2,016E+11;16;7;3;645;1;2;1;1;2;172;., MENDES FRANCE (AVENUE;M;4361010;390399;340
2,016E+11;16;7;4;835;1;2;2;1;6;172;LEPINE (RUE LOUIS);M;4361350;391210;340
2,016E+11;16;7;5;850;1;2;6;1;3;172;APPEL DU 18 JUIN (ROND-P;M;4363670;383075;340
2,016E+11;16;7;7;1555;1;2;2;1;3;172;BERTHELOT (BOULEVARD);M;4359960;387549;340
2,016E+11;16;7;7;2155;5;2;1;1;6;172;24, STRASBOURG (BOULEVAR;M;4360350;388877;340
2,016E+11;16;7;9;1004;1;2;1;1;3;172;SANS, MELIES (RUE GEORGE;M;4360650;392411;340
2,016E+11;16;7;9;1330;1;2;2;1;3;172;FLAUGERGUES (RUE);M;4360690;388215;340
2,016E+11;16;7;11;1630;1;2;1;1;6;198;0, MONTPELLIER (AVENUE D;M;4357040;394059;340
2,016E+11;16;7;12;1920;1;2;1;1;2;172;SANS, DELMAS (RUE);M;4362340;389219;340
2,016E+11;16;7;13;2107;5;2;6;1;6;172;APPEL DU 18 JUIN (ROND-P;M;4363730;383097;340
2,016E+11;16;7;15;53;5;1;1;1;4;129;PALAVAS D986 (ROUTE DE);M;4358728;389362;340
2,016E+11;16;7;18;1345;1;2;1;1;5;172;SANS, RAYMOND DUGRAND (A;M;4359930;390275;340
2,016E+11;16;7;18;1940;1;2;1;1;3;172;SANS, DOMITIENNE (VOIE);M;4362400;386201;340
2,016E+11;16;7;20;525;5;2;2;1;3;172;SANS, INDUSTRIE (RUE DE;M;4358910;388477;340
2,016E+11;16;7;20;1220;1;2;1;1;6;172;60, DUBOUT (AVENUE ALBER;M;4359690;387847;340
2,016E+11;16;7;18;740;1;2;1;1;3;172;0, GALOIS (ROND-POINT EV;M;4361280;392211;340
2,016E+11;16;7;23;1925;1;2;3;1;6;198;0, PAGNOL (AVENUE MARCEL;M;4333380;357909;340
2,016E+11;16;7;25;1750;1;2;1;1;6;129;SANS, PEROLS D132 (AVENU;M;4356040;392286;340
2,016E+11;16;7;26;840;1;2;2;1;3;172;., SAINT LAZARE (AVENUE;M;4362480;388918;340
2,016E+11;16;7;26;1535;1;2;1;1;2;172;20, LAVERUNE (ROUTE DE;M;4360340;385672;340
2,016E+11;16;7;26;1712;1;2;2;1;1;172;EUROPE (AVENUE DE L');M;4363440;382253;340
2,016E+11;16;7;28;2300;5;2;3;1;3;172;58, CLEMENCEAU (AVENUE G;M;4360170;386916;340
2,016E+11;16;7;29;930;1;2;9;1;2;172;CASTELLE (RUE DE LA);M;4357940;386907;340
2,016E+11;16;7;30;1345;1;2;1;1;6;172;1BIS, TANNEURS (QUAI DES;M;4361610;387501;340
2,016E+11;16;7;31;1350;1;2;1;1;6;172;SANS, LAVERUNE (ROUTE DE;M;4359271;382907;340
2,016E+11;16;8;1;1140;1;2;2;1;3;172;., VANEL (RUE CHARLES);M;4358860;386084;340
2,016E+11;16;8;1;2030;1;2;2;1;3;172;VIEILLE POSTE (RUE DE LA;M;4361350;390493;340
2,016E+11;16;8;2;855;1;2;1;1;3;172;., JUSTICE DE CASTELNAU;M;4362700;387300;340
2,016E+11;16;8;2;1740;1;2;1;1;2;172;., PAVELET (AVENUE DU CO;M;4358000;386835;340
2,016E+11;16;8;3;1505;1;2;1;1;3;172;0, LIBERTE (AVENUE DE LA;M;4359760;387501;340
2,016E+11;16;8;6;1415;1;2;1;1;3;172;., GAMBETTA (COURS);M;4360640;387214;340
2,016E+11;16;8;8;2005;1;2;1;1;3;172;MENDES FRANCE (AVENUE PR;M;4360920;390801;340
2,016E+11;16;8;11;1930;1;2;1;1;4;172;., LIBERTE (AVENUE DE LA;M;4361010;383100;340
2,016E+11;16;8;19;2020;1;2;2;1;3;172;LODEVE (AVENUE DE;M;4361380;383941;340
2,016E+11;16;8;22;20;5;2;1;1;6;172;SANS, VINCENT (RUE GENER;M;4360860;386755;340
2,016E+11;16;8;24;1835;1;2;1;1;3;172;., MONTELS-EGLISE (RUE D;M;4357800;387581;340
2,016E+11;16;8;29;1515;1;2;1;1;3;172;SANS, MELIES (RUE GEORGE;M;4360680;392496;340
2,016E+11;16;8;30;1100;1;2;3;1;3;172;0, DEZEUZE (RUE FRANCOIS;M;4360880;384203;340
2,016E+11;16;8;31;905;1;2;1;1;1;172;128, CADUCEE (RUE DU);M;4364310;383414;340
2,016E+11;16;9;2;1525;1;2;2;1;3;172;0, JUSTICE DE CASTELNAU;M;4362610;387727;340
2,016E+11;16;9;5;1340;1;2;1;1;3;172;SANS, FLANDRES-DUNKERQUE;M;4358960;385611;340
2,016E+11;16;9;5;1720;1;2;1;1;2;172;SANS, TOULOUSE (AVENUE D;M;4360030;386741;340
2,016E+11;16;9;7;1130;1;2;1;1;3;172;174, JANVIER (RUE GUILLA;M;4359620;386568;340
2,016E+11;16;9;5;1800;1;2;1;1;6;172;11, LODEVE (ROUTE DE);M;4361470;382950;340
2,016E+11;16;9;6;752;1;2;2;1;3;172;., ESPINOUSE (RUE DE L');M;4364180;385355;340
2,016E+11;16;9;6;1000;1;2;1;1;6;172;., MONTPELLIER (AVENUE M;M;4359990;389572;340
2,016E+11;16;9;6;1200;1;2;1;1;3;172;1, LAURENS (QUAI);M;4360520;388824;340
2,016E+11;16;9;8;615;5;2;2;1;5;172;FABRE DE MORLHON (BOULEV;M;4358910;388477;340
2,016E+11;16;9;9;1335;1;2;2;1;1;172;0, LOUISVILLE (AVENUE DE;M;4362380;381560;340
2,016E+11;16;9;10;1420;1;2;1;1;6;172;1270, ROQUETURIERE (RUE;M;4363490;387888;340
2,016E+11;16;9;11;1830;1;2;1;1;1;172;SANS, MOULINS (AVENUE DE;M;4363600;384447;340
2,016E+11;16;9;13;810;1;2;1;1;6;172;81, CARRIEU (RUE MARIUS);M;4361720;384247;340
2,016E+11;16;9;13;1740;1;2;1;1;6;172;15, CLEMENCEAU (AVENUE G;M;4360420;387338;340
2,016E+11;16;9;15;830;1;2;1;1;4;172;GOSSEC (RUE FRANCOIS-JOS;M;4357520;385609;340
2,016E+11;16;9;16;1500;1;2;1;1;7;129;., PALAVAS D986 (ROUTE D;M;4356450;389439;340
2,016E+11;16;9;16;1750;1;2;1;1;4;172;., LODEVE (ROUTE DE);M;4361530;381774;340
2,016E+11;16;9;16;1020;1;1;1;1;2;198;D21E;M;4356410;395866;340
2,016E+11;16;9;17;1540;1;2;2;1;5;198;SANS, D21E;M;4356810;395526;340
2,016E+11;16;9;18;1200;1;1;1;1;4;172;., LIBERTE (AVENUE DE LA;M;4361040;383345;340
2,016E+11;16;9;20;2050;5;2;1;1;3;172;1294, VILLENEUVE-ANGOULE;M;4358910;386561;340
2,016E+11;16;9;21;1130;1;2;1;1;6;172;1368, MALBOSC (RUE DE);M;4363340;383029;340
2,016E+11;16;9;22;1330;1;2;1;1;3;172;1198, PRIEST ST DE 630 A;M;4363590;383803;340
2,016E+11;16;9;22;1530;1;2;1;1;1;172;SANS, SORBES (RUE DE LAS;M;4361560;385615;340
2,016E+11;16;9;23;1643;1;2;1;1;6;172;32, LODEVE (ROUTE DE);M;4361460;382851;340
2,016E+11;16;9;25;445;5;2;2;1;3;172;., CLEMENCEAU (AVENUE GE;M;4360150;386373;340
2,016E+11;16;9;28;1340;1;2;1;1;1;172;998, RAVAZ (AVENUE DU PR;M;4362250;384540;340
2,016E+11;16;9;28;1810;1;2;1;1;3;129;D116;M;4357088;383700;340
2,016E+11;16;9;23;1225;1;2;1;1;3;172;0, MONTPELLIER (AVENUE M;M;4359990;389572;340
2,016E+11;16;9;29;1622;1;2;1;1;3;172;238 BIS, LODEVE (AVENUE;M;4361480;383237;340
2,016E+11;16;10;1;135;5;2;9;1;7;172;SANS, ALIZES (CARREFOUR;M;4359540;387768;340
2,016E+11;16;10;1;2328;5;2;3;1;6;172;SANS, LOGE (RUE DE LA);M;4360888;387906;340
2,016E+11;16;10;2;145;3;1;1;2;7;129;SANS, PALAVAS D986 (ROUT;M;4356340;389402;340
2,016E+11;16;10;2;2208;5;2;1;1;3;172;148, CARRIEU (RUE MARIUS;M;4361680;384190;340
2,016E+11;16;10;5;1634;1;2;1;1;2;172;SANS, MAS ARGELLIERS (AV;M;4358330;388746;340
2,016E+11;16;10;7;1215;1;2;1;1;3;172;., ANTONELLI (AVENUE DU;M;4361030;389638;340
2,016E+11;16;10;8;700;5;2;1;1;5;172;LIBERTE (AVENUE DE LA;M;4360981;383649;340