Num_Acc;an;mois;jour;hrmn;lum;agg;int;atm;col;com;adr;gps;lat;long;dep
2,016E+11;16;10;12;824;1;2;6;1;3;238;CHATEAU/MOULIN DE JOUE;M;4811180;-164641;350
2,016E+11;16;9;2;700;4;2;1;1;6;238;5, BD DU COLOMBIER;M;4810210;-168256;350
2,016E+11;16;10;12;1730;1;2;1;1;6;238;6, L.BLERIOT;M;4810180;-167828;350
2,016E+11;16;9;2;858;1;2;5;1;2;238;VITRÉ/C.FOULON;M;4811900;-164996;350
2,016E+11;16;10;12;1811;1;2;6;1;3;238;BERNARD/BERGER;M;4811750;-170466;350
2,016E+11;16;9;3;1155;1;2;6;1;6;281;DODIN/TEMPLE BLOSNE;M;4808700;-170740;350
2,016E+11;16;10;12;1847;1;2;6;1;3;238;LANGEVIN/LEROUX;M;4809160;-165839;350
2,016E+11;16;9;3;1230;1;2;1;1;6;238;ROCADE OUEST INT PR16;M;4812310;-171870;350
2,016E+11;16;10;13;930;1;2;1;1;3;51;44, BRAY;M;4810790;-161348;350
2,016E+11;16;9;4;1931;4;2;2;1;2;238;ARMORIQUE/G.PATTON;M;4812850;-166415;350
2,016E+11;16;10;13;1900;1;2;1;1;3;238;4, QUAI E. ZOLA;M;4810980;-167706;350
2,016E+11;16;9;5;1600;1;2;4;1;3;238;PAYS BAS/LEMOINE;M;4808890;-166073;350
2,016E+11;16;10;13;1918;5;2;1;1;6;238;21, BD DE CHEZY;M;4811570;-168687;350
2,016E+11;16;9;5;1950;1;2;2;1;6;238;ROCHESTER/G.PATTON;M;4812850;-166415;350
2,016E+11;16;10;14;218;5;2;1;1;6;238;20,  RUE VANEAU;M;4810960;-169283;350
2,016E+11;16;9;6;800;1;1;1;1;2;55;ROCADE SUD EXT;M;4809740;-161715;350
2,016E+11;16;10;14;1010;1;2;6;1;6;238;00, CHAMPION DE CICE;M;4810182;-170725;350
2,016E+11;16;9;6;1750;1;2;2;1;6;281;CR 100/BORON;M;4808970;-172185;350
2,016E+11;16;10;14;1525;1;2;1;1;3;238;18,  MANOIR DE SERVIGNE;M;4810170;-172867;350
2,016E+11;16;9;3;1930;1;2;2;1;3;238;COËTLOGON/VERDUN;M;4812270;-168542;350
2,016E+11;16;10;15;1623;1;2;1;2;4;238;123, AV GROS MALHON;M;4813370;-168537;350
2,016E+11;16;10;16;1219;1;1;3;1;7;238;PORTE ALMA;M;4808250;-167471;350
2,016E+11;16;9;7;1000;1;1;1;1;4;238;ROCADE NORD-EST PR22-500;M;4814170;-164432;350
2,016E+11;16;10;17;836;1;2;1;1;3;238;RUE DAUTRY;M;4810340;-167550;350
2,016E+11;16;9;7;1256;1;2;6;1;4;278;RP MONTGERMONT;M;4815510;-170131;350
2,016E+11;16;10;17;1430;1;2;2;8;3;238;FOUGERES / GALLET;M;4812960;-164302;350
2,016E+11;16;10;17;2008;5;2;6;1;3;51;BELLEVUE / CHALOTAIS;M;4812340;-160168;350
2,016E+11;16;9;8;1720;1;2;2;1;3;238;ALBERT 1ER/BELGIQUE;M;4808970;-168563;350
2,016E+11;16;10;18;754;5;2;3;1;3;238;AVENUE DES PAYS-BAS;M;4808470;-166092;350
2,016E+11;16;9;8;1750;1;2;2;1;2;51;FOUGÈRES/CLOS COURTEL;M;4813260;-163319;350
2,016E+11;16;10;17;1805;1;2;3;1;3;238;BOURGEOIS / FEUILLEE;M;4809920;-165274;350
2,016E+11;16;9;9;1100;1;2;1;1;2;238;243, RUE DE FOUGÈRES;M;4812530;-165608;350
2,016E+11;16;10;18;1159;1;2;2;1;6;238;ROHAN / DUGUAY TROUIN;M;4811020;-168021;350
2,016E+11;16;9;10;930;1;2;2;1;3;238;MITTERRAND/VANEAU;M;4810850;-169298;350
2,016E+11;16;10;19;1239;1;2;2;1;3;238;VOLCLAIR / ITALIE;M;4808830;-166760;350
2,016E+11;16;9;11;1146;1;2;2;1;6;238;LIBERTE/VIEUX COURS;M;4810740;-167912;350
2,016E+11;16;10;19;1530;1;2;6;1;6;51;14, BEAULIEU (PORTE DE);M;4810190;-161032;350
2,016E+11;16;9;12;2355;3;2;6;1;6;206;D82/VC 301;M;4807800;-166117;350
2,016E+11;16;10;19;2104;5;2;1;1;1;238;31, RUE D ANTRAIN;M;4811710;-167793;350
2,016E+11;16;9;13;845;1;2;2;1;6;238;VOLCLAIR/GERARD;M;4808830;-166760;350
2,016E+11;16;10;20;1710;1;2;1;1;2;238;AVE FRANCOIS CHATEAU;M;4811110;-164808;350
2,016E+11;16;9;13;837;1;2;1;8;4;281;ROCADE OUEST EXT;M;4809300;-170857;350
2,016E+11;16;10;20;1735;1;2;1;1;6;238;CANADA (AVENUE DU);M;4808270;-168249;350
2,016E+11;16;9;14;1615;1;2;5;1;3;238;SAINT-HELIER/LAENNEC;M;4810560;-166605;350
2,016E+11;16;10;21;420;3;2;1;1;6;238;PARKING DE LA HARPE;M;4812490;-170799;350
2,016E+11;16;10;21;958;1;2;6;1;4;278;RD82/RD29 RP MELESSE;M;4816170;-168982;350
2,016E+11;16;8;22;900;1;2;3;1;6;238;VERN/GERARD;M;4808960;-164473;350
2,016E+11;16;9;16;10;4;2;1;1;6;238;2, RUE D'ALSACE;M;4812240;-170379;350
2,016E+11;16;9;15;830;1;2;1;1;4;281;258, RUE DE NANTES;M;4809170;-169192;350
2,016E+11;16;10;3;830;1;2;3;1;3;278;D637/LIEU-DIT ROUMOULIN;M;4816850;-171789;350
2,016E+11;16;10;25;827;1;2;1;5;3;238;PORTE D'ANGERS;M;4808699;-163598;350
2,016E+11;16;10;26;1908;3;2;1;1;7;278;RD 137 LE BAS VAL;M;4817500;-171707;350
2,016E+11;16;9;16;1140;1;2;6;1;3;55;PORTE D'ANGERS;M;4808260;-164030;350
2,016E+11;16;10;23;1513;1;2;2;3;2;238;SAINT-LAURENT/PATTON;M;4813850;-165858;350
2,016E+11;16;9;16;1200;1;2;5;1;2;51;PORTE DE NORMANDIE;M;4814910;-161159;350
2,016E+11;16;10;23;1845;3;2;1;2;7;238;PORTE ALMA;M;4808030;-167815;350
2,016E+11;16;10;21;733;5;2;1;8;3;238;PORTE DE LORIENT;M;4811100;-171838;350
2,016E+11;16;9;17;240;4;2;3;1;3;238;LANDREL/L.GRIMAULT;M;4809130;-165283;350
2,016E+11;16;9;17;1240;1;2;1;1;2;238;10,RUE DE BRIZEUX;M;4811990;-167214;350
2,016E+11;16;10;24;739;4;2;6;2;7;278;RD29 RP MONTGERMONT;M;4815590;-170016;350
2,016E+11;16;10;21;915;1;2;1;8;4;238;PORTE LORIENT;M;4811170;-171852;350
2,016E+11;16;9;18;750;2;2;2;2;3;238;STRASBOURG/PARIS;M;4811460;-165704;350
2,016E+11;16;10;25;2314;5;2;1;1;6;238;68, BIGOT DE PREAMENEU;M;4809440;-166844;350
2,016E+11;16;10;26;742;5;2;6;8;4;281;RP TEMPLE BLOSNE/DODIN;M;4808720;-170717;350
2,016E+11;16;9;18;1040;1;1;5;2;6;238;PORTE ALMA;M;4808150;-167672;350
2,016E+11;16;10;27;2139;5;2;2;1;1;238;J.CARTIER/GARIGLIANO;M;4809680;-168157;350
2,016E+11;16;10;27;1743;1;2;3;1;6;238;ISLY/SOUVESTRE;M;4810510;-167753;350
2,016E+11;16;9;19;735;2;2;1;1;7;238;75, RUE SAINT HÉLIER;M;4810600;-166687;350
2,016E+11;16;9;20;857;1;2;1;1;3;238;169, RUE DE LORIENT;M;4810529;-173496;350
2,016E+11;16;10;28;29;5;2;1;1;6;238;165, NANTES (DE);M;4809890;-168684;350
2,016E+11;16;10;28;1825;1;2;2;1;3;238;LORIENT/GENIAUX;M;4810890;-171024;350
2,016E+11;16;10;21;1711;1;2;1;1;3;238;97, VERDUN (BD DE);M;4812110;-168681;350
2,016E+11;16;9;21;1955;1;2;1;1;2;281;252, RUE DE NANTES;M;4809320;-169106;350
2,016E+11;16;10;28;1840;1;2;1;1;2;238;99, MITTERAND (MAIL FRAN;M;4810820;-169468;350
2,016E+11;16;9;21;1350;1;2;2;1;3;238;ALBERT 1ER/BELGIQUE;M;4808970;-168563;350
2,016E+11;16;10;30;1743;1;2;2;1;6;238;FOUGERES/GALLET;M;4812960;-164302;350
2,016E+11;16;9;21;2015;5;2;2;1;3;238;CLEMENCEAU/KÉRANGAL;M;4809450;-168562;350
2,016E+11;16;10;30;1857;5;2;1;1;1;238;MAIL F.MITTERRAND;M;4810910;-169065;350
2,016E+11;16;9;22;1830;1;2;6;1;6;278;RP AUGE DE PIERRE;M;4813500;-169355;350
2,016E+11;16;10;27;1814;1;1;1;1;6;238;PORTE DU BLOSNE;M;4808370;-164285;350
2,016E+11;16;10;25;1058;1;2;1;1;7;238;CHEMIN DE LA BINTINAIS;M;4807980;-166850;350
2,016E+11;16;10;31;1412;1;2;1;1;6;238;37, RUE VANEAU;M;4811230;-169326;350
2,016E+11;16;9;23;1235;1;2;1;1;6;238;PLACE DU GROS CHÊNE;M;4812640;-166408;350
2,016E+11;16;10;31;1402;1;2;1;1;7;238;135, NANTES (DE);M;4810050;-168572;350
2,016E+11;16;9;23;1528;1;2;5;1;2;238;PORTE DE NANTES;M;4808064;-167385;350
2,016E+11;16;9;23;1835;1;2;5;1;4;238;PORTE DE LORIENT;M;4810750;-171739;350
2,016E+11;16;11;1;1115;1;2;1;1;6;238;00, ANTRAIN (D') DE 0 A;M;4811981;-167387;350
2,016E+11;16;11;1;1546;1;2;1;1;6;238;00, LECLERC (AVENUE DU G;M;4811415;-163951;350
2,016E+11;16;11;2;1645;1;1;1;1;6;238;PORTE DE MAUREPAS;M;4814226;-164666;350
2,016E+11;16;9;26;1458;1;2;2;1;6;238;ARMORIQUE/PATTON;M;4812850;-166415;350
2,016E+11;16;11;3;856;1;1;6;7;3;278;00, AUGE DE PIERRE (ROND;M;4813623;-169222;350
2,016E+11;16;9;27;1326;1;2;5;1;7;51;PORTE DE LA RIGOURDIÈRE;M;4811438;-155980;350
2,016E+11;16;11;3;1323;1;2;3;1;7;238;00, POIRIER NIVET (DU);M;4813297;-166240;350
2,016E+11;16;11;4;842;1;1;1;1;4;278;PORTE DE BEAUREGARD;M;4814082;-168948;350
2,016E+11;16;9;28;1530;1;2;2;1;2;238;CHÂTEAUGIRON/SAUVAIE;M;4809410;-163435;350
2,016E+11;16;11;4;1511;1;2;6;8;6;238;00, ROPARTZ (GUY);M;4813203;-165672;350
2,016E+11;16;11;4;646;3;1;9;2;6;281;00, PORTE DE ST NAZAIRE;M;4809103;-170691;350
2,016E+11;16;9;29;231;5;2;3;2;7;238;155, CHATEAUGIRON (DE);M;4809830;-164379;350
2,016E+11;16;11;4;1230;1;1;6;2;6;51;00, BEAULIEU (PORTE DE);M;4810222;-161021;350
2,016E+11;16;9;29;605;5;2;1;2;3;281;1 BIS RUE J.AURIOL;M;4807490;-171686;350
2,016E+11;16;11;6;5;3;1;1;1;6;278;00, RD 137;M;4817475;-171705;350
2,016E+11;16;9;29;808;1;2;1;1;4;278;RD 29 PR 7+700;M;4816310;-168039;350
2,016E+11;16;11;6;2119;4;2;4;2;7;238;00, MARTIN (PIERRE);M;4810175;-166970;350
2,016E+11;16;9;29;1908;3;2;5;2;2;281;PORTE DE ST NAZAIRE;M;4809250;-170776;350
2,016E+11;16;11;7;1529;1;1;1;1;3;51;01, FONTAINE (AVENUE DE;M;4812746;-162736;350
2,016E+11;16;9;30;1030;1;2;1;1;7;238;AV W.CHURCHILL;M;4811990;-170833;350
2,016E+11;16;11;8;909;1;2;2;1;1;238;45, PARIS (RUE DE);M;4811251;-166619;350
2,016E+11;16;9;30;1345;1;2;1;1;3;238;ALLÉE DE BEAULIEU;M;4812080;-163774;350
2,016E+11;16;9;6;832;1;2;1;1;7;238;19, RUE DE BREST;M;4811230;-169192;350
2,016E+11;16;9;28;1600;1;2;3;1;7;278;J.WOOD/COUESNON;M;4814620;-166855;350
2,016E+11;16;11;8;2345;3;1;1;2;2;278;00, RN 136;M;4814161;-167156;350
2,016E+11;16;11;8;1700;1;2;3;1;6;238;00, BERNANOS (PLACE GEOR;M;4812337;-166006;350
2,016E+11;16;11;9;1220;1;2;1;1;6;238;14, COMBES (BD EMILE);M;4809352;-166989;350
2,016E+11;16;11;9;1420;1;2;1;1;2;238;69, VILLEBOIS MAREUIL (B;M;4810166;-164957;350
2,016E+11;16;11;9;1728;1;1;1;2;2;238;00, ROCADE 14-15;M;4814084;-168941;350
2,016E+11;16;11;9;1854;3;1;1;1;4;278;00, RD 137;M;4815687;-170374;350
2,016E+11;16;11;10;2050;3;1;1;1;2;238;00, ROCADE 8-9;M;4808109;-166996;350
2,016E+11;16;11;10;1547;1;2;1;1;7;51;00, GARDES (RUE DES);M;4812255;-161822;350
2,016E+11;16;11;10;745;5;2;6;2;3;238;00, MOUEZY (AVENUE MONSE;M;4810405;-165017;350
2,016E+11;16;11;11;1940;3;1;1;1;3;278;00, ROBIQUETTE ( BOULEVA;M;4814162;-170118;350
2,016E+11;16;11;12;1740;4;1;1;2;4;281;00, RD 177;M;4806805;-171383;350
2,016E+11;16;10;6;1730;1;2;1;1;6;238;DALLE KENNEDY;M;4812140;-171267;350
2,016E+11;16;11;11;450;3;1;1;1;6;238;00, ROCADE 8-9;M;4809094;-162891;350
2,016E+11;16;11;12;1358;1;2;2;2;3;238;00, PATTON (AVENUE DU GE;M;4812850;-166418;350
2,016E+11;16;11;12;2252;5;2;2;2;3;238;00, ROBIDOU (BERTRAND);M;4810917;-165945;350
2,016E+11;16;11;14;750;2;2;2;1;3;238;00, ARMORIQUE (BD D');M;4812842;-166429;350
2,016E+11;16;11;15;1257;1;2;1;2;2;238;33, VANEAU;M;4811246;-169336;350
2,016E+11;16;11;16;1929;5;2;3;2;3;238;00, CHURCHILL (AVENUE SI;M;4811930;-170814;350
2,016E+11;16;11;17;230;5;2;1;1;6;238;34, COMBES (BD EMILE);M;4809343;-166805;350
2,016E+11;16;11;17;2339;4;2;8;1;7;238;00, MARBEUF (BLD);M;4811093;-170400;350
2,016E+11;16;11;17;828;1;1;6;1;4;281;RD 177;M;4807328;-171229;350
2,016E+11;16;11;17;1354;1;2;3;1;3;238;00, GERARD (MICHEL);M;4808773;-163906;350
2,016E+11;16;11;17;1921;5;2;3;1;1;238;00, CHEZY (BD DE);M;4811357;-168724;350
2,016E+11;16;11;18;1526;1;2;1;1;6;238;00, PATIS TATELIN (LIEU-;M;4813072;-164226;350
2,016E+11;16;11;19;2024;5;2;3;3;4;55;00, RD 463;M;4809059;-162525;350
2,016E+11;16;11;19;1846;3;1;6;2;2;206;00, RD 837;M;4807661;-169450;350
2,016E+11;16;11;21;1811;5;2;2;3;6;238;00, TILLON (AVENUE CHARL;M;4812705;-168658;350
2,016E+11;16;11;21;2110;5;2;1;1;3;238;00, ISLY (RUE D');M;4810642;-167782;350
2,016E+11;16;11;21;1600;1;1;6;1;6;51;00, ALLIES (BOULEVARD DE;M;4811442;-162062;350
2,016E+11;16;11;21;1401;1;1;6;2;6;51;LONGCHAMPS (PORTE DES);M;4813991;-162718;350
2,016E+11;16;11;21;700;3;1;1;1;4;238;00, PORTE DE CLEUNAY;M;4810593;-171716;350
2,016E+11;16;11;22;912;1;1;1;7;5;55;00, RD 463;M;4809237;-162913;350
2,016E+11;16;11;22;1505;1;2;2;1;3;238;00, CHATEAUGIRON (DE);M;4809517;-163756;350
2,016E+11;16;11;22;1745;3;1;1;1;3;55;00, ROCADE 3-4;M;4809465;-162208;350
2,016E+11;16;11;23;800;1;2;1;1;4;238;19, TILLON (AVENUE CHARL;M;4812583;-169443;350
2,016E+11;16;11;24;2201;5;1;3;1;3;238;00, BREST (DE);M;4811255;-169216;350
2,016E+11;16;11;25;1936;5;2;1;1;7;238;20, GRIMAULT (BD LEON);M;4809117;-164874;350
2,016E+11;16;11;25;1652;1;2;2;1;3;238;00, DUCHESSE ANNE (BLD D;M;4811249;-166625;350
2,016E+11;16;11;26;500;3;1;1;1;7;238;PORTE DE MAUREPAS;M;4814014;-163386;350
2,016E+11;16;11;27;146;5;1;2;1;3;238;00, SAINT-BRIEUC (DE);M;4811645;-170969;350
2,016E+11;16;11;27;149;5;2;6;1;7;238;GAYEULLES (AVENUE DES);M;4813509;-165198;350
2,016E+11;16;11;26;904;1;2;1;1;6;51;00, CHALOTAIS (RUE DE LA;M;4812359;-160138;350
2,016E+11;16;11;28;1900;3;1;1;1;4;278;00, RD 137;M;4815971;-170572;350
2,016E+11;16;11;28;1452;1;2;1;1;7;51;00, FONTAINE (AVENUE DE;M;4812946;-161991;350
2,016E+11;16;11;29;731;5;2;2;1;3;238;00, SAINT-HELIER;M;4810568;-166601;350
2,016E+11;16;11;29;1434;1;2;3;1;3;51;00, GERMAIN (RUE DU CHEN;M;4813091;-162117;350
2,016E+11;16;11;29;1706;1;2;1;1;3;238;02, BRETAGNE (PLACE DE);M;4810937;-168453;350
2,016E+11;16;11;29;1626;1;2;6;1;6;238;00, MOULIN DE JOUE (DU);M;4811187;-164629;350
2,016E+11;16;11;29;1222;1;2;6;7;6;238;00, GAYEULLES (ROND POIN;M;4812718;-165167;350
2,016E+11;16;11;29;1520;1;2;1;1;6;238;00, DE COUBERTIN (ALLEE;M;4808614;-168836;350
2,016E+11;16;11;29;1520;1;2;6;7;6;278;00, BOUTIERE (BOULEVARD;M;4814361;-168967;350
2,016E+11;16;12;18;1945;5;2;2;1;3;238;00, CLEMENCEAU (BD GEORG;M;4809382;-167453;350
2,016E+11;16;11;30;737;5;2;1;1;2;51;00, PAVIE (RUE AUGUSTE);M;4810393;-163440;350
2,016E+11;16;11;30;950;1;2;3;1;6;238;24, COMBES (BD EMILE);M;4809347;-166886;350
2,016E+11;16;12;3;1122;1;1;1;1;6;55;00, MOULIN (RUE DU);M;4808786;-162605;350
2,016E+11;16;12;4;1507;1;2;2;1;3;238;00, VILLEBOIS MAREUIL (B;M;4810995;-165555;350
2,016E+11;16;12;5;1745;3;1;1;1;4;238;PORTE DE BREST;M;4811812;-171999;350
2,016E+11;16;12;6;1855;5;2;3;1;6;238;00, ISLY (RUE D');M;4810738;-167774;350
2,016E+11;16;12;7;1811;5;2;2;1;6;238;00, JOFFRE ( DU MARECHAL;M;4810950;-167808;350
2,016E+11;16;12;8;1408;1;2;1;1;3;238;00, MEYNIER (ANDRE ET YV;M;4812979;-170722;350
2,016E+11;16;12;8;1634;1;2;1;1;6;238;11, MUSSAT (AVENUE ANDRE;M;4812998;-169567;350
2,016E+11;16;12;9;1402;1;2;2;1;3;238;201, CHATEAUGIRON (DE);M;4809571;-163895;350
2,016E+11;16;12;9;2027;5;2;1;1;6;238;78, GUERIN (ALPHONSE);M;4810943;-165705;350
2,016E+11;16;12;9;730;5;2;1;1;6;238;LORIENT (DE);M;4810823;-171284;350
2,016E+11;16;3;2;1220;1;2;9;1;1;288;01, MARNE (RUE DE LA);M;4863832;-200919;350
2,016E+11;16;3;2;1855;2;1;1;8;3;241;La Ville Biais (rue de );M;4861415;-205071;350
2,016E+11;16;4;8;1715;1;2;1;1;3;288;62, MARVILLE (AVENUE DE);M;4864146;-200250;350
2,016E+11;16;3;25;1815;1;2;1;1;6;288;PATTON GENERAL (RUE DU);M;4862295;-199702;350
2,016E+11;16;6;2;1625;1;2;3;1;6;288;29, ORAN (RUE D');M;4864494;-199764;350
2,016E+11;16;5;26;1430;1;2;6;1;6;93;CORBINAIS ( RUE DE LA );M;4862740;-205941;350
2,016E+11;16;7;22;1834;1;2;2;1;1;288;37, DEPORTES (BOULEVARD;M;4865721;-197463;350
2,016E+11;16;8;25;2005;1;2;1;1;6;93;64, GEORGE V(AVENUE);M;4863129;-205246;350
2,016E+11;16;8;5;1930;1;2;3;1;1;288;79, KENNEDY JOHN (AVENUE;M;4867075;-198276;350
2,016E+11;16;9;28;2115;3;1;1;1;1;288;CD168;;;;350
2,016E+11;16;9;28;1900;1;2;1;1;6;288;49, PASTEUR (AVENUE);M;4865710;-199799;350
2,016E+11;16;11;12;2040;5;2;1;2;2;288;BRIAND ARISTIDE (PLACE);M;4866269;-198860;350
2,016E+11;16;11;18;1610;1;2;1;8;2;288;30, ECOLES (RUE DES);M;4865387;-198312;350
2,016E+11;16;12;12;1910;2;2;6;1;3;44;GIRATOIRE AV LEMOINE;M;4681820;169706;360
2,016E+11;16;12;14;1411;1;2;6;1;2;44;GIRATOIRE AV LE MOINE;M;4681820;169701;360
2,016E+11;16;12;4;1125;1;2;1;1;6;44;109 AVENUE DE BLOIS;M;4682380;168241;360
2,016E+11;16;12;5;1910;2;2;1;1;4;63;2AV DU GENERAL DE GAULLE;M;4682513;169938;360
2,016E+11;16;12;13;1440;1;2;1;1;2;44;93 BOULEVARD DE CLUIS;M;4680640;170091;360
2,016E+11;16;12;16;1735;2;2;1;1;6;44;171 AV J KENNEDY;M;4680560;171168;360
2,016E+11;16;12;17;1800;2;1;1;1;3;202;;M;4677820;164664;360
2,016E+11;16;11;23;1030;1;2;1;1;1;63;ROUTE D'ISSOUDUN;M;4683250;171783;360
2,016E+11;16;11;25;850;3;2;1;8;2;44;AVENUE DE BLOIS;M;4682060;168402;360
2,016E+11;16;1;9;944;1;1;6;1;6;63;ROND POINT DU FREESBEE;M;4685150;170119;360
2,016E+11;16;1;15;1600;1;2;1;1;6;44;228 AVENUE DE LA CHATRE;M;4680540;171173;360
2,016E+11;16;1;5;1233;1;2;1;8;1;44;RUE DES MADRONS;;;;360
2,016E+11;16;1;8;48;5;2;7;1;1;44;PLACE SAINT CYRAN;;;;360
2,016E+11;16;1;16;1230;1;2;3;8;3;44;RUE GAUTIER/RUE CHAUSSE;M;4680700;169595;360
2,016E+11;16;1;17;943;1;2;2;1;3;44;LA CHATRE/CLUIS/BRYAS;M;4680880;170489;360
2,016E+11;16;1;23;502;5;2;1;8;6;44;RUE PALAIS DE JUSTICE;M;4680990;169435;360
2,016E+11;16;1;29;1020;1;2;1;1;3;44;17 AVENUE J KENNEDY;M;4680340;169196;360
2,016E+11;16;1;25;1810;5;1;1;1;3;159;PARKING BRICO DEPOT;M;4679590;173016;360
2,016E+11;16;2;2;1220;1;2;1;1;3;44;49  AV  LA CHATRE;M;4680810;170620;360
2,016E+11;16;2;28;625;5;2;1;1;6;44;62 RUE DU 3ÈME RAC;M;4681940;170714;360
2,016E+11;16;2;14;1645;1;2;1;1;3;44;2 RUE EUGENE DELACROIX;M;4680290;170546;360
2,016E+11;16;2;19;2115;5;1;1;1;6;44;RD 920;M;4678680;168325;360
2,016E+11;16;2;19;549;5;2;1;9;6;44;PONT ARAGO;;;;360
2,016E+11;16;2;16;1824;2;2;1;1;6;44;2 RUE DESCARTES;;;;360
2,016E+11;16;2;26;1345;1;2;2;1;6;44;RUE VERLAINE/BD PASCAL;M;4679950;171441;360
2,016E+11;16;2;28;1815;2;2;3;1;3;44;AV MARINS/RUE LA VRILLE;;;;360
2,016E+11;16;3;25;1115;1;2;1;1;2;44;NAPOLEON CHAIX;M;4681090;170159;360
2,016E+11;16;4;6;1950;1;2;1;1;2;44;140 RUE DU 3EME RAC;M;4682000;171191;360
2,016E+11;16;3;4;1809;1;1;1;1;4;202;104 AVENUE D'OCCITANIE;M;4677580;164851;360
2,016E+11;16;3;13;2250;5;2;1;1;6;44;1 RUE JEAN NICOT;M;4680860;170203;360
2,016E+11;16;3;1;750;1;1;1;1;6;159;ROUTE DE VARENNE;M;4678200;174500;360
2,016E+11;16;3;22;1620;1;2;1;1;3;63;122 ROUTE D'ISSOUDUN;M;4682900;170961;360
2,016E+11;16;3;18;1848;1;2;3;1;5;44;45 RUE GRANDE/THIBAULT P;M;4681340;169463;360
2,016E+11;16;3;23;1035;1;2;2;1;3;44;BD CLUIS/ST FIACRE;M;4680830;170368;360
2,016E+11;16;3;18;2005;5;1;4;1;3;159;RUE 30/08/44/RTE PT EPO;M;4676480;172626;360
2,016E+11;16;4;12;948;1;2;1;2;1;63;RUE DE BOISLARGE;M;4683560;170222;360
2,016E+11;16;4;18;2005;2;2;1;1;6;44;RUE BERNARDIN;M;4680870;170090;360
2,016E+11;16;4;19;815;2;2;2;1;3;159;RUE BERGERES/AV LA FORET;M;4677950;170720;360
2,016E+11;16;5;9;1825;1;2;1;8;4;44;84 BD DE SAINT DENIS;M;4681590;170893;360
2,016E+11;16;5;14;2216;5;2;1;1;6;44;202 AVENUE DE VERDUN;M;4680020;169727;360
2,016E+11;16;5;12;1750;1;1;1;8;4;63;ROUTE DEPARTEMENTALE;M;4683480;167747;360
2,016E+11;16;5;13;115;5;2;1;2;7;44;2 RUE EUGENE DELACROIX;M;4680300;170562;360
2,016E+11;16;5;31;1345;1;2;2;8;3;44;29 COMBANAIRE/RU11-11-18;M;4680760;170546;360
2,016E+11;16;5;24;1539;1;2;1;1;6;63;8 RUE DE L'ABBAYE;M;4682580;170194;360
2,016E+11;16;5;22;1500;1;2;1;1;3;44;82 AVENUE DE BLOIS;M;4682070;168387;360
2,016E+11;16;5;17;1710;1;2;1;1;6;44;4 RUE DU GRAND POIRIER;M;4679650;171803;360
2,016E+11;16;5;23;900;1;2;1;8;6;63;2 AVENUE DE GAULLE;M;4682560;170055;360
2,016E+11;16;5;27;1725;1;2;1;1;3;202;197 RTE DE CHATEAUROUX;M;4681760;167111;360
2,016E+11;16;6;9;1610;1;2;1;1;3;44;35 BD DE BRYAS;M;4681010;170554;360
2,016E+11;16;6;13;1845;1;1;1;8;3;159;ROUTE DE VARENNE;M;4677340;173574;360
2,016E+11;16;6;13;1700;1;1;2;8;3;44;VELLES/PT GIREUGN/KENNED;M;4678870;169130;360
2,016E+11;16;6;4;630;2;2;1;8;6;63;35 AVENUE DE GAULLE;M;4682570;170020;360
2,016E+11;16;6;12;2011;1;2;3;2;3;44;IMP ST DENIS/3EME RAC;M;4681950;170711;360
2,016E+11;16;6;10;1735;1;2;3;1;3;63;MAL BETE/ AV DE GAULLE;M;4684160;170698;360
2,016E+11;16;6;10;811;1;2;1;1;4;44;150 AVENUE DE BLOIS;M;4682710;168102;360
2,016E+11;16;6;9;1720;1;2;6;1;3;44;GIRATOIRE PORTE DE PARIS;M;4681770;169703;360
2,016E+11;16;7;21;745;1;2;1;1;1;44;10 RUE DE LA REPUBLIQUE;M;4681010;169061;360
2,016E+11;16;6;18;1620;1;2;2;1;6;44;BD CHARMILLES/LA BOETIE;M;4680060;171692;360
2,016E+11;16;6;26;1448;1;2;1;1;6;44;BOULEVARD DE CLUIS;M;4680500;169816;360
2,016E+11;16;7;6;1320;1;1;2;1;1;202;AV TOURS/CR DU BRELAY;M;4682490;164647;360
2,016E+11;16;6;16;1656;1;1;1;1;2;44;RD920;M;4678750;167409;360
2,016E+11;16;6;10;1734;1;2;1;1;2;63;AVENUE DE GAULLE;M;4683630;170473;360
2,016E+11;16;7;9;1100;1;2;1;1;4;159;RD 943;M;4679560;173259;360
2,016E+11;16;6;21;1235;1;2;1;8;4;44;AVENUE DE VERDUN;M;4679370;169968;360
2,016E+11;16;7;18;1100;1;2;1;1;2;44;NAPOLEON CHAIX;M;4681050;170037;360
2,016E+11;16;7;30;1850;1;2;1;1;4;44;118 AVENUE DE LA CHATRE;M;;;360
2,016E+11;16;7;2;1500;1;2;1;1;3;44;ROUTE DEPARTEMENTALE 920;M;4678880;169567;360
2,016E+11;16;7;27;1830;1;1;1;1;2;159;RD 943;;;;360
2,016E+11;16;7;6;1420;1;2;1;1;6;44;RUE DE LA REPUBLIQUE;M;4681070;169121;360