Num_Acc;an;mois;jour;hrmn;lum;agg;int;atm;col;com;adr;gps;lat;long;dep
2,016E+11;16;4;16;1550;1;2;1;2;2;18;FRANCOIS MITTERAND (PONT;M;4757803;132113;410
2,016E+11;16;4;27;1335;1;2;6;1;3;212;PATTE D'OIE (rond point);M;4756185;137368;410
2,016E+11;16;4;28;1613;1;2;1;1;6;18;PICARDIE (RUE DE);M;4759748;133652;410
2,016E+11;16;4;28;1640;1;2;3;1;3;18;CHATEAUDUN (AVENUE DE);M;4760066;132830;410
2,016E+11;16;5;4;800;1;2;9;1;3;18;CHATEAUDUN (AVENUE DE);M;4760751;132762;410
2,016E+11;16;4;29;2330;5;2;3;1;3;18;BUTTE (AVENUE DE LA);M;4758324;132086;410
2,016E+11;16;5;7;1625;1;2;1;1;3;18;VENDOME (AVENUE DE);M;4760073;131869;410
2,016E+11;16;5;11;1730;1;2;1;1;3;18;DUGAY-TROUIN (RUE)  Nø I;M;4759120;129935;410
2,016E+11;16;5;13;1355;1;1;1;2;2;47;RD 952A;M;4761138;133947;410
2,016E+11;16;5;21;1050;1;1;1;1;7;18;VERRIERES (CHEMIN DE);M;4756712;131276;410
2,016E+11;16;5;23;810;1;2;1;2;3;18;DUGAY-TROUIN (RUE)  Nø I;M;4759539;130112;410
2,016E+11;16;5;24;1730;1;2;6;1;2;18;JOSEPH PAUL BONCOUR (RON;M;4757489;132463;410
2,016E+11;16;5;20;1745;1;2;1;1;6;18;FRANCE (AVENUE DE)  1;M;4759036;131197;410
2,016E+11;16;6;3;2130;2;2;1;1;7;295;RD 174;M;4758198;136643;410
2,016E+11;16;6;2;1940;1;2;2;1;3;18;WILSON (AVENUE DU PRESID;M;4758140;134310;410
2,016E+11;16;6;12;1900;1;2;1;2;2;18;BROSSELETTE (AVENUE PIER;M;4756903;133196;410
2,016E+11;16;6;13;1840;1;2;1;1;1;18;AZIN (RUE DE L');M;4761361;133042;410
2,016E+11;16;6;23;1325;1;1;1;1;4;18;RD200;M;4761541;130541;410
2,016E+11;16;6;27;1220;1;2;1;1;6;18;247, CABOCHON (RUE DE);M;4757656;130029;410
2,016E+11;16;6;28;1205;1;2;2;1;3;212;CHARMILLES (RUE DES);M;4756050;136616;410
2,016E+11;16;6;15;835;1;2;1;1;6;18;66, VENDOME (AVENUE DE);M;4759887;132195;410
2,016E+11;16;7;20;340;3;1;1;1;7;295;RD 174;M;4758632;136377;410
2,016E+11;16;7;25;1855;1;2;6;1;4;18;ROND POINT HUGH HARTER;M;4761338;132754;410
2,016E+11;16;7;31;2100;1;2;1;1;1;18;LESUEUR (RUE DU DOCTEUR);M;4760052;134267;410
2,016E+11;16;8;12;1825;1;2;2;1;3;18;VENDOME (AVENUE DE);M;4760020;131965;410
2,016E+11;16;8;22;1735;1;2;1;1;4;47;;M;4760310;134985;410
2,016E+11;16;8;24;1310;1;2;1;1;2;295;TAILLES  (RUE DES);M;4759164;138742;410
2,016E+11;16;9;13;1730;1;1;1;1;2;18;CITES UNIES (BOULEVARD D;M;4760305;134790;410
2,016E+11;16;9;15;800;1;2;1;2;7;18;18, DORGELES (RUE ROLAND;M;4758206;130970;410
2,016E+11;16;9;15;1650;1;2;1;1;2;18;RIFFAULT (Bd EUGENE);M;4759073;133755;410
2,016E+11;16;8;17;1640;1;2;1;1;1;18;PINCONNIERE (AVENUE DE L;M;4758560;130028;410
2,016E+11;16;8;28;447;3;1;1;1;2;295;D174;M;4758900;136022;410
2,016E+11;16;10;6;1720;1;1;1;1;4;295;RD 174;M;4759407;135386;410
2,016E+11;16;10;14;1025;1;2;1;1;7;18;145, MAUNOURY (AVENUE DU;M;4759973;134572;410
2,016E+11;16;10;14;908;1;2;1;1;2;18;DUGAY-TROUIN (RUE)  Nø I;M;4759237;129965;410
2,016E+11;16;10;17;700;5;2;1;1;6;18;66, VENDOME (AVENUE DE);M;4759888;132188;410
2,016E+11;16;10;1;1955;5;2;1;1;3;18;FENELON (RUE);M;4758713;131550;410
2,016E+11;16;10;30;550;5;2;1;5;7;18;DUPRE (RUE);M;4758205;134374;410
2,016E+11;16;11;5;930;1;2;3;1;3;18;VASCO DE GAMA (RUE);M;4759237;130628;410
2,016E+11;16;11;7;1223;1;2;1;2;7;18;22, MAUNOURY (AVENUE DU;M;4759136;133612;410
2,016E+11;16;11;10;345;3;1;1;1;7;295;RD 174;M;4758543;136456;410
2,016E+11;16;11;23;2235;5;2;1;1;7;18;16, GARENNE (RUE DE LA);M;4758785;132515;410
2,016E+11;16;11;20;1200;1;2;1;1;2;18;MARE (RUE DE LA);M;4759647;132370;410
2,016E+11;16;12;7;930;1;2;1;1;6;47;46, RD 2152;M;4760825;135532;410
2,016E+11;16;12;7;1300;1;2;1;1;2;295;CHAMBORD (ROUTE DE);M;4757701;136531;410
2,016E+11;16;11;23;1750;5;2;1;1;6;18;CHATEAU-RENAULT (ROUTE D;M;4758201;130007;410
2,016E+11;16;12;1;1730;5;2;1;1;4;47;;M;4761218;135980;410
2,016E+11;16;12;15;745;2;2;1;1;3;295;98, CHAMBORD (ROUTE DE);M;4757690;137822;410
2,016E+11;16;12;22;1350;1;2;3;2;3;295;CHAMBORD (ROUTE DE);M;4757759;137549;410
2,016E+11;16;12;23;1355;1;2;1;1;6;18;42, MONTESQUIEU (RUE);M;4758846;130425;410
2,016E+11;16;1;5;1210;1;2;2;1;3;269;., KENNEDY (BOULEVARD DU;M;4780026;105743;410
2,016E+11;16;12;23;1610;1;2;5;1;1;226;37, RN 10;M;4781109;107380;410
2,016E+11;16;1;15;1600;1;2;2;1;6;269;PARIS (ROUTE DE);M;4780420;107115;410
2,016E+11;16;1;21;1740;2;2;3;1;3;269;., CHASSEURS (RUE DU 20E;M;4780322;106102;410
2,016E+11;16;2;25;1640;1;2;1;1;6;269;11, FRANCE (BOULEVARD DE;M;4780638;106797;410
2,016E+11;16;3;16;920;1;2;3;1;6;269;., FRANCE (BOULEVARD DE);M;4780646;106602;410
2,016E+11;16;5;5;255;4;2;1;1;6;226;44, DANZE (ROUTE DE);M;4781471;107059;410
2,016E+11;16;5;10;2230;5;2;9;1;3;226;PARIS (ROUTE DE);M;4781097;107393;410
2,016E+11;16;5;31;1600;1;1;1;2;1;269;MANS (ROUTE DU);M;4781112;102546;410
2,016E+11;16;6;18;20;5;2;7;2;6;269;26, SAINT MARTIN (PLACE);M;4779161;106729;410
2,016E+11;16;6;26;1820;1;2;6;1;5;269;20, INDUSTRIE (BOULEVARD;M;4780061;104736;410
2,016E+11;16;6;26;1842;1;2;3;1;3;269;CHAPPE (RUE DE LA);M;4778613;107858;410
2,016E+11;16;7;7;1745;1;2;1;1;2;269;RN 10;M;4779874;107323;410
2,016E+11;16;9;17;1955;1;2;3;1;1;269;28, CHEVRIER (RUE);M;4780169;106107;410
2,016E+11;16;10;27;1710;1;1;1;1;3;226;455, GRAND MORTIER (RUE;M;4783126;106699;410
2,016E+11;16;11;4;1730;1;2;1;1;2;269;84, CHARTRAIN (FAUBOURG);M;4779773;106851;410
2,016E+11;16;11;6;558;3;1;1;1;6;3;ROUTE DE COULOMMIERS;M;4778898;110428;410
2,016E+11;16;11;28;415;3;1;1;1;6;269;AZE (RUE D');M;4781642;104678;410
2,016E+11;16;12;31;1005;1;2;1;1;6;316;av. Roger SALENGRO;M;4540166;426034;420
2,016E+11;16;1;20;825;1;2;1;1;6;183;1, MASSENET (RUE JULES);M;4540120;436067;420
2,016E+11;16;1;27;1800;1;2;1;1;1;44;RD 88;M;4539443;430601;420
2,016E+11;16;1;27;1925;5;2;1;1;3;95;18, CHANZY (RUE);M;4538127;428228;420
2,016E+11;16;1;29;1720;1;1;3;1;1;99;1, CIMETIERE (RUE DU);M;4538929;426309;420
2,016E+11;16;2;5;915;1;2;1;1;6;183;rue GAMBETTA;M;4540339;436490;420
2,016E+11;16;2;12;1720;1;2;1;1;6;316;RD 3;M;4539232;428590;420
2,016E+11;16;2;21;1315;1;1;1;1;6;183;RD 88 rue GAMBETTA;M;4540458;436863;420
2,016E+11;16;3;4;1945;5;1;1;3;6;316;RD 3;M;4540833;424581;420
2,016E+11;16;4;4;1010;1;2;1;8;1;44;5, DE GAULLE (RUE CHARLE;M;4539567;432209;420
2,016E+11;16;4;7;1100;1;2;1;1;1;44;1, POURATTE (RUE DE LA );M;4539368;433816;420
2,016E+11;16;4;22;1055;1;2;1;1;6;44;RD 88;M;4539632;432678;420
2,016E+11;16;5;12;1445;1;2;1;1;1;31;RD 3;M;4540411;423434;420
2,016E+11;16;5;18;1730;1;1;3;1;3;316;1, MOULIN (RUE JEAN);M;4540226;426023;420
2,016E+11;16;5;29;125;5;2;1;1;6;44;11 BIS, MYRTILLES (ALLEE;M;4538720;432741;420
2,016E+11;16;6;7;1325;1;2;1;1;5;95;RD 88;M;4537281;427136;420
2,016E+11;16;6;22;1415;1;1;1;1;1;31;RD 108;M;4541452;423684;420
2,016E+11;16;7;3;2045;1;1;1;1;1;95;RD 3;M;4540769;429390;420
2,016E+11;16;7;18;2105;1;2;1;1;6;183;1, ALIRAND (IMPASSE LOUI;M;4540116;436017;420
2,016E+11;16;10;4;945;1;2;1;1;6;95;28  bd SAINT-CHARLES;M;4538708;428162;420
2,016E+11;16;10;23;2145;5;2;1;1;2;183;D 88;M;4540109;435603;420
2,016E+11;16;11;5;1725;5;2;1;2;6;95;RD 88;M;4539151;429005;420
2,016E+11;16;11;17;1653;1;2;3;1;3;187;0, VACHET (RUE JULIEN);M;4604040;405356;420
2,016E+11;16;11;19;1630;1;1;1;1;1;170;0, LES HEURES (LIEU DIT);M;4604185;412380;420
2,016E+11;16;11;23;300;5;2;9;1;6;187;65, LYON (AVENUE DE);M;4604168;407327;420
2,016E+11;16;11;25;1730;5;2;1;1;6;71;132, LIBERATION (AVENUE;M;4602549;408638;420
2,016E+11;16;11;30;1450;1;2;3;1;3;187;0, Rue Emile NOIROT;M;4603850;406843;420
2,016E+11;16;12;7;1415;1;2;4;1;3;187;0, BRIENNON (ROUTE DE );M;4610613;407702;420
2,016E+11;16;12;11;1440;1;2;1;1;1;187;0, JAURES (RUE JEAN);M;4603586;407118;420
2,016E+11;16;12;13;1810;2;2;1;1;6;187;0, SAINT -CLAUDE (RUE);M;4605179;407320;420
2,016E+11;16;12;17;101;5;2;1;1;6;127;11, DAUDET ALPHONSE (RUE;M;4606383;406817;420
2,016E+11;16;12;19;1810;5;2;1;2;7;184;256, SAINT-ROMAIN (RUE D;M;4604159;405002;420
2,016E+11;16;12;20;1854;2;2;3;1;3;127;0, DAUDET ALPHONSE (RUE);M;4606375;406938;420
2,016E+11;16;12;20;1650;2;2;1;3;7;127;0, CORNEILLE PIERRE (RUE;M;4607005;406501;420
2,016E+11;16;1;3;1050;1;2;3;1;3;187;0, GIRAUD (RUE DU GENERA;M;4603373;405482;420
2,016E+11;16;1;3;1830;5;2;1;2;6;187;23 BIS, MARENGO (RUE);M;4603616;407527;420
2,016E+11;16;1;7;1155;1;2;1;2;2;187;0, MATEL (RUE DE );M;4605118;409110;420
2,016E+11;16;1;7;1615;1;1;1;1;7;170;0, R.D 504;M;4603189;418982;420
2,016E+11;16;1;8;1210;1;2;3;1;3;187;0, HERMINIER (QUAI DU CO;M;4603589;407962;420
2,016E+11;16;1;9;1550;1;2;1;1;7;127;245, BRIENNON (RT DE);M;4607295;407336;420
2,016E+11;16;1;14;1015;1;2;2;1;3;184;348, FOUILLAND JOSEPH (R;M;4604416;404059;420
2,016E+11;16;1;23;1615;1;2;2;1;3;184;0, FARON JULES (RUE);M;4604516;403617;420
2,016E+11;16;1;28;1758;5;2;1;1;6;187;58, BARON DU MARAIS (BOU;M;4604257;406621;420
2,016E+11;16;2;2;1355;1;1;1;1;7;170;R.D 504;M;4603705;412716;420
2,016E+11;16;2;3;1835;5;2;2;2;3;184;0, FOCH MARECHAL (RUE);M;4604007;402853;420
2,016E+11;16;2;4;1010;1;1;1;1;7;170;R.D 504;M;4604120;415280;420
2,016E+11;16;2;4;1821;5;2;2;1;6;187;11, CLEMENT (BOULEVARD J;M;4604196;408162;420
2,016E+11;16;2;6;150;5;2;1;1;7;127;0, BUTTES (RUE DES);M;4606276;405965;420
2,016E+11;16;2;7;1625;1;2;1;1;6;184;2713, SAINT-ROMAIN (RUE;M;4605519;402600;420
2,016E+11;16;2;9;1106;1;2;3;6;6;187;0, CHARLIEU (RUE DE );M;4604785;408248;420
2,016E+11;16;2;10;850;1;2;6;1;3;127;0, LES SABLES (RP);M;4605777;407221;420
2,016E+11;16;2;12;1850;5;2;2;2;1;187;0, SEMARD (RUE PIERRE );M;4604327;406039;420
2,016E+11;16;2;16;1400;1;2;2;1;3;127;0, BOURGET PAUL (RUE);M;4606708;406965;420
2,016E+11;16;2;24;850;1;2;1;2;6;187;23, HERMINIER (QUAI DU C;M;4603554;407934;420
2,016E+11;16;2;26;1405;1;2;1;1;2;184;0, OUEST  (BD);M;4605030;406405;420
2,016E+11;16;2;26;1530;1;2;1;1;3;187;0, MOULIN ( RUE JEAN);M;4603212;407512;420
2,016E+11;16;2;28;1525;1;2;6;1;7;187;0, BRISON (RUE);M;4603203;406780;420
2,016E+11;16;3;3;1110;1;2;3;2;2;187;0, LOIRE (LEVEE DE LA );M;4603264;407939;420
2,016E+11;16;3;4;2015;5;2;1;2;7;187;46, SAINT-ALBAN (RUE DE;M;4603610;406030;420
2,016E+11;16;3;5;1700;1;2;2;1;3;187;0, RABELAIS (RUE FRANCOI;M;4604082;405802;420
2,016E+11;16;3;7;1945;5;2;2;2;3;187;0, CIMETIERE (BOULEVARD;M;4604826;406940;420
2,016E+11;16;3;8;1610;1;2;3;1;3;187;0, MACE (RUE JEAN);M;4603908;404748;420
2,016E+11;16;3;15;1035;1;2;1;1;3;127;0, FONTAINE JEAN  (RUE D;M;4606781;405972;420
2,016E+11;16;3;22;1210;1;2;1;1;2;187;15, PROMENADES POPULLE (;M;4603688;406616;420
2,016E+11;16;3;22;1740;1;2;2;1;3;187;0, VILLEMONTAIS (RUE DE;M;4602474;405782;420
2,016E+11;16;3;23;1740;1;1;1;1;6;187;0, SAINT-ANDRE (RUE);M;4603368;402987;420
2,016E+11;16;3;25;1141;1;2;1;1;2;187;0, EST (ROCADE);M;4605107;408276;420
2,016E+11;16;3;26;1208;1;2;7;1;3;187;0, PROMENADES POPULLE (P;M;4603653;406770;420
2,016E+11;16;4;3;1025;1;1;1;2;1;170;0, LES HEURES (LIEU DIT);M;4604357;412502;420
2,016E+11;16;4;10;1120;1;2;3;1;3;127;2, DE GAULLE (AVENUE CHA;M;4607834;406682;420
2,016E+11;16;4;14;1355;1;2;2;1;3;187;0, GAMBETTA (AVENUE);M;4603939;406646;420
2,016E+11;16;4;29;1740;1;1;1;1;4;187;46, JAURES (RUE JEAN);M;4603446;407495;420
2,016E+11;16;4;30;1915;2;2;2;2;5;71;0, LIBERATION (AVENUE DE;M;4602775;408493;420
2,016E+11;16;5;3;1310;1;2;2;1;3;184;0, MICHEL LOUISE  (RUE);M;4605533;404794;420
2,016E+11;16;5;3;2113;5;2;1;1;7;184;0, OUEST  (BD);M;4602773;403193;420
2,016E+11;16;5;7;1040;1;1;1;1;1;170;0, LES HEURES (LIEU DIT);M;4604709;412237;420
2,016E+11;16;5;9;1223;1;2;2;1;3;187;0, SAMPAIX  (RUE LUCIEN;M;4602907;405300;420
2,016E+11;16;5;18;1845;1;2;1;1;2;187;0, CHARLIEU (RUE DE );M;4607439;409904;420
2,016E+11;16;5;12;1345;1;2;2;1;3;187;0, MARTIN (RUE MARGUERIT;M;4603192;407574;420
2,016E+11;16;5;17;830;1;2;2;1;6;187;0, THIERS (BOULEVARD DE);M;4602470;405779;420
2,016E+11;16;5;18;1700;1;2;2;1;3;187;125, PARIS (AVENUE DE);M;4604755;406889;420
2,016E+11;16;5;19;1740;1;2;2;1;3;184;0, OUEST  (BD);M;4603150;404607;420
2,016E+11;16;5;20;1415;1;1;2;1;3;184;0, AEROPORT (ROUTE DE L';M;4605110;400291;420
2,016E+11;16;5;23;1650;1;2;1;2;3;187;6, BRISON (RUE);M;4603415;406942;420
2,016E+11;16;5;23;1830;1;2;1;2;5;71;0, LIBERATION (AVENUE DE;M;4602671;408553;420
2,016E+11;16;5;26;1120;1;2;6;1;3;187;0, VAUQUOIS (AVENUE DE );M;4605994;407626;420
2,016E+11;16;6;6;1310;1;2;3;1;3;187;0, EST (ROCADE);M;4603059;404975;420
2,016E+11;16;6;7;1230;1;2;6;1;3;184;0, MICHEL LOUISE  (RUE);M;4604913;405151;420
2,016E+11;16;6;9;1900;1;2;1;1;4;71;54, REPUBLIQUE (AVENUE D;M;4602638;409202;420
2,016E+11;16;6;11;1100;1;1;2;1;3;170;EST (ROCADE);M;4603973;409813;420
2,016E+11;16;6;13;1700;1;2;2;2;3;187;0, RABELAIS (RUE FRANCOI;M;4604075;405637;420
2,016E+11;16;6;15;1220;1;2;2;2;3;187;face 234, CHARLIEU (RUE;M;4605584;408653;420
2,016E+11;16;6;16;1815;1;1;1;1;7;170;0, R.D 504;M;4603710;412623;420
2,016E+11;16;6;17;1430;1;1;1;1;1;127;0, BRIENNON (RT DE);M;4610670;407712;420
2,016E+11;16;6;22;1700;1;2;1;1;7;184;0, OUEST  (BD);M;4603560;404534;420
2,016E+11;16;6;24;1550;1;2;3;1;6;187;0, MARENGO (RUE);M;4603454;407476;420
2,016E+11;16;6;30;2030;2;2;2;1;3;187;0, ROUSSEAU (RUE JEAN JA;M;4603774;405525;420
2,016E+11;16;7;1;205;5;2;6;1;1;187;0, CLERMONT (RUE DE );M;4602890;406557;420
2,016E+11;16;7;1;1720;1;2;1;1;4;71;0, DE GAULLE (BOULEVARD;M;4602351;409672;420
2,016E+11;16;7;4;833;1;2;1;1;6;187;25, CASANOVA (RUE DANIEL;M;4603399;407438;420
2,016E+11;16;7;7;1830;1;2;1;1;2;127;0, Route nationale 7;M;4607814;403414;420
2,016E+11;16;7;9;1950;1;1;2;1;3;187;0, MULSANT (RUE);M;4603866;405753;420
2,016E+11;16;7;10;2132;1;2;1;1;3;187;Face au 15, PROMENADES P;M;4603689;406612;420
2,016E+11;16;7;16;1030;1;1;2;1;6;71;SAINT-VINCENT (ROUTE DE);M;4600536;409924;420
2,016E+11;16;7;18;1220;1;2;6;1;3;184;0, OUEST  (BD);M;4604746;405178;420
2,016E+11;16;7;20;1820;1;2;1;1;7;187;0, THIERS (BOULEVARD DE);M;4602769;404859;420
2,016E+11;16;7;21;1530;1;2;1;2;6;187;20 FERRY (BOULEVARD JULE;M;4603167;407015;420
2,016E+11;16;7;22;1940;1;2;1;9;6;170;R.D 504;M;4603770;417337;420
2,016E+11;16;7;29;1745;1;2;1;1;6;184;121, CHARLES DE GAULLE(A;M;4605183;406574;420
2,016E+11;16;7;30;2110;2;2;1;1;6;170;0, LES PLAINES (LIEU DIT;M;4603269;410066;420
2,016E+11;16;8;5;1025;1;2;6;1;1;187;22, GAMBETTA (AVENUE);M;4603940;406808;420
2,016E+11;16;8;19;1010;1;2;2;1;3;187;0, THOMAS (RUE ALBERT);M;4604909;407402;420
2,016E+11;16;8;27;1505;1;2;1;1;2;71;0, LIBERATION (AVENUE DE;M;4603130;408290;420
2,016E+11;16;8;30;1800;1;2;1;1;3;187;8, ALSACE - LORRAINE (RU;M;4603628;406946;420
2,016E+11;16;8;30;1810;1;2;3;1;3;71;59, REPUBLIQUE (AVENUE D;M;4602617;409298;420
2,016E+11;16;9;1;900;1;2;6;1;1;184;0, OUEST  (BD);M;4604579;405597;420
2,016E+11;16;9;1;2113;1;2;1;1;7;184;0, CANAUX;M;4604009;405213;420
2,016E+11;16;9;2;1030;1;2;3;1;3;187;0, BARON DU MARAIS (BOUL;M;4604226;406628;420
2,016E+11;16;9;4;1855;1;2;3;1;6;187;NOELAS (Rue);M;4603798;406854;420
2,016E+11;16;9;6;1910;2;2;3;1;3;187;0, ILE (QUAI DE L');M;4603363;407887;420
2,016E+11;16;9;6;1535;1;2;3;1;3;187;0, BOCHARD (RUE CLAUDE);M;4602422;406813;420
2,016E+11;16;9;8;805;1;2;7;7;6;187;0, PHENIX (PLACE DU);M;4603642;406379;420
2,016E+11;16;9;10;1645;1;2;1;1;6;127;12, VICTOR  HUGO (RUE);M;4605886;407224;420
2,016E+11;16;9;11;940;1;2;9;1;1;184;CHARLES DE GAULLE(AV);M;4605473;406372;420
2,016E+11;16;9;13;1010;1;2;1;1;2;187;BARON DU MARAIS (BOUL;M;4604226;406616;420
2,016E+11;16;9;14;1355;1;2;3;1;3;71;124 LIBERATION (AV);M;4602587;408619;420
2,016E+11;16;9;16;1640;1;2;1;2;2;184;0, OUEST  (BD);M;4604765;405119;420
2,016E+11;16;10;4;1500;1;2;1;1;6;127;0, CHAPELLE  (CHEMIN DE;M;4607165;406670;420
2,016E+11;16;10;4;1140;1;2;3;1;6;187;0, CLERMONT (RUE DE );M;4602899;406562;420
2,016E+11;16;10;9;1530;1;2;3;1;5;184;0, BRIAND   ARISTIDE (RU;M;4605060;406670;420
2,016E+11;16;10;12;1640;1;2;3;1;3;71;0, ETINES (BOULEVARD DES;M;4602173;409223;420
2,016E+11;16;10;12;2119;5;2;3;1;3;187;0, CHARLIEU (RUE DE );M;4605335;408582;420
2,016E+11;16;10;14;1625;1;2;3;3;3;127;0, FONTAINE JEAN  (RUE D;M;4606551;406834;420
2,016E+11;16;10;15;1105;1;2;3;1;6;187;0, BERGE (RUE DE LA );M;4603183;407163;420
2,016E+11;16;10;19;1456;1;2;7;1;4;71;0, Pont de la LOIRE;M;4603300;407908;420
2,016E+11;16;10;19;1740;1;2;1;1;6;187;DURAS (RUE MARGUERITE;M;4603048;404689;420
2,016E+11;16;10;19;1936;5;2;3;1;2;187;0, LOIRE (LEVEE DE LA );M;4603265;407951;420
2,016E+11;16;10;27;1311;1;2;1;1;6;187;3, MULSANT (RUE);M;4603728;400635;420
2,016E+11;16;10;27;2014;5;2;6;1;1;187;rond point des canaux;M;4603987;405218;420
2,016E+11;16;10;29;1000;1;2;1;1;6;187;109, MULSANT (RUE);M;4603967;405401;420
2,016E+11;16;11;2;1445;1;2;1;1;7;187;27, PRESSENSE (RUE FRANC;M;4605435;409020;420
2,016E+11;16;11;3;805;2;2;9;5;6;184;96, BERLIOZ    HECTOR;M;4604971;406306;420
2,016E+11;16;11;6;1825;2;2;3;2;6;184;0, MICHEL LOUISE  (RUE);M;4605359;404974;420
2,016E+11;16;11;7;1222;1;2;1;2;6;127;rue pierre corneille;M;4607618;406663;420
2,016E+11;16;11;4;2312;5;2;2;1;3;187;36 DOURDEIN (RUE AUGUSTE;M;4604180;405653;420
2,016E+11;16;11;9;800;1;2;3;3;3;184;rue IFFLANDER  ALBRECHT;M;4605150;404469;420
2,016E+11;16;11;10;1820;2;2;1;2;3;170;LE PONT DE RHINS;M;4602572;409445;420
2,016E+11;16;11;10;1405;1;2;1;2;6;71;0, Route nationale 7;M;4601886;410231;420
2,016E+11;16;11;11;935;1;2;9;2;6;184;0, FOCH MARECHAL (RUE);M;4603985;405211;420
2,016E+11;16;11;12;1018;1;2;1;1;1;187;quai sémard;M;4602545;408208;420
2,016E+11;16;11;16;1215;1;2;1;1;1;187;38, REPUBLIQUE (COUR DE;M;4603860;406414;420
2,016E+11;16;11;16;1853;4;2;1;1;4;71;0, Route nationale 7;M;4606289;406278;420
2,016E+11;16;12;22;1450;1;2;1;1;6;218;31, GRAND GONNET A PARTI;M;4544289;438324;420
2,016E+11;16;12;30;1920;3;1;1;1;4;218;ROCADE OUEST;M;4542232;436702;420
2,016E+11;16;12;28;1210;1;2;2;1;3;218;IGNORE, RHIN ET DANUBE (;M;4544976;436476;420
2,016E+11;16;1;5;1130;1;2;1;1;6;218;bd SAINT SAENS CAMI;M;4547205;439470;420
2,016E+11;16;1;7;2000;1;2;1;1;3;218;73-75, ROCHETAILLEE (AVE;M;4541468;440195;420
2,016E+11;16;1;14;1315;1;2;1;1;6;218;5, FAURIEL (COURS);M;4543071;439588;420
2,016E+11;16;4;1;1728;1;2;1;1;6;218;07, HUGO VICTOR (COURS);;;;420
2,016E+11;16;1;23;225;5;2;1;2;6;218;IGNORE, VIVARAIZE (DE LA;M;4542593;440275;420
2,016E+11;16;1;31;1920;5;2;3;2;3;218;ignor‚, CHOLAT CHARLES;M;4546486;439869;420
2,016E+11;16;2;12;1200;1;2;1;1;3;218;ignor‚, JANIN JULES (BD);M;4544679;439722;420
2,016E+11;16;2;17;1025;1;2;1;1;3;218;32, TALAUDIERE (DE LA) A;M;4545443;441178;420
2,016E+11;16;2;13;2030;5;2;3;1;3;218;16, CHARCOT DOCTEURS JUS;M;4542257;439185;420
2,016E+11;16;1;2;1439;1;2;2;1;3;218;2, PAROT JEAN JUSQU'AUX;M;4543390;442074;420
2,016E+11;16;3;12;1705;1;2;3;1;1;218;CHANTALOUETTE (Bld);M;4542193;440125;420
2,016E+11;16;3;14;820;1;2;1;1;6;218;02 BIS, BUFFON;M;4541633;439025;420
2,016E+11;16;3;19;1215;1;2;3;1;3;218;60, ROBESPIERRE;M;4541136;439805;420
2,016E+11;16;1;2;1537;1;2;1;1;6;218;C.C. MONTHIEU;M;4544228;442077;420
2,016E+11;16;1;7;1210;1;2;1;1;7;218;07, UNIVERSITE (DE L');M;4541918;442373;420
2,016E+11;16;1;15;319;5;2;1;1;7;218;COURS G. NADAUD;M;4543187;439536;420
2,016E+11;16;3;11;1730;1;1;1;1;4;330;ignore, ROCADE OUEST;M;4547377;434565;420
2,016E+11;16;3;4;735;1;2;1;2;6;218;154, FAURIEL (COURS);M;4542424;440750;420
2,016E+11;16;1;16;1121;1;2;1;8;6;275;rue du HUIT MAI 1945;M;4547148;437829;420
2,016E+11;16;1;22;1226;1;2;1;1;3;218;GRIGNARD VICTOR A PARTIR;M;4545714;440522;420
2,016E+11;16;4;1;1725;1;2;3;2;6;218;01, MARAS FRERE JUSQU'AU;M;4543263;438729;420
2,016E+11;16;3;1;1015;1;2;6;1;6;218;ignor‚, PINAY ANTOINE (R;M;4544376;441922;420
2,016E+11;16;2;5;1329;1;2;1;1;6;218;11, JACQUARD (PLACE);M;4544173;438167;420
2,016E+11;16;2;10;1152;1;2;1;1;6;218;13, CUSSINEL;M;4544229;441393;420
2,016E+11;16;3;31;740;1;2;1;1;6;218;56, ROBESPIERRE;M;4541177;439752;420
2,016E+11;16;4;11;1830;1;1;1;1;4;189;ignore, ROCADE OUEST;M;4542713;435676;420
2,016E+11;16;4;12;820;1;2;1;1;6;218;5, NECKER;M;4545487;440866;420
2,016E+11;16;4;14;1130;1;2;1;1;6;218;50, SOULIE LOUIS;M;4544903;440192;420
2,016E+11;16;4;23;1;5;2;3;2;3;218;sans, DURAFOUR ANTOINE J;M;4543071;439335;420
2,016E+11;16;4;22;1745;1;2;1;1;6;218;3, MALON BENOIT;M;4544252;438214;420
2,016E+11;16;2;21;1424;1;2;3;1;2;218;50, VIVIE PAUL DE;M;4540400;440122;420