Num_Acc;an;mois;jour;hrmn;lum;agg;int;atm;col;com;adr;gps;lat;long;dep
2,016E+11;16;4;28;1300;1;2;3;1;3;218;sans, ARCOLE A PARTIR DE;M;4544017;438284;420
2,016E+11;16;3;6;2130;5;2;1;1;6;218;07, KRUMNOW FREDO (BOULE;M;4543953;437866;420
2,016E+11;16;3;7;1535;1;2;2;1;3;218;MUSSET ALFRED DE (BD;M;4544515;438044;420
2,016E+11;16;4;13;1525;1;2;2;8;6;218;07, VIVARAIZE (DE LA) JU;M;4542316;439871;420
2,016E+11;16;4;13;1650;1;2;3;2;1;218;01, PUITS LACHAUD (DU);M;4544048;443607;420
2,016E+11;16;4;12;1114;1;2;1;1;6;218;PUITS THIBAUD (DU);M;4544467;440184;420
2,016E+11;16;3;22;1720;1;2;1;1;6;218;rue de la JOMAYERE;M;4541215;438532;420
2,016E+11;16;4;14;900;1;1;1;1;4;305;RD1498;M;4547748;440976;420
2,016E+11;16;3;25;1400;1;2;1;1;6;218;rue GUTENBERG;M;4541563;439507;420
2,016E+11;16;5;10;1120;1;2;1;2;4;218;19, CLAUDE DESIRE JUSQU';M;4542974;438882;420
2,016E+11;16;5;15;525;5;2;1;1;6;305;23, BROSSY JEAN;M;4547660;442823;420
2,016E+11;16;5;20;1500;1;2;1;1;6;218;14, SEMBAT MARCEL;M;4542379;441354;420
2,016E+11;16;5;20;1655;1;2;1;1;2;218;nc, TALAUDIERE (DE LA) J;M;4545440;441174;420
2,016E+11;16;5;20;1730;1;2;1;1;6;218;22, FENELON;M;4543474;440619;420
2,016E+11;16;5;21;1900;1;2;1;1;1;218;ignor‚, SOMMET RAYMOND;M;4545070;439689;420
2,016E+11;16;5;27;1810;1;2;3;1;6;218;SANS, BASSE DES RIVES;M;4542562;439463;420
2,016E+11;16;5;25;1020;1;2;1;1;3;218;13, PASSEMENTIERS JUSQU';M;4542122;439709;420
2,016E+11;16;5;31;1600;1;2;1;2;6;218;106, FAURIEL (COURS);M;4542673;440347;420
2,016E+11;16;6;2;1710;1;2;1;3;6;218;5, POURCEL ALEXANDRE JUS;M;4542345;439280;420
2,016E+11;16;6;6;2010;1;1;1;1;3;218;171, TREMAS (LIEU DIT);M;4542439;429263;420
2,016E+11;16;5;2;1539;1;2;2;1;6;218;VERDUN (AVENUE D;M;4546485;437851;420
2,016E+11;16;5;5;1838;1;2;1;1;6;218;rue LEVAILLANT MAITR;M;4542974;438882;420
2,016E+11;16;6;2;1640;1;2;1;3;6;218;10, FRAISSINETTE ALEXAND;M;4541729;441152;420
2,016E+11;16;6;12;839;1;2;1;1;6;218;ignor‚, RULLIERE GENERAL;M;4541970;439444;420
2,016E+11;16;6;10;1250;1;2;1;1;6;218;07, CHAVANELLE (PLACE);M;4543521;439254;420
2,016E+11;16;6;13;950;1;2;1;1;1;218;sans, TERRENOIRE (DE) A;M;4543200;441406;420
2,016E+11;16;6;17;2100;2;2;1;1;1;218;SANS, LUTHER KING MARTIN;M;4542044;437630;420
2,016E+11;16;6;17;1755;1;2;2;1;6;218;1, BERGSON JUSQU'AUX N›;M;4544705;438498;420
2,016E+11;16;6;18;1133;1;2;2;1;3;218;20, BOURGNEUF;M;4544559;438302;420
2,016E+11;16;6;22;1732;1;2;1;1;6;218;15, DENFERT ROCHEREAU (A;M;4544090;439810;420
2,016E+11;16;6;29;710;1;2;1;1;6;305;18, HUGO VICTOR;M;4548024;443243;420
2,016E+11;16;4;24;1810;1;1;2;1;3;218;EVRARD FLORENT A PARTIR;M;4542396;437520;420
2,016E+11;16;6;11;1000;1;2;1;1;7;218;nc, MUSSET ALFRED DE (BD;M;4544171;437898;420
2,016E+11;16;6;28;1920;1;2;1;1;3;218;32, ROCHETAILLEE (AVENUE;M;4541799;440009;420
2,016E+11;16;6;21;1340;1;2;3;1;3;218;nc, UNIVERSITE (DE L');M;4541982;442467;420
2,016E+11;16;6;30;1820;1;2;1;1;6;218;46-48, VERNAY (DU);M;4542966;439297;420
2,016E+11;16;7;8;905;1;2;1;1;6;218;IGNORE, POURCEL ALEXANDR;M;4542397;439379;420
2,016E+11;16;7;11;1035;1;2;1;8;6;218;ROBESPIERRE;M;4541494;439564;420
2,016E+11;16;7;13;1830;1;2;3;1;3;218;nc, PLAGNE (DE LA);M;4543921;440357;420
2,016E+11;16;7;22;1520;1;1;1;2;4;223;SANS, ROCADE OUEST;M;4543492;434428;420
2,016E+11;16;7;26;2300;5;2;3;1;3;218;SANS, JANIN JULES (BD) A;M;4544884;439127;420
2,016E+11;16;7;22;950;1;1;1;1;6;330;24, MICHARD;M;4547231;436207;420
2,016E+11;16;7;28;2315;5;2;1;1;2;218;17, MARTEL EDOUARD JUSQU;M;4541802;437971;420
2,016E+11;16;8;1;925;1;2;1;1;6;218;23, BERT PAUL A PARTIR N;M;4544151;438360;420
2,016E+11;16;8;3;950;1;2;1;1;6;305;1, MIRABEAU;M;4547969;443001;420
2,016E+11;16;8;2;1341;1;2;1;1;2;218;29, MIMARD ETIENNE A PAR;M;4543894;439712;420
2,016E+11;16;8;6;1910;1;2;1;1;4;218;36 bis, ROCHETAILLEE (AV;M;4541587;440115;420
2,016E+11;16;8;2;2116;1;2;3;1;3;218;15, BRIAND ET DE LA PAIX;M;4543915;438441;420
2,016E+11;16;8;5;1452;1;2;3;1;3;218;16, VIAL JEAN HIPPOLYTE;M;4543512;443718;420
2,016E+11;16;8;30;320;5;1;1;1;6;189;nc, CURIE PIERRE ET MARI;M;4543576;434691;420
2,016E+11;16;6;8;1734;1;2;2;1;3;218;30 rue VOLTAIRE;M;4542828;439137;420
2,016E+11;16;9;1;1625;1;2;1;1;6;218;face au 35, LIBERATION (;M;4543774;439340;420
2,016E+11;16;7;13;1545;1;2;3;1;3;218;rue eugène joly;M;4541866;441415;420
2,016E+11;16;7;2;1850;1;2;3;1;3;218;rue charles DARWIN;M;4542293;438963;420
2,016E+11;16;7;1;1315;1;1;1;1;7;223;ROCADE OUEST;M;4544225;434242;420
2,016E+11;16;9;3;1440;1;2;1;1;6;218;AV DUPRE AUGUSTIN;M;4543750;438090;420
2,016E+11;16;9;9;2245;5;2;1;1;7;218;rue des ACIERIES;M;4545545;439147;420
2,016E+11;16;9;13;1510;1;2;2;1;1;218;rue des ACIERIES;M;4545614;439178;420
2,016E+11;16;9;17;2100;5;2;1;2;3;218;87, DESTRE DOCTEUR LOUIS;M;4544039;442953;420
2,016E+11;16;8;15;1235;1;2;1;1;6;218;140, DURAFOUR ANTOINE A;M;4542213;439675;420
2,016E+11;16;9;16;940;1;2;1;1;6;218;130, Rue MONTAT (DE LA);M;4544377;441571;420
2,016E+11;16;9;20;1315;1;2;1;1;2;218;15, UNIVERSITE (DE L');M;4542050;442540;420
2,016E+11;16;9;21;1625;1;2;1;1;4;330;ROCADE OUEST;M;4547027;434509;420
2,016E+11;16;9;25;1410;1;2;1;1;7;218;NC, SAINT SAENS CAMILLE;M;4547331;439522;420
2,016E+11;16;9;24;2106;5;2;1;1;6;218;5, CHAMPROND;M;4544437;436363;420
2,016E+11;16;9;28;1800;1;2;3;1;6;218;bd FRAISSINETTE ALEX;M;4541727;441390;420
2,016E+11;16;8;30;1546;1;2;3;1;6;218;ignor‚, BERNARD MARTIN;M;4542854;438231;420
2,016E+11;16;9;25;1950;5;2;1;3;1;218;65, DESTRE DOCTEUR LOUIS;M;4544178;443411;420
2,016E+11;16;10;5;2045;4;1;4;1;3;218;cours FAURIEL;M;4543190;439549;420
2,016E+11;16;10;9;1304;1;2;1;1;6;218;99 rue Richelandière;M;4543586;441346;420
2,016E+11;16;10;15;1810;2;2;3;1;3;218;24 rue des alliés;M;4543968;439979;420
2,016E+11;16;9;4;733;1;1;1;1;7;218;CONDAMINE (LIEU DIT);M;4545486;426593;420
2,016E+11;16;10;18;1905;5;2;1;1;3;218;rue de TERRENOIRE;M;4542935;440972;420
2,016E+11;16;9;12;1700;1;2;1;1;6;218;86, BERGSON A PARTIR N›;M;4545764;438214;420
2,016E+11;16;10;31;2105;5;2;3;1;3;218;rue BARROUIN;M;4545363;438832;420
2,016E+11;16;10;21;1530;1;2;1;1;6;218;15, THIERRY AUGUSTIN (BD;M;4544668;438209;420
2,016E+11;16;11;5;1800;5;1;2;3;3;218;IGNORE, R.D. N›25;M;4542435;429482;420
2,016E+11;16;11;6;1725;2;2;2;2;7;218;ignor‚, EVRARD FLORENT A;M;4542392;437515;420
2,016E+11;16;11;13;1130;2;2;3;8;6;218;11, BERTHELOT;M;4541697;439867;420
2,016E+11;16;11;13;1020;1;2;1;1;6;237;4, SOUVENIR (PLACE DU);M;4545148;444726;420
2,016E+11;16;11;14;1645;2;2;3;1;6;218;63, ROBESPIERRE;M;4541129;439800;420
2,016E+11;16;11;11;1630;1;2;1;1;5;218;TERRENOIRE (DE) JUSQU'AU;M;4543041;441186;420
2,016E+11;16;11;12;200;5;2;1;1;6;218;1, SOULIE LOUIS;M;4544493;439817;420
2,016E+11;16;11;15;1210;1;2;1;1;2;275;5, RAIMOND (AVENUE ALBER;M;4546872;437681;420
2,016E+11;16;11;17;1137;1;2;3;1;1;218;129, ALLIES JUSQU'AUX N›;M;4544150;441417;420
2,016E+11;16;11;22;1321;1;2;3;3;6;218;16, CURIE PIERRE ET MARI;M;4543770;438250;420
2,016E+11;16;11;29;930;1;2;9;1;2;218;62, CLAUDE DESIRE A PART;M;4542489;439010;420
2,016E+11;16;11;16;1428;1;2;1;1;6;218;33 bd de la PALLE;M;4542874;441449;420
2,016E+11;16;11;30;1015;1;2;1;1;6;218;38, ARCOLE A PARTIR DES;M;4543998;438125;420
2,016E+11;16;11;29;1955;5;2;1;1;2;189;37, BRAILLE LOUIS (BOULE;M;4541702;431089;420
2,016E+11;16;12;6;1740;2;1;3;1;4;218;73, CROZET BOUSSINGAULT;M;4541820;440619;420
2,016E+11;16;12;6;1325;1;1;3;1;6;218;1, CUSSINEL;M;4544303;441297;420
2,016E+11;16;10;29;1540;1;2;1;1;6;218;rue BADOUILLERE;M;4543224;439231;420
2,016E+11;16;12;7;1055;1;2;1;1;7;218;24, MASSENET (PLACE);M;4546730;437810;420
2,016E+11;16;12;10;120;5;2;1;1;7;218;92, CHARCOT DOCTEURS A P;M;4541680;439333;420
2,016E+11;16;12;13;1500;1;2;1;1;6;218;183, BERGSON A PARTIR N›;M;4546250;438055;420
2,016E+11;16;12;17;1515;1;2;1;1;6;218;5, CHARCOT DOCTEURS JUSQ;M;4542272;439203;420
2,016E+11;16;1;21;1950;5;2;1;1;6;186;MANDELA COURS NELSON;M;4552617;461164;420
2,016E+11;16;12;1;1630;1;2;1;1;6;123;114, JAURES RUE JEAN;M;4551111;457805;420
2,016E+11;16;2;3;1740;1;1;1;1;3;186;FOREZ AVENUE DU;M;4551925;459830;420
2,016E+11;16;2;10;1855;4;2;1;1;6;207;13, CHARITE RUE DE LA;M;4547837;451556;420
2,016E+11;16;2;14;1140;1;1;1;1;1;259;MUNAT ROUTE DU;M;4553682;459541;420
2,016E+11;16;3;5;1150;1;2;1;1;3;225;643, TAPIGNEUX ROUTE DE;M;4553976;456667;420
2,016E+11;16;4;7;1450;1;2;1;1;6;186;12, FERRY RUE JULES;M;4552785;461352;420
2,016E+11;16;4;7;1635;1;2;1;1;4;207;46, VICTOR HUGO RUE;M;4547522;451942;420
2,016E+11;16;4;27;1450;1;2;3;1;1;225;BOURDONNES ROUTE DES;M;4553398;459003;420
2,016E+11;16;5;28;30;3;1;1;1;6;259;60, SAINT MARTIN ROUTE D;M;4553591;461005;420
2,016E+11;16;6;30;1345;1;2;1;1;2;186;32, REPUBLIQUE AUTRES N°;M;4552956;461263;420
2,016E+11;16;7;5;1840;1;2;1;1;4;207;33, WALDECK ROUSSEAU BOU;M;4547532;450527;420
2,016E+11;16;7;9;1000;1;2;1;1;6;110;PASTEUR  AVENUE;M;4548503;453935;420
2,016E+11;16;9;21;830;1;2;1;1;6;207;01, ILE DE FRANCE PLACE;M;4547397;453325;420
2,016E+11;16;9;27;1545;1;2;4;1;3;207;DELAY FRANCOIS BOULEVARD;M;4547509;450827;420
2,016E+11;16;10;1;1940;3;1;1;2;3;207;LANGONNAND  ROUTE DE;M;4547640;446872;420
2,016E+11;16;10;4;1815;1;2;1;1;2;110;61, PASTEUR  AVENUE;M;4548526;454034;420
2,016E+11;16;10;4;1515;1;2;1;1;3;186;MARX SQUARE KARL;M;4552495;460948;420
2,016E+11;16;10;7;2130;5;2;1;1;3;207;GRANDE RUE;M;4547983;452443;420
2,016E+11;16;12;20;1755;5;2;3;1;3;110;3, BERTHELOT AVENUE;;;;420
2,016E+11;16;12;15;1750;5;2;1;1;6;46;AV PIERRE ET MARIE CURIE;;;;430
2,016E+11;16;1;8;1000;1;2;1;1;3;157;1, GAMBETTA (BD);M;4504430;387990;430
2,016E+11;16;12;24;1940;5;2;1;1;6;41;02, MONTEIL (ROUTE DU);M;4505070;392230;430
2,016E+11;16;1;29;1955;5;2;1;1;6;157;53, ST-JEAN (RUE FG);M;4504490;388993;430
2,016E+11;16;2;1;1435;1;2;1;1;2;157;36 BD RÉPUBLIQUE;;;;430
2,016E+11;16;12;27;1645;1;2;1;1;6;41;5, TIREBOEUF (COTE DE);M;4504960;391275;430
2,016E+11;16;2;3;1115;1;2;1;1;6;46;BD LA PETITE MER;M;4505840;390868;430
2,016E+11;16;4;15;1825;1;2;7;1;6;41;RUE DU GARAY;;;;430
2,016E+11;16;5;5;1020;1;1;6;1;3;41;CHARTREUSE (ROND POINT);M;4505520;390904;430
2,016E+11;16;6;1;1715;1;2;1;1;2;251;1 ALLENDE (AV SALVADOR;;;;430
2,016E+11;16;6;3;750;1;2;3;1;3;157;39 BERTRAND (BD. PRESID;;;;430
2,016E+11;16;6;27;1700;1;2;1;1;6;157;114, FOCH (AV MARECHAL;M;4503190;388569;430
2,016E+11;16;6;24;1905;1;2;1;1;1;157;27, DUPUY (AV CH.);;;;430
2,016E+11;16;7;26;1340;1;2;1;1;3;157;18 CHARBONNIER (AV.CL.);M;4503960;388199;430
2,016E+11;16;8;2;1229;1;2;1;1;6;157;2, REPUBLIQUE (BD DE LA);;;;430
2,016E+11;16;8;12;655;1;2;1;1;6;157;CARNOT (BD);M;4504690;387923;430
2,016E+11;16;9;6;1420;1;2;1;1;4;157;21, CARNOT (BD);M;4504530;387983;430
2,016E+11;16;9;7;1350;1;2;1;1;6;157;7, SAINT-LOUIS (BD);M;4504210;388140;430
2,016E+11;16;10;5;1220;1;2;1;1;3;157;23, REPUBLIQUE (BD DE LA;;;;430
2,016E+11;16;10;11;840;1;2;1;1;6;41;137BIS AV CHARLES DUPUY;M;4505160;391203;430
2,016E+11;16;10;13;1320;1;2;3;2;6;157;4 BD BERTRAND DE DOUE;;;;430
2,016E+11;16;11;7;1515;1;2;1;1;6;157;BD ALEXANDRE CLAIR;M;4503680;388164;430
2,016E+11;16;11;8;1550;1;2;1;1;6;157;BD ALEXANDRE CLAIR;M;4503940;388198;430
2,016E+11;16;12;2;1740;5;2;1;1;6;41;PLACE DE LA MAIRIE;M;4504690;392697;430
2,016E+11;16;1;8;1931;5;2;1;3;6;55;251, LATTRE DE TASSIGNY;M;4728584;-239644;440
2,016E+11;16;1;14;1200;1;2;3;1;3;55;86, LYON ( AVENUE DE );M;4727511;-235692;440
2,016E+11;16;1;15;1528;1;1;2;3;1;132;NS, GUERANDE (ROUTE DE);M;4727962;-230238;440
2,016E+11;16;2;3;2145;5;2;1;1;6;135;9, BOIS ( RUE DU );M;4727545;-242806;440
2,016E+11;16;2;24;2123;5;2;1;2;6;55;4, HEURTEAU ( AVENUE );M;4728080;-240967;440
2,016E+11;16;3;5;108;5;2;1;2;6;132;162, OCEANIDES (BOULEVAR;M;4727053;-235198;440
2,016E+11;16;4;1;405;4;2;1;1;6;55;39, OCEAN ( BOULEVARD DE;M;4727789;-237032;440
2,016E+11;16;4;2;753;1;2;1;1;6;55;70, LATTRE DE TASSIGNY (;M;4728207;-241205;440
2,016E+11;16;4;14;1810;1;2;1;1;6;55;39, OCEAN ( BOULEVARD DE;M;4727767;-237013;440
2,016E+11;16;5;8;1250;1;2;2;1;3;132;SELLIER (AVENUE);M;4726439;-233835;440
2,016E+11;16;5;21;1145;1;2;3;1;3;132;OCEANIDES (BOULEVARD DES;M;4716153;-235301;440
2,016E+11;16;5;23;1955;1;1;1;1;1;55;30, VILLE JOIE ( ROUTE D;M;4727566;-232403;440
2,016E+11;16;5;27;1720;1;2;1;1;2;55;27, BOIS D'AMOUR ( AVENU;M;4728795;-238283;440
2,016E+11;16;6;5;1823;1;2;6;1;7;55;5, OCÉAN ( BOULEVARD DE;M;4727957;-237813;440
2,016E+11;16;6;30;1140;1;2;6;1;3;132;NS, ST NAZAIRE (BOULEVAR;M;4725638;-231729;440
2,016E+11;16;7;4;1505;1;2;2;1;3;132;NS, LAVANDES (AVENUE DES;M;4724915;-231299;440
2,016E+11;16;7;16;1410;1;2;1;1;6;55;39, OCeAN ( BOULEVARD DE;M;4727778;-237054;440
2,016E+11;16;7;14;1140;1;2;1;1;7;55;15, DARLU ( BOULEVARD );M;4728177;-239758;440
2,016E+11;16;8;5;1630;1;2;2;1;3;132;41, PLAGE (AVENUE DE LA);M;4726151;-234134;440
2,016E+11;16;8;6;1515;1;2;1;1;3;135;24, SANDEAU ( QUAI JULES;M;4727618;-242775;440
2,016E+11;16;8;13;1950;1;2;2;1;6;132;NS, PLAGE (AVENUE DE LA);M;4726352;-234274;440
2,016E+11;16;8;15;1850;1;2;1;1;1;135;35, MOREAU ( AVENUE );M;4726764;-244203;440
2,016E+11;16;8;27;2057;1;2;1;1;6;132;20, EVENS (AVENUE DES);M;4726389;-234130;440
2,016E+11;16;9;21;1732;1;2;1;1;6;132;52, OCEANIDES (BOULEVARD;M;4726500;-234486;440
2,016E+11;16;9;23;1620;1;2;1;1;3;132;3, BRIAND (PLACE ARISTID;M;4726987;-234478;440
2,016E+11;16;10;8;1428;1;2;1;1;3;135;11, BOUGOUIN ( RUE FRAN€;M;4726731;-242288;440
2,016E+11;16;11;6;1900;5;2;1;1;6;109;RUE DE LA VILLE EN BOIS;M;4721378;-157575;440
2,016E+11;16;1;7;1545;1;2;1;1;3;109;., QUAI DU MARQUIS D'AIG;M;4720200;-157631;440
2,016E+11;16;11;22;900;1;2;1;1;6;109;3, CHEMIN DE LA CENSIVE;M;4725269;-155028;440
2,016E+11;16;11;24;1615;1;2;1;1;6;109;AVENUE CARNOT;M;4721443;-154558;440
2,016E+11;16;1;9;1345;1;2;2;1;1;190;., RUE DES CEVENNES;M;4720260;-148848;440
2,016E+11;16;11;16;725;5;2;1;3;6;109;PONT DE PONT ROUSSEAU;M;4719671;-153803;440
2,016E+11;16;11;19;1100;1;2;1;1;6;114;AVENUE DE LA MORLIERE;M;4724879;-160064;440
2,016E+11;16;1;5;1830;5;2;1;1;6;162;221, ROUTE DE VANNES;M;4724189;-159475;440
2,016E+11;16;12;29;1500;1;2;1;1;7;162;., RUE AMERIGO VESPUCCI;M;4722443;-162342;440
2,016E+11;16;11;27;550;5;2;1;1;6;109;RUE PIERRE ET MARIE CURI;M;4722493;-152333;440
2,016E+11;16;1;8;730;5;2;1;2;6;143;22, RUE DES GRANDS COURT;M;4718820;-157029;440
2,016E+11;16;11;14;845;2;2;1;1;6;109;9, RUE DE LA PETITE BARA;M;4724934;-152263;440
2,016E+11;16;1;14;805;2;2;6;2;6;109;00, ALLEE DE LA REINE MA;M;4722390;-155069;440
2,016E+11;16;11;25;2013;5;2;1;2;6;109;RUE AMIRAL DU CHAFFAULT;M;4720758;-158237;440
2,016E+11;16;1;21;1635;1;2;1;1;6;109;., RUE DES TAMARIS;M;4723820;-151626;440
2,016E+11;16;11;9;900;2;2;1;1;6;109;PLACE VICTOR MANGIN;M;4720091;-154455;440
2,016E+11;16;1;13;1200;1;2;1;1;7;109;3, RUE CELESTIN FREINET;M;4720740;-153435;440
2,016E+11;16;11;7;750;1;1;1;1;6;162;RUE DE LA RIVAUDIERE;M;4722142;-164725;440
2,016E+11;16;11;16;800;2;2;6;2;6;190;RUE DES COUCOUS;M;4719901;-151064;440
2,016E+11;16;11;20;1355;1;2;1;1;6;109;8, BOULEVARD DES TRIBUNE;M;4724509;-156443;440
2,016E+11;16;1;12;1710;1;2;6;1;3;109;PLACE EMILE SARRADIN;M;4722070;-157029;440
2,016E+11;16;11;22;800;2;2;1;8;6;109;63, RUE DUFOUR;M;4722431;-154540;440
2,016E+11;16;8;2;1410;1;2;6;1;6;109;PLACE FRANCOIS II;M;4720630;-155653;440
2,016E+11;16;11;25;2230;5;1;1;1;6;109;68, BOULEVARD DE LA FRAT;M;4721811;-158753;440
2,016E+11;16;1;29;1525;1;2;6;1;6;109;., BOULEVARD DES FRERES;M;4723330;-156569;440
2,016E+11;16;11;21;825;2;2;1;1;6;109;RUE SARRAZIN;M;4722028;-155985;440
2,016E+11;16;1;1;250;5;2;2;1;3;109;RUE STENDHAL;M;4725720;-157094;440
2,016E+11;16;11;16;1815;2;2;1;1;6;162;BOULEVARD SALVADOR ALLEN;M;4722040;-162750;440
2,016E+11;16;2;1;2115;5;2;6;1;3;109;., PLACE DE LA REPUBLIQU;M;4720550;-155468;440
2,016E+11;16;11;13;1840;3;1;1;1;4;109;bd fleming;M;4725710;-154646;440
2,016E+11;16;1;15;2125;5;2;1;1;1;109;28, BOULEVARD DE LAUNAY;M;4721090;-157488;440
2,016E+11;16;11;20;330;5;2;1;2;1;109;6, ROUTE DE ROCHE MAURIC;M;4719467;-161664;440
2,016E+11;16;11;14;1837;5;2;1;1;3;109;AVENUE DE LA GARE DE SAI;M;4725444;-152255;440
2,016E+11;16;11;20;1755;4;1;1;2;4;114;;M;4726231;-158295;440
2,016E+11;16;11;19;930;1;2;1;1;2;109;BOULEVARD GUY MOLLET;M;4725239;-155316;440
2,016E+11;16;11;15;1030;1;2;3;8;6;109;RUE HENRI IV;M;4721941;-154941;440
2,016E+11;16;11;9;1925;5;2;1;2;6;143;62, RUE DU CHATEAU D'EAU;M;4717124;-154008;440
2,016E+11;16;12;22;500;5;2;1;2;1;109;QUAI DE MALAKOFF;M;4721316;-153667;440
2,016E+11;16;12;13;1750;5;2;1;1;3;109;BOULEVARD JULES VERNE;M;4724360;-152688;440
2,016E+11;16;12;10;1745;2;2;1;5;6;109;76, BOULEVARD JULES VERN;M;4723982;-153089;440
2,016E+11;16;12;7;910;1;2;1;7;3;109;RUE DU CROISSANT;M;4723847;-152672;440
2,016E+11;16;2;3;1740;1;2;1;1;6;162;BOULEVARD SALVADOR ALLEN;M;4722200;-163683;440
2,016E+11;16;12;22;1100;1;2;1;1;6;109;22, SQUARE DES ROCHELLET;M;4720993;-161005;440
2,016E+11;16;12;2;1509;1;2;1;1;2;109;BD MARTYRS N. DE LA RESI;M;4720600;-154706;440
2,016E+11;16;12;8;805;1;1;1;1;3;114;PERIPHERIQUE ROUTIER;M;4726489;-159134;440
2,016E+11;16;12;22;1820;3;2;1;2;3;162;BOULEVARD CHARLES DE GAU;M;4721842;-164763;440
2,016E+11;16;12;19;2010;5;2;1;1;1;109;RUE DE STRASBOURG;M;4721441;-155026;440
2,016E+11;16;12;20;1920;3;2;1;1;3;109;BOULEVARD DE LA PRAIRIE;M;4723254;-148540;440
2,016E+11;16;12;8;830;1;2;1;1;3;190;PERIPHERIQUE SUD;M;4722280;-147294;440
2,016E+11;16;1;30;1640;1;2;1;2;6;162;BOULEVARD SALVADOR ALLEN;M;4722010;-162588;440
2,016E+11;16;12;2;1550;1;1;1;1;2;162;PERIPHERIQUE;M;4721099;-162694;440
2,016E+11;16;2;9;2130;5;2;1;1;7;109;30, ROUTE DE PARIS;M;4725820;-150544;440
2,016E+11;16;12;28;2320;5;2;3;1;6;109;BOULEVARD LEON BUREAU;M;4720731;-156497;440
2,016E+11;16;1;25;1600;1;2;6;1;2;109;COTE SAINT SEBASTIEN;M;4719990;-153519;440
2,016E+11;16;12;2;1600;1;2;1;1;6;114;ROUTE DE VANNES;M;4725065;-161813;440
2,016E+11;16;1;1;2215;5;2;1;1;1;162;., BOULEVARD CHARLES DE;M;4721100;-162903;440
2,016E+11;16;12;22;1950;2;2;1;1;6;109;PLACE ARISTIDE BRIAND;M;4721710;-156251;440
2,016E+11;16;1;31;715;5;2;1;2;6;109;BOULEVARD DE DOULON;M;4722560;-152240;440
2,016E+11;16;12;22;2040;5;2;1;1;6;109;RUE DE GIGANT;M;4721452;-157286;440
2,016E+11;16;1;11;1325;1;2;1;1;6;109;BOULEVARD LEON BUREAU;M;4720730;-156497;440
2,016E+11;16;12;23;100;5;2;1;1;6;109;BOULEVARD DE STALINGRAD;M;4721970;-153427;440
2,016E+11;16;1;25;115;5;2;1;9;6;109;RUE CREBILLON;M;4721390;-155997;440
2,016E+11;16;12;10;150;5;2;1;5;6;109;PLACE ALFRED LALLIE;M;4722749;-154470;440
2,016E+11;16;1;31;1810;2;2;2;1;3;109;RUE GENERAL BUAT;M;4722720;-154257;440
2,016E+11;16;12;1;1745;5;2;1;1;6;109;RUE ANATOLE DE MONZIE;M;4720496;-153820;440
2,016E+11;16;2;1;900;1;2;1;2;3;162;BOULEVARD CHARLES DE GAU;M;4721060;-162831;440
2,016E+11;16;2;6;2315;5;2;3;6;6;109;BOULEVARD VICTOR HUGO;M;4720390;-155172;440
2,016E+11;16;1;20;1625;1;2;6;1;6;114;ROUTE DE VANNES;M;4723930;-158936;440
2,016E+11;16;1;29;1310;1;2;3;1;2;190;RUE DE L'OUCHE QUINET;M;4718820;-149510;440
2,016E+11;16;2;24;625;5;2;1;1;7;109;., PLACE ARISTIDE BRIAND;M;4721730;-156256;440
2,016E+11;16;1;6;1752;3;1;1;2;6;194;RD 42;M;4728981;-165734;440
2,016E+11;16;11;23;1238;1;2;1;1;5;109;PONT DE CHEVIRE;M;4718094;-161039;440
2,016E+11;16;1;6;2110;5;2;1;2;7;109;PLACE DU CIRQUE;M;4721750;-155719;440
2,016E+11;16;1;4;1610;1;2;1;8;3;114;RUE ALFRED NOBEL;M;4724780;-159590;440
2,016E+11;16;2;17;1750;1;2;1;1;6;109;5, RUE GENERAL BUAT;M;4723350;-153627;440
2,016E+11;16;1;17;2126;5;2;1;9;6;109;BD MARTYRS N. DE LA RESI;M;4720420;-154667;440
2,016E+11;16;2;28;605;5;2;1;1;7;109;50, BOULEVARD DE LA LIBE;M;4720040;-158924;440
2,016E+11;16;1;7;855;1;2;1;1;6;109;RUE JEANNE D'ARC;M;4722105;-155582;440
2,016E+11;16;1;28;1150;1;2;2;1;3;143;RUE OCTAVE ROUSSEAU;M;4718600;-156410;440
2,016E+11;16;1;28;1445;1;2;1;1;1;114;RUE DE SOLAY;M;4725100;-161361;440
2,016E+11;16;1;22;1625;1;2;1;2;6;109;BOULEVARD ROBERT SCHUMAN;M;4723970;-157168;440
2,016E+11;16;1;12;840;2;2;1;2;6;109;RUE DE LA MARRIERE;M;4723590;-152766;440
2,016E+11;16;2;15;1900;2;2;1;1;3;162;RUE PIERRE BLARD;M;4721160;-165157;440
2,016E+11;16;2;1;750;1;2;1;1;4;109;PERIPHERIQUE exterieur;M;4719280;-161359;440