Num_Acc;an;mois;jour;hrmn;lum;agg;int;atm;col;com;adr;gps;lat;long;dep
2,016E+11;16;1;3;1111;1;2;1;6;7;184;JAURES (RUE JEAN) DU 01;M;4727963;-221135;440
2,016E+11;16;12;30;1855;1;2;3;1;3;184;2, LEFERME (BOULEVARD PA;M;4728422;-220150;440
2,016E+11;16;1;4;1415;1;2;1;1;3;184;11, RD 492 DU RP OCANIS;M;4726358;-225887;440
2,016E+11;16;1;5;1230;1;2;1;1;1;184;BOIS JOALLAND  (ROUTE DU;M;4728040;-225881;440
2,016E+11;16;1;6;1445;1;2;2;1;3;184;PORNICHET (RUE DE) DU 01;M;4727094;-221447;440
2,016E+11;16;1;6;1920;5;2;1;3;7;184;4, SUNDERLAND (BOULEVARD;M;4727027;-223983;440
2,016E+11;16;1;8;1920;5;2;2;2;3;184;MUN (RUE ALBERT DE) DU 0;M;4727813;-220854;440
2,016E+11;16;1;10;2045;3;2;1;2;2;184;RD 213;M;4728305;-227717;440
2,016E+11;16;1;16;1950;2;2;1;1;5;184;RD 492 DU PONT BD HâPITA;M;4727851;-224845;440
2,016E+11;16;1;18;1810;5;2;1;2;3;184;8, LIBERT (BOULEVARD DE;M;4729352;-219829;440
2,016E+11;16;1;20;715;2;2;3;1;2;184;MUN (RUE ALBERT DE) DU 5;M;4727869;-221317;440
2,016E+11;16;1;21;2100;5;2;3;1;3;184;1, GRAND ORMEAU (RUE DU);M;4728163;-220928;440
2,016E+11;16;1;23;1130;1;2;1;1;3;184;59, PAIX ET DES ARTS (RU;M;4727759;-221661;440
2,016E+11;16;1;26;1820;1;2;1;1;7;184;MITTERRAND (AVENUE FRAN€;M;4726944;-222785;440
2,016E+11;16;2;15;1640;1;2;3;1;1;184;LEFERME (BOULEVARD PAUL);M;4728423;-220131;440
2,016E+11;16;2;25;1555;1;2;1;1;7;184;COUBERTIN (AVENUE PIERRE;M;4727162;-223291;440
2,016E+11;16;3;3;1220;1;2;1;1;4;184;11, RD 492 DU RP EINSTEI;M;4726676;-225475;440
2,016E+11;16;3;19;1920;1;1;2;1;1;184;VERA CRUZ (AVENUE DE);M;4727022;-221396;440
2,016E+11;16;4;7;1730;1;2;7;1;3;184;MAI 1945 (PLACE DU 8 ET;M;4727841;-221656;440
2,016E+11;16;4;12;1140;1;2;1;1;3;184;LEFERME (BOULEVARD PAUL);M;4727945;-220254;440
2,016E+11;16;4;19;1100;1;2;1;1;5;184;RD 492 DU PONT BD HâPITA;M;4728341;-224934;440
2,016E+11;16;4;23;2110;2;2;6;1;6;184;LANDETTES (ROND POINT);M;4727091;-224461;440
2,016E+11;16;4;26;1650;1;1;2;1;2;184;2, CoTE D'AMOUR (RTE DE;M;4726286;-223894;440
2,016E+11;16;4;28;750;1;2;2;1;3;184;HIPPODROME (RUE DE L');M;4727337;-222113;440
2,016E+11;16;5;2;1740;1;2;1;1;3;184;47, FRECHETS (ROUTE DES);M;4726399;-224409;440
2,016E+11;16;5;8;1335;1;2;1;1;3;184;18 bis, VILLE HALLUARD (;M;4728476;-220465;440
2,016E+11;16;5;11;1800;1;2;1;1;7;184;8, GateRUE DU CDT) DU;M;4727501;-221843;440
2,016E+11;16;5;19;2125;1;2;1;1;2;184;ZOLA (BD EMILE);M;4730122;-218864;440
2,016E+11;16;5;24;1835;1;2;6;1;3;184;OCeANIS (ROND-POINT);M;4725675;-226837;440
2,016E+11;16;6;3;1600;1;2;2;1;3;184;62, MARCET (RUE BAPTISTE;M;4728246;-223772;440
2,016E+11;16;6;3;1700;1;2;1;1;2;184;24, FRATERNITÉ (BOULEVAR;M;4728290;-221923;440
2,016E+11;16;6;4;1600;1;2;1;1;1;184;70 ter, THOMAS (RUE ALBE;M;4729496;-219523;440
2,016E+11;16;6;14;1910;1;2;6;1;6;184;OCÉANIS (ROND-POINT);M;4725617;-226884;440
2,016E+11;16;6;17;2215;1;2;1;1;2;184;11, ALBERT I (BOULEVARD);M;4725745;-222812;440
2,016E+11;16;6;21;1050;1;2;1;1;6;184;22, GAUTIER (RUE HENRI);M;4727663;-220543;440
2,016E+11;16;6;24;1822;1;2;2;1;7;184;35, GAMBETTA (BOULEVARD;M;4727769;-221699;440
2,016E+11;16;6;29;1425;1;2;1;1;6;184;GUTENBERG (RUE JEAN);M;4728027;-222851;440
2,016E+11;16;6;29;1610;1;2;1;1;1;184;48, GRENAPIN (RUE PITRE);M;4726101;-225706;440
2,016E+11;16;6;30;1730;1;2;1;1;1;184;402, CÔTE D'AMOUR (RTE D;M;4725937;-227984;440
2,016E+11;16;7;5;1455;1;2;1;1;1;184;CHAPONNERIE (ROUTE DE LA;M;4727823;-226598;440
2,016E+11;16;7;13;1200;1;2;1;1;3;184;7, COUBERTIN (AVENUE PIE;M;4727329;-223170;440
2,016E+11;16;7;17;2030;1;2;2;1;3;184;1, HUGO (BOULEVARD VICTO;M;4727781;-221720;440
2,016E+11;16;7;22;1950;1;2;1;1;2;184;MUN (RUE ALBERT DE) DU 5;M;4727851;-221069;440
2,016E+11;16;7;27;1435;1;2;2;1;3;184;141, ANJOU (RUE D') DU 1;M;4728276;-220929;440
2,016E+11;16;8;4;2000;1;2;3;1;5;184;LEFERME (BOULEVARD PAUL);M;4729052;-219957;440
2,016E+11;16;8;13;1650;1;2;1;1;2;184;RD 213;M;4729071;-223523;440
2,016E+11;16;8;22;1805;1;2;2;1;3;184;VIReS MOISSON (CHEMIN D;M;4727875;-228631;440
2,016E+11;16;9;9;831;1;2;8;1;3;184;CROIX DE MeAN (RUE DE LA;M;4730029;-219283;440
2,016E+11;16;9;12;1700;1;2;1;1;7;184;RD 492 DU RP OCeANIS AU;M;4725644;-226867;440
2,016E+11;16;9;13;1935;2;2;1;2;3;184;19, POINT DU JOUR (ROUTE;M;4729114;-226267;440
2,016E+11;16;9;14;1745;1;2;1;1;4;184;21, SUNDERLAND (BOULEVAR;M;4727096;-224438;440
2,016E+11;16;9;22;830;1;2;2;1;3;184;FRATERNITe (BOULEVARD DE;M;4728283;-221884;440
2,016E+11;16;9;26;1500;1;2;2;1;1;184;13, RePUBLIQUE (AVENUE D;M;4727548;-221334;440
2,016E+11;16;9;27;924;1;2;3;2;3;184;17, SUNDERLAND (BOULEVAR;M;4727078;-224203;440
2,016E+11;16;9;29;903;2;1;1;1;4;184;RD 213;M;4729071;-223523;440
2,016E+11;16;10;5;900;1;2;6;1;3;184;28, TReBALE (ROUTE DE);M;4726479;-224331;440
2,016E+11;16;10;11;750;3;1;1;1;2;184;RD 213;M;4729246;-222662;440
2,016E+11;16;10;17;1545;1;2;1;1;7;184;VECQUERIE (RUE DE LA);M;4725758;-225328;440
2,016E+11;16;10;11;840;1;2;3;1;6;184;BOUGAINVILLE (BOULEVARD;M;4728678;-221896;440
2,016E+11;16;10;22;620;4;2;6;1;1;184;APPRENTIS (BOULEVARD DES;M;4728970;-219274;440
2,016E+11;16;10;23;1420;1;2;1;2;1;184;BRANDT (BOULEVARD WILLY);M;4728626;-221106;440
2,016E+11;16;10;25;650;5;2;1;5;2;184;gate (RUE DU CDT) DU 01;M;4727540;-222079;440
2,016E+11;16;11;2;1715;1;2;1;1;4;184;19, SUNDERLAND (BOULEVAR;M;4727083;-224217;440
2,016E+11;16;11;9;1130;1;2;7;1;7;184;PARe (RUE AMBROISE);M;4725784;-223654;440
2,016E+11;16;11;10;1805;2;2;3;1;1;184;MERMOZ (BOULEVARD JEAN);M;4727892;-222648;440
2,016E+11;16;11;14;745;2;2;1;1;1;184;27, APPRENTIS (BOULEVARD;M;4729273;-218735;440
2,016E+11;16;11;19;1520;1;2;2;1;3;184;MERMOZ (BOULEVARD JEAN);M;4727689;-222751;440
2,016E+11;16;11;22;845;1;2;2;1;1;184;29, BUFFON (RUE GEORGES;M;4728457;-222272;440
2,016E+11;16;11;22;1530;1;2;2;1;3;184;10, LONGUET (RUE CHARLES;M;4728144;-222881;440
2,016E+11;16;11;28;630;5;2;1;1;3;184;LIBeRATION (BOULEVARD DE;M;4728196;-220443;440
2,016E+11;16;11;29;1430;1;2;1;1;7;184;SARTRE (SQUARE JEAN PAUL;M;;;440
2,016E+11;16;11;30;1330;1;2;6;1;1;184;21, COUBERTIN (AVENUE PI;M;4726778;-223365;440
2,016E+11;16;12;3;1825;5;2;1;1;1;184;97, LAENNEC (BD DU DR RE;M;4726768;-224067;440
2,016E+11;16;12;6;750;5;2;1;1;7;184;BROODCOORENS (RUE) DU 12;M;4726216;-225475;440
2,016E+11;16;12;16;912;1;2;1;1;6;184;253, PORNICHET (RUE DE);M;4726348;-223367;440
2,016E+11;16;12;17;2305;3;1;1;5;6;184;RD 213;M;4729071;-223523;440
2,016E+11;16;12;22;1935;1;2;2;1;6;184;MUN (RUE ALBERT DE) DU 5;M;4727845;-221066;440
2,016E+11;16;12;27;2120;3;1;6;1;2;184;RN 171 (CRAN NEUF AU PON;M;4728592;-224981;440
2,016E+11;16;1;7;750;2;2;1;3;6;208;BD DES BELLES MANIERES;M;4799479;273363;450
2,016E+11;16;1;8;1832;5;2;3;1;2;4;DT SCHWEITZER/ R ARISTID;M;4799925;275278;450
2,016E+11;16;1;9;640;5;2;1;2;6;4;191 RUE DU GROS MOULIN;M;4796868;277372;450
2,016E+11;16;1;14;1245;1;2;1;1;2;208;R ANDRE COQUILLET;M;4798726;273257;450
2,016E+11;16;1;18;1720;2;2;1;1;2;68;71 R DU 23 AOUT 1944;M;4800462;272445;450
2,016E+11;16;1;2;1127;1;2;1;1;7;208;BD DE CHINCHON;;;;450
2,016E+11;16;1;26;1250;1;2;1;1;1;208;R CYRILLE ROBERT;M;4799358;272855;450
2,016E+11;16;1;28;836;1;2;2;1;3;208;AV L.M CHAUTEMPS/R DUCHE;M;4800537;274445;450
2,016E+11;16;1;28;1355;1;1;4;2;4;4;D 2007/BRETELLE ACCES;M;4797579;273997;450
2,016E+11;16;1;30;1940;5;2;1;2;6;208;14 R JEAN JAURES;M;4799379;273235;450
2,016E+11;16;2;5;1120;1;2;2;2;3;68;AV J JAURES/R GAMBETTA;M;4801304;273129;450
2,016E+11;16;2;5;1620;1;2;1;1;3;4;AV ANTIBES//SORTIE PICAR;M;4798142;273302;450
2,016E+11;16;2;12;720;2;2;1;2;3;68;R R.SALENGRO//ACCES PL L;M;4802041;271529;450
2,016E+11;16;2;15;2155;5;2;2;1;3;208;R EMILE MENGIN/R GARE;M;4800666;274113;450
2,016E+11;16;2;24;1250;1;2;1;1;6;208;AV GAILLARDIN // ACCES R;M;4799414;272851;450
2,016E+11;16;3;26;1950;2;2;2;1;3;208;R PAUL DOUMER/EMILE MEGN;M;4800356;274201;450
2,016E+11;16;4;2;1526;1;2;1;1;6;4;PARKING BRICOMAN;M;4797388;273589;450
2,016E+11;16;4;14;1615;1;2;2;8;3;208;ALL RESIDENCE DU LAC/ROS;M;4799436;274255;450
2,016E+11;16;4;16;1415;1;2;3;2;1;4;R FONTAINE/ST GABRIEL;M;4797477;277979;450
2,016E+11;16;4;16;1510;1;1;1;8;6;208;RD 2007;M;4799412;274034;450
2,016E+11;16;4;17;1655;1;2;1;1;6;208;33 VILLA RENEE DE FRANCE;M;4800017;273126;450
2,016E+11;16;4;21;1450;1;1;1;1;2;338;RD 2060;M;4798094;270854;450
2,016E+11;16;5;2;1640;1;1;3;1;2;4;R COULEVREUX/BRETELLE;M;4798569;276944;450
2,016E+11;16;5;5;2126;5;2;3;1;1;208;R DUCHESNE-RABIER/FORET;M;4800042;274568;450
2,016E+11;16;5;7;1032;1;2;3;1;3;68;R GAMBETTA/EDOUARD BRANL;M;4801216;273131;450
2,016E+11;16;5;20;1120;1;2;1;1;2;4;330 AV ANTIBES;M;4798411;273276;450
2,016E+11;16;5;23;820;1;2;3;2;3;208;FLANDRE DUNKERQUE/GREVEN;M;4799867;274145;450
2,016E+11;16;5;24;1145;1;2;1;1;6;208;2 R RAYMOND TELLIER;M;4799681;273443;450
2,016E+11;16;5;28;235;5;2;1;1;6;4;203 R DE LA NIVELLE;M;4798889;274698;450
2,016E+11;16;5;29;1205;1;2;2;2;6;208;AV GAILLARDIN/R J.JAURES;M;4799405;273242;450
2,016E+11;16;6;9;740;1;1;1;1;7;4;RD 2060;;;;450
2,016E+11;16;6;9;1905;1;2;1;1;3;208;7 BIS R ADOLPHE COCHERY;M;4800188;273586;450
2,016E+11;16;6;24;1203;1;2;3;2;3;4;R COULEVREUX/BT 2060;M;4798568;276937;450
2,016E+11;16;6;24;1225;1;1;1;8;4;4;R AUBERGE NEUVE;M;4796976;273494;450
2,016E+11;16;7;6;740;1;1;1;1;2;4;BOIS DES DAMES (RUE DU);;;;450
2,016E+11;16;7;6;1620;1;2;1;1;6;68;AV GL LECLERC//DIA;M;4800883;274053;450
2,016E+11;16;7;7;1930;1;2;1;1;6;68;R MARCEL PAUL;M;4801223;272229;450
2,016E+11;16;5;7;1905;1;2;6;1;3;68;R ROGER SALENGRO/ALL MON;;;;450
2,016E+11;16;5;11;1200;1;2;3;1;2;338;R VIMORY/R COMTEE;M;4798890;272423;450
2,016E+11;16;7;22;530;1;2;1;1;3;68;HUGO (RUE VICTOR);;;;450
2,016E+11;16;7;26;1100;1;1;1;1;1;4;D 2060;M;4798989;277849;450
2,016E+11;16;8;1;2155;5;2;1;1;1;4;166 RTE ST FIRMIN DES VI;M;4797576;274146;450
2,016E+11;16;8;2;123;5;2;2;1;3;4;RTE VIROY/PETITS LOUIS;M;4799052;276909;450
2,016E+11;16;8;4;1750;1;2;4;1;2;208;R A.COQUILLET/CHATILLON;M;4798835;273246;450
2,016E+11;16;8;10;2240;5;2;3;1;3;4;R NIVELLE/PIERRE SEMARD;M;4798932;274676;450
2,016E+11;16;8;11;1645;1;1;1;1;6;338;RD 2060;;;;450
2,016E+11;16;8;22;812;1;2;2;1;3;68;R J.JAURES/R GAMBETTA;M;4801305;273126;450
2,016E+11;16;8;23;550;3;2;1;1;6;68;61 AV GL ECLERC;M;4801064;273999;450
2,016E+11;16;8;23;1135;1;2;6;1;3;68;AV GL LECLERC;M;4800776;274046;450
2,016E+11;16;8;29;1645;1;2;1;1;6;208;ALSACE-LORRAINE (RUE DE);M;4799744;274182;450
2,016E+11;16;9;5;1752;1;2;1;1;2;4;R FRANCIS PRIEUR;;;;450
2,016E+11;16;9;9;1055;1;2;1;1;6;208;2 PL VICTOR HUGO;M;4799489;273222;450
2,016E+11;16;9;9;2252;5;2;1;1;7;338;24 AV DE LA LIBERATION;M;4799062;270779;450
2,016E+11;16;9;15;1425;1;2;1;2;3;68;R DU 23 AOUT;;;;450
2,016E+11;16;9;19;420;5;2;1;8;6;208;232 RUE EMILE MENGIN;M;4800715;274095;450
2,016E+11;16;9;12;1720;1;1;1;1;3;208;111 R DEPORTES ET INTERN;M;4799263;274535;450
2,016E+11;16;9;20;1130;1;2;1;1;6;208;RUE DU LOING;M;4799766;273568;450
2,016E+11;16;9;20;1755;1;2;3;2;3;338;R BUISSON/FREDERIC MISTR;M;4798589;271427;450
2,016E+11;16;9;22;1850;1;2;2;1;3;208;FG CHAUSSEE/R EUROPE;M;4799799;273991;450
2,016E+11;16;9;25;1640;1;2;1;8;6;208;4 CH VAUBAN;M;4799587;272254;450
2,016E+11;16;9;28;1035;1;2;1;1;6;68;30 R DE LA FORET;M;4801561;273599;450
2,016E+11;16;9;28;1345;1;2;1;1;6;4;PARKING QUICK;M;4797772;273361;450
2,016E+11;16;10;3;1300;1;2;1;1;3;208;227 R EMILE MENGIN;M;4800679;274112;450
2,016E+11;16;10;8;1645;1;2;6;1;3;68;PL S.ALLIENDE/R SALENGRO;M;4801206;271901;450
2,016E+11;16;10;9;1546;1;1;1;1;6;4;R MORMANT - PONT;M;4795993;275912;450
2,016E+11;16;10;11;900;1;2;1;1;1;208;AV DE LATTRE DE TASSIGNY;M;4799682;272192;450
2,016E+11;16;10;17;1730;1;2;1;1;6;68;15 RUE EMILE COMBES;M;4802459;273511;450
2,016E+11;16;10;21;2120;5;2;1;1;3;68;47 R ROGER SALENGRO;M;4801575;271589;450
2,016E+11;16;10;23;1910;5;2;1;2;3;338;5 AV DE LA LIBERATION;M;4799077;271006;450
2,016E+11;16;10;28;1755;1;2;1;1;6;4;564 RTE ST DES VIGNES;M;4797713;273692;450
2,016E+11;16;10;28;2113;5;2;1;1;3;208;86 R ANDRE COQUILLET;M;4799119;273223;450
2,016E+11;16;11;2;830;1;1;1;5;2;4;RD 2007;M;4797801;274169;450
2,016E+11;16;11;4;1100;1;2;1;1;6;208;R CROWBOROUGH;M;4799797;274215;450
2,016E+11;16;11;16;1800;5;2;1;1;6;4;MARECHAL JUIN (RUE);;;;450
2,016E+11;16;9;10;1755;1;2;1;2;6;208;R GRENIER A SEL;M;4799858;273377;450
2,016E+11;16;11;24;845;1;1;1;1;4;4;RD 2060;;;;450
2,016E+11;16;11;24;1320;1;2;1;1;3;4;1094 AV ANTIBES;M;4797741;273147;450
2,016E+11;16;11;30;1330;1;2;1;1;6;68;14 R PONTONNERIE;M;4800149;272469;450
2,016E+11;16;11;30;1730;5;2;1;1;6;208;4 VILLA RENEE DE FRANCE;M;4799982;273282;450
2,016E+11;16;11;29;1825;3;2;2;1;3;4;R M.GENEVOIX/FRANCOIS VI;M;4799242;277086;450
2,016E+11;16;12;5;1900;3;1;1;1;4;4;RD 2060;;;;450
2,016E+11;16;12;15;1550;1;2;1;1;6;68;38, PAINLEVE (RUE PAUL);M;4803138;274288;450
2,016E+11;16;12;19;845;1;2;1;2;6;338;32, GRIMBONNERIE (RUE DE;M;4799199;270163;450
2,016E+11;16;12;22;2025;5;2;9;1;6;4;MARECHAL JUIN (RUE);;;;450
2,016E+11;16;10;23;2210;5;2;1;1;6;208;2 R FLANDRE DUNKERQUE 19;;;;450
2,016E+11;16;12;28;1445;1;2;1;1;1;208;VILLA RENEE DE FRANCE (R;;;;450
2,016E+11;16;10;18;740;5;1;1;1;4;234;D 2020;;;;450
2,016E+11;16;11;22;2035;5;2;3;1;3;234;AV ST MESMIN/R PIERRE LO;M;4788682;188872;450
2,016E+11;16;11;15;1020;1;1;1;2;4;302;D 2060;;;;450
2,016E+11;16;12;27;1155;1;2;1;1;6;234;RECHERCHE SCIENTIFIQUE (;;;;450
2,016E+11;16;2;9;1910;3;2;3;1;6;234;FG ST VINCENT/R CHATEAU;M;4791113;191521;450
2,016E+11;16;1;18;1810;5;2;1;2;5;234;TREVISE (AVENUE DE);;;;450
2,016E+11;16;1;23;26;5;2;3;2;3;147;R MARCELLIN BERTHELOT/CA;M;4793525;191748;450
2,016E+11;16;1;23;2230;5;2;2;1;6;169;R COUTES HT GLAZAITS;M;4792002;180714;450
2,016E+11;16;1;25;1330;1;2;1;1;3;286;BOIS GIRAULT (RUE DU);;;;450
2,016E+11;16;1;29;1320;1;2;1;1;6;147;BD DE LAMBALLE;M;4792728;191994;450
2,016E+11;16;2;6;2133;3;1;1;1;2;232;AV SOLOGNE;M;4783962;191444;450
2,016E+11;16;4;30;2355;5;2;2;1;3;234;FG ST JEAN/R COULMIERS;M;4790549;189191;450
2,016E+11;16;4;26;1755;1;2;2;1;3;147;R M.BERTHELOT/M.JOURDAIN;M;4792256;191427;450
2,016E+11;16;4;8;1405;1;2;1;1;3;75;6 RUE DE LA CHISTERA;M;4789731;185338;450
2,016E+11;16;4;14;1415;1;2;1;2;5;302;609 R ANATOLE FAUCHEUX;M;4793356;186612;450
2,016E+11;16;6;8;845;1;1;1;1;3;302;TANGENTIELLE OUEST;M;4793138;187907;450
2,016E+11;16;5;19;2050;1;2;2;1;5;285;TANGENTIELLE OUEST/PAUL;M;4791114;186708;450
2,016E+11;16;7;7;2305;5;2;3;1;3;234;AV ST MESMIN/R PIERRE LO;M;4788682;188872;450
2,016E+11;16;9;2;2355;5;2;3;1;3;302;D2020/R FRERES LUMIERES;M;4796409;188864;450
2,016E+11;16;6;22;1600;1;2;1;1;7;234;AV PARIS;M;4791436;190457;450
2,016E+11;16;6;24;2240;5;2;2;1;1;147;R M.BERTHELOT/BT D2060;M;4793771;191847;450
2,016E+11;16;6;9;1355;1;2;3;1;1;234;RTE OLIVET/BRETELLE D202;M;4788148;190345;450
2,016E+11;16;8;23;1025;1;2;3;1;2;286;38, SANDILLON (ROUTE DE);;;;450
2,016E+11;16;11;3;1150;1;2;3;1;6;147;;M;4792644;191637;450
2,016E+11;16;8;6;15;5;2;3;1;3;234;SAINT LAURENT (QUAI );;;;450
2,016E+11;16;8;6;845;1;2;2;1;3;147;SANGNIER (RUE MARC SANGN;;;;450
2,016E+11;16;9;3;1630;1;2;1;1;6;234;158 BD CHATEAUDUN;M;4791456;189813;450
2,016E+11;16;9;5;2125;5;2;1;1;3;234;QU DU ROI;M;4789997;192663;450
2,016E+11;16;12;4;2210;5;2;1;1;5;234;SECRETAIN (AVENUE ROGER);M;4788231;190027;450
2,016E+11;16;9;27;1830;1;2;1;1;1;285;28 R DU CLOS NEUF;M;4790482;187603;450
2,016E+11;16;9;11;630;5;2;1;1;3;234;AV ROGER SECRETAIN;M;4787911;190797;450
2,016E+11;16;9;15;730;2;2;2;1;3;169;R JEU BOULE/PASSE DEBOUT;M;4793007;185451;450
2,016E+11;16;9;19;1730;1;2;3;1;4;284;AV P.M CURIE/R BEDINIERE;M;4790538;198888;450
2,016E+11;16;9;22;1325;1;2;1;1;3;234;49 QUAI DU ROI;M;4790019;192829;450
2,016E+11;16;9;25;1030;1;2;1;1;6;234;R ANDRE AMPERE;M;4783212;192825;450
2,016E+11;16;9;6;1020;1;1;1;1;6;286;38 R GL DE GAULLE;M;4789238;191794;450
2,016E+11;16;1;14;1240;1;1;1;8;6;95;DEPARTEMENTALE Nø 811;M;4451925;135347;460
2,016E+11;16;3;2;1455;1;1;1;2;7;42;., D‚partementale D653;M;4446547;144025;460
2,016E+11;16;4;4;1030;1;2;1;1;6;42;271, RACINE (RUE JEAN);M;4446176;145225;460
2,016E+11;16;4;4;1330;1;2;9;1;6;42;., RACINE (RUE JEAN);M;4446086;145528;460
2,016E+11;16;3;12;1445;1;1;1;1;7;42;., DEPARTEMENTALE 911;M;4446058;148350;460
2,016E+11;16;5;21;1350;1;1;1;1;5;95;DEPARTEMENTALE Nø 811;M;4451452;136691;460
2,016E+11;16;5;27;1730;1;2;1;1;6;42;DESMOULINS (RUE CAMILLE);M;4446194;145444;460
2,016E+11;16;6;13;1945;1;1;1;2;1;42;Départementale 811;M;4449289;140428;460
2,016E+11;16;7;6;1430;1;1;1;1;6;191;., BOUYDOU (ROUTE DE);M;4450785;139903;460
2,016E+11;16;7;9;1110;1;2;1;1;6;42;., FONTANET-AU-CHEMIN-D';M;4441563;142230;460
2,016E+11;16;7;13;1350;1;2;1;1;7;42;430, SOUPIRS (ALLEE DES);M;4444451;143284;460
2,016E+11;16;8;8;1510;1;1;1;1;5;191;DEPARTEMENTALE Nø811 (EN;M;4449355;140141;460
2,016E+11;16;9;2;1330;1;2;1;1;1;42;., ORMEAUX (COTE DES);M;4446550;142839;460
2,016E+11;16;8;29;945;1;1;4;1;2;42;Chem Pech d'Anjou/Bartas;M;4443246;144335;460
2,016E+11;16;10;3;730;2;2;2;1;3;42;R. DU P.WILSON/C.BOURSEU;M;4444573;143755;460
2,016E+11;16;10;25;955;1;2;1;1;6;42;1, VERRERIE (QUAI DE LA);M;4445034;144501;460
2,016E+11;16;10;30;457;5;2;1;1;1;42;57, MONZIE (AVENUE ANATO;M;4443984;144135;460
2,016E+11;16;11;25;1935;5;2;1;1;2;42;.590, F.T.P. ET DU 8E R.;M;4446113;145560;460
2,016E+11;16;1;21;1825;2;2;3;5;3;201;AV AEROPORT/R PIERRELOTI;M;4418600;59980;470
2,016E+11;16;2;5;1210;1;2;1;1;6;1;BLD SCALIGER(RUE LAKANAL;M;4420720;61559;470
2,016E+11;16;2;17;950;1;2;1;1;6;1;., PELLETAN (PLACE EUGEN;M;4420360;62463;470
2,016E+11;16;3;19;1635;1;2;1;1;6;31;., LAMOTHE MAGNAC;M;4417730;63027;470
2,016E+11;16;3;19;1930;2;2;1;1;3;1;., JAURES (AV. JEAN);M;4420090;63330;470
2,016E+11;16;3;26;1750;1;2;9;1;1;31;AVBIGORRE (FACE BOWLING);M;4418000;63406;470
2,016E+11;16;4;6;1124;1;2;1;1;7;1;STALINGRAD (AVENUE DE );M;4421250;63640;470
2,016E+11;16;4;26;843;1;1;3;1;3;31;RD17;M;4417670;63541;470
2,016E+11;16;4;29;1817;1;2;1;1;6;32;PASTEUR (RUE);M;4418690;66915;470
2,016E+11;16;5;3;1730;1;1;6;1;3;201;GIRATOIRE BEAUREGARD;M;4416960;60863;470
2,016E+11;16;5;12;740;1;2;3;2;1;1;BLD LIBERTÉ/R COGNASSIER;M;4419550;61770;470
2,016E+11;16;5;12;1031;1;2;6;1;3;1;GIRATOIRE SAINT JACQUES;M;4419080;61320;470
2,016E+11;16;5;12;1044;1;1;1;1;6;32;PARKING INTERMACHÉ;M;4418560;67328;470
2,016E+11;16;5;12;1800;1;2;1;1;6;1;SCHUMANN (AV. ROBERT);M;4420860;62863;470
2,016E+11;16;5;13;1540;1;2;1;1;2;1;JAURES (AV. JEAN);M;4419540;64246;470
2,016E+11;16;6;6;1732;1;2;1;1;6;1;DURAND (PLACE JEAN-BAPTI;M;4420400;61749;470
2,016E+11;16;6;8;1549;1;2;3;1;3;31;., RUE BELLOC;M;4418230;64764;470
2,016E+11;16;6;9;2115;1;2;3;1;3;1;MIRABEAU (RUE)/RD931;M;4420140;61206;470
2,016E+11;16;6;12;630;2;2;1;1;3;1;PICKETTY (PONT PAUL);M;4420790;61693;470
2,016E+11;16;6;14;1545;1;2;2;1;3;32;DR NOGUES/AV RESISTANCE;M;4418420;66649;470
2,016E+11;16;6;16;819;1;2;1;1;6;1;PAYROL (LIEU DIT);M;4418830;63339;470
2,016E+11;16;7;8;2153;2;2;3;1;3;1;DOLET (RUE ETIENNE);M;4419960;61590;470
2,016E+11;16;7;18;1120;1;2;2;1;6;201;PYRENEES (AVENUE DES);M;4418480;60330;470
2,016E+11;16;8;13;1609;1;1;1;1;1;32;.0, CASSOU (RTE DE);M;4419980;69561;470
2,016E+11;16;9;7;815;1;2;1;7;3;201;., MARNE (AV. DE LA);M;4419450;60582;470
2,016E+11;16;9;20;1453;1;2;3;1;3;1;BLD LIBERTÉ/R MONTAIGNE;M;4419550;61727;470
2,016E+11;16;9;21;1621;1;2;3;1;3;31;AV JAURÉS/R ROSSIGNOLS;M;4417750;64165;470
2,016E+11;16;9;23;1742;1;2;1;1;6;1;., 14 JUILLET (COURS DU);M;4420460;62537;470
2,016E+11;16;10;14;857;1;2;1;2;6;1;., 8 MAI 1945 (ALLEE DU);M;4420030;61729;470
2,016E+11;16;10;15;1900;1;2;3;1;3;1;AV BARBUSSE/IMP LOISEL;M;4420680;63775;470
2,016E+11;16;10;17;1230;1;2;1;1;2;1;TISSIDRE (AV. ANDRE);M;4418900;61330;470
2,016E+11;16;10;29;1415;1;1;6;1;1;201;BEAUREGARD;M;4416960;60863;470
2,016E+11;16;11;18;1255;1;2;1;1;5;201;., MARNE (AV. DE LA);M;4419400;59952;470
2,016E+11;16;12;4;1545;1;1;1;1;3;51;., FERDINAND BUISSON;M;4418080;68635;470
2,016E+11;16;12;16;1440;1;2;3;1;3;1;QUAI CALABET/PT PICKETTY;M;4420860;61656;470
2,016E+11;16;12;17;35;3;1;1;1;6;201;CONDOM(ROUTE DE);M;4416730;60556;470
2,016E+11;16;12;22;1605;1;2;1;2;6;1;STALINGRAD (AVENUE DE );M;4421050;63008;470