Num_Acc;an;mois;jour;hrmn;lum;agg;int;atm;col;com;adr;gps;lat;long;dep
2,016E+11;16;5;6;920;1;1;1;1;1;2;ROUTE DE COUTANCES;M;4911710;-110276;500
2,016E+11;16;5;12;1155;1;2;1;2;6;502;BOULEVARD DE LA DOLLEE;M;4911840;-108928;500
2,016E+11;16;5;27;340;5;2;3;1;6;502;ENAULT (rue Emile);M;4906430;-105021;500
2,016E+11;16;6;27;1850;1;1;1;1;7;502;1, CINQ CHEMINS (RUE DES;M;4905542;104373;500
2,016E+11;16;7;2;1600;1;2;6;1;2;465;RD POINT NELSON;M;4910310;-111371;500
2,016E+11;16;8;10;900;1;2;6;1;1;502;RUE ALSACE LORRAINE;M;4911660;-110208;500
2,016E+11;16;8;11;1425;1;2;2;1;2;502;AVENUE DE PARIS;M;4911620;-105844;500
2,016E+11;16;8;11;1710;1;2;1;1;6;2;ROUTE DE COUTANCES;M;4911690;-111071;500
2,016E+11;16;8;25;1400;1;2;1;1;6;502;RUE MARECHAL LECLERC;M;4911480;-108787;500
2,016E+11;16;8;25;1500;1;1;3;1;3;321;;M;4913330;-106750;500
2,016E+11;16;10;4;1235;1;2;1;1;6;502;BD DE LA DOLLEE;M;4911900;-108631;500
2,016E+11;16;10;5;1740;1;1;2;1;3;502;RUE DES HAMEAUX;;;;500
2,016E+11;16;10;24;1350;1;2;2;1;3;502;;M;4910990;-105508;500
2,016E+11;16;10;31;1538;1;2;1;1;7;502;RUE BRIOVERE;M;4911710;-109904;500
2,016E+11;16;11;7;1450;1;1;1;8;7;502;;M;4909800;-106051;500
2,016E+11;16;11;11;230;5;2;1;1;6;502;BOULEVARD DU MIDI;M;4911100;-108349;500
2,016E+11;16;11;18;1730;5;2;6;1;3;465;RUE DUNANT HENRI;M;4910160;-111575;500
2,016E+11;16;11;21;1800;5;2;1;2;6;502;AVENUE DES HETRES;M;4911090;-106532;500
2,016E+11;16;11;30;1745;3;2;1;1;3;2;ROUTE DE PERIERS;M;4911460;-112763;500
2,016E+11;16;12;1;2037;5;2;1;1;7;2;RUE TORTERON;M;4911440;-109708;500
2,016E+11;16;12;5;1820;5;2;6;1;6;2;COUTANCES (route de);M;4911607;-111397;500
2,016E+11;16;12;18;1835;5;1;2;5;3;502;EXODE;M;4911110;-109003;500
2,016E+11;16;12;23;2230;3;1;1;2;1;2;2, COUTANCES (route de);M;4910625;-114444;500
2,016E+11;16;2;1;1840;5;2;3;2;3;108;CHEMIN DE BOUY;M;4897133;436859;510
2,016E+11;16;2;9;2325;5;2;1;8;6;108;62 ALLEE PAUL DOUMER;M;4895477;437476;510
2,016E+11;16;3;16;1640;1;2;3;1;6;108;DES CORDELIERS/HERBILLON;M;4895530;436078;510
2,016E+11;16;3;29;1109;1;1;1;6;1;108;CHEMIN DE MELETTE;M;4897879;440686;510
2,016E+11;16;4;3;305;5;2;1;3;6;525;BD CROIX DAMPIERRE;M;4892991;438506;510
2,016E+11;16;4;16;630;5;2;1;1;6;108;BRETELLE ECHANGEUR N44;M;4894294;439285;510
2,016E+11;16;5;12;1355;1;2;1;8;3;108;RUE JEAN JAURES;M;4895402;435002;510
2,016E+11;16;6;1;1500;1;2;1;1;3;108;2 AVENUE DU MAL LECLERC;M;4895317;436064;510
2,016E+11;16;6;25;2100;2;2;1;1;1;108;D3;M;4895467;437491;510
2,016E+11;16;7;2;2252;3;1;1;1;7;108;D3;M;4896721;441459;510
2,016E+11;16;7;13;1545;1;2;2;1;3;108;4 BD J. GRANDTHILLE;M;4896062;436130;510
2,016E+11;16;8;6;1750;1;2;2;1;1;506;D1A/RUE E. FREYSSINET;M;4894459;439848;510
2,016E+11;16;8;16;1550;1;2;1;1;6;108;RUE LAVOISIER;M;4896891;435773;510
2,016E+11;16;8;30;1424;1;2;1;1;6;108;RUE CARNOT;M;4895365;436642;510
2,016E+11;16;9;2;1840;1;1;6;1;7;483;D3;M;4897616;429140;510
2,016E+11;16;10;5;1305;1;2;1;1;3;108;RUE D'ORLEANS;M;4895185;434943;510
2,016E+11;16;10;5;1645;1;2;2;1;3;108;D1/PARC DES EXPOS;M;4894539;437950;510
2,016E+11;16;10;14;1545;1;2;3;1;3;506;RUE DES PATURES/CARPION;M;4894750;438325;510
2,016E+11;16;10;28;1925;1;2;2;1;3;242;DE BRUXELLES/DE DUBLIN;M;4894922;433073;510
2,016E+11;16;11;30;1200;1;2;3;1;6;108;RUE CARNOT/RUE VARIN;M;4895278;436713;510
2,016E+11;16;12;6;742;2;2;1;1;6;108;QUAI EUGENE PERRIER;M;4895940;436122;510
2,016E+11;16;12;11;621;5;2;1;2;6;108;BOULEVARD VICTOR HUGO;M;4895400;435840;510
2,016E+11;16;12;20;940;1;2;1;1;6;108;116 FBG SAINT ANTOINE;M;4896741;435274;510
2,016E+11;16;12;27;1825;5;2;6;1;6;108;RUE DES VIVIERS;M;4895745;436095;510
2,016E+11;16;1;28;2100;5;2;1;1;6;230;AVE GENERAL MARGUERITTE;M;4902965;395401;510
2,016E+11;16;2;24;1411;1;1;1;1;6;230;AVENUE DU MARECHAL FOCH;M;4903790;394919;510
2,016E+11;16;5;5;1610;1;2;1;1;6;663;15 ALFR. ANATO. THEVENET;M;4904774;396494;510
2,016E+11;16;6;4;700;1;2;3;1;3;663;AVE A A THEVENET/G FORET;M;4905393;396511;510
2,016E+11;16;7;2;1404;1;1;1;1;1;30;D1;M;4905300;400131;510
2,016E+11;16;7;11;105;5;2;2;1;3;230;R. R. GODARD/M. CERVEAUX;M;4903822;396474;510
2,016E+11;16;7;17;17;5;2;2;1;3;230;R. J. MOET/MENDES FRANCE;M;4904474;395906;510
2,016E+11;16;9;26;726;1;1;2;1;3;390;AVE DU MONT FELIX/D951;M;4900987;392255;510
2,016E+11;16;10;5;1550;1;2;2;1;2;230;P. CHANDON/DES JANCELINS;M;4903916;395273;510
2,016E+11;16;10;17;1830;1;2;3;1;6;30;D1/BOULEVARD PASTEUR;M;4905538;399843;510
2,016E+11;16;11;7;1350;1;2;2;1;3;431;DE GAULLE/DE L'EGALITE;M;4901836;393769;510
2,016E+11;16;1;5;1750;5;2;2;2;6;454;BD H. VASNIER/RUE GOIOT;M;4924601;404676;510
2,016E+11;16;1;5;1900;5;2;2;2;5;454;BD WILSON/MAISON BLANCHE;M;4923624;402625;510
2,016E+11;16;1;6;1430;1;2;1;1;6;454;RUE PONSARDIN;M;4925681;403819;510
2,016E+11;16;1;7;645;5;2;1;2;2;454;32 AVENUE HOCHE;M;4923282;406322;510
2,016E+11;16;1;8;1325;1;2;1;1;6;55;ROUTE DE BETHENY;M;4926993;404894;510
2,016E+11;16;1;9;1030;1;2;1;2;4;454;RUE DE NEUFCHATEL;M;4927794;402691;510
2,016E+11;16;1;10;1930;5;2;2;2;3;454;DE MULHOUSE/TECHOUYERES;M;4924348;401557;510
2,016E+11;16;1;11;725;3;2;1;2;7;474;CHEMIN DE SAINT THIERRY;M;4928072;399916;510
2,016E+11;16;1;11;1705;2;2;1;8;6;454;HALLES DU BOULINGRIN;M;4926077;403090;510
2,016E+11;16;1;12;1200;1;2;1;1;6;454;29 RUE FRANCOIS DOR;M;4924661;401000;510
2,016E+11;16;1;12;1600;1;2;5;1;6;454;V. COUTURIER/FOULQUART;M;4927738;401077;510
2,016E+11;16;1;13;1225;1;2;1;1;3;55;2 ROUTE DE REIMS;M;4928318;405661;510
2,016E+11;16;1;14;1730;5;2;1;1;6;454;AVE DU GENERAL BONAPARTE;M;4922966;400797;510
2,016E+11;16;1;18;845;1;2;1;1;6;454;48 BOULEVARD DES BELGES;M;4927615;402223;510
2,016E+11;16;1;18;1610;1;2;2;1;3;454;J. BROCHET/S. BAZELAIRE;M;4929045;402413;510
2,016E+11;16;1;20;750;5;2;5;1;1;454;ST MARCEAUX/G. LAURENT;M;4925535;404636;510
2,016E+11;16;1;20;1700;1;2;6;1;2;454;BD FRANCHET D'ESPEREY;M;4924180;401740;510
2,016E+11;16;1;20;1800;5;2;1;1;3;454;154 BOULEVARD DAUPHINOT;M;4925807;405607;510
2,016E+11;16;1;27;925;1;2;2;2;3;454;R. MAGDELEINE/BACQUENOIS;M;4925254;402233;510
2,016E+11;16;1;28;1020;1;2;1;1;1;454;AVENUE DE LAON;M;4927020;402215;510
2,016E+11;16;1;30;1135;1;2;1;3;1;454;RUE DU GENERAL KOENIG;M;4922605;402158;510
2,016E+11;16;1;30;1930;5;2;1;1;2;454;133 RUE DE COURCELLES;M;4926732;400152;510
2,016E+11;16;2;3;1615;1;2;6;2;6;172;RUE DES BLANCS MONTS;M;4921610;405760;510
2,016E+11;16;2;4;652;5;2;1;1;6;454;RUE ANDRE HUET;M;4927209;400985;510
2,016E+11;16;2;4;1812;5;2;1;3;6;573;AVENUE DU 29 AOUT 1944;M;4924807;399650;510
2,016E+11;16;2;5;1400;1;1;1;1;4;454;BD CHARLES ARNOULD;M;4925991;400882;510
2,016E+11;16;2;5;1810;5;2;5;1;3;454;RUE P.MAITRE/AVE BREBANT;M;4926287;400384;510
2,016E+11;16;2;5;1225;1;2;1;1;2;454;RUE BRUYANT;M;4925913;401473;510
2,016E+11;16;2;9;1240;1;2;1;1;6;454;1, DAUPHINOT (BOULEVARD);M;4926388;405750;510
2,016E+11;16;2;9;1900;5;2;1;1;3;454;4 AVENUE BREBANT;M;4925418;401742;510
2,016E+11;16;2;10;1355;1;2;1;2;4;454;16 A 28 AVENUE BREBANT;M;4925523;401577;510
2,016E+11;16;2;11;1040;1;2;1;1;2;454;13 BD DR HENRI HENROT;M;4924457;403273;510
2,016E+11;16;2;12;1825;2;2;3;2;6;454;AVE DE LAON/H. LECOMPTE;M;4927722;401606;510
2,016E+11;16;2;14;2005;5;2;1;1;2;454;33 RUE LIBERGIER;M;4925203;402930;510
2,016E+11;16;2;13;1305;1;2;1;2;2;454;AVENUE DE CHAMPAGNE;M;4921414;401642;510
2,016E+11;16;2;15;1235;1;2;3;1;1;454;R CDT LAMY/DE NEUFCHATEL;M;4927886;402698;510
2,016E+11;16;2;16;1248;1;2;2;1;1;454;GAL KOENIG/S. KOCHMANN;M;4922572;402055;510
2,016E+11;16;2;18;1900;5;2;1;2;6;454;RUE DU DR SCHWEITZER;M;4927996;402140;510
2,016E+11;16;2;19;1330;1;1;1;1;6;454;BOULEVARD DAUPHINOT;M;4926017;405650;510
2,016E+11;16;2;20;935;1;2;1;2;6;454;68 BOULEVARD POMMERY;M;4925497;405485;510
2,016E+11;16;2;23;1220;1;2;7;1;1;454;PLACE SAINT NICAISE;M;4924390;404555;510
2,016E+11;16;2;23;1545;1;2;2;1;6;454;R. MAGDELEINE/BACQUENOIS;M;4925260;402229;510
2,016E+11;16;2;26;620;5;2;2;1;6;454;C.CHEZEL/BD DR H. HENROT;M;4924176;403601;510
2,016E+11;16;2;26;655;5;2;6;1;6;454;BD L BARTHOU/AV A SERBIE;M;4923240;403310;510
2,016E+11;16;2;29;1935;1;1;2;1;2;454;MAISON BLANCHE/PD WILSON;M;4923611;402609;510
2,016E+11;16;3;2;825;1;2;2;2;6;454;R DE VENISE/DES CAPUCINS;M;4924750;403378;510
2,016E+11;16;3;3;755;1;2;1;1;2;454;11 RUE GASTON BOYER;M;4926164;402031;510
2,016E+11;16;3;5;1350;1;2;6;1;3;454;PLACE MAX ROUSSEAUX;M;4926460;401020;510
2,016E+11;16;3;7;1210;1;2;1;1;6;454;30 RUE GERUZEZ;M;4926432;401872;510
2,016E+11;16;3;7;1750;1;2;2;2;6;454;BD ALBERT 1ER/COUTURIER;M;4927330;401471;510
2,016E+11;16;3;8;1620;1;2;3;1;3;454;BD H.VASNIER/VICTOR HUGO;M;4924785;404387;510
2,016E+11;16;3;10;1045;1;2;3;1;2;454;AVE D'EPERNAY/R DE ROUEN;M;4923415;401403;510
2,016E+11;16;3;10;1330;1;2;2;1;3;454;RUE DE CERNAY/TASSIGNY;M;4925726;406299;510
2,016E+11;16;3;11;1420;1;2;1;1;4;454;35 BD DU GAL LECLERC;M;4925544;402336;510
2,016E+11;16;3;11;1710;1;2;1;1;2;454;BRET. ACCES PT DE GAULLE;M;4924936;402447;510
2,016E+11;16;3;12;1100;1;2;1;1;2;454;BOULEVARD JULES CESAR;M;4926380;403252;510
2,016E+11;16;3;13;1430;1;1;1;1;6;454;D944;M;4923382;407941;510
2,016E+11;16;3;14;1325;1;2;1;1;6;454;VASCO DE GAMMA/A. CAMUS;M;4922725;403286;510
2,016E+11;16;3;14;1615;1;2;6;1;2;454;AVENUE DU MARECHAL JUIN;M;4922017;402055;510
2,016E+11;16;3;16;1000;1;2;2;1;3;58;R.DE BROGLIE/J. MELINE;M;4921626;400214;510
2,016E+11;16;3;17;305;5;2;1;1;6;454;63 RUE DU GRAND CERF;M;4924397;404284;510
2,016E+11;16;3;17;1115;1;2;1;1;3;454;RUE PONSARDIN;M;4925692;403808;510
2,016E+11;16;3;19;2220;5;2;2;1;6;454;BD ALBERT 1ER/ST THIERRY;M;4927207;401260;510
2,016E+11;16;3;19;2030;5;2;3;1;1;454;R C. CHEZEL/LEDRU ROLLIN;M;4924047;403289;510
2,016E+11;16;3;24;845;1;2;2;1;6;454;BD CARTERET/JEAN JAURES;M;4926014;404720;510
2,016E+11;16;3;24;1425;1;2;2;1;6;454;RUE GERBERT;M;4925102;404087;510
2,016E+11;16;3;25;1020;1;1;2;1;3;58;A. DE GASPERI/;M;4922145;400120;510
2,016E+11;16;3;25;1715;1;2;1;1;6;454;BRETELLE BD DES TONDEURS;M;4927833;400422;510
2,016E+11;16;3;30;1220;1;1;3;1;3;454;ZOLA/DES TROIS PILIERS;M;4926736;402696;510
2,016E+11;16;4;1;2340;5;2;2;1;3;454;RUE PLUCHE/PL DU FORUM;M;4925711;403439;510
2,016E+11;16;4;4;1730;1;2;1;1;6;454;40 RUE RAYMOND POINCARE;M;4928108;401839;510
2,016E+11;16;4;6;900;1;2;2;1;3;454;CH. ARNOULD/BROSSOLETTE;M;4926691;401620;510
2,016E+11;16;4;6;1350;1;2;2;1;3;58;R. J. MELINE/DE BROGLIE;M;4921629;400204;510
2,016E+11;16;4;6;1655;1;2;2;1;1;454;R. DU CHALET/E. LEFEVRE;M;4926722;405101;510
2,016E+11;16;4;11;1655;1;2;1;1;6;454;21 RUE VAUBAN;M;4922216;402759;510
2,016E+11;16;4;12;1115;1;1;1;1;3;454;22 BIS BD L. ROEDERER;M;4925683;402292;510
2,016E+11;16;4;16;1035;1;2;6;1;6;454;BOULEVARD LUNDY;M;4925769;403878;510
2,016E+11;16;4;16;1930;1;2;1;2;6;454;PARKING RUE HINCMAR;M;4924974;402609;510
2,016E+11;16;4;14;1213;1;2;1;1;2;454;BOULEVARD PAUL DOUMER;M;4924669;402982;510
2,016E+11;16;4;18;1855;1;2;2;1;3;454;RUES GERUZEZ/MALDAN;M;4926386;401797;510
2,016E+11;16;4;20;1815;1;1;1;7;5;454;AVENUE GEORGES POMPIDOU;M;4921817;402684;510
2,016E+11;16;4;20;1900;1;2;6;1;2;454;ROND POINT DE CHAMPAGNE;M;4921374;401579;510
2,016E+11;16;4;18;1125;1;2;1;1;4;454;D944/AVE NATIONALE;M;4928609;400846;510
2,016E+11;16;4;21;1500;1;2;2;1;1;454;DE COURCELLE/VERNOUILLET;M;4925933;402044;510
2,016E+11;16;4;15;1630;1;2;1;1;2;454;AVENUE DE LAON;M;4926416;402719;510
2,016E+11;16;4;22;2000;1;2;2;1;3;454;R. DE COURCELLES/D'ARENE;M;4926131;401874;510
2,016E+11;16;4;23;1550;1;2;2;1;1;454;BD ALBER 1ER/COUTURIER;M;4927339;401489;510
2,016E+11;16;4;24;1900;1;2;1;1;3;454;38 RUE DES ELUS;M;4925524;403083;510
2,016E+11;16;4;25;900;1;2;1;2;6;454;AVENUE JEAN JAURES;M;4926210;405232;510
2,016E+11;16;4;25;900;1;2;3;1;3;454;AVE MAL JUIN/A. SENECHAL;M;4922399;401788;510
2,016E+11;16;4;26;1436;1;2;2;8;3;454;RUES E. MIGNOT/G. BOYER;M;4926034;402229;510
2,016E+11;16;4;27;420;5;2;1;1;3;454;65 RUE JACQUART;M;4926315;404070;510
2,016E+11;16;4;27;1550;1;2;1;2;6;454;AVE FRANCOIS MAURIAC;M;4923403;399894;510
2,016E+11;16;4;27;1755;1;2;1;1;6;454;R. ARLETTE REMIA COUDRON;M;4924731;401762;510
2,016E+11;16;4;30;1935;1;2;1;1;2;454;27BIS BD ROBESPIERRE;M;4926993;403005;510
2,016E+11;16;5;1;1500;1;2;1;1;2;454;26 RUE DE TAISSY;M;4923652;404232;510
2,016E+11;16;5;1;1940;1;2;1;1;6;573;24 RUE P. DESTOUCHES;M;4924548;400153;510
2,016E+11;16;5;1;2115;2;1;1;1;6;454;N44;M;4926849;402363;510
2,016E+11;16;5;3;1550;1;2;2;1;2;454;R. GERBERT/BD PASTEUR;M;4925141;404196;510
2,016E+11;16;5;4;1110;1;2;3;1;1;454;R. P. MEHAULT/MICHELET;M;4922591;402926;510
2,016E+11;16;5;5;5;5;2;1;1;6;454;56 AVENUE JEAN JAURES;M;4925860;404270;510
2,016E+11;16;5;10;1525;1;2;3;2;3;454;BD PASTEUR/RUE LAGRIVE;M;4924960;404279;510
2,016E+11;16;5;10;1845;1;2;1;1;1;454;1 AVENUE DE PARIS;M;4924906;401541;510
2,016E+11;16;5;11;1800;1;2;3;1;6;454;R STRAVINSKI/ESPL WAGNER;M;4921097;402622;510
2,016E+11;16;5;14;1245;1;2;6;1;4;573;ROUTE DE SOISSONS;M;4925390;397465;510
2,016E+11;16;5;14;1407;1;2;1;1;2;172;RUE LUCIEN TROUSSET;M;4921300;404969;510
2,016E+11;16;5;15;1445;1;2;3;1;3;454;RUES MAZARIN/RICHELIEU;M;4921597;402831;510
2,016E+11;16;5;17;1615;1;2;3;1;3;454;IMP ET RUE DU VAL CLAIR;M;4922215;410665;510
2,016E+11;16;5;17;1745;1;2;1;1;3;454;R. DU PRES. F. ROOSEVELT;M;4926200;402623;510
2,016E+11;16;5;18;740;1;2;3;1;2;454;PRE AUX MOINES/AVE HOCHE;M;4922996;406114;510
2,016E+11;16;5;19;1200;1;2;7;1;3;454;PLACE ROYALE/RUE CARNOT;M;4925534;403371;510
2,016E+11;16;5;19;1740;1;2;1;1;4;454;BOULEVARD LOUIS ROEDERER;M;4925598;402173;510
2,016E+11;16;5;20;1720;1;2;1;1;6;454;6 PLACE GODINOT;M;4925290;403747;510
2,016E+11;16;5;21;2100;2;2;3;1;5;454;COL FABIEN/PASSE DEMOIS.;M;4924920;401656;510
2,016E+11;16;5;22;850;1;2;6;3;3;454;ORDRE NATIONAL DU MERITE;M;4924230;402461;510
2,016E+11;16;5;23;1540;1;2;1;2;3;454;RUE DU GENERAL KOENIG;M;4922761;402792;510
2,016E+11;16;5;25;1000;1;2;1;1;6;454;246 RUE DE CERNAY;M;4925756;405915;510
2,016E+11;16;5;25;2240;5;2;2;1;3;454;R. DE VENISE/LT HERDUIN;M;4924911;403697;510
2,016E+11;16;5;26;815;1;2;2;1;6;454;DE VENISE/ DES CAPUCINS;M;4924749;403373;510
2,016E+11;16;5;26;1245;1;2;2;1;3;454;PLACE DU FORUM/R. PLUCHE;M;4925709;403439;510
2,016E+11;16;5;27;825;1;2;1;1;6;454;65 RUE DE NEUFCHATEL;M;4927348;402663;510
2,016E+11;16;5;28;1655;1;2;1;1;6;454;AVENUE LEON BLUM;M;4922527;400947;510
2,016E+11;16;5;28;2105;2;2;2;1;3;454;R. DES CAPUCINS/DU JARD;M;4924873;403246;510
2,016E+11;16;5;30;650;1;2;2;2;1;454;A. DE SERBIE/J. BRUNEAU;M;4923045;402716;510
2,016E+11;16;5;30;1345;1;2;2;3;3;454;R. SAINT THIERRY/GERUZEZ;M;4927206;401276;510
2,016E+11;16;5;31;915;1;2;1;2;6;454;AVE DU GENERAL DE GAULLE;M;4924592;401792;510
2,016E+11;16;5;31;1200;1;2;1;2;6;172;VOIE VERTE;M;4922000;406388;510
2,016E+11;16;5;31;1730;1;2;1;1;2;454;62 BD HENRI VASNIER;M;4924093;405314;510
2,016E+11;16;6;3;1500;1;2;1;1;3;454;N44/380 AVENUE DE LAON;M;4927536;401764;510
2,016E+11;16;6;8;1110;1;1;1;1;5;454;D944;M;4927653;401667;510
2,016E+11;16;6;8;1650;1;2;1;2;5;454;BOULEVARD HENRI VASNIER;M;4924379;404995;510
2,016E+11;16;6;10;15;4;1;1;1;6;454;ALLEE DU VIGNOBLE;M;4921263;400920;510
2,016E+11;16;6;10;2320;5;2;2;1;3;454;J. GUICHARD/ST THIERRY;M;4926564;402074;510
2,016E+11;16;6;14;750;1;2;1;1;4;454;RUE DE SILLERY;M;4924865;404401;510
2,016E+11;16;6;20;2300;5;2;6;2;6;454;BD WILSON/F. D ESPEREY;M;4924191;401776;510
2,016E+11;16;6;21;750;1;2;1;1;4;454;BOULEVARD POMMERY;M;4925078;405287;510
2,016E+11;16;6;21;2232;5;2;1;2;1;454;N44;M;4926245;402876;510
2,016E+11;16;6;23;930;1;2;1;1;6;454;N44;M;4927723;401607;510
2,016E+11;16;6;23;2200;4;2;6;1;3;454;DE CONTANT/DE SERBIE;M;4923221;403332;510
2,016E+11;16;6;26;1945;1;2;2;1;6;454;BD PASTEUR/R. GERBERT;M;4925135;404171;510
2,016E+11;16;6;27;1210;1;2;3;1;3;454;ROOSEVELT/FOURIAUX;M;4926202;402599;510
2,016E+11;16;6;28;1315;1;2;1;1;6;454;BOULEVARD DAUPHINOT;M;4925965;405640;510
2,016E+11;16;6;29;1130;1;2;1;1;2;454;BD MARCELIN BERTHELOT;M;4927080;406914;510
2,016E+11;16;7;1;1100;1;2;9;1;6;454;PARKING;M;4926011;406560;510
2,016E+11;16;7;2;2100;1;2;1;1;3;454;BD SAINT MARCEAUX;M;4925196;404356;510
2,016E+11;16;7;13;1745;1;2;6;1;3;454;RUE DU DOCTEUR LEMOINE;M;4926752;403721;510
2,016E+11;16;7;18;2015;1;2;3;1;2;454;R. A. THOMAS/GONZALLE;M;4923586;404745;510
2,016E+11;16;7;23;800;1;2;2;1;3;454;BD POMMERY/DU GAL CARRE;M;4925606;405546;510
2,016E+11;16;7;25;1155;1;2;1;1;6;454;RUE DE TAISSY;M;4923619;404282;510
2,016E+11;16;7;30;2340;5;2;2;1;3;454;RUE BELIN/PAULIN PARIS;M;4926908;402958;510
2,016E+11;16;8;2;1620;1;1;1;2;6;454;RUE DE LOUVOIS;M;4922804;403798;510
2,016E+11;16;8;3;2010;1;2;1;1;3;172;D9;M;4921318;405084;510
2,016E+11;16;8;4;955;1;2;5;2;3;454;ST TIMOTHEE/DES CRENEAUX;M;4924345;404359;510
2,016E+11;16;8;9;1745;1;2;6;1;6;454;AVENUE DU MARECHAL JUIN;M;4922038;402074;510
2,016E+11;16;8;10;945;1;2;1;1;2;454;RUE HINCMAR;M;4925206;403157;510
2,016E+11;16;8;12;1535;1;2;2;1;6;454;BD DE LA PAIX/RUE PIPER;M;4925496;404030;510
2,016E+11;16;8;12;1747;1;2;2;1;2;454;RUINART BRIMONT/CERNAY;M;4925742;404499;510
2,016E+11;16;8;12;1940;1;2;2;1;1;454;BD DAUPHINOT/DE CERNAY;M;4925810;405609;510
2,016E+11;16;8;12;1945;1;2;2;1;3;454;MARCHANDEAU/BOCQUAINE;M;4924398;402745;510
2,016E+11;16;8;15;1540;1;2;2;1;3;454;COURCELLES/VERNOUILLET;M;4925932;402045;510
2,016E+11;16;8;15;1650;1;2;4;1;3;454;BOULEVARD DAUPHINOT/N51;M;4926251;405692;510
2,016E+11;16;8;15;1705;1;2;6;1;2;573;ROUTE DE SOISSONS;M;4925400;397446;510
2,016E+11;16;8;16;1840;1;2;1;1;6;454;BOULEVARD ALBERT 1ER;M;4927095;401118;510
2,016E+11;16;8;17;1000;1;2;3;1;1;454;BD H. HENROT/RUISSELET;M;4924345;403407;510
2,016E+11;16;8;17;1335;1;2;1;1;6;454;BOULEVARD VICTOR HUGO;M;4924691;404406;510
2,016E+11;16;8;21;1740;1;2;2;1;3;454;R. 2 CITE/FOSSE JEAN FAT;M;4927679;403014;510
2,016E+11;16;8;21;2115;2;1;1;1;1;454;N51;M;4926296;405713;510
2,016E+11;16;8;24;800;1;2;1;1;6;454;RUE GUSTAVE PIERRE;M;4927001;401117;510
2,016E+11;16;8;24;1050;1;2;1;1;2;454;BD VASCO DE GAMMA;M;4922327;403690;510
2,016E+11;16;8;24;1350;1;2;1;1;2;454;D944;M;4927631;401689;510
2,016E+11;16;8;26;902;1;2;1;1;2;454;RUE DE COURLANCY;M;4924252;402359;510
2,016E+11;16;8;26;1000;1;2;2;1;2;454;P. DOUMER/RUE DE VENISE;M;4924609;403085;510
2,016E+11;16;8;26;1530;1;2;2;1;3;454;BD DAUPHINOT/E. LEFEVRE;M;4926351;405689;510
2,016E+11;16;8;27;2005;1;1;1;1;1;454;RUE PIERRE TAITTINGER;M;4923606;400566;510
2,016E+11;16;8;28;1950;1;2;3;1;2;454;R. DU GAL CARRE/P. FORT;M;4925595;405701;510
2,016E+11;16;8;30;1915;1;2;2;1;1;454;RUES DE VERDUN/J. URBAIN;M;4926540;404260;510
2,016E+11;16;9;1;810;1;2;1;1;2;454;RUE GERBERT;M;4925139;404179;510
2,016E+11;16;9;1;2039;5;2;1;1;2;454;AVE FRANCOIS MAURIAC;M;4923283;400586;510
2,016E+11;16;9;2;1710;1;2;1;1;7;454;D944/AVENUE DE LAON;M;4927347;401940;510
2,016E+11;16;9;2;2045;2;2;1;1;6;454;QUAI DU PRE AUX MOINES;M;4923142;405494;510
2,016E+11;16;9;5;920;1;2;1;2;6;454;27 RUE DE COURCELLES;M;4925889;402090;510
2,016E+11;16;9;5;1400;1;1;1;1;3;474;RUE DU MONT CESAR;M;4928145;400486;510
2,016E+11;16;9;7;1715;1;2;2;1;6;454;AVE DE GAULLE/GUILLAUME;M;4924629;401848;510
2,016E+11;16;9;8;1940;1;2;1;1;6;454;AVE DU GENERAL DE GAULLE;M;4924629;401848;510
2,016E+11;16;9;7;1830;1;2;2;1;6;454;RUES GOSSET/L. FAUCHER;M;4926720;404486;510
2,016E+11;16;9;10;815;1;2;2;1;3;454;RUES GAMBETTA/DES CARMES;M;4924629;403908;510
2,016E+11;16;9;13;1700;1;2;4;1;2;454;CHAUSSEE BOCQUAINE;M;4924229;403085;510
2,016E+11;16;9;13;1935;1;2;3;1;3;454;VASCO DE GAMMA/DESCARTES;M;4922816;403580;510
2,016E+11;16;9;14;1710;1;2;2;1;6;454;AVE NATIONALE/DE BETHENY;M;4928656;400802;510
2,016E+11;16;9;14;1845;1;2;4;1;4;454;BD V.LAMBERT/CO. GRAVIER;M;4924290;404542;510
2,016E+11;16;9;16;1815;1;2;1;2;3;454;QUAI DU PRE AUX MOINES;M;4923139;405492;510
2,016E+11;16;9;17;940;1;2;3;1;3;172;D9/RUE PARMENTIER;M;4922373;404779;510
2,016E+11;16;9;18;1945;2;2;2;1;3;454;LA SOMME/DES PERVENCHES;M;4924654;405896;510
2,016E+11;16;9;19;1230;1;1;1;1;2;454;D944T;M;4928132;401081;510
2,016E+11;16;9;20;1300;1;2;2;1;3;454;LIBERGIER/DES CAPUCINS;M;4925190;402895;510
2,016E+11;16;9;20;1715;1;2;1;1;1;454;46 BOULEVARD LUNDY;M;4926087;403456;510
2,016E+11;16;9;21;1800;1;2;1;1;3;454;21 BOULEVARD DES BELGES;M;4927634;402420;510