Num_Acc;an;mois;jour;hrmn;lum;agg;int;atm;col;com;adr;gps;lat;long;dep
2,016E+11;16;9;21;2130;5;1;1;1;7;454;AVENUE JEAN JAURES;M;4926030;404741;510
2,016E+11;16;9;23;700;5;2;1;1;6;172;RUE DU DOCTEUR ROUX;M;4922454;404577;510
2,016E+11;16;9;23;1405;1;2;1;1;6;454;AVE DU GAL DE GAULLE;M;4924600;401823;510
2,016E+11;16;9;24;1920;1;2;2;1;3;454;AVE JEAN JAURES/HERBIGNY;M;4926058;404818;510
2,016E+11;16;9;24;2000;2;2;1;1;6;454;N44;M;4925770;403880;510
2,016E+11;16;9;26;1215;1;2;3;1;1;454;D74/CLIQUOT BLERVACHE;M;4925903;403986;510
2,016E+11;16;9;26;1300;1;2;7;1;3;454;PL DE DROITS DE L'HOMME;M;4924091;404436;510
2,016E+11;16;9;27;2030;5;2;1;1;1;454;AVENUE DU GAL DE GAULLE;M;4924600;401823;510
2,016E+11;16;9;29;840;1;2;1;1;2;454;RUE GERUZEZ;M;4926299;401654;510
2,016E+11;16;9;29;840;1;2;2;1;5;454;ROBERT FULTON/DE VRILLY;M;4922878;407116;510
2,016E+11;16;9;28;1823;1;2;1;1;6;454;AVENUE JEAN JAURES;M;4926079;404879;510
2,016E+11;16;9;29;1220;1;2;1;1;3;454;RUE ROSSET;M;4927614;401820;510
2,016E+11;16;9;29;1800;1;2;1;1;6;454;PLACE JEAN MOULIN;M;4925520;406067;510
2,016E+11;16;10;1;1545;1;2;1;1;3;454;RUE DU JARD;M;4925035;403453;510
2,016E+11;16;10;5;855;1;2;1;1;6;172;BD ALSACE LORRAINE;M;4921960;404242;510
2,016E+11;16;10;5;1350;1;2;3;1;1;454;AVE EPERNAY/DE NARBONNE;M;4923312;401440;510
2,016E+11;16;10;5;1420;1;2;3;1;3;454;DU CHATELET/CHANTERAINE;M;4924179;403619;510
2,016E+11;16;10;5;1820;1;2;1;1;2;454;SALVADOR ALLENDE GOSSENS;M;4928225;401245;510
2,016E+11;16;10;6;1035;1;2;1;1;1;454;BOULEVARD ALBERT ER;M;4926478;401050;510
2,016E+11;16;10;6;1200;1;2;1;1;3;454;AVENUE DE CHAMPAGNE;M;4923659;404372;510
2,016E+11;16;10;6;1805;1;2;2;1;3;58;DE BROGLIE/JEAN MONNET;M;4921371;400630;510
2,016E+11;16;10;6;2055;5;2;3;1;3;454;QUAI DU PRE AUX MOINES;M;4923800;403938;510
2,016E+11;16;10;8;1410;1;2;1;1;3;454;AVENUE JEAN JAURES;M;4925868;404284;510
2,016E+11;16;10;8;2010;5;2;2;1;6;454;RUE LIBERGIER/RUE CLOVIS;M;4925147;402799;510
2,016E+11;16;10;10;540;5;2;1;1;2;454;AVENUE HENRI FARMAN;M;4923779;406611;510
2,016E+11;16;10;10;745;1;2;2;1;3;454;BD ST MARCEAUX/G LAURENT;M;4925548;404643;510
2,016E+11;16;10;10;2100;5;2;1;1;6;454;RUE PONSARDIN;M;4925097;404079;510
2,016E+11;16;10;13;838;1;2;1;1;4;454;AVENUE DE CHAMPAGNE;M;4922929;403226;510
2,016E+11;16;10;13;1830;2;2;3;8;3;454;R. DE NEUFCHATEL/PARKING;M;4927195;402639;510
2,016E+11;16;10;14;1830;1;2;1;2;6;454;AVENUE JEAN JAURES;M;4926539;406105;510
2,016E+11;16;10;14;2245;5;2;2;2;6;454;JEANNE D'ARC/BUIRETTE;M;4925445;402538;510
2,016E+11;16;10;15;1730;1;2;1;1;6;454;RUE BUIRETTE;M;4925485;402630;510
2,016E+11;16;10;15;1825;1;2;3;1;1;573;V. COUTURIER/A. BRIAND;M;4924780;400673;510
2,016E+11;16;10;17;840;1;2;2;1;6;454;V. COUTURIER/BARTHELEMY;M;4927746;401060;510
2,016E+11;16;10;18;1750;2;2;1;1;6;454;RUE VAUBAN;M;4922368;402779;510
2,016E+11;16;10;19;1100;1;2;1;1;6;454;BD MARCELIN BERTHELOT;M;4926977;406982;510
2,016E+11;16;10;19;2030;5;2;1;1;2;454;RUE DE NICE;M;4925758;406342;510
2,016E+11;16;10;20;1815;1;2;1;2;2;454;AVENUE NATIONALE;M;4928431;400999;510
2,016E+11;16;10;21;1430;1;2;3;1;2;454;AVENUE DU GENERAL GIRAUD;M;4924075;405267;510
2,016E+11;16;10;21;1055;1;2;1;1;3;454;AVENUE DU GAL GIRAUD;M;4924060;404793;510
2,016E+11;16;10;26;920;1;2;1;8;2;454;PLACE DES ARGONAUTES;M;4922663;403443;510
2,016E+11;16;10;26;1315;1;2;1;1;6;454;12EME ESCADRE D'AVIATION;M;4928140;403306;510
2,016E+11;16;10;27;1550;1;2;3;1;3;454;AVE BREBANT/RUE TARBE;M;4925517;401588;510
2,016E+11;16;10;27;1815;1;1;1;1;7;454;RUE DE LA HUSSELLE;M;4927119;403648;510
2,016E+11;16;10;28;1815;2;2;1;1;6;454;BOULEVARD DU DR ROUX;M;4923221;402341;510
2,016E+11;16;10;28;2010;3;2;1;1;6;454;BD LOUIS ROEDERER;M;4925684;402291;510
2,016E+11;16;11;2;1820;5;2;2;1;2;454;BD DE LA PAIX/DE L'ISLE;M;4925498;404035;510
2,016E+11;16;11;3;1253;1;2;6;1;6;454;D9;M;4922865;403720;510
2,016E+11;16;11;3;1715;2;2;2;1;3;454;AV J. JAURES/BD CARTERET;M;4926019;404716;510
2,016E+11;16;11;4;1035;1;2;6;1;3;172;DU COMMERCE/BLANCS MONTS;M;4921734;405926;510
2,016E+11;16;11;4;1745;5;2;1;2;6;454;D980;M;4924832;401118;510
2,016E+11;16;11;10;1325;1;2;1;1;6;454;RUE CAMILLE LENOIR;M;4926071;404094;510
2,016E+11;16;11;10;1715;3;2;2;2;6;454;RUE ERNEST RENAN;M;4926233;400974;510
2,016E+11;16;11;10;1750;5;2;1;1;6;454;RUE DE NEUFCHATEL;M;4928446;402756;510
2,016E+11;16;11;13;1455;1;2;1;8;2;454;AVENUE DE CHAMPAGNE;M;4923359;403918;510
2,016E+11;16;11;14;815;1;2;2;1;6;454;R VOLTAIRE/ST SYMPHORIEN;M;4925435;403721;510
2,016E+11;16;11;16;1530;1;2;1;2;6;454;RUE DES BONS MALADES;M;4925071;401544;510
2,016E+11;16;11;15;1930;5;2;3;2;3;454;DE CHAMPAGNE/BRETELLE;M;4923398;403978;510
2,016E+11;16;11;16;1630;2;2;1;1;4;454;BD MARCELIN BERTHELOT;M;4927317;406091;510
2,016E+11;16;11;16;1800;5;2;1;1;4;454;AVENUE DECHAMPAGNE;M;4922205;402301;510
2,016E+11;16;11;17;1612;1;2;6;1;1;454;BOULEVARD ALBERT 1ER;M;4926481;400997;510
2,016E+11;16;11;18;1015;1;2;1;1;3;454;AVENUE NATIONALE;M;4928323;401104;510
2,016E+11;16;11;19;1400;1;2;1;1;3;454;RUE DES COUTURES;M;4924781;404746;510
2,016E+11;16;11;20;905;1;2;2;2;6;454;RUE VERRIER;M;4925327;405422;510
2,016E+11;16;11;22;1403;1;2;2;1;6;454;RUES CERES/BONHOMME;M;4925640;403655;510
2,016E+11;16;11;23;1910;5;2;2;8;2;454;BD ROBESPIERRE/LESAGE;M;4926928;403301;510
2,016E+11;16;11;25;940;1;2;2;1;2;454;BD P. WILSON/M. BLANCHE;M;4923976;402113;510
2,016E+11;16;11;27;1530;1;1;3;1;3;454;RUE DE LOUVOIS/BRETELLE;M;4923130;403428;510
2,016E+11;16;11;28;1820;5;2;2;1;3;454;RUES PLUCHE/DU MARC;M;4925712;403441;510
2,016E+11;16;11;29;1320;1;2;3;1;3;454;DU GAL KOENIG/J. JUGAN;M;4922633;402282;510
2,016E+11;16;11;30;1355;1;2;1;1;3;454;BOULEVARD DAUPHINOT;M;4926212;406095;510
2,016E+11;16;11;30;1510;1;2;1;7;6;454;PARKING CARREFOUR;M;4926044;406599;510
2,016E+11;16;12;1;757;1;2;2;1;6;454;BOULEVARD VICTOR HUGO;M;4924682;404420;510
2,016E+11;16;12;2;1610;1;2;2;1;3;454;AVE DE LAON/A. GOUSSIEZ;M;4927236;402026;510
2,016E+11;16;12;2;1745;5;2;3;1;1;454;AVE D'EPERNAY/DUNKERQUE;M;4923812;401377;510
2,016E+11;16;12;3;1340;1;2;2;1;1;454;AVE DE L'YSER/PERVENCHES;M;4924825;405881;510
2,016E+11;16;12;8;2015;5;2;2;1;6;454;VERNOUILLET/COURCELLES;M;4925928;402040;510
2,016E+11;16;12;10;1320;1;2;9;1;6;454;7 AVENUE DE L'EUROPE;M;4925434;406155;510
2,016E+11;16;12;10;1535;1;2;2;1;2;454;R. GOSSET/DU DR LEMOINE;M;4926560;403887;510
2,016E+11;16;12;10;1415;1;2;2;1;3;454;RUE DE VENISE/P. DOUMER;M;4924609;403088;510
2,016E+11;16;12;12;1520;1;2;2;8;3;454;R. DU BARBATRE/GERBERT;M;4925020;403880;510
2,016E+11;16;12;13;1610;1;1;2;1;3;454;RUE HINCMAR/RUE CLOVIS;M;4925073;402832;510
2,016E+11;16;12;13;1020;1;2;3;1;6;454;UNION FONCIERE/COURLANCY;M;4924650;401640;510
2,016E+11;16;12;15;1900;5;2;1;1;3;454;72 AVENUE DE PARIS;M;4924830;401051;510
2,016E+11;16;12;17;2023;5;2;1;5;3;454;39 AVENUE DE PARIS;M;4924827;401090;510
2,016E+11;16;12;20;1800;5;2;3;1;5;454;P. V. COUTURIER/DEMOLIN;M;4927246;401599;510
2,016E+11;16;12;22;1030;1;2;1;2;6;454;D944;M;4924960;404250;510
2,016E+11;16;12;22;1215;1;2;1;2;2;454;BOULEVARD FOCH;M;4925927;402834;510
2,016E+11;16;12;23;1620;1;2;1;1;6;474;RUE DE LA COMMUNE;M;4925884;399506;510
2,016E+11;16;12;23;1800;5;2;1;1;4;454;BOULEVARD DES TONDEURS;M;4927492;405469;510
2,016E+11;16;12;14;1800;5;2;3;1;3;121;CARNOT (AVENUE);M;4812133;513775;520
2,016E+11;16;10;22;2000;5;2;3;1;3;121;LECLERC (AVENUE GENERAL);M;4810693;514104;520
2,016E+11;16;11;7;1130;1;2;6;7;2;121;CARNOT (AVENUE);M;4811650;514033;520
2,016E+11;16;11;26;225;5;2;1;2;6;121;0, MARECHAL DE LATTRE DE;M;4810673;514943;520
2,016E+11;16;2;29;1330;1;2;2;1;3;121;0, ROSIERS (RUE DES);M;4810013;514986;520
2,016E+11;16;3;20;1940;5;2;1;1;6;121;24, VOLTAIRE (BOULEVARD);M;4811408;514302;520
2,016E+11;16;3;25;1445;1;2;2;2;3;121;0, GIRARDEL (AVENUE PHIL;M;4809869;514700;520
2,016E+11;16;4;13;1429;1;2;3;1;6;121;1, TREFOUSSE (RUE JULES);M;4811105;513980;520
2,016E+11;16;4;16;1725;1;1;1;1;6;121;0, VOIE COMMUNALE 05;M;4808513;510783;520
2,016E+11;16;4;20;1700;1;2;3;1;5;121;GAMBETTA (BOULEVARD);M;4811305;514394;520
2,016E+11;16;4;26;1350;1;2;2;2;3;121;0, ROBESPIERRE (RUE);M;4810447;512988;520
2,016E+11;16;4;29;1630;1;2;3;1;6;121;REPUBLIQUE (AVENUE);M;4809836;514519;520
2,016E+11;16;6;9;1945;1;2;2;1;6;121;0, SIMON (RUE RENE);M;4811351;514776;520
2,016E+11;16;6;9;1335;1;2;1;1;7;121;RD 143;M;4808644;514620;520
2,016E+11;16;6;23;735;1;1;1;1;6;121;R.D. 161;M;4812770;509223;520
2,016E+11;16;7;6;725;1;2;3;1;6;121;RD 619;M;4811733;514055;520
2,016E+11;16;7;7;1240;1;2;3;1;6;121;RD 619 /Rue Jean Jaures;M;4810797;514075;520
2,016E+11;16;7;9;1610;1;1;1;1;6;121;RD 65 A;M;4811686;512136;520
2,016E+11;16;9;19;1810;1;2;3;1;2;121;RD 619;M;4811312;514405;520
2,016E+11;16;8;24;1407;1;2;1;1;6;121;23, ASHTON UNDER LYNE (A;M;4809291;513697;520
2,016E+11;16;9;1;1240;1;2;1;1;6;121;RD 619 PR 31+380;M;4810000;514485;520
2,016E+11;16;9;12;1740;1;2;1;1;1;121;RD 674;M;4811751;515500;520
2,016E+11;16;9;27;715;2;2;2;1;6;121;0  MARECHAL JUIN (BOULEV;M;4809912;515324;520
2,016E+11;16;9;30;1705;1;1;1;1;6;121;RD 674;M;4812779;519091;520
2,016E+11;16;1;31;1530;1;2;1;2;6;448;105, ETATS UNIS (AVENUE;M;4863626;497322;520
2,016E+11;16;3;11;1430;1;2;1;1;6;448;5, ROLLIN ( RUE RENE );M;4864552;496726;520
2,016E+11;16;3;13;1500;1;2;3;1;6;448;, BLUM (RUE LEON);M;4864115;497109;520
2,016E+11;16;5;23;830;1;1;3;1;6;448;3, TANNEURS (RUE DES);M;4863569;495671;520
2,016E+11;16;4;30;705;1;2;1;1;7;448;LOYES (RUE DES);M;4862887;497164;520
2,016E+11;16;6;29;2000;1;2;1;1;1;448;20, DUNANT (BOULEVARD HE;M;4864430;497076;520
2,016E+11;16;8;17;1850;1;2;3;1;3;448;TROIS FONTAINES (ROUTE D;M;4865276;493513;520
2,016E+11;16;9;29;1855;1;2;6;1;6;448;LOYES (RUE DES);M;4862714;497217;520
2,016E+11;16;1;8;1934;5;2;1;1;6;130;30, GUE D'ORGER ( RUE DU;M;4806330;-78023;530
2,016E+11;16;1;16;1130;1;1;1;4;3;130;MONTRONS ( CHEMIN DES );M;4808534;-79182;530
2,016E+11;16;2;3;1005;1;2;3;1;3;130;PARIS ( RUE DE );M;4807435;-75374;530
2,016E+11;16;3;24;1215;1;2;2;1;6;130;173B, LE PECQ ( RUE BERN;M;4807559;-78502;530
2,016E+11;16;4;1;1620;1;2;1;1;6;130;AVESNIERES ( PLACE D' );M;4805982;-76335;530
2,016E+11;16;1;18;1145;1;2;1;1;6;130;BESSIERES ( RUE );M;4806181;-75006;530
2,016E+11;16;5;4;2030;1;2;6;1;7;201;PARIS ( AVENUE DE );M;4806857;-80347;530
2,016E+11;16;5;18;1240;1;2;1;1;3;130;0, CHANZY ( AVENUE DE );M;4806701;-76014;530
2,016E+11;16;6;10;1900;1;1;1;3;3;34;RD 21;M;4804169;-72007;530
2,016E+11;16;7;20;1904;1;2;9;1;3;130;22, CHANZY ( AVENUE DE );M;4806700;-76021;530
2,016E+11;16;7;9;212;3;1;1;1;6;201;SANS, RD 57 VERS RENNES;M;4807084;-84688;530
2,016E+11;16;9;8;1305;1;1;1;1;1;54;SANS, RD 561 VERS LOUVER;M;4809852;-79151;530
2,016E+11;16;9;29;910;1;2;2;2;6;130;FOUQUET ( QUAI JEHAN );M;4806813;-76986;530
2,016E+11;16;9;10;2015;5;2;3;1;3;130;GAMBETTA ( QUAI );M;4807161;-77148;530
2,016E+11;16;10;17;1200;1;2;1;1;6;130;0, TOURS ( AVENUE DE );M;4805479;-74374;530
2,016E+11;16;11;9;1855;3;1;2;1;6;54;0, RD 31 VERS LAVAL;M;4809699;-82941;530
2,016E+11;16;11;16;1850;5;2;1;2;6;201;28, LIBERATION ( AVENUE;M;4806939;-82857;530
2,016E+11;16;11;10;1825;5;2;3;1;3;130;16, JAURES ( BOULEVARD J;M;4806476;-78832;530
2,016E+11;16;11;2;755;2;2;3;1;3;130;LEVESQUE ( RUE FRANCIS );M;4805430;-76573;530
2,016E+11;16;11;29;800;2;2;1;1;6;130;101, DROUOT ( RUE );M;4805621;-74390;530
2,016E+11;16;12;7;745;1;2;3;1;3;130;PARIS ( RUE DE );M;4807122;-76356;530
2,016E+11;16;3;3;1300;1;2;1;2;6;280;138, FRANCHEPRE (RUE DE);M;0;0;540
2,016E+11;16;4;4;2148;5;2;1;2;6;391;8, METZ (RUE DE);M;0;0;540
2,016E+11;16;1;27;1115;1;2;1;1;6;99;1, FOCH (AVENUE DU MAREC;;;;540
2,016E+11;16;5;29;630;3;1;1;1;1;36;906 (RD);M;4927717;595931;540
2,016E+11;16;5;8;1050;1;2;1;1;6;28;45, EGLISE (RUE DE L');M;0;0;540
2,016E+11;16;5;21;1513;1;2;1;1;7;280;135, FRANCHEPRE (RUE DE);M;4922363;600801;540
2,016E+11;16;7;1;1046;1;1;1;1;1;341;146 (RD);M;0;0;540
2,016E+11;16;6;26;2109;2;1;1;1;3;36;906 (RD);M;0;0;540
2,016E+11;16;8;23;1810;1;2;1;1;6;28;METZ (RUE DE);M;0;0;540
2,016E+11;16;9;10;929;1;2;1;1;7;99;ALBERT 1ER (AVENUE);M;4925000;594000;540
2,016E+11;16;10;8;1839;2;2;1;1;5;280;76, COMMERCE (RUE DU);M;4923081;600932;540
2,016E+11;16;10;30;1510;1;2;1;1;3;28;00, POSTE (PLACE DE LA);M;4921000;597000;540
2,016E+11;16;11;7;1510;1;2;1;1;4;280;50, FRANCHEPRE (RUE DE);M;4922000;601000;540
2,016E+11;16;11;11;1434;1;1;1;1;1;36;139 (RD);M;4929000;599000;540
2,016E+11;16;12;13;852;2;1;1;8;5;341;43 (RN);M;4926000;590000;540
2,016E+11;16;5;31;1340;1;2;6;1;6;273;4, GAMBETTA (RUE);M;4915637;588355;540
2,016E+11;16;8;13;1945;2;1;1;1;3;469;DEPARTEMENTALE 135;M;4917575;599822;540
2,016E+11;16;8;23;1820;1;2;9;1;1;273;TICHEMONT (ROUTE DE);M;0;0;540
2,016E+11;16;8;29;811;1;2;1;7;6;273;21, PASTEUR (RUE);M;4915591;588550;540
2,016E+11;16;10;25;1827;1;1;1;1;3;273;DEPARTEMENTALE 952;;;;540
2,016E+11;16;10;29;1120;1;1;1;1;1;51;DEPARTEMENTALE 13;M;4916890;595999;540
2,016E+11;16;12;16;1610;1;2;1;1;3;286;7, BCP (RUE DU 16IEME);M;4917192;587765;540
2,016E+11;16;1;8;708;5;2;2;2;6;159;ARC (RUE JEANNE D');M;4862386;634959;540
2,016E+11;16;1;26;1750;2;2;3;2;6;483;B.C.P (RUE DU 4EME);M;4862988;629975;540
2,016E+11;16;2;9;1155;1;2;3;2;6;159;ROSIERES (AVENUE DE);M;4861643;635253;540
2,016E+11;16;9;4;15;5;2;3;1;3;549;04, PERI (RUE GABRIEL);M;4863632;631156;540
2,016E+11;16;11;15;1730;2;2;2;8;6;483;FRANCE (RUE ANATOLE);;;;540
2,016E+11;16;10;12;2110;3;1;1;1;2;382;52 (ROUTE NATIONALE);M;4954918;579388;540
2,016E+11;16;10;8;400;5;1;1;1;6;493;19, LONGWY (RUE DE);M;4953084;582017;540
2,016E+11;16;10;25;830;2;1;1;1;7;254;201 (ROUTE DEPARTEMENTAL;M;4951538;579969;540
2,016E+11;16;1;5;930;1;2;2;1;3;323;0, PAIX (AVENUE);M;0;0;540
2,016E+11;16;12;2;1100;1;2;1;1;3;382;52 (ROUTE NATIONALE);M;4955094;578842;540
2,016E+11;16;12;7;730;1;2;1;1;6;323;1, ANDRE MALRAUX (AVENUE;M;4952075;576061;540
2,016E+11;16;1;28;1320;1;2;1;1;3;382;EUROPE (AVENUE DE L');M;0;0;540
2,016E+11;16;11;17;1655;1;1;1;1;6;323;44, GENERAL PERSHING (RU;M;4951705;576573;540
2,016E+11;16;1;28;1430;1;2;1;1;6;323;MERCY (RUE);;;;540
2,016E+11;16;11;19;1415;1;2;1;1;2;382;98, METZ (BOULEVARD DE);M;4954575;578232;540
2,016E+11;16;2;26;625;5;2;1;1;6;321;00, BOGDAN POLITANSKI (A;M;0;0;540
2,016E+11;16;2;13;2105;5;1;1;1;7;382;52 (ROUTE NATIONALE);M;4954800;579500;540
2,016E+11;16;3;14;1700;1;2;1;1;6;451;LONGWY (RUE DE);M;0;0;540
2,016E+11;16;3;9;1630;1;1;1;1;1;382;EUROPE (AVENUE DE L');M;0;0;540
2,016E+11;16;3;17;1930;1;1;1;1;1;323;1, 18 (ROUTE NATIONALE);M;0;0;540
2,016E+11;16;3;16;825;1;2;1;1;3;321;49, BOGDAN POLITANSKI (A;M;0;0;540
2,016E+11;16;4;1;1650;1;1;1;1;4;321;1, MARCELIN BERTHELOT (R;;;;540
2,016E+11;16;4;11;1600;1;1;1;1;6;323;1, RAYMOND POINCARE (AVE;M;0;0;540
2,016E+11;16;4;13;1305;1;1;1;2;1;321;1, MARCELIN BERTHELOT (R;M;4690000;680000;540
2,016E+11;16;4;25;755;1;2;1;1;1;382;1, EDMONT MIGNON (RUE DU;M;0;0;540
2,016E+11;16;4;24;535;3;1;6;1;2;382;EUROPE (AVENUE DE L');M;0;0;540
2,016E+11;16;6;2;705;1;2;1;2;1;321;9, BOGDAN POLITANSKI (AV;M;0;0;540
2,016E+11;16;6;30;1830;1;2;1;1;2;321;1, JEANNE D'ARC (RUE);M;0;0;540
2,016E+11;16;7;15;30;3;2;1;1;3;321;NR, MARCELIN BERTHELOT (;M;0;0;540
2,016E+11;16;8;19;1930;1;2;1;1;3;382;114, LONGWY (ROUTE DE);M;4953284;576456;540
2,016E+11;16;7;19;630;1;1;1;1;2;321;1, ERNEST HEMINGWAY (AVE;M;4953826;580349;540
2,016E+11;16;7;19;955;1;2;1;1;2;323;1, ALBERT THOMAS (RUE);;;;540
2,016E+11;16;7;30;1130;1;2;1;1;6;382;1, LONGWY (ROUTE DE);M;0;0;540
2,016E+11;16;7;31;1200;1;1;1;1;7;367;1, NATIONALE 52 (ROUTE);M;0;0;540
2,016E+11;16;9;18;805;1;2;1;8;6;323;0, CHARLES DE GAULLE (AV;M;4951949;576333;540
2,016E+11;16;10;15;1909;2;2;1;1;3;261;3, LUXEMBOURG (AVENUE DU;M;4952256;579288;540
2,016E+11;16;8;28;130;3;1;1;1;6;323;52 (ROUTE NATIONALE);M;4950000;570000;540
2,016E+11;16;9;5;1130;1;2;1;1;7;382;15, ALFRED LABBE (RUE);M;4953798;578049;540
2,016E+11;16;10;2;1429;1;1;6;8;7;382;EUROPE (AVENUE DE L');M;0;0;540
2,016E+11;16;11;23;1856;3;1;1;1;3;493;26 (ROUTE DEPARTEMENTALE;M;4952225;583348;540
2,016E+11;16;12;8;1215;1;2;1;1;4;373;AVENUE DE L'EUROPE;M;4857389;652817;540
2,016E+11;16;12;14;935;1;2;2;1;5;329;ROUTE D' EINVILLE;M;4860844;648877;540
2,016E+11;16;2;19;1551;1;1;1;1;5;373;RN 59;M;4854257;657063;540
2,016E+11;16;7;12;1735;1;2;9;1;3;329;42, RUE DE LA POLOGNE;M;4858189;650438;540
2,016E+11;16;9;11;258;3;2;1;1;6;116;RUE DE LA FOURASSE;M;4858313;653860;540
2,016E+11;16;9;12;1805;1;2;1;1;1;329;46bis, RUE SAINT LEOPOLD;M;4859048;647646;540
2,016E+11;16;9;16;1750;1;2;1;1;3;329;4bis, RUE A. DE LAMARTIN;;;;540
2,016E+11;16;9;26;1751;1;2;1;1;7;329;RUE DE LA POLOGNE;M;4858061;651305;540
2,016E+11;16;9;30;1750;1;2;1;2;6;329;17, RUE DE SARREBOURG;M;4858848;649829;540
2,016E+11;16;10;1;2229;3;2;1;1;6;281;97, RUE ALEXANDRE GASCAR;M;4860793;651073;540
2,016E+11;16;10;13;1049;1;1;1;1;1;373;RN 59;M;4855644;655398;540
2,016E+11;16;10;15;801;1;2;2;1;6;329;1, RUE PAUL CYFFLE;M;4859126;649080;540
2,016E+11;16;10;15;1945;1;2;1;1;6;329;3, BLD. GEORGES POMPIDOU;M;4858533;648226;540
2,016E+11;16;10;17;1616;1;1;1;1;5;329;ROUTE D' EINVILLE;M;4861105;649186;540
2,016E+11;16;10;31;2228;3;1;1;1;6;373;RN 59;M;4856885;653585;540
2,016E+11;16;11;30;1215;1;2;1;1;6;329;7, RUE COSSON;M;4858870;648654;540
2,016E+11;16;12;13;830;1;2;1;1;2;395;31, PIXERECOURT (RUE GUI;M;4869864;619271;540
2,016E+11;16;12;21;849;1;2;2;1;2;257;GRANDE RUE;M;4865395;619768;540
2,016E+11;16;12;17;1430;1;2;1;1;2;304;AIGUILLETTES  (BD 16 A 2;M;4867763;614579;540
2,016E+11;16;12;28;2059;5;2;1;5;4;395;16, MOLITOR (RUE);M;4868571;619411;540
2,016E+11;16;12;16;1650;5;2;3;1;6;547;OPALINSKA (RUE CATHERINE;M;4866697;619222;540
2,016E+11;16;12;30;830;1;2;1;5;6;395;12, VOSGES (PLACE DES);M;4868513;618673;540
2,016E+11;16;12;15;930;1;2;1;2;6;395;57, SAINT JEAN (RUE);;;;540
2,016E+11;16;1;4;1450;1;2;3;2;3;395;VOIRIN (RUE DES FRERES);;;;540
2,016E+11;16;1;1;1805;5;2;4;1;6;395;ALIX  (RUE THIERRY);M;4868408;617627;540
2,016E+11;16;12;13;715;1;2;3;8;3;395;30, VILLERS (RUE DE);;;;540
2,016E+11;16;1;5;1030;1;2;2;1;6;578;MULLER (AVENUE PAUL);M;4867022;615810;540
2,016E+11;16;12;14;1430;1;2;1;1;2;395;25, BOUFFLERS (AVENUE) D;;;;540
2,016E+11;16;1;10;1335;1;2;2;2;3;304;SAPINIERE (RUE DE LA);;;;540
2,016E+11;16;1;8;1455;1;2;1;1;6;395;METZ (RUE DE);;;;540
2,016E+11;16;1;4;1245;1;1;1;2;7;25;0, CHARTREUSE (AVENUE DE;M;4864877;627743;540
2,016E+11;16;1;11;1010;1;2;1;1;3;395;TOMBLAINE (RUE DE);M;0;0;540
2,016E+11;16;1;4;740;5;2;1;1;3;498;DE GAULLE (AVENUE DU GEN;;;;540
2,016E+11;16;1;11;745;2;2;1;3;2;395;161, STRASBOURG (AVENUE;M;4867775;619861;540
2,016E+11;16;1;4;1600;1;1;6;7;6;439;LONGUES RAIES (CHEMIN DE;M;4870622;624488;540
2,016E+11;16;1;14;27;5;2;1;1;6;547;122, LECLERC (AVENUE DU;M;4866300;616480;540
2,016E+11;16;1;13;1506;1;2;1;1;6;184;6, KLEBER (AVENUE);;;;540
2,016E+11;16;1;15;830;1;2;2;1;3;395;AUSTRASIE (BOULEVARD);;;;540
2,016E+11;16;1;14;1135;1;2;2;1;3;578;MULLER (AVENUE PAUL);M;4810056;608523;540
2,016E+11;16;1;14;2045;5;2;3;2;3;578;CLEMENCEAU (RUE GEORGES);M;4867626;615381;540
2,016E+11;16;1;8;825;1;1;1;1;2;498;RD 674;;;;540
2,016E+11;16;1;18;845;1;2;1;1;2;482;ALEXANDRE 1ER (RUE);;;;540
2,016E+11;16;1;17;2315;5;2;1;1;6;578;26, BRABOIS (AVENUE DE);;;;540
2,016E+11;16;1;15;1835;5;2;1;4;6;274;104, REPUBLIQUE (RUE DE;M;4866945;620722;540
2,016E+11;16;1;17;1600;1;2;1;1;6;395;BOUDONVILLE (Rue de);;;;540
2,016E+11;16;1;18;750;2;2;1;1;6;395;INSURRECTION DU GHETTO V;M;4868336;618390;540
2,016E+11;16;1;20;1645;2;2;1;1;4;526;RD 674;;;;540
2,016E+11;16;1;19;940;1;2;1;1;6;482;11, GROUPE LIBERATOR (RU;;;;540
2,016E+11;16;1;20;2045;5;2;2;5;3;526;JAURES (BOULEVARD JEAN);M;4869424;621062;540
2,016E+11;16;12;19;2300;5;2;1;1;3;578;CATTENOZ (BD DU DOCTEUR);;;;540
2,016E+11;16;12;21;1920;5;2;1;1;2;395;28, VILLERS (RUE DE);;;;540
2,016E+11;16;1;25;1300;1;2;2;1;6;395;ESPLANADE DU SOUVENIR FR;M;4869666;617459;540
2,016E+11;16;12;25;1304;1;2;2;1;3;395;STRASBOURG (AVENUE DE);;;;540
2,016E+11;16;1;27;1340;1;2;1;1;3;395;62, METZ (RUE DE);;;;540
2,016E+11;16;12;16;1710;2;2;1;1;4;578;MULLER (AVENUE PAUL);;;;540