Num_Acc;an;mois;jour;hrmn;lum;agg;int;atm;col;com;adr;gps;lat;long;dep
2,016E+11;16;1;28;705;5;2;4;3;3;395;0, COMMANDERIE (RUE/PLAC;M;0;0;540
2,016E+11;16;1;28;1750;5;2;1;2;6;482;16, ALEXANDRE 1ER (RUE);M;4870018;620361;540
2,016E+11;16;1;29;1920;5;2;3;1;6;482;44, ALEXANDRE 1ER (RUE);M;4870127;620075;540
2,016E+11;16;2;3;1050;1;2;3;1;3;304;VILLERS (ROUTE DE);;;;540
2,016E+11;16;2;2;1820;5;2;1;2;4;184;BRIGACHTAL (AVENUE DE);;;;540
2,016E+11;16;2;3;1330;1;2;1;2;5;578;13 A, AIGUILLETTES  (BD;;;;540
2,016E+11;16;2;3;820;1;2;3;2;6;395;ARMEE PATTON (RUE DE L');;;;540
2,016E+11;16;2;4;1830;5;2;1;3;6;339;51, DRIANT (RUE DU COLON;;;;540
2,016E+11;16;2;6;1615;1;2;2;7;3;578;0, MULLER (AVENUE PAUL);;;;540
2,016E+11;16;2;9;830;1;2;1;6;3;395;30-32, VINGT SIXIEME R.I;;;;540
2,016E+11;16;2;8;1930;5;2;1;1;6;184;31, SOIXANTE NEUVIEME R.;;;;540
2,016E+11;16;2;9;1800;5;2;1;3;6;547;3, GOETHE (RUE);M;4866094;617926;540
2,016E+11;16;1;22;1735;5;2;1;1;2;395;52, LOBAU (BOULEVARD);M;4868627;619490;540
2,016E+11;16;2;7;1419;1;1;1;1;6;25;32, CHARTREUSE (AVENUE D;M;4866204;625373;540
2,016E+11;16;2;14;1930;5;2;4;2;6;395;LIBERATION (AVENUE DE LA;M;4869705;615847;540
2,016E+11;16;2;16;1110;1;2;1;1;3;482;32, CARNOT (AVENUE);;;;540
2,016E+11;16;2;17;845;1;2;1;1;3;395;76, MON DESERT (RUE);M;4868352;617405;540
2,016E+11;16;1;2;2000;5;2;1;1;6;265;ERABLES (AVENUE DES);;;;540
2,016E+11;16;1;14;750;2;2;1;1;6;547;EUROPE (BOULEVARD DE L');;;;540
2,016E+11;16;1;14;1740;1;1;1;2;1;357;LAFAYETTE (RUE);;;;540
2,016E+11;16;1;16;2020;5;2;1;4;6;395;BATAILLE (QUAI DE LA);;;;540
2,016E+11;16;1;18;845;1;2;1;1;6;357;PATTON (AV. DU GENERAL);;;;540
2,016E+11;16;1;19;1540;1;2;6;1;3;547;EUROPE (BOULEVARD DE L');;;;540
2,016E+11;16;1;23;1015;1;2;1;1;6;395;127, LOBAU (BOULEVARD);;;;540
2,016E+11;16;1;28;1000;1;2;2;1;3;395;AUSTRASIE (BOULEVARD);;;;540
2,016E+11;16;2;20;1225;1;2;3;2;3;395;FRANCE (AVENUE ANATOLE);;;;540
2,016E+11;16;2;23;1130;1;2;1;2;2;395;263, KOENIG (Rue Mar‚cha;;;;540
2,016E+11;16;2;23;1330;1;2;1;1;6;274;15, RAMEAU (RUE JEAN PHI;;;;540
2,016E+11;16;2;26;740;1;2;1;1;3;304;43, BOUFFLERS (AV DE 336;;;;540
2,016E+11;16;2;27;1428;1;2;1;1;4;547;MIRECOURT (ROUTE DE);;;;540
2,016E+11;16;3;1;830;1;2;1;1;3;395;92, FAUBOURG DES TROIS M;;;;540
2,016E+11;16;2;26;1637;1;2;1;1;2;547;4, ARC (AVENUE JEANNE D';;;;540
2,016E+11;16;3;4;1850;5;2;2;3;6;395;VERDUN (rue de);;;;540
2,016E+11;16;3;4;1408;1;2;1;1;2;547;ECHTERNACH (RUE D');;;;540
2,016E+11;16;3;6;1230;1;1;1;2;3;482;WASHINGTON (RUE);;;;540
2,016E+11;16;3;9;1110;1;2;2;1;3;395;BERNHEIM (RUE DU DOCTEUR;;;;540
2,016E+11;16;3;4;1345;1;2;1;1;6;300;PATTON (RUE DU GENERAL);;;;540
2,016E+11;16;3;7;1435;1;2;6;2;2;184;MAILLYS (RUE DES);;;;540
2,016E+11;16;2;6;1850;5;2;1;1;2;547;EUROPE (BOULEVARD DE L');;;;540
2,016E+11;16;2;6;940;1;2;1;1;6;526;POTIER (RUE EUGENE);;;;540
2,016E+11;16;3;10;1147;1;2;1;1;2;304;0, RHIN (AV. DU);;;;540
2,016E+11;16;3;15;1510;1;2;2;1;1;547;BOURGOGNE (AVENUE DE);;;;540
2,016E+11;16;2;8;700;5;2;2;2;3;547;MORVAN (RUE DU);;;;540
2,016E+11;16;3;15;1220;1;2;1;1;7;184;0, DE GAULLE (RUE DU GAL;;;;540
2,016E+11;16;3;14;1500;1;2;2;7;3;395;PINCHARD (AVENUE - OMBEL;;;;540
2,016E+11;16;3;14;1255;1;2;2;1;3;578;0, AIGUILLETTES  (BD 5 A;;;;540
2,016E+11;16;3;8;1920;5;2;3;1;7;395;ARC (RUE JEANNE D' N;;;;540
2,016E+11;16;3;11;740;1;2;3;1;3;395;TOMBLAINE (RUE DE);;;;540
2,016E+11;16;3;8;1220;1;2;2;1;3;265;ERABLES (AVENUE DES);;;;540
2,016E+11;16;3;18;750;1;2;3;1;3;257;LANEUVEVILLE (ROUTE DE);;;;540
2,016E+11;16;3;22;1320;1;2;2;1;2;395;LOBAU (BOULEVARD);;;;540
2,016E+11;16;3;17;1950;3;2;1;1;2;395;CARRIERE (PLACE DE LA);;;;540
2,016E+11;16;3;29;1648;1;2;1;1;4;395;6, BROT (Rue Marcel);;;;540
2,016E+11;16;3;29;1424;1;2;1;1;6;547;PERI (RUE GABRIEL);;;;540
2,016E+11;16;3;18;1300;1;2;3;1;3;395;BRAILLE (RUE LOUIS);;;;540
2,016E+11;16;2;19;1400;1;2;1;1;2;395;9, JOFFRE (Boulevard);;;;540
2,016E+11;16;4;2;526;5;2;1;1;2;395;13, QUATRE EGLISES (RUE;;;;540
2,016E+11;16;3;20;2130;5;2;1;1;2;395;40, LORRAIN (QUAI CLAUDE;;;;540
2,016E+11;16;3;31;1400;1;2;6;1;2;526;POTIER (RUE EUGENE);;;;540
2,016E+11;16;4;1;1050;1;2;2;1;2;257;GRANDE RUE;;;;540
2,016E+11;16;3;26;1015;1;2;4;1;6;395;69, BOUFFLERS (AVENUE) D;;;;540
2,016E+11;16;4;7;1230;1;2;1;1;2;395;FUSILLES (PONT DES);;;;540
2,016E+11;16;4;9;1625;1;2;2;1;2;578;MARON (AVENUE DE);;;;540
2,016E+11;16;4;13;1440;1;2;1;2;1;395;INSURRECTION DU GHETTO V;;;;540
2,016E+11;16;4;12;815;1;2;2;1;3;395;GRIDEL (RUE DE L'ABBE);;;;540
2,016E+11;16;4;12;1840;1;2;1;1;6;395;1034, PINCHARD (AVENUE -;;;;540
2,016E+11;16;3;15;1820;5;1;1;2;3;304;11, RESISTANCE (AV. DE L;;;;540
2,016E+11;16;3;8;1745;1;2;1;1;6;395;BRICE (RUE DES);;;;540
2,016E+11;16;3;10;1700;1;2;1;1;6;395;127, LOBAU (BOULEVARD);;;;540
2,016E+11;16;3;10;1800;1;2;1;1;2;547;EUROPE (BOULEVARD DE L');;;;540
2,016E+11;16;3;9;1150;1;2;1;1;6;395;PICHON (RUE);;;;540
2,016E+11;16;3;8;915;1;2;1;1;6;339;, ORME (RUE DE L');;;;540
2,016E+11;16;3;5;625;5;2;1;1;6;395;52, SCARPONE (BD DE);;;;540
2,016E+11;16;4;17;1440;1;2;1;1;3;395;12, VINGT SIXIEME R.I.;;;;540
2,016E+11;16;4;13;1815;1;2;2;1;2;328;FLEVILLE (ROUTE DE);;;;540
2,016E+11;16;4;21;815;1;1;6;1;1;357;DE GAULLE (AVENUE DU GAL;;;;540
2,016E+11;16;4;20;1944;1;2;2;1;2;257;RD 570;M;4864753;618250;540
2,016E+11;16;4;20;1606;1;2;1;1;2;395;CITADELLE (RUE DE LA);;;;540
2,016E+11;16;4;20;1920;1;2;1;1;6;357;151, METZ (ROUTE DE);;;;540
2,016E+11;16;4;25;1155;1;2;1;2;2;395;12, SAINT LAMBERT (IMPAS;;;;540
2,016E+11;16;4;25;700;1;2;1;1;1;395;87, LECLERC (AV. DU GENE;;;;540
2,016E+11;16;4;13;1800;1;2;1;1;4;300;30, GALTIER (RUE LUCIEN);;;;540
2,016E+11;16;4;14;1620;1;2;1;1;2;395;198, STRASBOURG (AVENUE;;;;540
2,016E+11;16;4;25;1230;1;2;1;2;6;300;BIZE (RUE GILBERT);;;;540
2,016E+11;16;4;26;1225;1;2;1;1;6;395;BERTIN (RUE EMILE);;;;540
2,016E+11;16;3;19;1000;1;2;1;1;2;439;SAULXURES (RUE DE);;;;540
2,016E+11;16;4;21;909;1;2;1;1;6;395;MADELEINE (RUE DE LA);;;;540
2,016E+11;16;3;23;1030;1;2;1;1;6;395;DOMINICAINS (RUE DES);;;;540
2,016E+11;16;3;17;1030;1;2;1;1;6;395;0, DOMINICAINS (RUE DES);;;;540
2,016E+11;16;3;31;1430;1;2;1;1;3;395;BROT (Rond-Point Marcel);;;;540
2,016E+11;16;3;22;1205;1;2;1;1;3;395;MAILLARD (Rue Louis Cami;;;;540
2,016E+11;16;3;26;2015;5;2;1;1;3;184;0, BRIGACHTAL (AVENUE DE;;;;540
2,016E+11;16;5;3;1615;1;2;3;1;3;526;CAMELINAT (RUE);;;;540
2,016E+11;16;4;28;755;1;2;1;1;6;578;JARDIN BOTANIQUE (RUE DU;;;;540
2,016E+11;16;5;1;2000;1;2;1;1;3;395;181, LIBERATION (AVENUE;;;;540
2,016E+11;16;5;4;1700;1;2;1;1;2;265;RD 570;;;;540
2,016E+11;16;4;27;1320;1;2;2;1;2;304;MOSELLE (RUE DE LA);;;;540
2,016E+11;16;4;30;1735;1;2;3;2;6;395;0, FOURIER (RUE PIERRE);;;;540
2,016E+11;16;5;5;2140;5;2;2;1;1;395;LECLERC (AV. DU GENE;;;;540
2,016E+11;16;5;2;1710;1;2;1;1;3;547;MERMOZ (RUE JEAN);;;;540
2,016E+11;16;5;6;1715;1;2;1;1;7;395;HAUSSONVILLE (BD D');;;;540
2,016E+11;16;4;7;730;1;2;1;1;4;395;195, ARC (RUE JEANNE D');;;;540
2,016E+11;16;5;4;2100;2;2;2;1;2;395;LEOPOLD (COURS);;;;540
2,016E+11;16;5;11;758;1;2;4;1;3;328;GRIGNARD (RUE VICTOR);;;;540
2,016E+11;16;5;4;1355;1;2;1;1;2;526;MILLENAIRE (BOULEVARD;;;;540
2,016E+11;16;5;11;1725;1;2;3;2;3;395;0, TIERCELINS (RUE DES);;;;540
2,016E+11;16;4;28;900;1;2;2;1;6;184;BRIGACHTAL (AVENUE DE);;;;540
2,016E+11;16;4;26;1455;1;2;6;1;3;265;SAINT-EXUPERY (RUE ANTOI;;;;540
2,016E+11;16;5;12;810;1;2;1;2;6;274;50, REPUBLIQUE (RUE DE L;;;;540
2,016E+11;16;4;7;1110;1;2;1;1;6;547;CREVIC (RUE DE);;;;540
2,016E+11;16;4;11;2100;5;2;1;1;1;482;ALEXANDRE 1ER (RUE);;;;540
2,016E+11;16;5;13;640;1;1;1;1;7;25;SAINT PHLIN (RUE DU FAUB;;;;540
2,016E+11;16;5;13;1710;1;2;1;2;2;395;SAINTE CATHERINE (QUAI);;;;540
2,016E+11;16;5;14;1710;1;2;3;1;2;395;SAINT DIZIER (RUE 2 A 80;;;;540
2,016E+11;16;5;13;1730;1;2;1;2;6;395;PAINLEVE (PLACE PAUL);;;;540
2,016E+11;16;5;16;1340;1;2;1;1;6;395;5, LAFAYETTE (RUE ET PLA;;;;540
2,016E+11;16;5;21;1115;1;2;1;1;3;395;POINCARE (RUE RAYMOND 1-;;;;540
2,016E+11;16;5;19;1555;1;2;2;1;3;197;LUPCOURT (ROUTE DE);;;;540
2,016E+11;16;5;20;1035;1;2;2;1;3;395;AUSTRASIE (BOULEVARD);;;;540
2,016E+11;16;5;22;545;2;2;1;1;6;304;5, MAREVILLE (CHEMIN ET;;;;540
2,016E+11;16;5;23;1340;1;2;3;1;3;395;CARNOT (PLACE);;;;540
2,016E+11;16;5;12;1015;1;2;1;1;6;395;144, SAINT DIZIER (RUE 8;;;;540
2,016E+11;16;5;23;1420;1;2;1;1;2;547;AIGUILLETTES (BD 1 A 3);;;;540
2,016E+11;16;5;19;1625;1;2;1;1;4;498;70, RD 674;;;;540
2,016E+11;16;5;25;1745;1;1;1;1;2;395;LIAISON A 330 / RD 2Bis;;;;540
2,016E+11;16;5;25;1715;1;2;3;1;6;395;CHALNOT (RUE PIERRE);;;;540
2,016E+11;16;5;26;1645;1;2;1;1;2;498;21, RD 674;;;;540
2,016E+11;16;5;26;1800;1;2;1;1;2;357;26, METZ (ROUTE DE);;;;540
2,016E+11;16;5;26;1745;1;2;4;1;6;395;CHARLES V (BOULEVARD);;;;540
2,016E+11;16;5;27;110;5;2;3;1;6;578;AIGUILLETTES  (BD 5 A 73;;;;540
2,016E+11;16;5;28;1935;1;2;2;1;3;578;CATTENOZ (BD DU DOCTEUR);;;;540
2,016E+11;16;4;30;1050;1;2;1;1;6;395;23, FAUBOURG DES TROIS M;M;4870136;617649;540
2,016E+11;16;4;20;850;1;2;1;1;2;547;BARTHOU (BD LOUIS);;;;540
2,016E+11;16;4;27;1815;1;2;1;1;2;395;INSURRECTION DU GHETTO V;;;;540
2,016E+11;16;5;30;1725;1;2;3;2;3;197;FLEVILLE A LANEUVEVILLE;;;;540
2,016E+11;16;5;21;1745;1;2;4;1;3;395;MALZEVILLE (Rue de);;;;540
2,016E+11;16;5;31;1630;1;2;3;1;3;395;AIGUILLETTES  (BD DES);;;;540
2,016E+11;16;6;1;1605;1;2;1;7;6;395;67, HAUSSONVILLE (BD D');;;;540
2,016E+11;16;6;2;1444;1;2;1;1;3;184;04, SAULXURES (AVENUE DE;;;;540
2,016E+11;16;6;3;1720;1;2;2;1;6;395;PONT MOUJA (RUE DU);;;;540
2,016E+11;16;6;6;1300;1;2;1;1;3;482;85, CARNOT (AVENUE);;;;540
2,016E+11;16;6;3;1110;1;2;2;1;3;547;HUITIEME REGIMENT D'ARTI;;;;540
2,016E+11;16;6;6;1730;1;2;4;1;2;184;RD 674;;;;540
2,016E+11;16;6;7;1845;1;2;1;1;6;395;14, REGIMENT D'AVIATION;;;;540
2,016E+11;16;5;29;2049;1;2;3;1;3;395;ISABEY (RUE);;;;540
2,016E+11;16;6;10;1525;1;2;9;1;2;547;FORET DE HAYE (RUE DE LA;;;;540
2,016E+11;16;6;13;820;1;2;1;1;3;547;0, BOURGOGNE (AVENUE DE);;;;540
2,016E+11;16;6;18;1355;1;2;1;1;2;547;BARTHOU (BD LOUIS);;;;540
2,016E+11;16;6;17;2000;1;2;7;1;3;395;MILHAUD (PLACE DARIUS);;;;540
2,016E+11;16;6;18;1525;1;2;3;1;1;578;MULLER (AVENUE PAUL);;;;540
2,016E+11;16;6;18;1850;1;2;1;1;3;547;MARKEN (ALLEE DE);;;;540
2,016E+11;16;6;19;2230;5;2;2;1;3;395;SAINT LEON (RUE ET EGLIS;;;;540
2,016E+11;16;6;15;1758;1;2;2;1;6;184;BRIGACHTAL (AVENUE DE);;;;540
2,016E+11;16;6;22;1630;1;2;2;1;3;526;JAURES (BOULEVARD JEAN);;;;540
2,016E+11;16;6;2;1345;1;2;2;1;6;482;MAINVAUX (RUE DE);;;;540
2,016E+11;16;6;23;910;1;2;1;1;3;395;01 bis, ALBERT 1ER  (BD);;;;540
2,016E+11;16;6;23;1740;1;2;1;1;4;395;PINCHARD (AVENUE - TAMAR;;;;540
2,016E+11;16;6;23;1805;1;2;4;1;3;395;LEOPOLD (COURS);;;;540
2,016E+11;16;6;24;1830;1;2;1;1;4;395;363, LIBERATION (AVENUE;;;;540
2,016E+11;16;6;28;1805;1;2;2;1;3;395;ABOUT  (RUE EDMOND);;;;540
2,016E+11;16;6;28;805;1;2;2;2;2;395;COLLIGNON (Avenue et Pon;;;;540
2,016E+11;16;6;30;1345;1;2;1;1;2;395;SABLES (RUE DES);;;;540
2,016E+11;16;6;30;1820;1;2;1;1;7;395;69, METZ (RUE DE);;;;540
2,016E+11;16;7;1;1525;1;2;1;1;2;395;276, LECLERC (AV. DU GEN;;;;540
2,016E+11;16;7;2;1900;1;2;1;1;3;395;20, BOUFFLERS (AVENUE) D;;;;540
2,016E+11;16;7;4;448;5;1;1;1;5;184;RD 674;;;;540
2,016E+11;16;7;5;1640;1;2;3;1;3;578;80, LECLERC (AVENUE DU G;;;;540
2,016E+11;16;7;6;220;5;2;1;1;7;395;LIAISON A 330 / RD 2Bis;;;;540
2,016E+11;16;6;24;922;1;2;1;1;3;547;32, HUITIEME REGIMENT D';;;;540
2,016E+11;16;7;5;1855;1;2;2;1;2;526;MILLENAIRE (BOULEVARD DU;;;;540
2,016E+11;16;7;6;1355;1;2;1;1;4;526;POTIER (RUE EUGENE);;;;540
2,016E+11;16;6;28;1245;1;2;1;1;6;547;CHARMOIS (AVENUE DU);;;;540
2,016E+11;16;7;7;920;1;2;1;1;2;395;LECLERC (RUE SEBASTIEN);;;;540
2,016E+11;16;7;8;1610;1;2;2;1;3;395;AMERICAN LEGION  (BD DE;;;;540
2,016E+11;16;7;8;2015;1;2;1;1;6;395;99, CROSNE (RUE DU);;;;540
2,016E+11;16;7;8;2145;2;2;6;1;3;395;BROT (Rond-Point Marcel);;;;540
2,016E+11;16;7;9;1335;1;2;5;1;3;304;RHIN (AV. DU);;;;540
2,016E+11;16;7;10;1830;1;2;1;1;6;395;12, NABECOR (RUE DE);;;;540
2,016E+11;16;7;11;1925;1;2;1;1;7;304;115, ZOLA (RUE EMILE);;;;540
2,016E+11;16;7;11;1220;1;2;1;1;6;395;POINCARE (RUE RAYMOND 1-;;;;540
2,016E+11;16;7;13;1725;1;2;1;1;6;395;37, GARENNE (ALLEE ET AV;;;;540
2,016E+11;16;7;14;1910;1;2;1;1;2;395;JAURES (BOULEVARD JEAN);;;;540
2,016E+11;16;7;18;1500;1;2;1;1;2;395;ILE DE CORSE (RUE DE L');;;;540
2,016E+11;16;7;20;1020;1;2;1;1;6;547;GEMBLOUX (RUE DE);;;;540
2,016E+11;16;7;21;2145;5;2;1;1;3;328;PASTEUR (RUE LOUIS);;;;540
2,016E+11;16;7;21;800;1;2;1;1;3;304;BOIS GRONEE (AVENUE DU);;;;540
2,016E+11;16;7;22;1455;1;2;2;1;3;304;RESISTANCE (AV. DE LA -P;;;;540
2,016E+11;16;7;22;945;1;2;1;1;6;395;DOUMER (AVENUE PAUL);;;;540
2,016E+11;16;7;25;1650;1;2;1;1;6;395;LOBAU (BOULEVARD);;;;540
2,016E+11;16;7;25;1105;1;2;3;1;3;395;FOUCAULD (RUE CHARLES DE;;;;540
2,016E+11;16;7;28;1154;1;2;1;1;6;304;SAPINIERE (RUE DE LA);;;;540
2,016E+11;16;7;28;1155;1;2;1;1;6;184;BRIGACHTAL (AVENUE DE);;;;540
2,016E+11;16;7;29;1725;1;2;2;1;5;526;JAURES (BOULEVARD JEAN);;;;540
2,016E+11;16;7;28;1045;1;2;3;1;3;395;GRANDJEAN (RUE DU DOCTEU;;;;540
2,016E+11;16;8;2;1255;1;2;3;2;3;395;LOBAU (BOULEVARD);;;;540
2,016E+11;16;8;3;1550;1;2;1;1;6;578;ESSARTS (BD DES);;;;540
2,016E+11;16;8;4;1055;1;2;1;1;6;339;63, CARNOT (RUE SADI);;;;540
2,016E+11;16;8;5;1130;1;2;1;1;6;547;PALISSY (RUE BERNARD);;;;540
2,016E+11;16;8;6;1050;1;2;3;1;3;274;LYAUTEY (SQUARE);;;;540
2,016E+11;16;8;7;1300;1;2;1;1;6;395;118, COLLINE (RUE DE LA);;;;540
2,016E+11;16;8;7;1945;1;2;3;1;2;395;BOUDONVILLE (Rue de);;;;540
2,016E+11;16;8;8;1825;1;2;1;1;3;274;RAMEAU (RUE JEAN PHILIPP;;;;540
2,016E+11;16;8;9;1940;1;2;1;1;2;304;MAREVILLE (CHEMIN ET RUE;;;;540
2,016E+11;16;8;10;1525;1;2;1;1;3;395;VINGTIEME CORPS (AVENUE;;;;540
2,016E+11;16;8;12;1210;1;2;1;1;2;395;330, LIBERATION (AVENUE;;;;540
2,016E+11;16;8;13;1345;1;2;2;1;3;395;LECLERC (AV. DU GENE;;;;540
2,016E+11;16;8;14;1020;1;2;6;1;2;547;ARC (AVENUE JEANNE D');;;;540
2,016E+11;16;8;15;2030;1;2;6;1;1;395;ARMEE PATTON (RUE DE L');;;;540
2,016E+11;16;8;19;1050;1;2;1;1;6;395;16, FOCH (AVENUE 2 A 16/;;;;540
2,016E+11;16;8;23;1240;1;2;1;1;6;274;113 B, REPUBLIQUE (RUE D;;;;540
2,016E+11;16;8;25;650;1;2;2;1;6;395;BAZIN (RUE HENRI) + (SEN;;;;540
2,016E+11;16;8;26;1800;1;2;1;1;4;395;5, BROT (Rue Marcel);;;;540
2,016E+11;16;8;26;2250;5;2;2;1;2;395;LOBAU (BOULEVARD);;;;540
2,016E+11;16;8;28;1445;1;2;2;1;3;578;BRABOIS (AVENUE DE);;;;540
2,016E+11;16;8;29;1510;1;2;1;1;3;495;CHATEAU (AVENUE DU);;;;540
2,016E+11;16;8;31;130;5;2;2;1;3;395;MALZEVILLE (Rue de);;;;540
2,016E+11;16;8;31;1710;1;2;2;1;2;304;BOIS GRONEE (AVENUE DU);;;;540
2,016E+11;16;8;31;840;1;2;1;1;2;526;MILLENAIRE (BOULEVARD DU;;;;540
2,016E+11;16;8;31;1830;1;2;1;1;4;526;MILLENAIRE (BOULEVARD DU;;;;540
2,016E+11;16;9;4;140;4;1;2;1;3;395;00, MATHIEU (RUE DU CARD;;;;540
2,016E+11;16;9;3;1640;1;2;1;1;3;395;50, FAUBOURG DES TROIS M;;;;540
2,016E+11;16;9;2;1730;1;2;7;1;7;395;TURIQUE (RUE DE);;;;540
2,016E+11;16;9;2;1530;1;2;2;1;1;274;00, REPUBLIQUE (RUE DE L;;;;540
2,016E+11;16;9;2;1240;1;2;1;1;3;328;PASCAL (RUE BLAISE);;;;540
2,016E+11;16;9;5;1620;1;2;1;1;3;547;EUROPE (BOULEVARD DE L');;;;540
2,016E+11;16;9;7;745;1;2;1;1;6;304;BOIS GRONEE (AVENUE DU);;;;540
2,016E+11;16;9;7;1725;1;2;1;1;6;304;MOSELLE (RUE DE LA);;;;540
2,016E+11;16;9;10;1855;1;2;1;1;3;265;108, SAINT EXUPERY (Rue);;;;540
2,016E+11;16;8;31;1000;1;1;1;1;2;265;RD 570;;;;540
2,016E+11;16;8;29;1514;1;1;1;1;1;257;A 330 (Bretelle Acces);;;;540
2,016E+11;16;9;13;745;1;2;1;1;4;526;FRATERNITE (RUE DE LA);;;;540
2,016E+11;16;9;2;1448;1;2;1;1;2;395;LOBAU (BOULEVARD);;;;540
2,016E+11;16;9;11;2145;4;2;1;1;1;357;LAFAYETTE (RUE);;;;540
2,016E+11;16;9;22;2345;5;2;2;1;3;395;VERDUN (rue de);;;;540
2,016E+11;16;9;21;711;1;2;3;1;6;395;VERLAINE (RUE 1 A 21;;;;540
2,016E+11;16;9;22;2230;5;2;1;1;6;265;MIRECOURT (ROUTE DE);;;;540
2,016E+11;16;9;12;1710;1;2;1;1;3;547;FORET DE HAYE (RUE DE LA;;;;540
2,016E+11;16;9;23;745;1;2;3;1;2;547;MASSON (AVENUE DESIRE);M;4866804;618750;540
2,016E+11;16;9;23;750;1;2;2;1;3;300;PATTON (RUE DU GENERAL);M;4865524;623209;540
2,016E+11;16;9;25;1302;1;2;2;1;1;357;RD 30;M;4870602;613995;540
2,016E+11;16;9;25;1730;1;2;1;1;3;547;PARISOT (RUE DU DOYEN JA;M;4865407;615699;540
2,016E+11;16;9;27;2100;5;2;3;1;3;304;HARDEVAL (RUE D');M;4867962;615309;540
2,016E+11;16;9;28;1205;1;2;1;1;6;395;COLLIGNON (Avenue et Pon;M;4868711;619553;540
2,016E+11;16;9;28;1330;1;2;2;1;2;304;EUROPE (AVENUE DE L');M;4867976;614855;540
2,016E+11;16;9;28;1405;1;2;1;1;3;395;ESPLANADE DU SOUVENIR FR;M;4869683;617489;540
2,016E+11;16;9;28;1945;5;2;2;1;6;395;MON DESERT (RUE);M;4868276;616888;540
2,016E+11;16;9;13;1845;1;2;1;1;3;184;RD 674;M;4870254;624239;540
2,016E+11;16;9;15;1750;1;2;2;1;2;578;JARDIN BOTANIQUE (RUE DU;M;4866334;615551;540
2,016E+11;16;9;29;1630;1;2;1;1;6;547;LISBONNE (RUE DE);;;;540
2,016E+11;16;9;29;1740;1;2;2;1;3;395;JACQUINOT (RUE);M;4869886;616782;540
2,016E+11;16;9;29;1800;1;2;2;7;6;395;FOUR (RUE DU);M;4868767;618463;540
2,016E+11;16;9;30;1745;1;2;1;1;7;357;29, METZ (ROUTE DE);M;4870744;616664;540
2,016E+11;16;10;1;1135;1;2;2;1;3;184;BRIGACHTAL (AVENUE DE);M;4870058;622463;540
2,016E+11;16;10;2;1340;1;2;2;1;3;395;METZ (RUE DE);M;4870166;617150;540
2,016E+11;16;9;29;1645;1;2;2;1;7;395;DE LATTRE DE TASSIGNY (A;M;4868428;618863;540
2,016E+11;16;10;3;950;1;2;1;1;3;300;34, BIZE (RUE GILBERT);M;4864071;626775;540
2,016E+11;16;10;3;1740;1;2;1;1;3;526;MOULIN (RUE JEAN);M;4869562;621378;540
2,016E+11;16;10;4;850;1;2;1;1;2;395;67, BERTIN (RUE EMILE);M;4867944;616171;540
2,016E+11;16;10;3;1356;1;2;2;1;3;395;GEBHART (RUE EMILE);M;4867498;617228;540
2,016E+11;16;10;5;1245;1;2;1;1;6;395;2, CREVAUX (RUE);M;4870137;617113;540
2,016E+11;16;10;10;900;1;2;3;1;6;578;FOCH (BOULEVARD MARECHAL;M;4867830;615560;540
2,016E+11;16;10;6;1705;1;2;1;1;6;395;10, BOUFFLERS (AVENUE) D;M;4868928;616143;540
2,016E+11;16;10;11;744;1;2;2;1;7;547;FRERE (RUE DU GENERAL);M;4866140;616901;540
2,016E+11;16;10;11;1155;1;2;1;1;6;395;48, BLANDAN (IMPASSE ET;M;4867944;616686;540
2,016E+11;16;10;10;1434;1;2;2;1;6;395;LEOPOLD (COURS);M;4869397;617618;540
2,016E+11;16;10;11;1150;1;2;2;1;2;395;GARENNE (ALLEE ET AVENUE;M;4868058;617871;540
2,016E+11;16;10;15;1050;1;2;2;1;6;395;SAINT JEAN (RUE);M;4869017;618057;540
2,016E+11;16;10;16;1155;1;2;1;1;2;547;CHARLES DE GAULLE (ROND;M;4866284;617255;540
2,016E+11;16;9;15;1640;1;2;1;1;6;578;AIGUILLETTES  (BD 5 A 73;;;;540
2,016E+11;16;10;7;1550;1;2;1;1;2;395;BRIAND (RUE ARISTIDE);M;4868169;616240;540
2,016E+11;16;10;18;1305;1;2;3;1;3;395;LORRAIN (QUAI CLAUDE LE);M;4869062;617361;540
2,016E+11;16;10;19;1735;1;2;1;1;3;395;39, ALBERT 1ER  (BD);M;4869722;616719;540
2,016E+11;16;10;20;950;1;2;1;1;6;304;ORNAIN (RUE DE L');M;4869762;612292;540
2,016E+11;16;10;22;445;4;2;2;1;3;257;FLEVILLE (ROUTE DE);M;4864808;620878;540
2,016E+11;16;10;23;645;5;2;1;1;6;395;MIRECOURT (ROUTE DE);M;4867135;619297;540
2,016E+11;16;10;25;1758;1;2;1;1;6;395;BOUILLON (PLACE GODEFROY;M;4869261;616836;540
2,016E+11;16;10;27;1410;1;2;1;1;3;357;14, PASCAL (RUE BLAISE);M;4870409;613843;540
2,016E+11;16;10;22;1400;1;2;1;1;6;395;BLANDAN (IMPASSE ET RUE;M;4867926;616728;540
2,016E+11;16;10;24;1920;5;2;3;3;3;482;CARNOT (AVENUE);M;4870057;620801;540
2,016E+11;16;10;24;1400;1;2;1;1;6;395;26, SAINT NICOLAS (RUE R;M;4868933;618514;540
2,016E+11;16;10;30;1310;1;2;1;1;4;395;9, VINGT SIXIEME R.I.;M;4869768;618860;540
2,016E+11;16;10;30;1526;1;2;1;1;3;395;MARIN (VIADUC LOUIS);;;;540
2,016E+11;16;10;30;2000;5;2;2;1;1;395;ALBERT 1ER  (BD);M;4869630;616719;540
2,016E+11;16;10;31;1420;1;2;1;1;2;339;CARNOT (RUE SADI);M;4870746;618477;540
2,016E+11;16;11;3;710;1;2;1;1;3;395;106, LOBAU (BOULEVARD);M;4868351;619680;540
2,016E+11;16;11;3;2100;5;2;1;1;3;395;13, SADOUL (RUE CHARLES);M;4867849;618563;540
2,016E+11;16;9;16;850;1;1;1;1;4;526;RN 74;M;4868768;623401;540
2,016E+11;16;10;27;1700;1;2;1;1;6;395;MICHOTTES (RUE DES);M;4869321;617853;540
2,016E+11;16;11;4;1325;1;2;1;1;6;547;17, PERI (RUE GABRIEL);M;4866642;617643;540
2,016E+11;16;11;4;1815;5;2;1;1;3;578;551, MULLER (AVENUE PAUL;M;4866931;615066;540