Num_Acc;an;mois;jour;hrmn;lum;agg;int;atm;col;com;adr;gps;lat;long;dep
2,016E+11;16;6;18;1530;1;2;2;1;3;121;50, GALLIENI ( BD MARECH;M;4773747;-337812;560
2,016E+11;16;6;20;1855;1;2;1;1;3;121;52, CHENAILLER DIT COLON;M;4773597;-338989;560
2,016E+11;16;6;21;850;1;2;6;2;3;98;0, PEN MANE (RUE DE);M;4775944;-332639;560
2,016E+11;16;6;21;2335;5;2;1;1;6;98;11, SEMBAT (RUE MARCEL);M;4775830;-334595;560
2,016E+11;16;6;22;1607;1;2;1;1;6;121;29, VERDUN (RUE  DE );M;4775852;-336530;560
2,016E+11;16;6;23;1145;1;2;6;3;2;121;0, KERLIN (RUE  DE );M;4774725;-337657;560
2,016E+11;16;6;23;1550;1;2;1;3;6;98;0, NERUDA (AVENUE  PABLO;M;4776605;-332938;560
2,016E+11;16;6;24;845;1;2;1;1;3;121;0, CURIE (RUE  PIERRE ET;M;4775718;-335877;560
2,016E+11;16;6;24;1933;1;2;1;1;6;98;18, DUMAS FILS (RUE  ALE;M;4775100;-334057;560
2,016E+11;16;6;25;1905;1;2;2;1;3;98;12, STALINGRAD ( AV. ET;M;4775740;-334134;560
2,016E+11;16;6;27;1755;1;1;1;1;4;83;0, RN 165;M;4778849;-327682;560
2,016E+11;16;7;2;1845;1;2;1;1;6;121;0, FERRY ( PL. JULES );M;4774662;-336559;560
2,016E+11;16;7;2;2230;5;2;1;1;7;121;0, SCORFF ( BD DU );M;4775991;-336343;560
2,016E+11;16;7;3;1152;1;1;1;1;1;162;0, PLOEMEUR (RUE DE);M;4773399;-349323;560
2,016E+11;16;7;7;2306;5;2;1;1;6;121;25, FERRY ( PL. JULES );M;4774597;-336394;560
2,016E+11;16;7;8;1055;1;2;1;1;2;107;LE PORT (ROGER BOULEVARD;M;4772253;-337702;560
2,016E+11;16;7;8;1250;1;2;1;1;6;121;0, DREYFUS (RUE  ALFRED;M;4774682;-338881;560
2,016E+11;16;7;9;1120;1;2;1;1;3;107;0, ROUTE DEPARTEMENTALE;M;4773064;-338605;560
2,016E+11;16;7;9;1310;1;2;1;1;7;121;0, GAHINET (RUE  GILLES;M;4774195;-335746;560
2,016E+11;16;7;10;1415;1;2;1;1;6;121;0, ORADOUR SUR GLANE ( B;M;4775409;-337112;560
2,016E+11;16;7;13;1625;1;2;1;1;6;98;19, BILLOUX ( AV. FRANCO;M;4776661;-335379;560
2,016E+11;16;7;15;1605;1;2;3;7;6;121;0, ROHAN ( Q DE );M;4774425;-335934;560
2,016E+11;16;7;16;955;1;2;2;1;6;162;9, ALLIES (RUE DES );M;4773380;-343271;560
2,016E+11;16;7;19;1310;1;1;2;1;5;107;0, ROUTE DEPARTEMENTALE;M;4770999;-340381;560
2,016E+11;16;7;20;1740;1;2;6;1;6;162;0, D 163B;M;4773850;-343130;560
2,016E+11;16;7;22;1950;1;2;1;1;4;98;74, CROIZAT ( AVE AMBROI;M;4777453;-334655;560
2,016E+11;16;7;23;2000;1;2;2;1;3;121;34, FREBAULT (RUE  DU GE;M;4774012;-337522;560
2,016E+11;16;7;25;1410;1;2;1;1;2;162;110, SAINTE  ANNE (RUE);M;4773959;-341305;560
2,016E+11;16;7;26;1705;1;2;1;1;1;107;100, PLOEMEUR (RUE DE);M;4772242;-340479;560
2,016E+11;16;7;26;1850;1;2;2;1;7;121;21, INDES ( QUAI DES );M;4774521;-335854;560
2,016E+11;16;7;26;1901;1;2;1;1;2;121;0, ASSEMBLEE-NATIONALE (;M;4774792;-336478;560
2,016E+11;16;7;28;1104;1;1;1;1;6;98;0, ECHANGEUR RN 165;M;4777865;-334971;560
2,016E+11;16;7;29;1650;1;2;1;1;3;121;1, VIENNET (RUE  GUILLAU;M;4773712;-337891;560
2,016E+11;16;7;30;2010;1;2;1;8;3;83;0, POMPIDOU ( AVENUE GEO;M;4780047;-326176;560
2,016E+11;16;7;31;700;1;2;1;1;6;121;0, LYAUTEY ( BD MARECHAL;M;4773610;-337158;560
2,016E+11;16;8;1;800;1;2;2;1;3;98;BILLOUX ( AV. FRANCO;M;4776172;-334686;560
2,016E+11;16;8;1;1730;1;2;1;1;2;107;15, DE GAULLE (GENERAL);M;4770577;-338476;560
2,016E+11;16;8;2;2130;1;2;2;1;3;98;128, JAURES (RUE  JEAN );M;4776780;-335432;560
2,016E+11;16;8;3;1323;1;2;1;1;6;121;0, PONT CARRE (RUE  DE );M;4774713;-335836;560
2,016E+11;16;8;3;1200;1;2;1;1;6;121;0, FOCH (RUE  MARECHAL );M;4775002;-335990;560
2,016E+11;16;8;5;307;5;2;1;1;7;121;128, GUIEYSSE (RUE  PAUL;M;4775786;-337355;560
2,016E+11;16;8;5;1710;1;2;1;1;6;98;0, GUESDES (RUE  JULES );M;4776058;-333756;560
2,016E+11;16;8;5;2300;5;2;1;1;7;121;0, BOIS-DU-CHATEAU (RUE;M;4776667;-337738;560
2,016E+11;16;8;8;1522;1;2;1;1;1;121;0, JOLIOT-CURIE (RUE  IR;M;4774788;-338188;560
2,016E+11;16;8;9;1737;1;1;1;1;2;98;0, MITTERAND ( AV. FRANC;M;4776614;-332721;560
2,016E+11;16;8;10;835;1;2;1;1;6;121;02, MERVILLE (RUE  JEAN;M;4774511;-337478;560
2,016E+11;16;8;10;1625;1;2;1;1;3;121;54, MARNE ( AV DE LA );M;4774269;-336827;560
2,016E+11;16;8;11;1720;1;1;1;1;7;107;0, BOUCHON (RUE DU GRAND;M;4772333;-338243;560
2,016E+11;16;8;12;1757;1;2;2;1;3;107;0, KERGOULEDEC (RUE DE);M;4772072;-339516;560
2,016E+11;16;8;13;435;5;2;1;1;6;121;0, ORADOUR SUR GLANE ( B;M;4775512;-337153;560
2,016E+11;16;8;13;755;1;1;1;1;7;107;0, ROUTE DEPARTEMENTALE;M;4771475;-338499;560
2,016E+11;16;8;13;1610;1;2;3;1;3;121;34, JAURES ( AVE JEAN );M;4774517;-337188;560
2,016E+11;16;8;14;1817;1;2;1;1;7;83;13, SAINT-CARADEC ( ET Q;M;4780508;-328350;560
2,016E+11;16;8;17;220;5;2;1;1;3;121;0, BEAUVAIS (RUE);M;4775586;-336581;560
2,016E+11;16;8;17;935;1;1;1;1;2;83;0, RESISTANCE (AVENUE  D;M;4782236;-324414;560
2,016E+11;16;8;17;1907;1;2;1;1;3;121;10, DUGUESCLIN ( R ET IM;M;4774034;-336927;560
2,016E+11;16;8;20;1110;1;2;1;1;7;121;0, BART ( QUAI JEAN );M;4774200;-335844;560
2,016E+11;16;8;21;1530;1;2;1;1;7;121;2, FAURE (RUE  GABRIEL );M;4776589;-337410;560
2,016E+11;16;8;21;1802;1;2;1;1;3;98;0, JAURES (RUE  JEAN );M;4776644;-335659;560
2,016E+11;16;8;22;520;5;2;1;1;6;121;0, BASE DE SOUS-MARINS (;M;4773547;-337464;560
2,016E+11;16;8;22;1325;1;2;1;1;3;121;0, DE GAULLE ( AVE DU GE;M;4774239;-336950;560
2,016E+11;16;8;26;1615;1;2;6;1;3;107;0, KERHOAS (RUE DE);M;4772309;-339043;560
2,016E+11;16;8;26;1738;1;2;1;1;7;98;0, LANN-SEVELIN (ROND PO;M;4777766;-334396;560
2,016E+11;16;8;28;705;1;1;1;1;6;98;0, SAINT-CHRISTOPHE ( PO;M;4776193;-336351;560
2,016E+11;16;8;28;2220;5;2;1;2;6;121;0, MOUSTOIR (ROND POINT;M;4775215;-337067;560
2,016E+11;16;8;29;1702;1;2;1;1;6;121;0, CHAZELLES ( COURS LOU;M;4775533;-336349;560
2,016E+11;16;8;29;2025;1;2;2;1;3;121;0, COSMAO-DUMANOIR ( BD;M;4775255;-337728;560
2,016E+11;16;8;29;2025;2;2;6;1;3;121;0, NORMANDIE ( BD ET IMP;M;4775991;-336614;560
2,016E+11;16;8;31;1710;1;2;2;1;3;98;0, SAINT NIAUD (LIEU DIT;M;4778007;-331077;560
2,016E+11;16;8;31;1745;1;2;1;1;3;121;0, BOVE ( COURS DE LA );M;4774775;-335905;560
2,016E+11;16;9;2;1230;1;2;1;1;6;121;0, MONISTROL (RUE);M;4773321;-338540;560
2,016E+11;16;9;2;1130;1;2;1;1;7;98;0, LECLERC (RUE  GENERAL;M;4776247;-335054;560
2,016E+11;16;9;3;140;5;2;1;1;7;121;0, BLUM ( BD LEON );M;4774487;-338142;560
2,016E+11;16;9;3;1015;1;2;1;1;6;162;0, SAINT BIEUZY (RUE DE);M;4773576;-342871;560
2,016E+11;16;9;3;1803;1;2;1;1;6;98;0, MAURIAC (RUE  FRANCOI;M;4776541;-334887;560
2,016E+11;16;9;5;800;1;2;1;1;1;162;0, SOYE;M;4773943;-341209;560
2,016E+11;16;9;7;35;4;1;1;1;7;162;0, DEPARTEMENTALE 162;M;4770913;-344375;560
2,016E+11;16;9;7;1700;1;2;6;1;3;98;0, LANN-SEVELIN (ROND PO;M;4777835;-334400;560
2,016E+11;16;9;10;1704;1;1;6;2;1;98;0, ARAGO (RUE  DOMINIQUE;M;4778457;-333956;560
2,016E+11;16;9;11;1238;1;2;3;1;3;98;24, MITTERAND ( AV. FRAN;M;4776641;-333466;560
2,016E+11;16;9;12;1115;1;2;1;1;3;98;37, SEMBAT (RUE MARCEL);M;4776095;-334704;560
2,016E+11;16;9;15;1651;1;2;6;1;3;107;26, LOCQUELTAS (RUE DE);M;4770595;-338884;560
2,016E+11;16;9;16;7;5;2;1;1;2;121;38, ORADOUR SUR GLANE (;M;4775705;-337167;560
2,016E+11;16;9;16;1430;1;2;1;1;3;121;1, DUNANT (RUE  HENRI );M;4775067;-337596;560
2,016E+11;16;9;17;1600;1;2;1;1;2;98;27, FABIEN ( AV. DU COLO;M;4776202;-334108;560
2,016E+11;16;9;22;1815;1;1;1;1;4;98;RN 165;M;4778152;-334183;560
2,016E+11;16;9;28;906;1;2;3;1;3;121;11, FRANCHET- D'ESPEREY;M;4775341;-336584;560
2,016E+11;16;9;11;1559;1;2;1;1;7;121;0, PONT CARRE (RUE  DE );M;4774677;-335805;560
2,016E+11;16;9;13;1628;1;2;1;1;7;121;53, BLUM ( BD LEON );M;4774861;-337423;560
2,016E+11;16;9;23;1700;1;2;1;1;7;162;0, FORT BLOQUE (RUE DU);M;4773658;-343249;560
2,016E+11;16;9;29;954;1;1;1;1;7;121;0, RD 465;M;4774880;-338748;560
2,016E+11;16;9;28;1930;1;2;1;1;7;121;0, REMY ( ALL DU COLONEL;M;4775230;-335921;560
2,016E+11;16;9;22;800;1;2;1;1;7;83;0, BRUANT ( AV. ARISTIDE;M;4780541;-325935;560
2,016E+11;16;10;1;1735;1;2;1;1;7;83;0, REPUBLIQUE ( AV. DE L;M;4779701;-329993;560
2,016E+11;16;10;1;2050;5;2;1;1;6;121;10 bis, INDES ( QUAI DES;M;4774603;-336048;560
2,016E+11;16;10;3;1010;1;2;1;1;6;121;47, KERGUESTENEN (RUE  D;M;4775067;-339374;560
2,016E+11;16;10;6;545;5;2;1;1;7;121;0, MARESCHAL ( RUE GEORG;M;4776373;-339944;560
2,016E+11;16;10;6;1000;1;2;2;1;4;121;110, BLUM ( BD LEON );M;4774768;-337561;560
2,016E+11;16;10;6;1539;1;2;1;1;6;121;0, BOLLARDIERE (RUE  GEN;M;4775780;-339030;560
2,016E+11;16;10;7;1730;1;2;1;1;1;121;0, DESSERTE PORTUAIRE (R;M;4773699;-337762;560
2,016E+11;16;10;7;1800;1;2;1;1;3;121;0, BOLLARDIERE (RUE  GEN;M;4775776;-339022;560
2,016E+11;16;10;9;1750;1;2;1;1;2;98;101, JAURES (RUE  JEAN );M;4776576;-335780;560
2,016E+11;16;10;8;1116;1;2;1;1;7;121;0, GALLIENI ( BD MARECHA;M;4773753;-337809;560
2,016E+11;16;10;11;1442;1;2;1;1;2;121;2, FOCH (RUE  MARECHAL );M;4775183;-336509;560
2,016E+11;16;10;11;2140;5;2;6;1;6;121;0, LE MAUX ( BD JEAN );M;4775720;-338773;560
2,016E+11;16;10;12;800;2;2;6;1;6;83;1, BALZAC (RUE  HONORE D;M;4779956;-328760;560
2,016E+11;16;10;13;950;1;1;1;1;6;83;0, RN 165;M;4778829;-328328;560
2,016E+11;16;10;13;1112;1;2;1;1;6;121;0, MENDES FRANCE ( BD PI;M;4776549;-339435;560
2,016E+11;16;10;14;1900;1;2;6;1;2;98;0, ECHANGEUR RN 165;M;4777825;-334521;560
2,016E+11;16;10;14;1850;1;2;6;1;2;162;0, KAOLINS (PLAGE DES );M;4773000;-343533;560
2,016E+11;16;10;18;735;1;2;6;1;2;98;0, LANN-SEVELIN (ROND PO;M;4777846;-334431;560
2,016E+11;16;10;18;840;2;2;3;2;3;121;13, JOFFRE ( BD MARECHAL;M;4775207;-336448;560
2,016E+11;16;10;18;1048;1;2;1;1;6;162;10, KERVAM (RUE DE);M;4773539;-342746;560
2,016E+11;16;10;18;1540;1;2;1;1;3;121;27, MONISTROL (RUE);M;4773813;-338180;560
2,016E+11;16;10;19;1903;1;2;1;1;6;98;78, CROIZAT ( AVE AMBROI;M;4777649;-334524;560
2,016E+11;16;10;20;1758;1;1;1;1;4;83;0, RN 165;M;4778914;-328927;560
2,016E+11;16;10;20;1906;1;2;3;1;2;121;171, BELGIQUE (RUE  DE );M;4776117;-338628;560
2,016E+11;16;10;21;1212;1;2;1;1;6;121;5, TOULLEC (RUE  FRANCOI;M;4773320;-337738;560
2,016E+11;16;10;21;1632;1;2;6;1;3;162;0, KOENIG (R-P DU GENERA;M;4773569;-341891;560
2,016E+11;16;10;22;1603;1;2;1;1;6;162;1, LESSART (RUE LOUIS);M;4773694;-342835;560
2,016E+11;16;10;24;1320;1;2;1;1;7;121;0, MARQUET (RUE  MARY );M;4775783;-338764;560
2,016E+11;16;10;24;1330;1;2;3;1;3;121;10, CHAZELLES ( COURS LO;M;4775604;-337160;560
2,016E+11;16;10;27;650;5;2;2;1;3;98;141, JAURES (RUE  JEAN );M;4776751;-335496;560
2,016E+11;16;10;28;634;5;2;1;1;7;121;153, GUIEYSSE (RUE  PAUL;M;4775818;-337565;560
2,016E+11;16;10;28;1150;1;2;1;1;6;121;16 MERVILLE (RUE  JEAN D;M;4774514;-337581;560
2,016E+11;16;10;28;1943;2;1;3;1;3;162;0, QUEVEN (ROUTE DE);M;4776297;-342459;560
2,016E+11;16;10;29;2200;3;1;1;1;6;162;0, MOULIN DU TER (RUE DU;M;4773219;-340485;560
2,016E+11;16;10;31;1845;5;1;1;1;1;121;0, DESSERTE PORTUAIRE (R;M;4774103;-335899;560
2,016E+11;16;11;1;1630;1;1;1;1;2;83;0, RESISTANCE (AVENUE  D;M;4782051;-324411;560
2,016E+11;16;11;1;420;5;2;1;1;6;83;65, REPUBLIQUE ( AV. DE;M;4779934;-329117;560
2,016E+11;16;11;5;356;5;2;1;1;7;121;0, FOCH (RUE  MARECHAL );M;4774776;-335863;560
2,016E+11;16;11;5;1640;1;2;1;1;7;162;0, SOYE;M;4774047;-340774;560
2,016E+11;16;11;8;1652;1;2;6;2;3;121;80, BLUM ( BD LEON );M;4774726;-337642;560
2,016E+11;16;11;9;930;1;2;1;7;6;98;40, BILLOUX ( AV. FRANCO;M;4776299;-334904;560
2,016E+11;16;11;12;2045;5;1;6;1;6;107;0, ROUTE DEPARTEMENTALE;M;4771106;-339597;560
2,016E+11;16;11;12;2240;5;2;3;1;6;121;1, LE PENVEN (RUE  JEF );M;4775052;-339376;560
2,016E+11;16;11;15;1220;1;2;6;8;6;121;0, LE BARILLEC (RUE  DU;M;4776373;-339896;560
2,016E+11;16;11;16;809;5;2;1;8;4;98;0, NERUDA (AVENUE  PABLO;M;4776621;-332943;560
2,016E+11;16;11;17;1200;1;1;1;8;1;162;46, HENT AR DOUAR GWEN (;M;4772719;-344818;560
2,016E+11;16;11;17;1600;1;2;1;8;4;98;83, CROIZAT ( AVE AMBROI;M;4777622;-334553;560
2,016E+11;16;11;19;1800;5;1;1;6;7;83;0, TOUL DOUAR (RD PT);M;4779700;-330039;560
2,016E+11;16;11;21;200;5;2;1;2;6;121;126, BLUM ( BD LEON );M;4774615;-337939;560
2,016E+11;16;11;22;803;1;2;3;1;6;121;25, JAURES ( AVE JEAN );M;4774527;-337329;560
2,016E+11;16;11;23;1459;1;2;1;1;2;121;0, DE GAULLE ( AVE DU GE;M;4774143;-337262;560
2,016E+11;16;11;25;1534;1;2;1;1;6;121;144, BELGIQUE (RUE  DE );M;4776060;-338449;560
2,016E+11;16;11;27;2335;5;2;1;1;6;98;53, CROIZAT ( AVE AMBROI;M;4777297;-334766;560
2,016E+11;16;11;29;1606;1;2;1;1;2;121;144, BELGIQUE (RUE  DE );M;4776055;-338442;560
2,016E+11;16;11;30;1610;1;2;1;1;7;121;0, PLENENO ( RD PT DU );M;4776030;-338961;560
2,016E+11;16;12;1;1110;1;2;1;1;6;121;0, FAOUEDIC ( AVE DU );M;4774756;-336519;560
2,016E+11;16;12;3;1810;5;2;6;1;7;98;0, DE GAULLE ( AV. GENER;M;4776292;-332871;560
2,016E+11;16;12;3;1945;5;2;1;1;6;121;0, ZAY (RUE  JEAN );M;4774590;-338694;560
2,016E+11;16;12;4;2000;5;2;2;1;3;98;83, JAURES (RUE  JEAN );M;4776510;-335876;560
2,016E+11;16;12;6;1745;2;2;1;1;7;98;24, MARAT (RUE JEAN PAUL;M;4776968;-333729;560
2,016E+11;16;12;7;910;1;2;2;5;3;83;0, LANGROIX (LIEU-DIT);M;4782344;-324662;560
2,016E+11;16;12;7;820;2;2;6;5;3;121;0, BLUM ( BD LEON );M;4774727;-337643;560
2,016E+11;16;12;9;1700;1;2;1;1;3;98;59, CROIZAT ( AVE AMBROI;M;4777405;-334696;560
2,016E+11;16;12;13;1127;1;2;2;1;1;121;24, SAVORGNAN DE BRAZZA;M;4773634;-337498;560
2,016E+11;16;12;12;1655;1;2;6;1;3;121;78, DE GAULLE ( AVE DU G;M;4773946;-337960;560
2,016E+11;16;12;16;1254;1;2;3;1;1;83;85, PASTEUR ( AVENUE );M;4780762;-328889;560
2,016E+11;16;12;17;1855;5;2;1;1;6;83;0, KERIHOUAIS (RUE  DE );M;4780130;-327337;560
2,016E+11;16;12;21;1605;1;2;1;2;2;121;21, LECLERC ( BD GENERAL;M;4774956;-336595;560
2,016E+11;16;12;23;1300;1;1;1;1;6;98;59 CROIZAT ( AVE AMBROIS;M;4777416;-334682;560
2,016E+11;16;12;28;1020;1;2;1;7;6;162;26, MITTERRAND (RUE FRAN;M;4773251;-342320;560
2,016E+11;16;12;28;2009;5;2;2;1;3;121;38, CHAZELLES ( COURS LO;M;4775375;-336229;560
2,016E+11;16;12;30;1950;5;2;2;1;7;121;0, LECLERC ( BD GENERAL;M;4774881;-336546;560
2,016E+11;16;12;31;345;5;2;1;1;7;121;0, SAINT-CHRISTOPHE ( PO;M;4776152;-336403;560
2,016E+11;16;1;31;1830;3;1;1;1;5;274;;M;4379060;373671;340
2,016E+11;16;4;4;800;1;1;1;2;5;42;;M;4386070;374295;340
2,016E+11;16;8;13;1115;1;2;1;1;1;60;PK 26.750;M;4376950;359588;340
2,016E+11;16;10;6;1200;1;1;1;1;6;243;;M;4390030;375611;340
2,016E+11;16;10;12;715;2;2;1;1;3;111;D999;M;4393440;371305;340
2,016E+11;16;1;1;735;5;2;1;1;6;260;., JUIN(AVENUE DU MARECH;M;4764064;-276237;560
2,016E+11;16;1;18;820;5;2;1;3;3;260;PAIX(BLD DE LA) 1 A 39;M;4765989;-276183;560
2,016E+11;16;1;18;805;5;2;6;3;2;260;POMPIDOU(GIRATOIRE);M;4766610;-277081;560
2,016E+11;16;1;19;855;5;2;1;1;6;260;., BILLAULT(RUE);M;4765876;-275832;560
2,016E+11;16;1;15;1940;5;2;3;2;7;260;BOUIN(RUE JEAN);M;4764411;-276889;560
2,016E+11;16;2;7;1142;1;1;6;2;6;260;LUSCANEN(GIRATOIRE DE);M;4766201;-279505;560
2,016E+11;16;2;19;2245;5;2;1;3;3;260;., POMPIDOU(AVENUE GEORG;M;4767008;-276997;560
2,016E+11;16;2;25;1210;1;2;1;1;2;260;., COURBET(RUE GUSTAVE);M;4767688;-276821;560
2,016E+11;16;3;22;1640;1;2;2;1;3;260;., CHURCHILL(RUE WINSTON;M;4764901;-277047;560
2,016E+11;16;3;20;615;5;2;1;1;6;260;., GILARD(RUE DANIEL);M;4763781;-276508;560
2,016E+11;16;3;26;1115;1;1;3;2;4;260;., RENNES (Route de);M;4766846;-273237;560
2,016E+11;16;4;11;1830;1;2;2;1;3;260;HUGO(AVENUE VICTOR) 1 A;M;4766134;-275711;560
2,016E+11;16;4;26;1620;1;2;2;1;6;260;., MAURY(RUE DU LIEUTENA;M;4765887;-275523;560
2,016E+11;16;2;20;2350;5;2;2;1;1;260;00, RESISTANCE(BLD DE LA;M;4764600;-278001;560
2,016E+11;16;5;10;820;1;2;1;1;3;260;55, DEFFORGES(RUE DE L'A;M;4765262;-277621;560
2,016E+11;16;5;10;1720;1;2;2;1;3;260;000, BASCH(RUE VICTOR);M;4765162;-276772;560
2,016E+11;16;5;12;1328;1;2;1;1;6;260;., RYCKEBUSCH (LIEUTENAN;M;4766065;-276414;560
2,016E+11;16;5;14;1740;1;2;1;1;3;260;28, CHURCHILL(RUE WINSTO;M;4764429;-277132;560
2,016E+11;16;5;17;1250;1;2;2;1;3;260;., AOUT 1944(RUE DU 4);M;4767021;-275722;560
2,016E+11;16;5;19;1325;1;2;1;1;6;260;8, NARHOUET(RUE DU);M;4764899;-276263;560
2,016E+11;16;5;12;1330;1;2;1;1;2;260;78, VENETES(RUE DES);M;4764852;-278029;560
2,016E+11;16;5;25;1100;1;2;3;1;3;260;000, ARRADON(RUE JEROME;M;4765548;-277131;560
2,016E+11;16;5;25;1218;1;2;2;1;1;260;., HUGO(AVENUE VICTOR) 1;M;4766145;-275713;560
2,016E+11;16;6;13;1422;1;2;3;1;4;260;4, WILSON(AVENUE);M;4766544;-275622;560
2,016E+11;16;6;21;1355;1;2;3;1;3;260;., SEGUR(RUE MADAME DE);M;4766700;-277355;560
2,016E+11;16;6;29;1735;1;2;6;2;4;260;., PERRIN (RUE JEAN);M;4764404;-274382;560
2,016E+11;16;6;30;1555;1;2;3;1;2;260;., BERTHELOT(RUE MARCELI;M;4766622;-278617;560
2,016E+11;16;7;1;1830;1;2;3;1;6;260;PAIX(BLD DE LA) 41 A 109;M;4766124;-275552;560
2,016E+11;16;7;8;1505;1;1;1;1;6;260;., JAURES(RUE JEAN);M;4763889;-275124;560
2,016E+11;16;7;11;1640;1;1;1;1;7;260;RN 165 -SENS NANTES / LO;M;4766739;-273113;560
2,016E+11;16;7;16;1204;1;2;1;1;6;260;., DECKER(RUE FRANCIS);M;4765533;-275552;560
2,016E+11;16;7;22;1737;1;2;1;1;6;260;46, VINCIN(RUE DU);M;4765722;-279061;560
2,016E+11;16;7;24;1705;1;2;1;1;3;260;., JUIN(AVENUE DU MARECH;M;4763114;-278061;560
2,016E+11;16;8;5;1000;1;2;4;1;3;260;., LE PONTOIS(RUE ALEXAN;M;4765492;-275600;560
2,016E+11;16;8;13;855;1;2;1;1;3;260;., KERANGUEN(AVENUE DE);M;4765725;-279228;560
2,016E+11;16;8;16;1355;1;2;3;1;6;260;., MONSABERT(BOULEVARD D;M;4766658;-277746;560
2,016E+11;16;8;18;1805;1;2;1;1;6;260;80, VENETES(RUE DES);M;4764810;-278114;560
2,016E+11;16;8;24;1212;1;2;1;1;3;260;., BIENVENU(AVENUE GONTR;M;4765746;-270724;560
2,016E+11;16;8;29;2110;5;2;1;1;3;260;118, AOUT 1944(RUE DU 4);M;4767726;-276118;560
2,016E+11;16;8;27;1935;1;2;1;1;6;260;47, LE DRESSAY(RUE FERDI;M;4765174;-275706;560
2,016E+11;16;9;5;1705;1;2;1;1;3;260;39, ILES(BOULEVARD DES);M;4765407;-277925;560
2,016E+11;16;9;9;750;1;2;3;1;3;260;., MAY RENAULT (RUE);M;4765433;-275965;560
2,016E+11;16;9;12;1030;1;2;1;1;4;260;RN 165 -SENS LORIENT / N;M;4766411;-271919;560
2,016E+11;16;9;16;1320;1;2;1;1;3;260;3, SAINTE-ANNE(RUE);M;4765958;-277373;560
2,016E+11;16;9;18;1225;1;2;6;1;4;260;., KERNIOL(GIRATOIRE DE);M;4768428;-276671;560
2,016E+11;16;9;28;740;5;2;1;2;3;260;., POMPIDOU(AVENUE GEORG;M;4766367;-276663;560
2,016E+11;16;10;7;750;2;2;3;1;3;260;., LE BARTZ(RUE GUILLAUM;M;4764682;-277897;560
2,016E+11;16;10;7;1845;1;2;1;1;2;260;88, PAIX(BLD DE LA) 41 A;M;4765981;-275205;560
2,016E+11;16;10;17;2045;5;2;6;1;6;260;., SUFFREN(AVENUE DE);M;4763969;-277655;560
2,016E+11;16;10;19;730;5;2;4;1;3;260;., LE DRESSAY(RUE FERDIN;M;4765347;-275763;560
2,016E+11;16;10;28;1545;1;2;1;1;6;260;47, PAIX(BLD DE LA) 41 A;M;4766093;-275447;560
2,016E+11;16;10;28;1740;1;2;3;1;3;260;., BIENVENU(AVENUE GONTR;M;4765346;-270780;560
2,016E+11;16;10;31;1220;1;2;6;1;2;260;., KERGRAIN(GIRATOIRE DE;M;4766502;-279506;560
2,016E+11;16;11;2;940;1;2;1;1;3;260;2, FABRE(RUE DU GENERAL;M;4765423;-272057;560
2,016E+11;16;11;3;1105;1;2;1;1;3;260;95, MARNE(BLD DE LA) 41;M;4765961;-278911;560
2,016E+11;16;11;10;1935;5;2;1;1;3;260;110, MARNE(BLD DE LA) 41;M;4766012;-278847;560
2,016E+11;16;11;15;1800;5;2;1;1;6;260;21, CHATEAUBRIAND(RUE FR;M;4766397;-275937;560
2,016E+11;16;11;24;752;5;2;6;1;3;260;., BOHALGO(GIRATOIRE);M;4766153;-272571;560
2,016E+11;16;12;1;1450;1;2;6;1;2;260;., SAINTE-ANNE(ROUTE);M;4766699;-278461;560
2,016E+11;16;12;5;2115;3;2;1;1;1;260;54, VINCIN(RUE DU);M;4765632;-279113;560
2,016E+11;16;12;8;1830;4;2;1;1;3;260;., RENAUDOT(THEOPHRASTE);M;4766253;-278564;560
2,016E+11;16;12;12;1500;1;2;1;8;3;260;PONTIVY(BOULEVARD DE);M;4768022;-277066;560
2,016E+11;16;12;14;1405;1;2;6;1;3;260;., EVECHE(GIRATOIRE DE L;M;4765347;-274111;560
2,016E+11;16;12;16;1200;1;2;2;1;6;260;4, SAINT-PATERN(RUE);M;4765909;-275437;560
2,016E+11;16;12;20;1725;2;2;1;2;3;260;62, HUGO(AVENUE VICTOR);M;4766287;-275626;560
2,016E+11;16;3;11;830;1;1;1;8;6;220;;M;4771514;-42074;490
2,016E+11;16;6;26;200;3;1;3;1;6;87;D15-D670 TUEE sur D670;M;4462904;-5938;330
2,016E+11;16;8;13;300;3;1;1;1;1;48;;M;0;0;330
2,016E+11;16;11;17;1200;1;1;1;1;6;87;RD15;M;4463080;-5404;330
2,016E+11;16;3;24;2150;3;1;1;1;6;253;ROUTE DE CABARNAC;M;4462000;-28449;330
2,016E+11;16;6;16;600;2;1;2;2;3;337;Carref D109 D109E5;M;4457042;-32204;330
2,016E+11;16;7;6;1830;1;1;2;1;5;98;RD13 / RD120;M;4467520;-32181;330