Num_Acc;an;mois;jour;hrmn;lum;agg;int;atm;col;com;adr;gps;lat;long;dep
2,016E+11;16;5;17;1900;1;2;1;1;6;540;33, REPUBLIQUE;M;5101430;221374;590
2,016E+11;16;5;26;1850;1;1;1;1;6;183;., CALAIS;M;5102830;236830;590
2,016E+11;16;5;24;2300;3;2;2;1;3;271;., ALLENDE SALVADOR;M;5101505;230755;590
2,016E+11;16;6;2;2000;1;1;1;1;1;273;RD601;M;5059455;210006;590
2,016E+11;16;6;9;1925;1;2;1;1;5;155;48, STEENDAM - ROUTE;M;5101277;223425;590
2,016E+11;16;6;11;1830;1;2;1;1;1;131;., EGLISE;;;;590
2,016E+11;16;6;14;750;1;2;1;2;3;183;37, PARIS;M;5101459;222250;590
2,016E+11;16;6;16;2050;1;2;1;1;6;183;678 Rue de Leffrinckouck;M;5104560;243073;590
2,016E+11;16;6;23;350;5;2;1;1;2;183;., RD 601;;;;590
2,016E+11;16;6;24;1650;1;2;1;1;6;183;35, BART JEAN - PLACE;;;;590
2,016E+11;16;6;28;1940;1;1;1;1;4;271;., RD 601;;;;590
2,016E+11;16;7;4;15;5;2;3;1;3;540;., REPUBLIQUE;M;5101368;101367;590
2,016E+11;16;7;4;1830;1;2;1;1;6;183;47, REPUBLIQUE - F MITTE;;;;590
2,016E+11;16;7;10;2350;5;2;2;1;6;183;SAINTE BARBE - BOULEVARD;M;5103447;238088;590
2,016E+11;16;7;15;1810;1;2;1;1;1;155;., BOERNHOL;M;5101152;238702;590
2,016E+11;16;7;23;1420;1;2;1;1;3;540;REPUBLIQUE;;;;590
2,016E+11;16;7;30;540;1;2;1;1;3;273;616, ESPLANADE (PLACE DE;M;5098519;212827;590
2,016E+11;16;8;2;1710;1;2;9;1;6;183;VILLETTE - AVENUE;;;;590
2,016E+11;16;8;14;156;5;2;1;1;2;183;146, REPUBLIQUE - F MITT;;;;590
2,016E+11;16;8;8;1040;1;1;1;1;6;540;0, AURORE - BOULEVARD;;;;590
2,016E+11;16;8;26;1215;1;1;3;1;3;183;0, CASSEL;;;;590
2,016E+11;16;8;28;1515;1;2;3;1;3;155;., MAUPASSANT GUY;;;;590
2,016E+11;16;8;30;900;1;1;2;1;6;359;RD 601;M;5099925;223504;590
2,016E+11;16;9;2;840;1;2;1;1;6;183;CALAIS;M;5102922;237155;590
2,016E+11;16;9;8;2300;3;1;1;1;7;183;ECLUSE WATIER - ROUTE;M;5105280;234730;590
2,016E+11;16;9;12;2105;5;2;3;1;7;183;, ALEXANDRE III - BOULEV;;;;590
2,016E+11;16;9;23;1010;1;2;1;1;6;183;13, MARINE;;;;590
2,016E+11;16;9;23;1600;1;2;1;1;6;271;., CD 940 ANCIEN VILLAGE;M;5101019;229002;590
2,016E+11;16;10;2;2120;3;2;1;1;7;183;., MARAICHERS - QUAI;M;5102922;237155;590
2,016E+11;16;10;9;235;3;2;1;1;6;183;., MENDES FRANCE - BOULE;;;;590
2,016E+11;16;10;4;1750;2;2;2;1;4;155;MALO CELESTIN;M;5103111;240611;590
2,016E+11;16;10;16;350;1;1;1;1;7;183;GENERAL DE GAULLE - PLAC;;;;590
2,016E+11;16;10;14;1315;1;2;1;1;1;540;., VERDI - BOULEVARD;;;;590
2,016E+11;16;10;7;2035;5;2;1;1;3;273;10, LEBAS (RUE JEAN BAPT;;;;590
2,016E+11;16;10;21;800;1;2;1;1;6;183;REPUBLIQUE - F MITTERAND;;;;590
2,016E+11;16;10;24;540;3;2;2;1;3;183;CAMBON PAUL - BOULEVARD;;;;590
2,016E+11;16;10;31;2120;5;2;1;1;3;183;REPUBLIQUE - F MITTERAND;;;;590
2,016E+11;16;11;13;115;5;2;2;1;1;271;RD 601;;;;590
2,016E+11;16;11;25;1530;1;2;1;1;1;183;EUROPE - PONT;;;;590
2,016E+11;16;11;29;800;1;2;2;1;3;183;MARAICHERS - QUAI;M;5103000;241000;590
2,016E+11;16;11;29;745;2;2;6;9;6;540;., 8 MAI 1945 - CARREFOU;;;;590
2,016E+11;16;12;9;1310;1;2;1;1;6;540;BERTEAUX MAURICE - AVENU;;;;590
2,016E+11;16;12;16;2355;5;2;1;1;3;540;158, REPUBLIQUE;;;;590
2,016E+11;16;12;16;1855;1;2;1;1;3;155;., BERGUES CD 916 - ROUT;;;;590
2,016E+11;16;12;23;30;5;2;1;1;6;248;69, FORT-MARDYCK CD 1 -;;;;590
2,016E+11;16;12;26;620;4;2;1;2;6;271;POLYCLINIQUE - AVENUE;;;;590
2,016E+11;16;3;21;1150;1;2;1;1;6;295;41, AVENUE DU MARECHAL D;;;;590
2,016E+11;16;6;3;1715;1;2;1;1;5;295;30, ROUTE DE BORRE;;;;590
2,016E+11;16;9;15;1145;1;2;1;1;6;295;58, DU MOULIN;;;;590
2,016E+11;16;9;27;945;1;2;1;1;6;295;DE LA GARE;;;;590
2,016E+11;16;10;25;1600;1;1;1;1;4;295;RD642;;;;590
2,016E+11;16;11;5;1810;5;2;1;2;3;295;60, ROUTE DE BORRE;;;;590
2,016E+11;16;8;11;1510;1;1;1;2;6;104;MORONVAL (RUE);M;5029631;403430;590
2,016E+11;16;12;4;1100;1;2;1;1;6;350;140, COLBERT RUE Nø69 A;;;;590
2,016E+11;16;12;16;1810;5;2;1;1;6;328;VERLINGHEM RUE DE;;;;590
2,016E+11;16;1;1;305;5;2;1;1;6;350;NATIONALE RUE Nø2 - 178B;M;5038090;335900;590
2,016E+11;16;10;23;1205;1;2;2;1;6;360;LECLERC RUE DU GENERAL;M;5061008;302063;590
2,016E+11;16;1;4;815;1;2;1;2;6;350;01, VAUBAN BOULEVARD Nø2;M;5063724;305148;590
2,016E+11;16;11;23;2120;5;2;1;1;6;350;20, LANNOY RUE;;;;590
2,016E+11;16;1;8;720;5;2;2;1;3;350;18, VAUBAN BOULEVARD Nø2;M;;;590
2,016E+11;16;1;7;1300;1;2;2;2;3;350;METZ BOULEVARD;M;5062056;62056;590
2,016E+11;16;1;9;800;5;2;2;2;3;350;DUNKERQUE AVENUE DE;M;5063050;303467;590
2,016E+11;16;1;9;440;5;2;1;1;2;350;BIGO DANEL BOULEVARD Nø1;M;5062631;304030;590
2,016E+11;16;1;10;425;5;2;2;1;3;350;74B, MONTEBELLO BOULEVAR;M;5062399;304321;590
2,016E+11;16;12;4;1320;1;2;1;1;6;350;VAILLANT EDOUARD RUE;;;;590
2,016E+11;16;1;11;1030;1;2;7;1;6;350;PARIS RUE Nø RESTE;;;;590
2,016E+11;16;1;11;750;5;1;3;2;3;378;89, DERAIN RUE RAYMOND N;M;5067310;309210;590
2,016E+11;16;1;8;1020;1;2;1;1;3;350;JOUHAUX LEON PONT;M;5063662;303618;590
2,016E+11;16;1;12;1850;5;1;1;8;6;410;IGNORE, SCHUMAN ROBERT A;M;5064203;310973;590
2,016E+11;16;1;12;950;1;2;2;7;6;386;VOIE INTERCOMMUNALE NORD;M;5066579;304440;590
2,016E+11;16;1;18;850;1;2;1;9;6;378;LEMIRE RUE L'ABBE;M;5066224;310359;590
2,016E+11;16;1;21;220;5;2;2;1;3;350;JACQUEMART GIELEE RUE;M;5063151;305969;590
2,016E+11;16;1;12;1945;5;1;1;1;2;350;44, FAUBOURG DE ROUBAIX;M;5063984;307919;590
2,016E+11;16;1;22;855;1;2;1;1;6;527;216, LECLERC RUE DU GENE;M;5066704;305103;590
2,016E+11;16;1;25;1555;1;2;1;1;6;9;VICTOIRES RUE DES;M;5062200;312894;590
2,016E+11;16;11;23;1230;1;2;1;1;2;350;, GAMBETTA LEON RUE N°2-;M;5062801;305126;590
2,016E+11;16;1;30;235;5;2;1;2;1;378;FLANDRE AVENUE DE;M;5066530;310325;590
2,016E+11;16;1;12;820;2;2;1;1;6;220;47, GAMBETTA LEON RUE;M;5060970;306346;590
2,016E+11;16;1;19;1600;1;2;1;1;6;350;CANONNIERS RUE DES 1:17-;M;5038180;4145;590
2,016E+11;16;1;8;1755;2;2;9;1;6;350;84, EGALITE RUE DE L;M;5037490;56;590
2,016E+11;16;1;28;1850;3;1;1;1;6;220;WATTIGNIES RUE DE;M;5035037;303370;590
2,016E+11;16;2;3;1405;1;2;1;1;6;360;MICHEL RUE DU CAPITAINE;M;5060088;304536;590
2,016E+11;16;1;14;745;5;2;3;2;6;350;BRANLY EDOUARD RUE;;;;590
2,016E+11;16;2;18;1730;2;2;2;4;6;350;279, HUGO VICTOR  BVD Nø;M;5061981;305444;590
2,016E+11;16;12;20;1930;5;2;1;1;3;328;HIPPODROME AV DE L N°246;;;;590
2,016E+11;16;12;12;1835;5;2;1;3;6;527;34, LECLERC RUE DU GENER;M;5065918;305186;590
2,016E+11;16;1;7;1945;5;2;1;1;1;636;980, COMINES CHEMIN DE;;;;590
2,016E+11;16;12;13;930;1;1;2;2;3;9;BREUCQ BOULEVARD DU;M;5063000;313000;590
2,016E+11;16;1;20;1910;5;2;3;1;6;378;202, QUESNE RUE DU;;;;590
2,016E+11;16;2;17;2030;5;2;2;1;6;350;NATIONALE RUE NøRESTE PA;M;5063569;305959;590
2,016E+11;16;1;15;1400;1;2;1;1;6;9;VERTE RUE;;;;590
2,016E+11;16;2;4;1535;1;2;1;1;6;350;COURBET GUSTAVE  RUE;;;;590
2,016E+11;16;2;19;1105;1;2;1;1;1;378;43, NATIONALE RUE;M;5066602;307622;590
2,016E+11;16;1;30;245;5;2;2;3;3;350;MONTEBELLO BOULEVARD Nø;M;5062394;304317;590
2,016E+11;16;2;8;1035;1;2;2;7;1;350;80, BRULE MAISON RUE Nø;;;;590
2,016E+11;16;2;25;1035;1;2;7;7;6;350;5, JACQUEMART GIELEE RUE;;;;590
2,016E+11;16;1;21;1830;5;2;1;1;2;350;NC, CHURCHILL WINSTON AV;M;;;590
2,016E+11;16;2;17;1225;1;2;4;1;6;9;VAN GOGH BOULEVARD;M;;;590
2,016E+11;16;3;7;2250;5;2;1;1;6;560;54, BOUVRY ROGER RUE;M;5054736;302725;590
2,016E+11;16;2;17;1330;1;2;1;1;4;368;DE GAULLE RUE DU GENERAL;;;;590
2,016E+11;16;3;13;850;1;2;2;1;6;9;CORNEILLE RUE;M;;;590
2,016E+11;16;3;3;800;1;2;2;1;6;457;BOUCHERY HENRI RUE;M;5066930;297552;590
2,016E+11;16;2;11;1845;5;2;1;8;6;350;84, JACQUET EUGENE RUE;;;;590
2,016E+11;16;3;13;1245;1;2;3;1;1;360;DOUMER PAUL RUE;M;5059025;303519;590
2,016E+11;16;1;14;745;4;2;1;2;7;350;131, DUNKERQUE AVENUE DE;M;;;590
2,016E+11;16;3;12;340;3;2;1;1;1;350;DE COUBERTIN PIERRE BOUL;;;;590
2,016E+11;16;3;2;1920;5;2;1;2;1;360;77, FOCH RUE DU MARECHAL;;;;590
2,016E+11;16;2;21;1750;1;2;1;1;2;350;40, METZ BOULEVARD;M;5061922;304133;590
2,016E+11;16;3;21;1330;1;2;3;1;3;360;IGNORE, PARE AMBROISE RU;M;5060416;302805;590
2,016E+11;16;3;7;1130;1;2;1;8;3;350;8, POSTES RUE Nø RESTE;M;5062822;305800;590
2,016E+11;16;3;22;810;1;2;2;1;6;350;DECONYNCK ERNEST RUE;;;;590
2,016E+11;16;2;15;1920;5;2;3;1;6;350;CANNES RUE DE;M;5060655;304508;590
2,016E+11;16;2;8;1855;5;2;1;3;7;648;DE GAULLE RUE DU GENERAL;M;5058750;305144;590
2,016E+11;16;4;4;1040;1;2;1;1;6;350;180/206, FAUBOURG D'ARRA;M;5060916;305994;590
2,016E+11;16;4;5;1215;1;2;1;1;6;350;115, MASSENA RUE Nø66 /9;;;;590
2,016E+11;16;4;10;2015;2;2;1;1;3;286;236, CARNOT SADI RUE;M;;;590
2,016E+11;16;4;7;1450;1;2;2;1;1;360;DOUMER PAUL RUE;M;5060166;303966;590
2,016E+11;16;1;27;2115;5;2;5;1;6;350;SOLFERINO RUE Nø2 - 108;M;5063433;304883;590
2,016E+11;16;3;30;750;5;2;3;1;3;360;BARBUSSE HENRI RUE;;;;590
2,016E+11;16;4;13;910;1;2;9;1;6;350;IGNORE, MARAIS RUE DU;;;;590
2,016E+11;16;4;17;430;5;2;2;1;3;350;ARRAS RUE D;M;5061661;306300;590
2,016E+11;16;4;18;125;5;2;1;1;2;378;NC, REPUBLIQUE AV DE LA;M;5066177;309533;590
2,016E+11;16;4;17;1800;1;2;2;1;3;410;LANGUEDOC RUE DU;M;5064647;311362;590
2,016E+11;16;4;18;850;1;2;2;1;3;350;200, NATIONALE RUE NøRES;M;5063216;305097;590
2,016E+11;16;4;18;1220;1;2;1;1;6;286;CARNOT SADI RUE;;;;590
2,016E+11;16;4;18;1855;1;2;3;1;6;350;2, BIGO DANEL BOULEVARD;M;5062775;304175;590
2,016E+11;16;4;28;1930;1;1;1;1;6;350;CD 651 (sortie St Mauric;;;;590
2,016E+11;16;4;17;1810;1;2;1;1;6;350;VAUBAN BOULEVARD Nø REST;M;5063620;305052;590
2,016E+11;16;5;7;1350;1;2;1;1;6;527;23, ARC RUE JEANNE D;;;;590
2,016E+11;16;5;5;300;5;2;2;1;6;350;103, GAMBETTA LEON RUE;M;5063011;305666;590
2,016E+11;16;3;8;710;1;2;1;1;1;350;POSTES RUE Nø RESTE;;;;590
2,016E+11;16;4;24;1645;1;2;1;1;1;328;DUNKERQUE AVENUE DE;M;;;590
2,016E+11;16;5;5;1430;1;2;2;1;3;350;163, LANNOY RUE;;;;590
2,016E+11;16;5;25;2025;1;2;2;1;3;350;Bd Louis XIV;M;5062888;307369;590
2,016E+11;16;4;15;2020;1;1;1;1;6;350;PASTEUR CARREFOUR;M;5064286;307280;590
2,016E+11;16;5;15;650;1;2;4;1;1;507;LAVOISIER RUE;M;5060011;308027;590
2,016E+11;16;4;9;1020;1;2;3;1;6;350;NOIRS RUE;M;5062952;309005;590
2,016E+11;16;6;2;2105;5;2;1;2;2;343;13, JAURES JEAN RUE;M;5035136;950000;590
2,016E+11;16;6;8;1605;1;2;1;1;6;566;COMMERCE BOULEVARD DU;;;;590
2,016E+11;16;6;9;1740;1;1;2;1;6;350;CARNOT SADI RUE;M;5038237;304091;590
2,016E+11;16;5;26;1900;1;2;1;1;3;9;DOUMER PAUL RUE DU PRESI;;;;590
2,016E+11;16;6;14;1220;1;2;3;2;6;350;FAUBOURG DE ROUBAIX RUE;M;5038323;305147;590
2,016E+11;16;5;12;1955;1;2;1;1;3;648;192, DE GAULLE RUE DU GE;M;5057841;304952;590
2,016E+11;16;6;2;700;1;2;3;1;1;350;95, MARAIS RUE DU;M;5038103;301114;590
2,016E+11;16;5;24;1330;1;2;2;1;2;368;58, GAMBETTA LEON RUE;M;0;0;590
2,016E+11;16;6;19;1;5;2;1;1;6;350;173, EGALITE RUE DE L;M;5037418;259428;590
2,016E+11;16;6;8;1810;1;2;3;1;1;350;2, SALENGRO ROGER AVENUE;M;5038394;259189;590
2,016E+11;16;5;19;1750;1;2;1;1;6;560;114, RESISTANCE RUE DES;;;;590
2,016E+11;16;6;23;1900;1;2;1;1;6;9;LANGEVIN PAUL AVENUE;M;5060572;314061;590
2,016E+11;16;6;24;1515;1;2;2;1;6;360;2, FOCH RUE DU MARECHAL;M;5037011;301258;590
2,016E+11;16;6;12;2100;2;2;1;1;1;386;63, MARTYRS DE LA RESIST;;;;590
2,016E+11;16;6;15;1720;1;2;2;1;3;350;107A, GAMBETTA LEON RUE;;;;590
2,016E+11;16;6;23;1810;1;1;3;2;3;360;POTIE GEORGES RUE;;;;590
2,016E+11;16;6;30;2040;1;2;2;1;3;350;BELFORT BOULEVARD DE;M;5037076;304348;590
2,016E+11;16;6;21;1735;1;2;3;1;3;350;RIVOLI RUE DE;;;;590
2,016E+11;16;7;4;144;5;2;2;1;3;350;SAINT ANDRE;M;;;590
2,016E+11;16;6;16;720;1;2;2;1;3;350;NATIONALE RUE N°RESTE PA;;;;590
2,016E+11;16;6;29;100;5;2;3;1;1;350;LORRAINE BOULEVARD;;;;590
2,016E+11;16;5;28;2110;1;2;3;1;6;350;SAMAIN ALBERT SQUARE;M;5037079;302277;590
2,016E+11;16;5;27;2030;1;1;1;1;7;560;CD 925;M;5032202;302100;590
2,016E+11;16;7;6;2100;2;2;1;1;6;360;GAMBETTA LEON RUE;;;;590
2,016E+11;16;7;8;455;1;2;2;1;6;350;DE LANNOY RUE;;;;590
2,016E+11;16;4;29;355;5;2;2;1;6;350;POSTES RUE N° RESTE;M;;;590
2,016E+11;16;6;12;1115;1;2;3;1;3;527;MUCHAUX CHEMIN DES;M;;;590
2,016E+11;16;7;5;1625;1;2;1;1;6;410;NORMANDIE RUE DE;M;5064566;311727;590
2,016E+11;16;7;13;1610;1;1;1;1;2;560;AVELIN ROUTE D;M;5054497;305505;590
2,016E+11;16;7;13;1550;1;1;1;1;3;560;IGNORE, R.D. 549;M;5055005;304708;590
2,016E+11;16;5;13;1620;1;2;3;1;6;350;DORMOY MARX AVENUE;M;5038035;301599;590
2,016E+11;16;7;22;1645;1;1;1;1;5;360;KUHLMANN AVENUE;;;;590
2,016E+11;16;7;7;2255;5;2;1;1;5;350;17, FAUBOURG DE BETHUNE;M;5061780;302894;590
2,016E+11;16;8;2;1915;1;2;3;2;3;9;DE VALMY BOULEVARD;M;5061601;313181;590
2,016E+11;16;6;24;900;1;2;1;1;6;560;DORMOY MARX RUE;;;;590
2,016E+11;16;8;1;1700;1;1;1;1;2;350;LILLE BV. DES DEFENSEURS;M;;;590
2,016E+11;16;8;13;1820;1;1;1;1;3;560;LILLE ROUTE DE;;;;590
2,016E+11;16;7;25;1809;1;2;3;1;3;507;LESQUIN RUE DE;M;5059755;309686;590
2,016E+11;16;8;6;1810;1;2;1;1;3;350;JACQUART;;;;590
2,016E+11;16;7;8;1;5;2;3;1;3;350;LIBERTE BVD Nø147 A FIN-;M;5063522;305530;590
2,016E+11;16;4;28;2300;5;2;1;1;6;350;POSTES RUE Nø RESTE;M;5062463;305522;590
2,016E+11;16;8;19;1045;1;2;2;1;6;350;IGNORE, RAMPONNEAU SQUAR;M;5063936;308730;590
2,016E+11;16;8;11;1345;1;2;9;1;2;350;NC, THOMAS ALBERT RUE;M;5038086;931000;590
2,016E+11;16;7;22;2345;5;2;2;1;3;410;JACQUARD RUE;M;;;590
2,016E+11;16;9;1;1450;1;1;1;1;6;193;Bas chemin, rue du;M;5059194;301102;590
2,016E+11;16;8;6;2357;5;2;2;1;3;350;PRIMEURS RUE;M;5063194;305327;590
2,016E+11;16;9;5;1530;1;2;3;1;3;350;DUNKERQUE AVENUE DE;M;5064113;301830;590
2,016E+11;16;9;17;2008;5;2;1;1;3;350;LOUIS XIV BOULEVARD;M;5062913;307547;590
2,016E+11;16;9;16;1045;1;2;2;1;6;328;106, BONTE AUGUSTE RUE;;;;590
2,016E+11;16;9;19;1050;1;2;2;1;3;350;nc, DANTON RUE;M;5064704;300534;590
2,016E+11;16;9;26;750;1;2;3;1;6;350;WAGNER RICHARD RUE;;;;590
2,016E+11;16;9;28;1100;1;2;3;1;3;636;NC, YPRES RUE D;;;;590
2,016E+11;16;9;7;1015;1;2;3;1;3;350;nc, LIBERTE BVD Nø147 A;M;5063135;306260;590
2,016E+11;16;9;23;910;1;1;1;1;6;350;TENREMONDE RUE NøPAIRS;M;5063630;5658;590
2,016E+11;16;9;15;1400;1;2;2;1;3;350;72, ARCOLE RUE D;M;5062304;304649;590
2,016E+11;16;10;2;630;5;2;1;8;1;350;61, FAUBOURG DE BETHUNE;;;;590
2,016E+11;16;9;16;1835;1;2;9;2;1;9;8 MAI 1945 RUE DU PETITS;M;5063885;315401;590
2,016E+11;16;9;9;1900;1;2;1;1;2;350;FAUBOURG DE ROUBAIX RUE;M;5064219;309260;590
2,016E+11;16;9;7;639;5;1;3;1;6;378;1, CLEMENCEAU BLVD (Nø1-;;;;590
2,016E+11;16;10;7;740;2;2;3;1;6;350;COURBET GUSTAVE  RUE;;;;590
2,016E+11;16;10;15;1720;1;1;1;1;7;343;JAURES JEAN RUE;;;;590
2,016E+11;16;10;7;1730;1;2;1;1;3;350;VAUBAN BOULEVARD Nø2-18-;M;5063796;5159;590
2,016E+11;16;9;8;1125;1;2;1;1;6;350;105, MARCHE RUE DU;M;5062445;305287;590
2,016E+11;16;10;23;740;2;2;2;1;3;350;1, MARAIS DE LOMME RUE;M;5063720;302643;590
2,016E+11;16;10;11;1710;1;2;2;1;5;9;nc, BOIS AVENUE DU PONT;;;;590
2,016E+11;16;9;13;1730;1;2;6;1;3;527;LILLE RUE DE Nø44 -104-6;;;;590
2,016E+11;16;10;20;1630;1;2;1;9;3;350;ESPLANADE FACADE;;;;590
2,016E+11;16;9;9;15;5;2;4;1;6;350;CAMBRAI RUE DE Nø IMPAIR;M;5062450;306856;590
2,016E+11;16;11;1;2045;5;2;2;1;3;360;FOCH RUE DU MARECHAL;;;;590
2,016E+11;16;10;26;5;5;2;1;1;5;350;25, LEBAS JEAN BAPTISTE;M;5062662;306969;590
2,016E+11;16;11;4;1925;5;2;2;1;6;350;MONTEBELLO BD PAIRS DE 7;;;;590
2,016E+11;16;11;11;1210;1;1;1;1;3;9;DOUMER PAUL RUE DU PRESI;;;;590
2,016E+11;16;11;29;930;1;2;1;1;6;350;IENA RUE D' JUSQU'AU 66;;;;590
2,016E+11;16;12;4;155;5;2;2;1;1;350;VAUBAN BOULEVARD Nø REST;;;;590
2,016E+11;16;10;13;1400;1;2;1;1;1;566;25, PASTEUR RUE;M;5062840;200000;590
2,016E+11;16;12;2;1040;1;2;3;1;3;350;17, HUGO VICTOR  BVD NøI;M;5062387;306676;590
2,016E+11;16;11;24;1745;5;2;2;1;3;350;MERCIER ALPHONSE RUE;M;5063097;305219;590
2,016E+11;16;12;14;1035;1;2;3;1;6;378;55, PERI GABRIEL RUE;M;5067499;308725;590
2,016E+11;16;12;8;1525;1;2;9;1;6;368;SAINT MAUR AVENUE;;;;590
2,016E+11;16;12;7;2210;5;2;3;1;2;350;MARQUILLIES RUE;M;5061481;305279;590
2,016E+11;16;12;22;1350;1;2;6;1;3;350;CHATEAU D'ISENGHEIN RUE;M;5065048;298287;590
2,016E+11;16;11;16;1830;5;2;1;1;1;350;FAUBOURG DE BETHUNE RUE;M;;;590
2,016E+11;16;1;2;1820;3;2;6;2;6;225;80, R.N. 49 VALENCIENNES;;;;590
2,016E+11;16;5;15;1815;1;2;1;1;3;392;41, FRANCE (AVENUE DE);;;;590
2,016E+11;16;5;29;1;3;1;1;1;7;291;26 Rue des Oies;M;5026164;389531;590
2,016E+11;16;6;14;740;1;1;1;1;2;225;Route Nationale;M;5027384;392195;590
2,016E+11;16;7;18;150;3;1;1;1;6;33;DEPOT (RUE DU);;;;590
2,016E+11;16;7;8;325;5;2;2;1;6;392;02, USINES (RUE DES);;;;590
2,016E+11;16;7;22;1140;1;1;1;1;2;543;62, AULNOYE (RUE D');;;;590
2,016E+11;16;10;3;840;1;1;1;1;7;365;RESISTANCE (RUE DE LA);;;;590
2,016E+11;16;11;1;2300;5;2;1;1;2;324;INDUSTRIE (RUE DE L');;;;590
2,016E+11;16;9;9;1820;1;2;3;1;3;392;0, ALPHONSE LAMARTINE (B;;;;590
2,016E+11;16;1;6;1455;1;2;1;8;3;512;40 bis, SARRAIL (RUE DU;;;;590
2,016E+11;16;1;7;925;1;2;6;3;3;646;GRAND COTTIGNIES (AVENUE;;;;590
2,016E+11;16;1;7;1210;1;2;1;2;6;512;5, LIBERTE (PLACE DE LA);;;;590
2,016E+11;16;1;8;805;2;2;3;1;6;512;CROIX (RUE DE);;;;590
2,016E+11;16;1;11;1730;5;2;1;2;6;598;02, VERDUN (RUE DE);;;;590
2,016E+11;16;1;7;1410;1;2;1;8;2;512;15, PARABOLES (AVENUE DE;;;;590
2,016E+11;16;1;12;1800;5;2;2;2;6;512;TOURCOING (RUE DE);;;;590
2,016E+11;16;1;15;120;5;2;1;2;2;646;FLANDRE (AVENUE DE);;;;590
2,016E+11;16;1;15;1740;5;2;1;2;3;512;4, JAURES (AVENUE JEAN);;;;590
2,016E+11;16;1;15;1830;5;2;1;3;3;299;COUBRONNE (RUE DU DOCTEU;;;;590
2,016E+11;16;1;15;2310;5;2;1;2;3;512;BRAME (AVENUE JULES);;;;590
2,016E+11;16;1;16;1710;5;2;3;8;3;299;TROIS FERMES (RUE DES);;;;590
2,016E+11;16;1;16;1930;5;2;1;2;6;650;09, MONET (RUE CLAUDE);;;;590
2,016E+11;16;1;17;1845;5;2;1;1;6;650;LECLERC (RUE DU GENERAL);;;;590
2,016E+11;16;1;20;800;2;2;3;1;1;299;CLEMENCEAU (BOULEVARD);;;;590
2,016E+11;16;1;20;750;2;2;2;1;1;367;LECLERC (RUE DU GENERAL);;;;590
2,016E+11;16;1;21;1230;1;2;1;1;6;163;28, KLEBER (RUE);;;;590
2,016E+11;16;1;22;1535;1;2;2;2;1;512;CARTIGNY (RUE DE);;;;590
2,016E+11;16;1;23;1930;5;2;1;2;2;650;478, SAPIN VERT (RUE DU);;;;590
2,016E+11;16;1;23;2330;5;2;2;1;3;512;LECLERC (BOULEVARD DU GE;;;;590
2,016E+11;16;1;25;805;1;2;1;1;7;512;211, LANNOY (RUE DE );;;;590
2,016E+11;16;1;26;710;5;2;1;1;3;163;FLANDRE (AVENUE DE);;;;590
2,016E+11;16;1;26;815;1;2;2;1;3;512;TUNIS (RUE DE);;;;590
2,016E+11;16;1;26;945;1;2;1;1;6;650;---, CARNOT (RUE);;;;590
2,016E+11;16;1;27;1830;5;2;1;2;6;512;290, NATIONS UNIES (AVEN;;;;590
2,016E+11;16;1;29;1350;1;2;1;1;6;512;82, WATTEEUW (RUE JULES);;;;590
2,016E+11;16;1;29;2110;5;2;1;1;6;650;73, GUESDE (RUE JULES);;;;590
2,016E+11;16;1;30;1230;1;2;2;2;6;512;130, ALGER (RUE D');;;;590
2,016E+11;16;1;30;1440;1;2;1;8;6;646;JAURES (RUE JEAN);;;;590
2,016E+11;16;2;2;1245;1;2;1;1;1;163;100, COURBET (RUE AMIRAL;;;;590
2,016E+11;16;2;3;910;1;2;1;1;6;163;127, DELESCLUSE (RUE JEA;;;;590
2,016E+11;16;2;5;1840;2;2;1;2;3;646;MARNE (AVENUE DE LA);;;;590
2,016E+11;16;2;6;2215;5;2;2;1;3;512;MOTTE (AVENUE ALFRED);;;;590
2,016E+11;16;2;9;1230;1;2;1;3;6;367;132, GUESDE (RUE JULES);;;;590
2,016E+11;16;2;10;1010;1;2;1;1;3;512;SARRAIL (RUE DU GENERAL);;;;590
2,016E+11;16;2;11;1645;1;1;1;1;1;512;BORDEAUX (QUAI DE);;;;590
2,016E+11;16;2;13;1350;1;2;1;2;3;512;536, LANNOY (RUE DE);;;;590
2,016E+11;16;2;15;930;1;2;1;1;2;646;51, VOLTAIRE (RUE);;;;590
2,016E+11;16;2;15;1620;1;2;2;1;6;512;MOTTE (AVENUE ALFRED);;;;590
2,016E+11;16;2;16;220;5;2;2;1;3;512;LECLERC (BOULEVARD DU GE;;;;590
2,016E+11;16;2;21;245;5;2;1;2;6;512;107, LEBAS (AVENUE JEAN);;;;590
2,016E+11;16;2;22;1625;1;2;1;2;6;512;1, VAN DER MEERSCH (AVEN;;;;590
2,016E+11;16;2;24;1145;1;1;1;1;6;163;331, OGIERS (RUE DES);;;;590
2,016E+11;16;2;24;2000;5;2;3;1;3;163;.100, HANNART (AVENUE GE;;;;590
2,016E+11;16;2;25;1030;1;2;3;7;6;367;ECOLES (RUE DES);;;;590
2,016E+11;16;2;25;1340;1;2;1;1;3;646;MARNE (AVENUE DE LA);;;;590
2,016E+11;16;2;26;1200;1;2;6;1;3;367;GUESDE (RUE JULES);;;;590
2,016E+11;16;3;2;1320;1;1;1;1;3;299;CD 700;;;;590
2,016E+11;16;3;3;1910;2;2;1;1;1;650;01, SAPIN VERT (RUE DU);;;;590
2,016E+11;16;3;4;1355;1;2;2;1;3;512;DELESPAUL (RUE);;;;590
2,016E+11;16;3;4;1712;1;2;2;1;6;512;VOLTAIRE (RUE);;;;590
2,016E+11;16;3;10;515;5;2;1;8;6;163;89 Avenue de Flandre;M;5066545;314761;590
2,016E+11;16;3;11;1135;1;2;1;1;2;512;PARC DES SPORTS (AVENUE;;;;590
2,016E+11;16;3;12;1635;1;1;6;1;4;339;CD 700;;;;590