Num_Acc;an;mois;jour;hrmn;lum;agg;int;atm;col;com;adr;gps;lat;long;dep
2,016E+11;16;3;13;1410;1;2;2;1;3;299;1, DUNANT (RUE HENRI);;;;590
2,016E+11;16;3;14;2015;5;2;1;1;3;512;DELORY  (AVENUE GUSTAVE);;;;590
2,016E+11;16;3;15;1915;5;2;1;1;3;646;155, JAURES (RUE JEAN);;;;590
2,016E+11;16;3;16;1000;1;2;1;1;3;650;DELECOURT (RUE ALFRED);;;;590
2,016E+11;16;3;18;945;1;2;2;1;3;650;carrefour, PATRIOTES (RU;;;;590
2,016E+11;16;3;19;713;1;2;2;8;3;512;3, REPUBLIQUE (BOULEVARD;;;;590
2,016E+11;16;3;20;1110;1;2;1;1;2;512;BLANCHEMAILLE (RUE DE);;;;590
2,016E+11;16;3;21;500;5;2;2;1;5;512;LANNOY (RUE);;;;590
2,016E+11;16;3;22;1720;1;2;1;1;6;299;VALLEE (RUE DE LA);;;;590
2,016E+11;16;3;23;1815;1;2;3;1;6;646;37, MARCQ EN BAROEUL (RU;;;;590
2,016E+11;16;3;24;1645;1;2;1;1;6;512;GAMBETTA ( BOULEVARD);;;;590
2,016E+11;16;3;25;1150;1;2;1;1;6;512;213, PIERRE DE ROUBAIX (;;;;590
2,016E+11;16;3;25;1955;5;2;1;1;6;512;00, VIGNE (RUE DE LA);;;;590
2,016E+11;16;3;27;1300;1;2;1;1;1;512;14, NOTTE (RUE JEAN BAPT;;;;590
2,016E+11;16;3;28;1955;1;2;2;1;3;512;69, DROUOT (RUE);;;;590
2,016E+11;16;3;28;2120;5;1;1;1;6;512;15, LEBON (RUE PHILIPPE);;;;590
2,016E+11;16;3;29;1930;1;2;1;1;6;650;50, BRIAND (AVENUE ARIST;;;;590
2,016E+11;16;3;30;1430;1;2;3;1;6;512;103, METZ (BOULEVARD DE);;;;590
2,016E+11;16;4;2;1940;2;2;1;2;3;650;31, COUTEAUX (BOULEVARD;;;;590
2,016E+11;16;4;3;1745;1;2;1;1;2;650;66, MARTELOTTE (SENTIER;;;;590
2,016E+11;16;4;3;2035;5;2;1;1;6;512;186, NATIONS UNIES (AVEN;;;;590
2,016E+11;16;4;3;1640;1;2;2;1;1;512;EPEULE  (RUE DE L');;;;590
2,016E+11;16;4;4;650;2;2;2;2;3;512;PIERRE DE ROUBAIX (RUE);;;;590
2,016E+11;16;4;5;2235;5;1;1;1;6;646;GRAND COTTIGNIES (AVENUE;;;;590
2,016E+11;16;4;6;745;1;2;1;1;6;512;357, LANNOY (RUE DE );;;;590
2,016E+11;16;4;6;1750;1;2;2;1;3;512;FRANCE (RUE DE);;;;590
2,016E+11;16;4;7;1840;1;2;1;1;3;512;JAURES (AVENUE JEAN);;;;590
2,016E+11;16;4;8;2215;5;2;1;1;3;650;, CARNOT (RUE);;;;590
2,016E+11;16;4;8;1140;1;2;1;1;1;512;BEAUREPAIRE (BOULEVARD);;;;590
2,016E+11;16;4;9;1430;1;2;1;1;6;512;23, DAUBENTON (RUE);;;;590
2,016E+11;16;4;12;1100;1;1;2;1;6;339;HUGO (RUE VICTOR);;;;590
2,016E+11;16;4;12;2025;1;2;1;1;2;650;86, COUTEAUX (BOULEVARD;;;;590
2,016E+11;16;4;14;1145;1;2;1;1;6;512;152, COQ FRANCAIS (RUE D;;;;590
2,016E+11;16;4;16;1030;1;2;1;1;6;339;SALENGRO (RUE ROGER);;;;590
2,016E+11;16;4;17;1320;1;2;2;1;3;512;NATIONS UNIES (AVENUE DE;;;;590
2,016E+11;16;4;19;800;1;2;1;1;2;646;GRAND COTTIGNIES (AVENUE;;;;590
2,016E+11;16;4;26;1905;1;2;6;1;3;512;COQ FRANCAIS (RUE DU);;;;590
2,016E+11;16;4;28;1450;1;2;2;1;1;512;REIMS (BOULEVARD DE);;;;590
2,016E+11;16;4;30;1330;1;2;1;1;1;339;0, EUROPE (AVENUE DE L');;;;590
2,016E+11;16;4;30;1420;1;2;1;1;6;512;SAINT ANTOINE (RUE);;;;590
2,016E+11;16;5;1;1640;1;2;1;1;3;512;MOTTE (AVENUE ALFRED);;;;590
2,016E+11;16;5;2;120;5;2;2;1;2;512;TOURCOING (RUE DE);;;;590
2,016E+11;16;5;3;850;1;2;1;1;6;512;181, FOURMIES (BOULEVARD;;;;590
2,016E+11;16;5;7;1955;1;2;1;1;6;512;10, BULLY GRENAY (RUE);;;;590
2,016E+11;16;5;8;2020;1;2;3;1;3;512;ISABEAU DE ROUBAIX (RUE);;;;590
2,016E+11;16;5;10;1230;1;1;1;2;6;299;CD 700;;;;590
2,016E+11;16;5;11;1210;1;2;1;1;6;512;290, NATIONS UNIES (AVEN;;;;590
2,016E+11;16;5;13;2145;1;2;2;1;3;512;NATIONS UNIES (AVENUE DE;;;;590
2,016E+11;16;5;15;1310;1;2;1;1;6;512;18, GALVANI (RUE);;;;590
2,016E+11;16;5;19;940;1;2;1;1;3;512;660, NATIONS UNIES (AVEN;;;;590
2,016E+11;16;5;19;900;1;2;1;1;2;512;42, SARRAIL (RUE DU GENE;;;;590
2,016E+11;16;5;19;1405;1;2;1;1;3;512;398, NATIONS UNIES (AVEN;;;;590
2,016E+11;16;5;20;825;1;2;1;2;6;512;22, NOTTE (RUE JEAN BAPT;;;;590
2,016E+11;16;5;20;1730;1;2;2;1;6;512;ROUSSEAU (RUE JEAN JACQU;;;;590
2,016E+11;16;5;22;1440;1;2;2;2;3;512;ALGER  (RUE D');;;;590
2,016E+11;16;5;23;1055;1;2;1;1;3;512;145, BEAUREPAIRE (BOULEV;;;;590
2,016E+11;16;5;24;200;5;2;1;8;6;512;203, GRANDE  RUE;;;;590
2,016E+11;16;5;24;1115;1;2;6;1;6;512;313, DELORY (AVENUE GUST;;;;590
2,016E+11;16;5;26;905;1;2;3;1;3;512;0, BARBIEUX  (RUE DE);;;;590
2,016E+11;16;5;28;1200;1;2;1;1;3;512;0, ESPIERRE (RUE DE L');;;;590
2,016E+11;16;5;29;1815;1;2;2;3;3;512;PIERRE DE ROUBAIX (RUE);;;;590
2,016E+11;16;5;31;834;1;2;2;2;3;299;MARNE (AVENUE DE LA);M;5066648;317974;590
2,016E+11;16;6;6;830;1;2;1;1;6;512;9, BEAUMONT (RUE DE);;;;590
2,016E+11;16;6;7;1615;1;2;1;2;6;512;253, MOTTE (AVENUE ALFRE;;;;590
2,016E+11;16;6;8;1310;1;2;3;1;6;512;SAINT JEAN  (RUE);;;;590
2,016E+11;16;6;9;1400;1;2;3;1;6;512;290, NATIONS UNIES (AVEN;;;;590
2,016E+11;16;6;9;1830;1;2;1;1;6;512;DELESPAUL (RUE);;;;590
2,016E+11;16;6;10;1800;1;2;1;1;3;512;FRATERNITE (PLACE DE LA);;;;590
2,016E+11;16;6;15;1210;1;2;2;1;1;512;NADAUD (RUE);;;;590
2,016E+11;16;6;17;1700;1;2;1;2;3;339;EUROPE (AVENUE DE L');;;;590
2,016E+11;16;6;18;1000;1;2;3;1;3;646;BART (RUE JEAN);;;;590
2,016E+11;16;6;20;1340;1;2;1;3;6;512;20, MOULIN (RUE JEAN);;;;590
2,016E+11;16;6;21;1640;1;1;1;1;6;646;DELETTE (RUE EMILE);;;;590
2,016E+11;16;6;22;1145;1;2;6;1;2;650;EGALITE (BOULEVARD DE L';;;;590
2,016E+11;16;6;23;1040;1;2;2;1;3;512;23, TRICHON (PLACE DU);;;;590
2,016E+11;16;6;25;510;5;2;2;1;3;512;TOURCOING (RUE DE);;;;590
2,016E+11;16;6;23;1520;1;2;1;1;6;512;FOURMIES (BOULEVARD DE);;;;590
2,016E+11;16;6;4;35;5;2;1;9;2;512;78, DENAIN (RUE DE);;;;590
2,016E+11;16;7;5;800;1;2;1;1;6;650;BELLE PROMENADE (RUE DE;;;;590
2,016E+11;16;7;8;1815;1;2;2;1;3;339;WATTRELOS (RUE DE);;;;590
2,016E+11;16;7;8;2115;1;2;2;1;3;512;ARCHIMEDE (RUE D');;;;590
2,016E+11;16;7;9;1610;1;2;1;1;2;512;20, MOLIERE (RUE);;;;590
2,016E+11;16;7;10;1805;1;2;2;1;3;512;EPEULE  (RUE DE L');;;;590
2,016E+11;16;7;12;900;1;2;2;1;3;512;, DUPUY DE LOME (RUE);;;;590
2,016E+11;16;7;12;950;1;2;2;1;3;512;228, MOTTE (AVENUE ALFRE;;;;590
2,016E+11;16;7;9;530;1;2;2;1;3;650;REPUBLIQUE (PLACE DE LA);;;;590
2,016E+11;16;4;26;1415;1;2;3;1;3;512;ARTS (RUE DES);;;;590
2,016E+11;16;7;14;1300;1;1;2;1;3;512;PIERRE DE ROUBAIX (RUE);;;;590
2,016E+11;16;7;10;800;1;2;6;1;3;646;JAURES (RUE JEAN);;;;590
2,016E+11;16;7;14;1650;1;2;3;1;3;650;UNION (RUE DE L');;;;590
2,016E+11;16;7;9;1915;1;1;3;1;3;512;DELORY  (AVENUE GUSTAVE);;;;590
2,016E+11;16;6;23;2210;3;2;1;1;6;512;LEFEBVRE (RUE HENRI);;;;590
2,016E+11;16;7;17;2015;1;2;1;1;6;339;69, HUGO (RUE VICTOR);M;5068290;324659;590
2,016E+11;16;7;20;1535;1;1;2;1;3;512;REIMS (BOULEVARD DE);;;;590
2,016E+11;16;7;20;1705;1;2;1;1;6;512;36, LALANDE (RUE);;;;590
2,016E+11;16;7;20;1850;1;2;2;1;3;512;109, INDUSTRIE (RUE DE L;;;;590
2,016E+11;16;7;22;905;1;2;1;1;6;512;LE NOTRE (AVENUE);;;;590
2,016E+11;16;7;24;750;1;2;3;1;3;339;LYS (RUE DE);;;;590
2,016E+11;16;7;19;2325;5;1;1;1;3;650;TOUL (RUE DE);;;;590
2,016E+11;16;7;25;1800;1;2;1;1;2;512;20, BEAUREPAIRE (BOULEVA;;;;590
2,016E+11;16;7;26;730;1;2;3;1;3;650;60, FOSSES (RUE DES);;;;590
2,016E+11;16;7;28;1245;1;2;2;1;6;512;98, INKERMANN (RUE D');;;;590
2,016E+11;16;8;2;1320;1;2;3;2;2;512;DUNANT (RUE HENRI);;;;590
2,016E+11;16;8;4;2220;5;2;1;1;5;512;310, LANNOY (RUE);;;;590
2,016E+11;16;8;5;830;1;2;1;1;6;512;GRANDE  RUE;;;;590
2,016E+11;16;8;5;1745;1;2;1;1;3;512;66, JAURES (AVENUE JEAN);;;;590
2,016E+11;16;8;6;1555;1;2;1;1;3;339;PAPINERIE (RUE DE LA);;;;590
2,016E+11;16;8;10;2130;5;2;2;1;1;512;NATIONS UNIES (AVENUE DE;;;;590
2,016E+11;16;8;11;1225;1;2;1;2;6;650;5, RACINE (RUE);;;;590
2,016E+11;16;8;16;1100;1;2;6;1;6;512;1, PARC DES SPORTS (AVEN;;;;590
2,016E+11;16;8;19;2330;5;2;1;1;6;512;90, CHEMIN NEUF  (RUE DU;;;;590
2,016E+11;16;8;24;1130;1;1;1;1;1;650;JACQUARD (RUE JOSEPH);;;;590
2,016E+11;16;8;23;1930;1;2;1;1;2;646;GRAND COTTIGNIES (AVENUE;;;;590
2,016E+11;16;8;30;1940;1;2;1;1;6;163;14, REPUBLIQUE (PLACE DE;;;;590
2,016E+11;16;8;31;835;1;2;1;1;6;512;50, LEBAS (AVENUE JEAN);;;;590
2,016E+11;16;9;1;1600;1;2;3;1;6;163;430, OGIERS (RUE DES);;;;590
2,016E+11;16;9;3;2005;1;2;2;1;3;512;VERDUN (AVENUE DE);;;;590
2,016E+11;16;9;5;1420;1;2;2;1;6;512;FOCH (RUE DU MARECHAL);;;;590
2,016E+11;16;9;6;110;5;2;1;2;7;512;55, FOCH (RUE DU MARECHA;;;;590
2,016E+11;16;9;6;510;3;2;1;1;3;650;MONT A LEUX (RUE DU);;;;590
2,016E+11;16;9;7;1400;1;2;1;1;2;512;LILLE ( RUE DE);;;;590
2,016E+11;16;9;7;1430;1;2;1;1;6;367;25B, LEBAS (RUE JEAN BAP;;;;590
2,016E+11;16;9;8;1520;1;2;9;1;3;650;DELECOURT (RUE ALFRED);;;;590
2,016E+11;16;9;9;1700;1;2;1;1;1;650;BAILLERIE (RUE DE LA);;;;590
2,016E+11;16;9;11;945;1;1;6;1;3;367;TOUFFLERS (RUE DE);;;;590
2,016E+11;16;9;15;1110;1;2;9;1;3;512;REPUBLIQUE (BOULEVARD DE;;;;590
2,016E+11;16;9;17;1740;1;2;1;1;2;512;16, JAURES (AVENUE JEAN);;;;590
2,016E+11;16;9;18;1830;1;2;2;1;3;512;ESPIERRE (RUE DE L');;;;590
2,016E+11;16;9;12;1840;1;2;1;1;6;650;CARNOT (RUE);;;;590
2,016E+11;16;9;21;1605;1;2;3;1;3;512;MOULIN (RUE JEAN);;;;590
2,016E+11;16;9;22;2145;5;2;1;1;3;512;102, MONTESQUIEU (BOULEV;;;;590
2,016E+11;16;9;23;1720;1;2;1;1;6;163;23, GARE (RUE DE LA);;;;590
2,016E+11;16;9;23;2150;5;2;1;1;3;512;DELORY  (AVENUE GUSTAVE);;;;590
2,016E+11;16;9;24;1955;5;2;1;1;3;650;LERUSTE (RUE);;;;590
2,016E+11;16;9;29;1500;1;2;1;1;2;646;MOLINEL (RUE DU);;;;590
2,016E+11;16;9;29;1740;1;2;2;1;3;512;COLLEGE (RUE DU);;;;590
2,016E+11;16;9;30;415;5;2;1;1;6;512;JAURES (AVENUE JEAN);;;;590
2,016E+11;16;10;1;408;5;2;2;1;1;512;ALGER  (RUE D');;;;590
2,016E+11;16;10;2;2310;5;2;2;1;6;512;74, LEBAS (AVENUE JEAN);;;;590
2,016E+11;16;10;3;1215;1;2;2;1;6;512;VERDUN (AVENUE DE);;;;590
2,016E+11;16;10;4;810;1;2;1;1;6;512;97, Pierre de ROUBAIX (r;;;;590
2,016E+11;16;10;4;1830;1;2;2;1;3;650;UNION (RUE DE L');;;;590
2,016E+11;16;10;6;2245;5;1;1;1;3;299;EUROPE (AVENUE DE L');;;;590
2,016E+11;16;10;7;800;2;1;1;1;1;512;BEAUREPAIRE (BOULEVARD);;;;590
2,016E+11;16;10;12;920;1;2;1;1;3;512;DELORY (AVENUE GUSTAVE);;;;590
2,016E+11;16;10;14;1230;1;2;1;1;3;646;5, MARCEAU (RUE);;;;590
2,016E+11;16;10;14;2300;5;2;2;3;3;512;143, MOTTE (AVENUE ALFRE;;;;590
2,016E+11;16;9;30;1300;1;1;1;1;6;650;LIBERTE (BOULEVARD DE LA;;;;590
2,016E+11;16;10;19;1820;2;2;2;3;2;646;MARNE (AVENUE DE LA);;;;590
2,016E+11;16;10;20;1820;2;2;1;1;2;367;147, GUESDE (RUE JULES);;;;590
2,016E+11;16;10;22;2350;5;2;1;1;6;512;MAUFAIT (RUE DE;;;;590
2,016E+11;16;10;27;1045;1;2;2;1;1;367;TOUFFLERS (RUE DE);;;;590
2,016E+11;16;10;29;1700;1;1;1;1;3;512;LIMITE (RUE DE LA);;;;590
2,016E+11;16;10;30;1345;1;2;6;1;3;512;2, LYON (BOULEVARD DE);;;;590
2,016E+11;16;11;6;1540;1;2;1;1;6;650;235, PATRIOTES (RUE DES);;;;590
2,016E+11;16;11;8;900;1;2;1;1;6;512;157, LANNOY (RUE DE);;;;590
2,016E+11;16;11;8;1320;1;2;1;1;1;512;ROLLIN (RUE);;;;590
2,016E+11;16;11;8;1435;1;2;1;1;1;512;1, PARC DES SPORTS (AVEN;;;;590
2,016E+11;16;11;8;2130;5;2;3;1;1;646;ALLENDE (RUE SALVADOR);;;;590
2,016E+11;16;11;18;1800;5;2;1;2;6;512;LIBERTE (PLACE DE LA);;;;590
2,016E+11;16;11;19;1150;1;2;3;1;1;512;DUNKERQUE (QUAI DE);;;;590
2,016E+11;16;11;19;1900;5;2;1;1;2;646;MARNE (AVENUE DE LA);;;;590
2,016E+11;16;11;20;1400;1;2;1;1;3;512;16, LALANDE (RUE);;;;590
2,016E+11;16;11;23;730;2;2;9;3;6;646;MICHEL (RUE LOUISE);;;;590
2,016E+11;16;11;15;1630;1;2;1;1;6;332;18, TOURNAI (RUE DE);;;;590
2,016E+11;16;11;26;1740;2;2;2;9;6;512;50, BELFORT (BOULEVARD D;;;;590
2,016E+11;16;11;30;1810;4;2;2;1;6;646;FLANDRE (AVENUE DE);;;;590
2,016E+11;16;12;1;920;1;2;2;1;3;163;53, HANNART (AVENUE GEOR;;;;590
2,016E+11;16;12;6;720;1;2;1;1;1;650;FAIDHERBE (RUE);;;;590
2,016E+11;16;12;8;750;5;2;1;1;6;598;2, ROUBAIX (RUE DE);;;;590
2,016E+11;16;11;27;730;5;2;1;1;6;512;FOURMIES (BOULEVARD DE);;;;590
2,016E+11;16;12;11;120;3;1;2;3;3;650;12, EGALITE (BOULEVARD D;;;;590
2,016E+11;16;11;30;1550;1;2;1;7;6;650;170, STALINGRAD (RUE DE);;;;590
2,016E+11;16;12;14;1745;2;2;2;1;6;512;101, TOURCOING (RUE DE);;;;590
2,016E+11;16;12;15;540;5;2;1;1;6;646;05, MARNE (AVENUE DE LA);;;;590
2,016E+11;16;12;19;1820;5;2;8;1;6;512;ARMENTIERES (BOULEVARD D;;;;590
2,016E+11;16;12;20;2005;5;1;1;1;6;512;SAINT JOSEPH (RUE);;;;590
2,016E+11;16;12;24;1130;1;2;2;1;3;512;GAND (QUAI DE);;;;590
2,016E+11;16;12;27;1845;3;1;1;1;6;646;CARREFOUR (CENTRE COMMER;;;;590
2,016E+11;16;12;30;1650;2;2;1;5;6;512;INGRES (RUE);;;;590
2,016E+11;16;1;8;1710;2;1;2;1;1;284;ROUTE NATIONALE;;;;590
2,016E+11;16;3;13;1510;1;1;1;1;7;526;DREVE DES BRUYERES;;;;590
2,016E+11;16;4;30;1810;1;2;2;1;3;526;16, DE RIVOLI;;;;590
2,016E+11;16;12;8;1400;1;2;1;1;6;526;1180, HENRI DURRE;M;5043250;343611;590
2,016E+11;16;1;6;1240;1;2;1;1;6;599;POTENTE (RUE DE LA);;;;590
2,016E+11;16;1;8;1425;1;2;2;1;3;279;LILLE (RUE DE);;;;590
2,016E+11;16;1;11;1405;1;2;3;2;2;599;GUERRE (RUE FIN DE LA);;;;590
2,016E+11;16;1;11;1820;5;2;2;2;6;599;COLBERT (RUE);;;;590
2,016E+11;16;1;16;1515;1;2;1;1;2;152;boulevard de la lys;M;;;590
2,016E+11;16;1;21;1400;1;2;1;1;6;599;131, INGRES (RUE);M;5073491;315706;590
2,016E+11;16;1;21;1600;1;2;1;7;6;599;1, ANGES (RUE DES);M;5072083;315794;590
2,016E+11;16;1;25;830;1;2;1;1;6;98;46, LINSELLES (RUE DE);;;;590
2,016E+11;16;1;25;755;1;2;1;1;3;90;15, SIX (ABBE)2A6 1A27 B;;;;590
2,016E+11;16;1;27;1815;2;2;1;2;4;599;40, VICTOIRE (PLACE DE L;;;;590
2,016E+11;16;1;29;1850;1;2;1;8;3;599;GAND (RUE DE);;;;590
2,016E+11;16;2;1;1230;1;1;1;1;3;599;BRUN PAIN (RUE DU);;;;590
2,016E+11;16;2;1;1815;2;2;2;2;1;599;MARNE (AVENUE DE LA);;;;590
2,016E+11;16;2;9;830;1;2;6;3;3;599;SEMARD (PLACE PIERRE);;;;590
2,016E+11;16;2;11;800;1;1;1;1;1;152;boulevard de la lys;M;5075244;301275;590
2,016E+11;16;2;16;1045;1;1;1;1;6;599;GUERRE (RUE FIN DE LA);;;;590
2,016E+11;16;2;22;800;1;2;1;2;1;98;94, LINSELLES (RUE DE);;;;590
2,016E+11;16;2;22;1550;1;2;8;2;6;599;DRON (AVENUE GUSTAVE);;;;590
2,016E+11;16;2;24;1900;2;2;3;1;3;279;77, DESMETTRE (RUE GUSTA;;;;590
2,016E+11;16;2;25;1700;1;2;2;1;6;599;118, NATIONALE (RUE);;;;590
2,016E+11;16;3;16;2005;5;2;3;1;3;599;333B, GAND (RUE DE);;;;590
2,016E+11;16;3;19;1900;2;2;2;1;3;426;VERTUQUET (RUE DU);;;;590
2,016E+11;16;3;27;935;1;2;1;1;6;90;940, GAULLE (AVENUE DU G;;;;590
2,016E+11;16;4;30;1630;1;1;1;1;6;352;NORD (ROUTE DE LA PLAINE;;;;590
2,016E+11;16;5;3;1045;1;2;1;1;3;90;GAULLE (AVENUE DU GENERA;;;;590
2,016E+11;16;5;8;1545;1;2;1;1;3;599;, FRANCS (RUE DES);M;5071869;313983;590
2,016E+11;16;5;13;1300;1;2;1;1;6;599;58, CONSTANTINE (RUE DE);;;;590
2,016E+11;16;6;11;1930;1;2;1;1;1;279;LYS (RUE DE LA);;;;590
2,016E+11;16;6;5;1530;1;2;1;1;6;599;18, SENTIER (RUE DU);;;;590
2,016E+11;16;6;10;1930;1;2;1;1;6;599;QUINT (ALLEE CHARLES);;;;590
2,016E+11;16;6;20;1840;1;2;1;2;6;599;127, GUERRE (RUE FIN DE;;;;590
2,016E+11;16;6;23;1630;1;2;1;1;6;599;PASSERELLE (RUE DE LA );;;;590
2,016E+11;16;6;24;1420;1;2;1;1;1;599;PAPIN (CHAUSSEE DENIS);;;;590
2,016E+11;16;6;15;1615;1;2;1;1;6;599;., COLBERT (RUE);;;;590
2,016E+11;16;6;27;845;1;2;1;1;6;599;PIATS (RUE DES);;;;590
2,016E+11;16;7;1;1955;1;1;1;1;6;426;RACCORDEMENT (VOIE DE);;;;590
2,016E+11;16;7;5;2130;5;2;1;1;6;421;CARNOT (BLD)DE 30A46-150;M;5070011;313970;590
2,016E+11;16;7;10;1620;1;2;1;1;1;152;WERWICQ (RUE DE);;;;590
2,016E+11;16;7;6;2145;2;2;1;1;7;426;HALLUIN (RUE D');;;;590
2,016E+11;16;7;10;1415;1;2;1;1;6;508;477, LILLE (RUE DE)LATER;;;;590
2,016E+11;16;7;26;615;4;1;6;1;1;98;., LINSELLES (RUE DE);;;;590
2,016E+11;16;7;25;1840;1;2;1;1;6;599;326, YSER (RUE DE L');;;;590
2,016E+11;16;8;8;1640;1;2;1;1;6;279;LYS (RUE DE LA);;;;590
2,016E+11;16;8;4;1610;1;1;1;1;3;98;WERVICQ (RUE DE);;;;590
2,016E+11;16;8;23;1425;1;2;1;1;3;599;0, ROUBAIX (RUE DE);;;;590
2,016E+11;16;9;6;1100;1;2;2;1;6;599;MALCENSE (RUE DE LA);;;;590
2,016E+11;16;9;2;215;5;2;1;1;6;599;SALEMBIEN (RUE LEON);;;;590
2,016E+11;16;9;15;1450;1;1;1;1;1;279;RD 191;;;;590
2,016E+11;16;9;20;2100;5;2;2;1;3;599;150, PAPIN (CHAUSSEE DEN;;;;590
2,016E+11;16;9;22;1415;1;2;1;1;5;599;SCHUMAN (RUE ROBERT);;;;590
2,016E+11;16;10;3;2120;5;2;2;1;3;279;0, LEMIRE (RUE DE L'ABBE;;;;590
2,016E+11;16;9;20;2020;5;2;1;1;1;98;171, WERVICQ (RUE DE);;;;590
2,016E+11;16;10;6;1230;1;2;1;1;6;508;305, LILLE (RUE DE)LATER;;;;590
2,016E+11;16;10;29;630;1;2;1;1;6;279;118, PERI (RUE GABRIEL);;;;590
2,016E+11;16;11;2;2010;5;2;2;1;3;599;PAPIN (CHAUSSEE DENIS);;;;590
2,016E+11;16;11;5;2320;1;2;2;1;1;599;GRAMME (CHAUSSEE);;;;590
2,016E+11;16;11;9;1950;5;2;1;2;6;599;BIENFAISANCE (RUE DE LA);;;;590
2,016E+11;16;11;14;635;5;2;1;8;6;599;BRUN PAIN (RUE DU);;;;590
2,016E+11;16;11;15;1800;5;2;1;2;6;421;LILLE (RUE DE);;;;590
2,016E+11;16;11;22;1540;1;2;1;1;6;426;CHRIST (RUE DU);;;;590
2,016E+11;16;11;22;910;1;2;2;1;1;599;45, MALCENSE (RUE DE LA);M;5072752;316360;590
2,016E+11;16;11;25;1210;1;2;2;1;6;152;104, HURLUPIN (RUE D');M;5076303;301092;590
2,016E+11;16;11;13;520;5;1;1;1;1;279;427, LYS (RUE DE LA);M;5077402;309116;590
2,016E+11;16;12;3;910;1;2;1;5;6;421;75, MARNE (BOULEVARD DE;;;;590
2,016E+11;16;12;3;1645;1;2;1;1;6;98;72, WERVICQ (RUE DE);M;5077292;306868;590
2,016E+11;16;12;6;1720;1;1;1;1;5;90;WAMBRECHIES (AVENUE);M;5070259;307982;590
2,016E+11;16;12;8;2000;5;2;3;1;3;599;LEVANT (RUE DU);;;;590
2,016E+11;16;12;9;1210;1;2;1;1;6;599;., GUERRE (RUE FIN DE LA;;;;590
2,016E+11;16;12;14;1820;1;1;1;1;6;279;140, LILLE (RUE DE);;;;590
2,016E+11;16;12;16;820;2;2;1;8;1;421;LORTHIOIS (RUE)320A356-2;;;;590
2,016E+11;16;12;19;1915;3;2;2;1;3;599;PAPIN (CHAUSSEE DENIS);M;5073055;313975;590
2,016E+11;16;12;19;1720;5;2;3;1;1;279;258, LYS (RUE DE LA);M;5076823;310323;590
2,016E+11;16;10;14;2315;5;2;1;1;2;160;, DEPORTES (RUE DES);M;5042171;366112;590
2,016E+11;16;10;9;2300;5;2;1;1;6;606;232, HARPIGNIES (BOULEVA;M;5036423;352605;590
2,016E+11;16;10;14;1700;1;2;1;1;5;606;00, BEAUNEVEU (BOULEVARD;M;5035799;351633;590
2,016E+11;16;1;9;1930;2;2;4;1;2;557;PRESEAU (ROUTE DE);M;5032894;355927;590
2,016E+11;16;10;10;1345;1;2;3;1;6;14;204, JAURES (RUE JEAN);M;5037518;351689;590
2,016E+11;16;1;14;850;1;2;1;4;6;606;6, VAUBAN (AVENUE);M;5035958;351261;590
2,016E+11;16;12;3;715;5;2;1;1;6;447;133, JAURES (RUE JEAN);M;5038477;359337;590
2,016E+11;16;1;14;1645;2;2;1;1;1;14;116 B, FRANCE (AVENUE AN;M;;;590
2,016E+11;16;1;14;1415;1;2;1;1;6;491;47, GRAND'PLACE;M;5039105;348200;590
2,016E+11;16;11;30;1630;1;2;1;1;6;112;319, JAURES (RUE JEAN);M;5039587;353741;590
2,016E+11;16;2;5;1320;1;2;1;1;2;484;10, JAURES (AVENUE JEAN);M;5040350;367377;590
2,016E+11;16;2;20;2115;5;2;1;1;6;14;259, FRANCE (AVENUE ANAT;M;5037408;350011;590
2,016E+11;16;1;6;1840;5;2;1;1;6;606;00, WATTEAU (BOULEVARD);M;;;590
2,016E+11;16;1;1;110;5;2;3;2;6;606;84, LILLE (RUE DE);M;;;590
2,016E+11;16;1;23;645;3;1;3;1;3;447;00, RD 935 N;M;;;590
2,016E+11;16;1;6;1800;5;2;1;1;6;491;00, CORBEAU (RUE);M;;;590
2,016E+11;16;1;19;600;5;2;3;1;1;459;00, MITTERAND (Fran‡ois;M;5037558;346594;590
2,016E+11;16;3;13;1650;1;2;3;1;1;491;Ave du Pinson;M;5040666;351390;590
2,016E+11;16;3;12;1600;1;1;1;1;2;447;ZONE ACTIVITE ECONOMIQUE;;;;590
2,016E+11;16;3;18;2000;5;2;1;1;3;491;1263, DUSART (RUE LEOPOL;M;5039941;349758;590
2,016E+11;16;3;18;2115;5;1;3;1;3;606;DUNKERQUE (AVENUE DE);M;5036522;351661;590
2,016E+11;16;3;16;845;1;2;3;1;7;544;BARBUSSE (RUE HENRI);M;;;590
2,016E+11;16;2;24;1700;2;2;1;1;3;564;339, JAURES (AVENUE JEAN;M;5034833;348636;590
2,016E+11;16;2;15;1700;1;2;1;1;6;606;00, DESANDROUIN (AV) - S;M;5036283;349094;590
2,016E+11;16;2;15;1820;1;2;1;1;6;479;221, JAURES (AVENUE JEAN;M;5039663;364188;590
2,016E+11;16;3;22;800;1;1;1;1;6;544;00, JAURES (RUE JEAN);M;5036930;355180;590
2,016E+11;16;2;26;1800;2;2;9;1;6;14;00, MICHEL (RUE LOUISE);M;5037547;351322;590
2,016E+11;16;4;3;1230;1;2;3;1;2;369;0, RD 40;M;5030791;347108;590
2,016E+11;16;2;6;1600;1;2;1;1;3;491;rue ERMITES (MONT DES);M;;;590
2,016E+11;16;3;22;840;1;2;1;1;3;606;104, DUCHESNOIS (AVENUE);M;5036780;354052;590
2,016E+11;16;2;6;350;5;2;3;1;6;544;02, JAURES (RUE JEAN);M;;;590
2,016E+11;16;2;11;1345;1;2;1;8;5;79;00, DROIT (RUE DU);M;;;590
2,016E+11;16;4;6;1845;2;2;1;1;3;491;11, SALENGRO (RUE ROGER);M;5024880;327580;590
2,016E+11;16;4;2;1840;2;2;1;1;3;447;20, PASTEUR (RUE);M;5038825;359972;590
2,016E+11;16;2;19;2000;5;2;2;1;3;447;Avenue Georges Lainé;M;5036586;360962;590
2,016E+11;16;2;15;1700;1;2;1;1;6;447;00, JAURES (RUE JEAN);M;5038644;360002;590
2,016E+11;16;3;24;1415;1;2;3;1;3;606;00, DESANDROUIN (AV) - H;M;5035836;350163;590
2,016E+11;16;4;14;2345;5;2;1;1;6;491;26, SALENGRO (RUE ROGER);M;5040074;346202;590