Num_Acc;an;mois;jour;hrmn;lum;agg;int;atm;col;com;adr;gps;lat;long;dep
2,016E+11;16;5;28;30;5;2;1;2;3;102;AVENUE ANDRE GRIMALDI;M;4348600;-147456;640
2,016E+11;16;5;28;1540;1;2;1;2;2;102;99 AVENUE MARECH SOULT;M;4348509;-149443;640
2,016E+11;16;6;4;200;5;2;1;1;7;24;AVENUE DE BIARRITZ;M;4348010;-152350;640
2,016E+11;16;6;4;850;1;2;6;1;7;102;ROND POIN ALLEES MARINES;M;4349690;-148328;640
2,016E+11;16;6;19;135;5;2;1;1;6;102;21 BOUL ALSACE LORRAINE;M;4349434;-146776;640
2,016E+11;16;6;19;445;5;2;1;1;6;24;10 AVENUE DES CYPRES;M;4348276;-152874;640
2,016E+11;16;6;21;1927;1;2;1;1;2;24;78 AVENUE DE BAYONNE;M;4348305;-150330;640
2,016E+11;16;6;21;1950;1;2;1;1;2;102;ROND POINT AMADE;M;4350209;-147840;640
2,016E+11;16;6;30;915;1;2;6;1;2;102;RUE MAUBEC;M;4350005;-146683;640
2,016E+11;16;7;2;1305;1;2;6;1;7;102;GIRATOIRE BEYRIS;M;4347838;-149285;640
2,016E+11;16;7;4;1726;1;2;1;1;3;102;AVENUE DU 14 AVRIL 1814;M;4350359;-147768;640
2,016E+11;16;7;6;2000;1;2;3;1;7;24;RUE DES BARTHES;M;4348345;-151105;640
2,016E+11;16;7;7;855;1;2;1;1;7;24;RUE DE HAUSQUETTE;M;4348954;-151222;640
2,016E+11;16;7;9;2110;2;2;1;1;6;102;BOULEVARD ARITXAGUE;M;4347017;-149235;640
2,016E+11;16;7;13;1700;1;2;1;1;6;24;RUE DE BAHINOS;M;4349339;-151940;640
2,016E+11;16;7;13;1700;1;2;1;1;3;102;RUE D'ARROUSETS;M;4349230;-145320;640
2,016E+11;16;7;14;450;2;2;1;1;1;24;AVENUE DE L'ADOUR;M;4352500;-150829;640
2,016E+11;16;7;16;1900;1;2;3;1;2;102;AVENUE MARECHAL SOULT;M;4348392;-149936;640
2,016E+11;16;7;17;25;5;2;6;1;7;24;AVENUE DE BAYONNE;M;4348326;-150259;640
2,016E+11;16;7;18;1730;1;2;1;1;1;24;AVENUE GUYNEMER;M;4349905;-153964;640
2,016E+11;16;7;18;2205;2;2;1;1;6;24;AVENUE BELLE MARION;M;4349637;-151476;640
2,016E+11;16;7;19;1550;1;2;1;1;6;24;AVENUE DE BAYONNE;M;4348144;-151074;640
2,016E+11;16;7;26;1930;1;2;3;1;1;24;ROUTE DE MAIGNON;M;4347760;-150434;640
2,016E+11;16;7;28;1116;1;2;1;1;2;102;BOULEVARD DU BAB;M;4349619;-148543;640
2,016E+11;16;7;28;1805;1;2;1;1;7;102;AVENUE DE MOUNEDE;M;4349976;-145846;640
2,016E+11;16;7;28;1911;1;2;1;1;2;102;AVENUE ALLEES MARINES;M;4349689;-148327;640
2,016E+11;16;7;31;2345;5;2;1;1;6;102;AVENUE MARECHAL SOULT;M;4348735;-148493;640
2,016E+11;16;8;1;1505;1;2;1;1;3;24;RUE DES CINQ CANTONS;M;4348557;-151950;640
2,016E+11;16;8;1;2240;5;2;1;1;1;24;AVENUE EUGENE BERNAIN;M;4348445;-151160;640
2,016E+11;16;8;2;1520;1;2;3;1;3;24;AVENUE EUGENE BERNAIN;M;4348347;-151110;640
2,016E+11;16;8;3;745;1;2;6;1;3;24;ROND POINT LACROIX;M;4347760;-152408;640
2,016E+11;16;8;4;1137;1;2;1;1;3;24;BOULEVARD DES PLAGES;M;4351592;-152417;640
2,016E+11;16;8;4;1710;1;1;1;1;3;24;AV JEAN LEON LAPORTE;M;4348915;-149974;640
2,016E+11;16;8;11;40;5;2;1;1;7;140;RUE RAOUL BRAMARIE;M;4351258;-148715;640
2,016E+11;16;8;12;2140;2;2;1;1;7;102;ROND POINT PIECE NOYEE;M;4349891;-148164;640
2,016E+11;16;8;23;945;1;2;3;1;3;24;PROMENADE DE LA BARRE;M;4350824;-152224;640
2,016E+11;16;8;24;35;3;2;1;1;6;140;QUAI DE LA DOUANE;M;4352280;-149040;640
2,016E+11;16;8;25;2020;1;2;1;1;6;24;BOULEVARD DES PLAGES;M;4350360;-153600;640
2,016E+11;16;8;26;1430;1;2;1;1;5;102;CHEMIN SAINT BERNARD;M;4350022;-147975;640
2,016E+11;16;8;29;1707;1;2;2;1;6;102;AVENUE LOUISE DARRACQ;M;4349520;-148550;640
2,016E+11;16;9;2;1910;1;2;2;1;3;102;AVENUE LEON BONNAT;M;4349340;-147573;640
2,016E+11;16;9;3;1740;1;2;2;1;6;24;RUE ALEXANDRE;M;4348880;-151931;640
2,016E+11;16;9;6;1020;1;2;1;1;3;102;GIRATOIRE DE MAIGNON;M;4346600;-149480;640
2,016E+11;16;9;6;1225;1;2;1;1;6;24;AVENUE LAROCHEFOUCAULD;M;4348790;-153360;640
2,016E+11;16;9;12;1625;1;2;6;1;2;102;ROND POINT PIECE NOYEE;M;4349918;-148176;640
2,016E+11;16;9;16;200;5;2;1;2;6;24;AVENUE DE BIARRITZ;M;4348010;-152118;640
2,016E+11;16;9;16;1515;1;2;6;2;7;102;ROND POINT AMADE;M;4350200;-147870;640
2,016E+11;16;9;18;1450;1;2;1;1;6;24;AVENUE JEAN LEON LAPORTE;M;4348975;-149752;640
2,016E+11;16;9;21;730;2;2;3;1;1;102;ALLEES BOUFFLERS;M;4349140;-146930;640
2,016E+11;16;9;21;1430;1;2;3;1;3;102;CHEMIN DE SABALCE;M;4349815;-149078;640
2,016E+11;16;9;30;1335;1;2;1;1;6;102;RUE DES GOUVERNEURS;M;4349096;-147773;640
2,016E+11;16;10;10;2205;5;2;1;1;7;102;BOULEVARD ARITXAGUE;M;4347466;-148995;640
2,016E+11;16;10;12;1800;1;2;1;1;3;24;AVENUE JEAN LEON LAPORTE;M;4348656;-149947;640
2,016E+11;16;10;15;1205;1;2;1;1;6;102;9 RUE PHILIPPE VEYRIN;M;4349661;-148713;640
2,016E+11;16;10;17;1805;1;2;1;1;2;102;AVENUE MARECHAL SOULT;M;4348622;-148943;640
2,016E+11;16;10;18;715;2;2;1;1;3;102;AVENUE PAUL PRAS;M;4348145;-147931;640
2,016E+11;16;10;19;755;5;2;3;1;3;24;AVENUE DE L' ADOUR;M;4350395;-149522;640
2,016E+11;16;10;30;245;5;2;1;1;6;102;BOULEVARD ARITXAGUE;M;4347244;-149030;640
2,016E+11;16;11;7;730;2;2;1;2;6;102;AVENUE PAUL PRAS;M;4348413;-147669;640
2,016E+11;16;11;8;1125;1;2;1;2;6;102;AV DES ALLEES MARINES;M;4349570;-147983;640
2,016E+11;16;11;11;1211;1;2;3;2;3;24;BOULEVARD DE LA MER;M;4349355;-154550;640
2,016E+11;16;11;14;1800;2;2;1;8;3;102;05 AVENUE VITAL BIRABEN;M;4347828;-148158;640
2,016E+11;16;11;21;1420;1;2;1;8;7;24;AVENUE JEAN LEON LAPORTE;M;4348610;-150160;640
2,016E+11;16;12;2;1400;1;2;1;1;7;24;BOULEVARD DES PLAGES;M;4349985;-154015;640
2,016E+11;16;12;2;1840;5;2;1;1;3;102;ALLEES MARINES;M;4349718;-148286;640
2,016E+11;16;12;3;1645;1;2;1;1;3;24;AV JEAN LEON LAPORTE;M;4348728;-150079;640
2,016E+11;16;12;6;1740;2;2;1;1;5;102;AVENUE HENRI DE NAVARRE;M;4350378;-144661;640
2,016E+11;16;12;7;1030;1;2;1;1;2;102;QUAI DE LESSEPS;M;4349599;-147262;640
2,016E+11;16;12;14;400;5;2;1;1;7;24;AV MARCEL DASSAULT;M;4350015;-149730;640
2,016E+11;16;12;16;1155;1;2;1;1;5;102;12 AVENUE MARECHAL FOCH;M;4349369;-148144;640
2,016E+11;16;12;18;1550;1;2;3;1;3;102;21 BOUL ALSACE LORRAINE;M;4349425;-146773;640
2,016E+11;16;12;23;655;5;2;2;2;3;102;AVENUE LEGION TCHEQUE;M;4349236;-148686;640
2,016E+11;16;12;29;1455;1;2;2;1;3;24;RUE DES QUATRE CANTONS;M;4348840;-152841;640
2,016E+11;16;1;23;1000;1;2;6;1;7;125;AVENUE D'ESPAGNE;M;4343149;-159794;640
2,016E+11;16;2;21;1720;1;2;1;1;3;122;RUE DE PICHOT;M;4346570;-153698;640
2,016E+11;16;2;27;2120;5;2;1;1;7;125;AVENUE CHABADENIA;M;4344070;-158708;640
2,016E+11;16;3;3;1330;1;2;1;1;6;122;43 ALLEE DU MOURA;M;4346005;-153843;640
2,016E+11;16;3;19;1910;1;2;1;2;2;122;7 AV MARECHAL FOCH;M;4348110;-155874;640
2,016E+11;16;3;25;800;1;2;1;1;6;122;AVENUE DE VERDUN;M;4348189;-155791;640
2,016E+11;16;3;26;1805;1;2;1;1;2;125;11 AVENUE CUMBA;M;4344681;-157886;640
2,016E+11;16;3;27;900;1;2;1;8;7;125;AVENUE D'ATHERBEA;M;4343778;-159143;640
2,016E+11;16;3;27;1330;1;2;1;1;6;122;BOUL. GENERAL DE GAULLE;M;4348325;-155985;640
2,016E+11;16;4;2;2050;2;2;1;1;7;122;RD 810;M;4345774;-155015;640
2,016E+11;16;5;1;100;5;2;1;1;6;122;RUE BORDOLO;M;4347908;-155383;640
2,016E+11;16;5;4;1550;1;2;1;1;6;122;AVENUE DE LA MILADY;M;4346705;-157156;640
2,016E+11;16;5;7;2035;1;2;1;1;6;122;RUE D'ESPAGNE;M;4347468;-155770;640
2,016E+11;16;5;30;515;5;1;1;2;7;122;20 AVENUE MAC CROSKEY;M;4349232;-154948;640
2,016E+11;16;6;1;1445;1;2;1;1;2;122;AVENUE DE MIGRON;M;4347015;-154929;640
2,016E+11;16;6;2;1250;1;2;1;8;1;122;AVENUE ALAN SEEGER;M;4344811;-154435;640
2,016E+11;16;6;3;1115;1;2;3;1;3;122;AVENUE DE GRAMMONT;M;4347595;-155249;640
2,016E+11;16;6;4;1145;1;2;1;1;6;122;13 AVENUE DE LA MARNE;M;4348424;-155573;640
2,016E+11;16;6;9;1550;1;2;1;1;3;122;ROND POINT DE L EUROPE;M;4348107;-154075;640
2,016E+11;16;6;11;910;1;2;1;1;6;122;BOUL. GENERAL DE GAULLE;M;4348382;-155878;640
2,016E+11;16;6;12;855;1;2;1;1;1;122;28 BOUL MARCEL DASSAULT;M;4345004;-155981;640
2,016E+11;16;6;14;1830;1;2;1;2;3;125;197 AVENUE DU PLATEAU;M;4344478;-158403;640
2,016E+11;16;6;18;1550;1;2;2;8;3;122;AVENUE HENRI HAGET;M;4348103;-153522;640
2,016E+11;16;6;24;1625;1;2;1;1;6;122;19 AVENUE GRAMMONT;M;4347542;-155304;640
2,016E+11;16;6;29;1040;1;2;1;1;7;122;25 AVENUE DE LONDRES;M;4347857;-156350;640
2,016E+11;16;7;2;2325;5;2;1;1;3;122;8 AVENUE MAC CROSKEY;M;4349219;-155055;640
2,016E+11;16;7;3;500;5;2;1;1;6;122;36 AVENUE DE LA MARNE;M;4348455;-154996;640
2,016E+11;16;7;4;45;5;2;1;1;3;122;ESPLANADE DU PORT VIEUX;M;4348216;-156726;640
2,016E+11;16;7;5;15;5;2;1;2;7;122;AV PRESIDENT JF KENNEDY;M;4366149;-155001;640
2,016E+11;16;7;13;1735;1;2;1;1;1;125;ALLEE THEODORE MONOD;M;4344579;-155297;640
2,016E+11;16;7;15;1744;1;2;1;1;6;122;RUE LARRALDE;M;4348156;-155827;640
2,016E+11;16;7;15;2030;1;2;1;1;3;122;BOUL MARCEL DASSAULT;M;4346097;-154664;640
2,016E+11;16;7;17;1250;1;2;3;1;3;122;RUE D' HARCET;M;4346328;-156264;640
2,016E+11;16;7;25;610;5;2;1;1;6;122;68 AVENUE DE LA MILADY;M;4346703;-157116;640
2,016E+11;16;7;27;1200;1;2;1;1;6;122;RUE DE LA POSTE;M;4348125;-156001;640
2,016E+11;16;7;28;1630;1;2;1;1;3;122;PERSPECTIVE COTE DES;M;4348048;-156554;640
2,016E+11;16;7;29;1600;1;2;1;1;3;122;ROND POINT DU MOUSSE;M;4346796;-153977;640
2,016E+11;16;7;30;1240;1;2;1;1;2;125;AVENUE DE BIARRITZ;M;4345104;-157456;640
2,016E+11;16;7;30;1855;1;2;1;1;7;122;BOUL MARCEL DASSAULT;M;4346822;-153949;640
2,016E+11;16;8;6;1115;1;2;1;1;3;125;AVENUE DE CUMBA;M;4344589;-344589;640
2,016E+11;16;8;12;2120;2;2;1;1;3;122;AVENUE DE L'IMPERATRICE;M;4348522;-155627;640
2,016E+11;16;8;13;1930;1;2;1;1;1;125;AVENUE DE BIARRITZ;M;4345542;-157327;640
2,016E+11;16;8;17;20;5;2;1;1;3;122;AVENUE EDITH CAVELL;M;4349106;-154480;640
2,016E+11;16;8;21;1915;1;2;1;1;1;125;RUE URDELARUN;M;4342508;-158427;640
2,016E+11;16;8;18;430;5;2;1;1;6;125;AVENUE D'ESPAGNE;M;4342665;-160370;640
2,016E+11;16;8;19;1100;1;2;1;1;3;122;RUE DE MADRID;M;4346960;-156946;640
2,016E+11;16;8;26;1040;1;2;1;1;6;122;RUE DE PITCHOT;M;4346592;-153841;640
2,016E+11;16;9;3;1200;1;2;1;1;6;122;RP DE LA NEGRESSE;M;4346028;-147573;640
2,016E+11;16;9;4;207;4;2;1;1;6;122;RUE D' HARCET;M;4346326;-156267;640
2,016E+11;16;9;21;740;2;2;1;1;3;122;RUE FRANCIS JAMMES;M;4346230;-155247;640
2,016E+11;16;9;24;1540;1;2;1;1;3;125;AVENUE DE BAYONNE;M;4345013;-156814;640
2,016E+11;16;9;30;1555;1;2;1;1;2;122;BOULEVARD DU BAB;M;4346963;-154366;640
2,016E+11;16;10;4;1010;1;2;1;1;3;122;95 AVENUE-IMPAS PIOCHE;M;4346902;-155812;640
2,016E+11;16;10;8;1630;1;2;1;1;3;125;AVENUE DE BAYONNE;M;4345077;-156390;640
2,016E+11;16;10;13;2130;5;2;1;1;3;122;26 AVENUE LAHOUZE;M;4347810;-154860;640
2,016E+11;16;10;22;525;5;2;1;1;6;122;AVENUE DE LA MARNE;M;4348487;-155362;640
2,016E+11;16;10;22;2040;3;2;1;1;7;122;RUE DE PITCHOT;M;4346489;-153530;640
2,016E+11;16;11;11;1005;1;2;1;3;3;125;AVENUE CHABADENIA;M;4344199;-158550;640
2,016E+11;16;11;14;1650;1;2;1;1;6;122;22 AVENUE DE MIGRON;M;4347227;-155031;640
2,016E+11;16;11;23;130;5;2;1;3;6;122;RUE GUY PETIT;M;4347842;-155551;640
2,016E+11;16;12;23;1120;1;2;1;1;7;122;ROND-POINT KLEBER;M;4347525;-154548;640
2,016E+11;16;12;27;35;3;2;1;5;7;125;11 RUE DE L'ETAPE;M;4345041;-157515;640
2,016E+11;16;1;1;2130;5;2;1;1;3;129;AVENUE JEAN MERMOZ;M;4331418;-37770;640
2,016E+11;16;1;3;2009;5;2;1;1;3;132;RUE GEORGES CLEMENCEAU;M;4329160;-35837;640
2,016E+11;16;1;4;1929;5;2;1;2;4;445;BD D' ALSACE LORRAINE;M;4330280;-36192;640
2,016E+11;16;1;4;2005;5;2;2;2;3;445;RUE D' ETIGNY;M;4329598;-37865;640
2,016E+11;16;1;4;2025;5;2;1;2;2;445;RUE HENRI FAISANS;M;4329913;-36284;640
2,016E+11;16;1;4;2135;5;2;6;2;2;445;RP GABRIEL DELAUNEY;M;4331868;-79840;640
2,016E+11;16;1;5;746;5;2;1;2;6;445;BD ALSACE LORRAINE;M;4330185;-35778;640
2,016E+11;16;1;5;1810;5;2;2;2;3;445;CATHERINE DE BOURBON;M;4332483;-35743;640
2,016E+11;16;1;8;757;2;2;3;1;6;445;RUE DES FRERES CAMORS;M;4331139;-36890;640
2,016E+11;16;1;8;926;1;2;3;1;3;348;RUE DU CHATEAU;M;4331601;-40873;640
2,016E+11;16;1;8;1130;1;2;7;1;6;445;PLACE DE LA REPUBLIQUE;M;4330010;-36919;640
2,016E+11;16;1;8;1220;1;2;1;1;3;445;AVENUE JEAN MERMOZ;M;4330648;-37627;640
2,016E+11;16;1;9;1818;5;2;1;1;4;348;BD CHARLES DE GAULLE;M;4331367;-41747;640
2,016E+11;16;1;12;1409;1;2;1;1;2;445;26 AVENUE LEON BLUM;M;4331699;-33063;640
2,016E+11;16;1;12;1453;1;2;1;1;2;445;BOULEVARD DE L'EUROPE;M;4332292;-31484;640
2,016E+11;16;1;13;725;2;2;8;1;3;284;CHEMIN SOUBACQ;M;4326161;-38803;640
2,016E+11;16;1;16;1935;5;2;1;1;1;445;AVENUE DE L'EUROPE;M;4332657;-32686;640
2,016E+11;16;1;17;1145;1;2;6;1;2;348;ROND POINT DES COMBATTAN;M;4333872;-37987;640
2,016E+11;16;1;18;1155;1;2;5;1;3;445;AV DOYEN POPLAWSKI;M;4331919;-36751;640
2,016E+11;16;1;18;1950;5;2;1;2;6;445;14 BD ALSACE LORRAINE;M;4330252;-36089;640
2,016E+11;16;1;21;1055;1;2;1;1;2;445;3 BD ALSACE LORRAINE;M;4330194;-35892;640
2,016E+11;16;1;22;1915;5;2;1;1;3;335;AV ANDRE MARIE AMPERE;M;4331764;-43197;640
2,016E+11;16;1;24;1425;1;2;2;1;3;445;AV DIDIER DAURAT;M;4333532;-37970;640
2,016E+11;16;1;25;825;1;2;1;1;4;445;BD OLOF PALME;M;4333508;-36092;640
2,016E+11;16;1;25;1320;1;2;1;1;6;132;CHEMIN DE L' AVIATION;M;4330865;-32576;640
2,016E+11;16;1;26;1827;2;2;1;1;3;445;6, PEBOUE;M;4330844;-33777;640
2,016E+11;16;1;31;1630;1;2;2;2;3;269;5 AVENUE DU CAMP;M;4329921;-30068;640
2,016E+11;16;1;31;2045;5;2;1;2;2;445;AVENUE GASTON LACOSTE;M;4329244;-36366;640
2,016E+11;16;2;1;1650;1;2;1;1;6;445;AVENUE GENERAL LECLERC;M;4330620;-33435;640
2,016E+11;16;2;3;1635;1;2;1;1;6;445;18 AVENUE DE BUROS;M;4330550;-35397;640
2,016E+11;16;2;4;615;5;2;1;1;1;445;ALLEE ALFRED DE MUSSET;M;4329490;-36294;640
2,016E+11;16;2;4;1805;2;2;1;1;2;445;71 RUE DU 14 JUILLET;M;4328780;-38021;640
2,016E+11;16;2;4;1923;5;2;6;1;3;445;COURS LEON BERARD;M;4331650;-37475;640
2,016E+11;16;2;7;1905;5;2;1;1;3;445;ALLEE C DE BOURBON;M;4332480;-35751;640
2,016E+11;16;2;8;1250;1;2;1;1;3;445;RUE LOUIS BARTHOU;M;4329460;-36511;640
2,016E+11;16;2;8;1530;1;2;2;1;3;335;RUE MAURICE COUSTEAU;M;4333380;-42404;640
2,016E+11;16;2;9;1455;1;2;1;3;3;445;AVENUE GASTON LACOSTE;M;4329270;-36258;640
2,016E+11;16;2;9;2000;5;2;1;2;2;129;5 AVENUE DE  BEZIOU;M;4330350;-37973;640
2,016E+11;16;2;10;1230;1;2;1;8;6;445;RUE DU MOHEDAN;M;4331120;-37208;640
2,016E+11;16;2;10;1448;1;2;1;2;2;348;BD CHARLES DE GAULLE;M;4330940;-40956;640
2,016E+11;16;2;11;1833;2;2;1;2;6;445;RUE D'ETIGNY;M;4329600;-37857;640
2,016E+11;16;2;12;1405;1;2;1;2;2;348;BD CHARLES DE GAULLE;M;4331280;-41569;640
2,016E+11;16;2;13;600;5;2;1;3;6;129;ROUTE DE  BAYONNE;M;4329810;-38885;640
2,016E+11;16;2;14;1900;5;2;3;2;3;445;20, LILAS DES;M;4330520;-35140;640
2,016E+11;16;2;15;1900;5;2;6;1;3;445;RP COMBATTANTS D' INDOCH;M;4331790;-37836;640
2,016E+11;16;2;18;15;5;2;2;1;6;445;BD ALSACE LORRAINE;M;4330450;-36807;640
2,016E+11;16;2;18;225;5;2;1;2;2;445;AV GENERAL DE GAULLE;M;4330260;-35233;640
2,016E+11;16;2;18;1840;2;2;6;2;2;445;RP COMMUNE DE PARIS;M;4331110;-36327;640
2,016E+11;16;2;20;2150;5;2;2;1;1;445;BOULEVARD DE LA PAIX;M;4332140;-36041;640
2,016E+11;16;2;23;1705;1;2;1;2;6;445;RUE OLLE LAPRUNE;M;4328590;-38888;640
2,016E+11;16;2;24;630;2;2;6;1;2;445;RP FRANCOIS MITTERAND;M;4332980;-35574;640
2,016E+11;16;2;26;1740;1;2;1;1;3;445;RUE HENRI FAISANS;M;4330040;-36039;640
2,016E+11;16;2;27;2140;5;2;6;2;3;445;PLACE PEYROULET;M;4330420;-35658;640
2,016E+11;16;2;29;1340;1;2;1;1;6;445;AVENUE COPERNIC;M;4332460;-34282;640
2,016E+11;16;2;29;1910;5;2;1;1;2;348;BV DE L'EUROPE;M;4333050;-38526;640
2,016E+11;16;3;3;2150;5;2;1;2;6;445;BOUL. ALSACE LORRAINE;M;4330146;-35788;640
2,016E+11;16;3;4;1630;1;2;1;2;6;284;25 RUE OLLE LAPRUNE;M;4328542;-38840;640
2,016E+11;16;3;4;1905;5;2;2;3;6;445;22 RUE D' ETIGNY;M;4329603;-37858;640
2,016E+11;16;3;4;2115;4;2;1;2;4;269;0, N117;M;4329815;-30319;640
2,016E+11;16;3;6;950;1;2;3;1;3;445;BOUL. ALSACE LORRAINE;M;4330482;-37057;640
2,016E+11;16;3;7;1420;1;2;3;8;3;445;RUE EMILE GARET;M;4330205;-36074;640
2,016E+11;16;3;7;1550;1;2;9;2;6;445;BOUL. HAUTERIVE;M;4332604;-34829;640
2,016E+11;16;3;7;1830;2;2;1;2;6;445;24 RUE VICTOR LADEVEZE;M;4330819;-37580;640
2,016E+11;16;3;10;1225;1;2;1;1;2;284;121 AVENUE RAUSKI;M;4326202;-39022;640
2,016E+11;16;3;10;1825;2;2;1;1;2;284;PONT D' ESPAGNE;M;4329566;-38717;640
2,016E+11;16;3;11;1655;1;2;2;1;5;445;AVENUE DUFAU;M;4330937;-36394;640
2,016E+11;16;3;12;1400;1;2;1;1;7;335;AVENUE FRERES WRIGHT;M;4335007;-38636;640
2,016E+11;16;3;12;1605;1;2;3;1;3;445;8 RUE HENRI FAISANS;M;4330052;-36032;640
2,016E+11;16;3;14;2015;5;2;1;1;3;445;AV DOYEN HENRY VIZIOZ;M;4332033;-36806;640
2,016E+11;16;3;15;1600;1;2;1;1;6;445;AVENUE DUFAU;M;4330607;-36706;640
2,016E+11;16;3;17;750;1;2;3;1;1;445;RUE HOO PARIS;M;4330340;-36429;640
2,016E+11;16;3;17;1450;1;2;1;1;2;445;ALLEE CONDORCET;M;4331539;-36148;640
2,016E+11;16;3;18;930;1;2;1;1;2;269;40 ROUTE DE  TARBES;M;4329777;-30176;640
2,016E+11;16;3;21;740;1;2;1;1;3;445;BOUL. ALSACE LORRAINE;M;4330321;-36337;640
2,016E+11;16;3;23;1820;1;2;1;1;2;445;25 AVENUE DU BEZET;M;4332635;-37406;640
2,016E+11;16;3;24;1645;1;2;1;1;6;445;14, JEAN MERMOZ;M;4330647;-37627;640
2,016E+11;16;3;31;918;1;2;1;2;3;445;36 COURS LYAUTEY;M;4330852;-36401;640
2,016E+11;16;4;1;1355;1;2;1;1;2;348;MARTYRS DU PONT LONG;M;4334354;-37978;640
2,016E+11;16;4;2;1511;1;2;6;1;3;445;VICTOR SCHOELCHER;M;4332146;-35916;640
2,016E+11;16;4;5;2155;4;2;1;2;2;284;PONT D' ESPAGNE;M;4329414;-38696;640
2,016E+11;16;4;6;1435;1;2;1;1;2;335;RUE SAINTE-CATHERINE;M;4332835;-43816;640
2,016E+11;16;4;7;2100;5;2;1;1;1;129;AVENUE DE LA RESISTANCE;M;4330901;-38561;640
2,016E+11;16;4;8;1355;1;2;1;1;2;445;BOUL. ALSACE LORRAINE;M;4330294;-36251;640
2,016E+11;16;4;10;1710;1;1;1;1;3;445;ALLEE DU GRAND TOUR;M;4329840;-37930;640
2,016E+11;16;4;11;950;1;2;1;1;3;335;0, LONS DE;M;4332298;-42007;640
2,016E+11;16;4;11;1740;1;2;1;1;1;348;BOUL. CHARLES DE GAULLE;M;4330786;-40636;640
2,016E+11;16;4;12;1537;1;2;1;1;6;445;AVENUE GENERAL LECLERC;M;4330316;-34937;640
2,016E+11;16;4;12;1740;1;2;1;1;6;445;AV DU GENERAL LECLERC;M;4330607;-33512;640
2,016E+11;16;4;14;1515;1;2;1;1;2;348;BOULEVARD DE L'EUROPE;M;4332454;-38771;640
2,016E+11;16;4;15;1712;1;2;1;1;5;445;BOUL.BARBANEGRE;M;4329689;-36396;640
2,016E+11;16;4;15;1900;1;1;1;1;1;348;AVENUE DE SANTONA;M;4332205;-39561;640
2,016E+11;16;4;16;1430;1;2;2;1;1;348;AV ANDRE MARIE AMPERE;M;4330977;-42381;640
2,016E+11;16;4;17;2130;1;2;1;1;1;445;AV FRANCOIS MITTERAND;M;4333029;-35526;640
2,016E+11;16;4;18;1405;1;2;1;1;3;284;AV DU 18 JUIN 1940;M;4329193;-40707;640
2,016E+11;16;4;19;1735;1;2;1;1;1;269;21, PIERRE DE BELSUNCE;M;4329484;-30734;640
2,016E+11;16;4;22;1750;1;2;1;1;4;269;ROUTE DE TARBES;M;4329920;-30688;640
2,016E+11;16;4;22;1930;1;2;1;1;3;445;BOUL. ALSACE LORRAINE;M;4330395;-36609;640
2,016E+11;16;4;23;1745;1;2;1;2;2;445;RP BACHAGA BOUALAN;M;4331637;-37475;640
2,016E+11;16;4;24;1045;1;2;6;1;3;445;RP BACHAGA BOUALAN;M;4331634;-37479;640
2,016E+11;16;4;24;1725;1;1;1;1;6;335;RD 817;M;4333727;-46036;640
2,016E+11;16;4;28;810;1;2;1;1;1;373;RUE DU 8 MAI 1945;M;4328064;-35473;640
2,016E+11;16;5;2;1100;1;2;1;1;6;445;18 RUE GALOS;M;4329926;-36796;640
2,016E+11;16;5;4;1645;1;2;1;1;3;445;234 AV JEAN MERMOZ;M;4332190;-37910;640
2,016E+11;16;5;4;1900;2;2;1;1;3;132;BOUL. RENE MOUCHOTTE;M;4330263;-31904;640
2,016E+11;16;5;6;1730;1;1;1;1;3;284;872 CHEMIN DES ASTOUS;M;4325586;-39993;640
2,016E+11;16;5;7;2230;5;1;6;1;3;335;RUE JOSEPH CUGNOT;M;4332049;-43369;640
2,016E+11;16;5;10;816;1;1;1;1;6;445;2 RUE DE BATSALLE;M;4330050;-35773;640
2,016E+11;16;5;10;1035;1;2;1;1;2;132;4 RUE DES FRERES COUSTE;M;4329616;-33557;640
2,016E+11;16;5;11;2100;1;2;1;1;3;445;3 COURS BOSQUET;M;4329777;-36511;640
2,016E+11;16;5;12;1045;1;2;1;1;2;445;64 AVENUE JEAN BIRAY;M;4329237;-37230;640
2,016E+11;16;5;12;1045;1;2;1;1;6;445;3 RUE DU MOHEDAN;M;4331135;-36948;640
2,016E+11;16;5;12;1819;1;1;1;1;3;335;RUE JEAN JAURES;M;4331711;-42965;640
2,016E+11;16;5;17;1710;1;2;1;1;3;445;RUE RONSARD;M;4331835;-35777;640
2,016E+11;16;5;18;2055;5;2;3;1;3;445;BOILEVARD DU CAMI SALIE;M;4332610;-33820;640
2,016E+11;16;5;19;1610;1;2;2;1;3;445;BD D'ALSACE LORRAINE;M;4330439;-36755;640
2,016E+11;16;5;20;1235;1;2;1;1;2;445;COURS LEON BERARD;M;4331418;-37041;640
2,016E+11;16;5;20;2230;5;2;3;1;3;445;PLACE DE VERDUN;M;4329883;-37487;640
2,016E+11;16;5;21;1350;1;2;1;1;3;445;9 AV DE LA RESISTANCE;M;4330124;-37535;640
2,016E+11;16;5;22;1810;2;2;3;2;1;348;244 AV JEAN MERMOZ;M;4332270;-37931;640
2,016E+11;16;5;23;1350;1;2;6;2;3;445;ROND POINT YITZHAK RABIN;M;4330668;-33377;640
2,016E+11;16;5;24;825;1;2;1;1;4;269;ROUTE DE TARBES;M;4329829;-30332;640