Num_Acc;an;mois;jour;hrmn;lum;agg;int;atm;col;com;adr;gps;lat;long;dep
2,016E+11;16;5;24;1300;1;2;1;1;2;445;JEAN BIRAY;M;4329246;-37265;640
2,016E+11;16;5;27;1235;1;2;1;1;3;445;188 AV JEAN MERMOZ;M;4331730;-37829;640
2,016E+11;16;5;27;1635;1;2;1;1;6;348;BOUL. CHARLES DE GAULLE;M;4331100;-41255;640
2,016E+11;16;5;28;1610;1;2;1;1;4;335;AVENUE DE L'OUSSE;M;4333574;-43486;640
2,016E+11;16;5;30;1323;1;2;1;1;3;445;RUE JEAN REVEIL;M;4330043;-36519;640
2,016E+11;16;5;31;1720;1;2;6;1;3;335;GIRATOIRE DE L'EUROPE;M;4331819;-42462;640
2,016E+11;16;6;1;825;1;2;1;1;1;269;AV BEAU SOLEIL;M;4329952;-31536;640
2,016E+11;16;6;1;1400;1;2;1;1;3;445;ROND POINT YITZHAK RABIN;M;4330630;-33378;640
2,016E+11;16;6;1;2210;5;2;3;1;6;445;RUE DE LIEGE;M;4329984;-37500;640
2,016E+11;16;6;2;1720;1;1;1;1;2;335;RD 817;M;4334484;-42047;640
2,016E+11;16;6;3;1600;1;2;6;1;2;348;AVENUE DE SANTONA;M;4332254;-39943;640
2,016E+11;16;6;4;1453;1;2;6;1;1;445;RUE RONSARD;M;4331880;-35976;640
2,016E+11;16;6;4;1625;1;1;1;1;4;335;BOULEVARD DE L'EUROPE;M;4332805;-44394;640
2,016E+11;16;6;7;850;1;1;1;1;1;132;AV ALBERT 1ER;M;4328579;-34855;640
2,016E+11;16;6;8;1410;1;2;1;1;2;132;CORPS FRANC POMMIES;M;4330385;-31630;640
2,016E+11;16;6;10;1540;1;2;1;2;5;348;MARTYRS DU PONT LONG;M;4334502;-37982;640
2,016E+11;16;6;11;1750;1;1;1;1;3;269;22 ROUTE DE TARBES;M;4329994;-30916;640
2,016E+11;16;6;14;1725;1;2;1;1;3;445;52 AVENUE JEAN MERMOZ;M;4331000;-37693;640
2,016E+11;16;6;16;818;1;2;1;1;1;445;3 AV DOYEN HENRY VIZIOZ;M;4331999;-36782;640
2,016E+11;16;6;17;1300;1;1;1;1;3;348;ROND POINT DU TONKIN;M;4331713;-39474;640
2,016E+11;16;6;18;1305;1;2;1;8;3;445;154 AV JEAN MERMOZ;M;4331558;-37793;640
2,016E+11;16;6;20;1210;1;2;1;1;1;445;AV DE  MONTARDON;M;4331512;-37564;640
2,016E+11;16;6;20;1758;1;2;1;1;6;445;AVENUE DUFAU;M;4330878;-36423;640
2,016E+11;16;6;21;1414;1;2;1;1;6;445;BOUL CHAMPETIER DE RIBES;M;4330407;-37767;640
2,016E+11;16;6;21;1842;1;2;1;1;3;373;AV GENERAL DE GAULE;M;4327631;-35123;640
2,016E+11;16;6;22;1140;1;2;1;1;6;445;RUE LATAPIE;M;4329551;-36774;640
2,016E+11;16;6;23;1640;1;2;1;1;3;335;ROND POINT DE L'EUROPE;M;4331870;-42495;640
2,016E+11;16;6;24;1450;1;2;1;1;3;129;18 ROUTE DE BAYONNE;M;4329832;-38926;640
2,016E+11;16;6;26;1345;1;2;1;1;2;348;125 AVENUE DU TONKIN;M;4331891;-40104;640
2,016E+11;16;6;29;1925;1;1;1;1;1;269;30 ROUTE DE TARBES;M;4329871;-30503;640
2,016E+11;16;7;1;1135;1;2;6;1;3;445;RUE MARCA;M;4329623;-37863;640
2,016E+11;16;7;1;1745;1;2;1;1;2;348;ALLEE DE L'ARREMOULIT;M;4332015;-39141;640
2,016E+11;16;7;5;1645;1;2;1;1;6;445;AVENUE DE LA RESISTANCE;M;4330059;-37510;640
2,016E+11;16;7;5;1806;1;2;1;1;5;129;VOIE NORD SUD;M;4330354;-40343;640
2,016E+11;16;7;8;1610;1;2;1;1;6;445;174 JEAN MERMOZ;M;4331653;-37816;640
2,016E+11;16;7;10;1815;1;2;1;1;6;445;25 AVENUE JEAN MERMOZ;M;4330739;-37652;640
2,016E+11;16;7;11;755;1;2;1;1;7;335;CHEMIN DU BILAA;M;4332445;-41480;640
2,016E+11;16;5;25;950;1;2;2;1;6;132;AV GEORGES CLEMENCEAU;M;4328929;-35460;640
2,016E+11;16;7;5;920;1;2;1;1;1;445;RUE DE LA REPUBLIQUE;M;4329898;-36995;640
2,016E+11;16;7;11;1250;1;2;2;1;3;348;77 AVENUE DIDIER DAURAT;M;4333510;-37975;640
2,016E+11;16;7;16;1915;1;1;1;1;4;445;AV MARTYRS DU PONT LONG;M;4333941;-37979;640
2,016E+11;16;7;21;615;2;2;3;1;3;445;RUE DE LACQ;M;4332466;-35683;640
2,016E+11;16;7;21;2145;2;2;1;1;6;284;41 AVENUE RAUSKI;M;4327259;-38868;640
2,016E+11;16;7;22;1720;1;1;1;1;2;129;AVENUE DE BEZIOU;M;4330289;-37960;640
2,016E+11;16;7;25;1510;1;2;1;1;1;445;BOULEVARD TOURASSE;M;4331099;-35014;640
2,016E+11;16;7;26;1345;1;2;2;1;5;129;AVENUE JEAN MERMOZ;M;4331182;-37732;640
2,016E+11;16;7;26;1651;1;2;1;1;3;445;BOULEVARD DE LA PAIX;M;4331418;-33323;640
2,016E+11;16;7;26;1755;1;2;1;1;1;445;AVENUE DES LILAS;M;4330486;-35233;640
2,016E+11;16;7;23;1325;1;2;1;1;6;445;BD DU GENERAL DE GAULLE;M;4330254;-35244;640
2,016E+11;16;7;27;1900;1;2;1;1;3;129;AVENUE DE LONS;M;4331227;-38635;640
2,016E+11;16;7;27;1950;1;2;1;1;3;348;AV ANDRE MARIE AMPERE;M;4330984;-42393;640
2,016E+11;16;7;30;1115;1;2;1;1;4;335;BOULEVARD DE L'EUROPE;M;4332499;-43813;640
2,016E+11;16;7;31;2235;5;2;1;1;2;445;AV MARTYRS DU PONT LONG;M;4333542;-37975;640
2,016E+11;16;8;1;1415;1;2;1;1;6;445;BOULEVARD DE LA PAIX;M;4331850;-34546;640
2,016E+11;16;8;1;1800;1;2;1;1;3;335;CHEMIN DE BATAN;M;4333235;-45824;640
2,016E+11;16;8;4;2240;5;2;1;2;2;445;2 RUE MULOT;M;4329642;-37863;640
2,016E+11;16;8;7;130;5;2;1;1;6;284;AVENUE HENRI IV;M;4328247;-38735;640
2,016E+11;16;8;8;1820;1;2;3;1;3;445;AVENUE DE LA RESISTANCE;M;4330247;-37556;640
2,016E+11;16;8;9;745;1;2;1;2;6;445;RUE RONSARD;M;4331870;-35966;640
2,016E+11;16;8;10;1010;1;2;3;1;6;445;AVENUE NITOT;M;4329618;-35350;640
2,016E+11;16;8;13;1200;1;2;1;1;4;445;18 AVENUE JEAN MERMOZ;M;4330689;-37637;640
2,016E+11;16;8;16;1650;1;2;3;1;3;445;RUE VICTOR HUGO;M;4330174;-37757;640
2,016E+11;16;8;19;845;1;2;6;1;3;129;RUE DU PIEDMONT;M;4330714;-39882;640
2,016E+11;16;8;19;2100;2;2;2;1;3;445;AL. CATHERINE DE BOURBON;M;4332480;-35744;640
2,016E+11;16;8;21;125;5;2;1;1;3;445;AVENUE JEAN MERMOZ;M;4330812;-37658;640
2,016E+11;16;8;22;1544;1;2;2;1;1;129;AVENUE DE LONS;M;4331228;-38636;640
2,016E+11;16;8;23;1815;1;2;2;1;3;348;AVENUE JEAN MERMOZ;M;4332081;-37903;640
2,016E+11;16;8;26;1940;1;2;3;1;3;348;AVENUE DIDIER DAURAT;M;4332928;-37962;640
2,016E+11;16;8;30;800;1;2;1;1;3;348;0, EUROPE DE L';M;4333870;-38523;640
2,016E+11;16;8;31;1500;1;2;2;1;3;445;BOUL DALSACE LORRAINE;M;4330486;-37062;640
2,016E+11;16;9;1;1820;1;2;1;1;3;348;47 CHARLES DE GAULLE;M;4330893;-40865;640
2,016E+11;16;9;2;955;1;1;2;1;3;269;RUE DE PEYREBLANQUE;M;4329808;-30275;640
2,016E+11;16;9;3;1755;1;2;2;1;3;445;AVENUE HENRY RUSSEL;M;4330267;-35205;640
2,016E+11;16;9;5;1151;1;2;1;1;6;284;RUE OLLE LAPRUNE;M;4328458;-38754;640
2,016E+11;16;9;6;1200;1;2;1;1;6;445;CORPS FRANC POMMIES;M;4330680;-33446;640
2,016E+11;16;9;7;730;1;2;1;1;3;445;AV DU GENERAL DE GAULLE;M;4330238;-35338;640
2,016E+11;16;9;10;2310;5;2;1;1;3;445;53 AV JEAN MERMOZ;M;4330991;-37693;640
2,016E+11;16;9;13;1120;1;2;1;1;3;348;BOUL. CHARLES DE GAULLE;M;4330918;-40910;640
2,016E+11;16;9;14;1040;1;2;6;1;2;445;RP ALLEES DE MORLAAS;M;4330771;-33851;640
2,016E+11;16;9;14;1535;1;2;3;1;5;445;AVENUE GASTON LACOSTE;M;4329318;-36125;640
2,016E+11;16;9;15;1315;1;2;1;1;6;445;RUE PIERRE MASSE;M;4331591;-35680;640
2,016E+11;16;9;15;1610;1;1;1;1;4;348;BOUL. CHARLES DE GAULLE;M;4331440;-41899;640
2,016E+11;16;9;20;1240;1;2;1;1;2;445;BOULEVARD TOURASSE;M;4330896;-34265;640
2,016E+11;16;9;21;905;1;2;6;1;3;445;AL. CATHERINE DE BOURBON;M;4332142;-35865;640
2,016E+11;16;9;21;1345;1;2;1;1;6;445;RUE GAMBETTA;M;4329700;-36640;640
2,016E+11;16;9;21;1630;1;2;1;1;5;348;BOUL. CHARLES DE GAULLE;M;4330867;-40835;640
2,016E+11;16;9;22;1015;1;2;1;1;6;445;RUE D'ESPALUNGUE;M;4329590;-37648;640
2,016E+11;16;9;23;1921;1;2;3;1;3;445;AVENUE DU LOUP;M;4330603;-35669;640
2,016E+11;16;9;23;2000;1;1;1;1;3;335;BOULEVARD DE L'EUROPE;M;4333288;-45285;640
2,016E+11;16;9;28;1230;1;2;6;1;1;237;RUE EUGENE DAURE;M;4328829;-37649;640
2,016E+11;16;9;28;1110;1;1;3;1;6;445;RUE MONTPENSIER;M;4329934;-37134;640
2,016E+11;16;9;29;1615;1;2;3;1;3;445;AVENUE DIDIER DAURAT;M;4333113;-37964;640
2,016E+11;16;9;30;955;1;2;2;1;3;129;RUE DE LA MAIRIE;M;4330287;-39561;640
2,016E+11;16;9;30;1255;1;2;1;1;6;445;BOULEVARD DU CAMI SALIE;M;4333158;-36048;640
2,016E+11;16;10;5;1230;1;2;1;1;4;445;52 AVENUE DES LILAS;M;4330790;-34589;640
2,016E+11;16;10;7;240;5;2;1;1;2;445;AVENUE ALFRED NOBEL;M;4331113;-32367;640
2,016E+11;16;10;6;1636;1;2;2;1;3;129;RUE DE LA MAIRIE;M;4330280;-39569;640
2,016E+11;16;10;7;1510;1;2;1;1;2;445;CATHERINE DE BOURBON;M;4812991;-40138;640
2,016E+11;16;10;11;2043;5;1;3;1;3;445;PLACE PEYROULET;M;4330370;-35572;640
2,016E+11;16;10;12;854;1;2;1;1;1;445;29 AVENUE DES LILAS;M;4330585;-34984;640
2,016E+11;16;10;12;1225;1;2;3;1;6;284;RUE OLLE LAPRUNE;M;4328463;-38756;640
2,016E+11;16;10;12;1310;1;2;3;1;1;445;DOYEN ROBERT POPLAWSKI;M;4331681;-36826;640
2,016E+11;16;10;12;2040;4;2;9;1;3;348;LE MAIL DE L'HIPPODROME;M;4332877;-38301;640
2,016E+11;16;10;15;1720;1;2;1;1;2;284;34 AVENUE RAUSKI;M;4326722;-38950;640
2,016E+11;16;10;14;842;1;2;1;1;6;445;ALLEE CONDORCET;M;4331617;-36151;640
2,016E+11;16;10;18;1250;1;1;1;1;2;284;AV DU 18 JUIN 1940;M;4328878;-40216;640
2,016E+11;16;10;18;1913;2;2;1;1;3;335;BOULEVARD DE L'EUROPE;M;4331808;-43287;640
2,016E+11;16;10;19;1255;1;2;3;1;3;335;CHEMIN DE LONS;M;4332465;-42219;640
2,016E+11;16;10;19;1503;1;1;1;1;2;445;COURS LEON BERARD;M;4331391;-37023;640
2,016E+11;16;10;19;1535;1;2;1;1;2;445;12 AVENUE JEAN MERMOZ;M;4330623;-37623;640
2,016E+11;16;10;21;1435;1;2;1;1;2;445;30 RUE DE LIEGE;M;4329870;-37485;640
2,016E+11;16;10;23;950;1;2;1;1;6;445;BOUL CHAMPETIER DE RIBES;M;4330423;-37761;640
2,016E+11;16;10;26;1000;1;2;3;1;3;445;38 AV DE MONTARDON;M;4331177;-37540;640
2,016E+11;16;10;27;1505;1;2;1;1;1;445;ALLEE CONDORCET;M;4331523;-36165;640
2,016E+11;16;10;27;1535;1;2;1;1;3;445;10, AVENUE FOUCHET;M;4331322;-37066;640
2,016E+11;16;10;30;1140;1;2;1;1;3;348;BOUL. CHARLES DE GAULLE;M;4330863;-40826;640
2,016E+11;16;10;31;1740;1;2;1;1;3;129;25 ROUTE DE BAYONNE;M;4330109;-39453;640
2,016E+11;16;10;31;1850;5;2;1;1;4;129;AVENUE EAN MERMOZ;M;4331304;-37749;640
2,016E+11;16;11;2;1925;5;2;1;1;1;129;3 ROUTE DE BAYONNE;M;4329960;-39161;640
2,016E+11;16;11;4;1215;1;2;1;2;2;445;15 AVENUE LEON BLUM;M;4331588;-33197;640
2,016E+11;16;11;5;610;5;2;2;3;3;132;BOULEVARD DE L'AVIATION;M;4330669;-32749;640
2,016E+11;16;11;5;1250;1;2;3;3;3;445;AVENUE PHILIPPON;M;4333141;-36156;640
2,016E+11;16;11;5;1825;5;2;1;3;2;445;AVENUE DE LA RESISTANCE;M;4330510;-37602;640
2,016E+11;16;11;5;1853;4;1;1;3;1;284;18 JUIN 1940 DU;M;4329036;-40396;640
2,016E+11;16;11;5;2015;5;2;9;1;1;445;RP COMBATTANTS D' INDO;M;4331819;-37824;640
2,016E+11;16;11;9;1250;1;2;1;1;1;129;56 ROUTE DE BAYONNE;M;4330114;-39448;640
2,016E+11;16;11;9;1355;1;2;1;2;3;445;AV DU GENERAL DE GAULLE;M;4330241;-35333;640
2,016E+11;16;11;11;1203;1;2;1;1;3;445;COURS LYAUTEY;M;4330860;-36391;640
2,016E+11;16;11;12;1800;2;1;1;1;2;269;RD D938;M;4329357;-32620;640
2,016E+11;16;11;12;2003;5;2;2;2;3;445;RUE CASTERET;M;4330337;-36177;640
2,016E+11;16;11;13;321;5;1;1;1;3;445;COURS LYAUTEY;M;4330864;-36392;640
2,016E+11;16;11;14;1215;1;2;2;1;1;445;403 BOULEVARD DE LA PAIX;M;4332455;-37956;640
2,016E+11;16;11;14;1510;1;2;1;1;6;445;RUE LAVOISIER;M;4331055;-36410;640
2,016E+11;16;11;15;740;5;2;1;1;3;445;AVENUE TRESPOEY;M;4329880;-35285;640
2,016E+11;16;11;15;850;1;2;3;1;3;445;RUE DU SOUST;M;4329217;-37826;640
2,016E+11;16;11;16;1000;1;2;1;1;6;445;216 AVENUE JEAN MERMOZ;M;4331950;-37880;640
2,016E+11;16;11;17;2020;5;2;2;1;1;445;AVENUE LEON SAY;M;4329428;-35908;640
2,016E+11;16;11;18;1720;2;2;1;1;2;269;RD D938;M;4328690;-32550;640
2,016E+11;16;11;19;1840;5;2;3;1;3;445;CAMI SALIE DU;M;4333405;-37387;640
2,016E+11;16;11;21;755;1;1;2;1;3;348;AVENUE DE L'HIPPODROME;M;4333909;-39519;640
2,016E+11;16;11;22;1910;4;2;1;3;6;445;RUE DU 14 JUILLET;M;4329297;-37806;640
2,016E+11;16;11;22;2039;5;2;2;2;3;445;RUE BOURBAKI;M;4330280;-37352;640
2,016E+11;16;11;23;1910;1;2;1;3;6;445;BOUL. DU CAMI SALIE;M;4333281;-36644;640
2,016E+11;16;11;23;2000;5;2;1;2;2;335;BOULEVARD DE L'EUROPE;M;4333317;-45333;640
2,016E+11;16;11;23;1130;1;2;1;1;3;445;BOULEVARD BARBANEGRE;M;4329671;-36352;640
2,016E+11;16;11;24;1933;5;2;2;1;1;445;BOUL D'ALSACE LORRAINE;M;4330242;-36046;640
2,016E+11;16;11;29;1440;1;2;2;1;3;445;140 AVENUE JEAN MERMOZ;M;4331488;-37783;640
2,016E+11;16;11;29;1735;1;2;1;1;3;445;RUE ANDRE MITTON;M;4331583;-35931;640
2,016E+11;16;11;30;1245;1;2;1;1;5;348;AVENUE JEAN MERMOZ;M;4332228;-37924;640
2,016E+11;16;11;30;1650;1;2;1;1;2;129;RUE SAINT-EXUPERY;M;4331368;-37779;640
2,016E+11;16;12;1;1010;1;2;1;1;2;445;7, CHAMPETIER DE RIBES;M;4330342;-37835;640
2,016E+11;16;12;1;1700;1;1;1;1;2;269;6 ROUTE DE TARBES;M;4330144;-31460;640
2,016E+11;16;12;2;1550;1;2;3;1;3;445;AVENUE DIDIER DAURAT;M;4333544;-37971;640
2,016E+11;16;12;2;1613;1;2;1;1;2;445;AVENUE DE SARAGOSSE;M;4330731;-35524;640
2,016E+11;16;12;2;1710;1;2;1;7;2;445;AVENUE ALFRED NOBEL;M;4331292;-32005;640
2,016E+11;16;12;3;1635;1;2;1;1;2;445;AVENUE  JEAN BIRAY;M;4329189;-36934;640
2,016E+11;16;12;5;1805;5;2;2;1;6;445;78 AVENUE TRESPOEY;M;4329883;-35192;640
2,016E+11;16;12;7;120;5;2;2;1;3;445;RUE EMILE GARET;M;4329928;-36331;640
2,016E+11;16;12;7;1845;1;2;1;1;4;269;BOUL COMMADANT MOUCHOTTE;M;4330198;-31693;640
2,016E+11;16;12;8;750;2;1;1;1;3;129;RUE DU PIEDMONT;M;4330611;-40038;640
2,016E+11;16;12;9;935;1;2;1;7;5;445;COURS LEON BERARD;M;4331736;-37689;640
2,016E+11;16;12;9;1820;2;2;3;1;1;445;BOULEVARD DE LA PAIX;M;4331875;-34602;640
2,016E+11;16;12;11;1628;1;2;6;1;3;284;RUE CHARLES DE GAULLE;M;4328768;-39067;640
2,016E+11;16;12;12;1355;1;2;2;1;6;445;ALLEE DU GRAND TOUR DU;M;4329979;-37959;640
2,016E+11;16;12;13;913;1;2;1;1;3;445;AVENUE DE L'UNIVERSITE;M;4331144;-36451;640
2,016E+11;16;12;13;1435;1;2;1;7;3;335;RUE JEAN JAURES;M;4331709;-42967;640
2,016E+11;16;12;13;2025;5;2;1;1;2;445;21 RUE EMILE GARET;M;4330064;-36186;640
2,016E+11;16;12;14;1625;1;2;1;1;2;284;AVENUE HENRI IV;M;4328306;-38711;640
2,016E+11;16;12;14;1806;2;2;1;1;3;445;RAYMOND DE CARBONNIERE;M;4330362;-35221;640
2,016E+11;16;12;15;928;1;2;1;1;2;269;51 ROUTE DE TARBES;M;4329804;-30249;640
2,016E+11;16;12;17;1050;1;2;2;1;6;445;82 BOULEVARD TOURASSE;M;4331112;-35401;640
2,016E+11;16;12;18;1025;1;2;3;1;3;445;11 RUE DU 14 JUILLET;M;4329223;-37824;640
2,016E+11;16;12;19;1910;5;2;1;1;3;445;ALLEE CONDORCET;M;4331613;-36152;640
2,016E+11;16;12;21;1900;1;2;1;1;2;445;347 BOULEVARD CAMI SALIE;M;4333144;-36154;640
2,016E+11;16;12;21;2050;5;2;2;1;3;445;AVENUE DE BEZIOU;M;4330425;-37992;640
2,016E+11;16;12;22;900;1;2;1;1;3;445;11 AV DU GENERAL LECLERC;M;4330608;-33604;640
2,016E+11;16;12;22;1230;1;1;1;1;4;129;26 ROUTE DE BAYONNE;M;4329875;-39012;640
2,016E+11;16;12;23;1635;1;2;2;2;3;445;RUE HENRI D'ALBRET;M;4330114;-38360;640
2,016E+11;16;12;27;1649;2;2;1;1;3;445;41 RUE DE SUEDE;M;4331019;-34681;640
2,016E+11;16;12;27;1953;5;2;1;1;6;445;BOUL D'ALSACE LORRAINE;M;4330347;-36437;640
2,016E+11;16;1;8;1030;1;2;1;1;2;545;RD810;M;4336195;-170991;640
2,016E+11;16;1;20;1030;1;1;1;1;1;260;ROUTE DE LA CORNICHE;M;4337422;-176042;640
2,016E+11;16;1;30;1930;5;2;1;1;1;483;43 ANDRE ITHURRALDE;M;0;0;640
2,016E+11;16;2;7;1;5;2;1;3;6;260;BD GENERAL DE GAULE;M;4335770;-177649;640
2,016E+11;16;2;11;816;2;2;1;2;6;260;BD DU GENERAL DE GAULLE;M;4336100;-177459;640
2,016E+11;16;2;12;1355;1;1;1;1;2;545;RD 810;M;4336190;-171749;640
2,016E+11;16;2;18;1349;1;2;1;3;4;249;RD810;M;4341247;-161776;640
2,016E+11;16;2;20;2200;5;1;2;1;3;545;RD810;M;4336090;-170013;640
2,016E+11;16;2;29;2130;5;1;1;1;1;260;BOUL DU GENERAL LECLERC;M;4336410;-177063;640
2,016E+11;16;3;4;1625;1;2;1;1;2;260;BOUL. GENERAL DE GAULE;M;4321139;146483;640
2,016E+11;16;3;8;1620;1;1;1;1;3;483;AVENUE LAHANCHIPIA;M;4340086;-163283;640
2,016E+11;16;3;22;1750;1;2;1;1;3;545;RD810;M;4336126;-170267;640
2,016E+11;16;3;26;1305;1;2;1;1;1;260;2 CHEMIN DE SOPITE;M;4337039;-175509;640
2,016E+11;16;3;11;1400;1;1;1;8;7;483;BOULEVARD VICTOR HUGO;M;4338802;-166010;640
2,016E+11;16;3;30;1214;1;2;1;1;3;260;5 RUE LANNEPOUQUET;M;4336677;-175868;640
2,016E+11;16;4;3;1205;1;2;1;1;3;483;AVENUE DE VERDUN;M;4338636;-166213;640
2,016E+11;16;4;7;755;1;2;1;1;4;260;RUE DE HAPETENIA;M;4334962;-176928;640
2,016E+11;16;4;20;1152;1;1;1;1;3;260;ROUTE DE LA CORNICHE;M;4337560;-176259;640
2,016E+11;16;4;24;1049;1;1;1;1;3;483;VIEILLE ROUTE SAINT PEE;M;4338687;-162040;640
2,016E+11;16;4;25;1820;1;2;1;1;3;545;1900 ROUTE DE BIRIATOU;M;4334878;-171409;640
2,016E+11;16;4;28;1315;1;1;1;1;2;249;RD810;M;4342126;-160536;640
2,016E+11;16;4;28;1730;1;1;1;1;3;189;AV MITTERRAND FRANCOIS;M;4338147;-166466;640
2,016E+11;16;4;29;920;1;1;1;1;2;189;AVENUE JEAN JAURES;M;4338312;-166676;640
2,016E+11;16;4;27;1025;1;2;1;8;6;260;RUE DE L'EGLISE;M;4335806;-177440;640
2,016E+11;16;4;30;735;2;1;1;2;1;260;BOUL. CHARLES DE GAULLE;M;4335687;-177634;640
2,016E+11;16;5;6;1310;1;2;1;1;3;260;RUE MENTABERRY;M;4336729;-175021;640
2,016E+11;16;5;7;1203;1;1;1;8;5;189;AVENUE JEAN JAURES;M;4338288;-166761;640
2,016E+11;16;5;7;1335;1;1;1;2;2;483;AVENUE DE CHANTACO;M;4337553;-163784;640
2,016E+11;16;5;10;1900;1;2;1;1;4;483;AVENUE A ITHURRALDE;M;4339527;-164799;640
2,016E+11;16;5;20;1610;1;2;1;1;2;483;RD 810;M;4340260;-163518;640
2,016E+11;16;5;21;1245;1;2;1;1;2;483;VIEILLE ROUTE SAINT PEE;M;4345803;-149958;640
2,016E+11;16;5;23;1845;1;1;1;1;5;545;735 ROUTE DE GLACIERE;M;4335637;-174482;640
2,016E+11;16;5;27;1915;1;1;1;2;4;260;PONT SAINT JACQUES;M;4334970;-178428;640
2,016E+11;16;5;28;1800;1;2;1;3;3;189;BOULEVARD PIERRE BENOIT;M;4338946;-168266;640
2,016E+11;16;5;28;2225;5;2;1;1;3;260;5 RUE DE BIATURENIA;M;4336530;-176840;640
2,016E+11;16;5;29;2300;5;2;1;1;3;189;CARREFOUR DES EVADES;M;4338462;-166642;640
2,016E+11;16;6;7;830;1;2;1;1;1;483;AVENUEI  A ITHURRALDE;M;4339264;-165265;640
2,016E+11;16;6;7;1255;1;2;1;1;6;483;PLACE D' ESPAGNE;M;4338310;-165605;640
2,016E+11;16;6;8;1345;1;2;1;1;4;545;RD810;M;4336163;-171895;640
2,016E+11;16;6;8;1730;1;2;1;1;6;260;RUE DE BEHOBIE;M;4334961;-177549;640
2,016E+11;16;6;8;1835;1;2;1;1;3;260;BOULEVARD DE LA MER;M;4337310;-177386;640
2,016E+11;16;6;9;840;1;1;1;1;3;260;RUE D'AIZPURDI;M;4335660;-177432;640
2,016E+11;16;6;9;2225;3;1;1;1;6;545;RD810;M;4335200;-173880;640
2,016E+11;16;6;10;1530;1;1;1;8;1;260;BOULEVARD DE LEMPEREUR;M;4336506;-176032;640
2,016E+11;16;6;10;1730;1;1;1;2;3;483;AVENUE ANDRE ITHURRALDE;M;4339240;-165311;640
2,016E+11;16;6;11;2220;5;1;1;1;1;189;BOULEVARD PIERRE BENOIT;M;4338809;-167659;640
2,016E+11;16;6;16;1040;1;2;1;1;6;483;AVENUE JOACHIM LABROUCHE;M;4338697;-166126;640
2,016E+11;16;6;17;1030;1;2;1;1;6;483;AVENUE DE VERDUN;M;4338638;-166259;640
2,016E+11;16;6;21;937;1;2;1;1;6;483;RUE DUCONTE;M;4339181;-165510;640
2,016E+11;16;6;25;2100;1;1;1;1;3;260;2 CHEMIN DE SOPITE;M;4337045;-175509;640
2,016E+11;16;6;28;825;1;1;1;1;2;545;RD 810;M;4336142;-171982;640
2,016E+11;16;7;5;1700;1;2;1;1;3;483;AVENUE ANDRE ITHURRALDE;M;4339666;-164541;640
2,016E+11;16;7;6;1210;1;2;3;1;1;260;BOUL DU GENERAL LECLERC;M;4336876;-177114;640
2,016E+11;16;7;12;1530;1;1;1;1;1;483;ROUTE D'AHETZE;M;4341183;-161148;640
2,016E+11;16;7;12;2110;1;2;1;1;1;260;BAIE DE CHINGUDY;M;4336841;-177184;640
2,016E+11;16;7;15;1930;1;2;1;1;1;260;RUE DES EUCALYPTUS;M;4337115;-177587;640
2,016E+11;16;7;14;230;5;2;1;1;3;260;AVENUE DE LISSARDY;M;4336839;-176441;640
2,016E+11;16;7;17;1209;1;2;1;1;3;260;BOUL. GNERAL DE GAULLE;M;4335402;-177987;640
2,016E+11;16;7;23;1055;1;2;1;1;6;483;RD810;M;4340025;-163927;640
2,016E+11;16;7;25;1250;1;2;1;1;3;483;AV DOCTEUR SCHEITZER;M;4339925;-139234;640
2,016E+11;16;7;26;1733;1;1;1;1;2;249;AVENUE GETARIA;M;4341843;-160781;640
2,016E+11;16;7;27;2310;3;1;1;1;3;545;RD810;M;4335525;-173673;640
2,016E+11;16;7;31;1623;1;1;1;1;1;545;ROUTE D'IBARDIN;M;4333518;-168987;640
2,016E+11;16;7;31;1835;1;2;1;1;3;260;BOUL. GNERAL DE GAULLE;M;4335864;-177610;640
2,016E+11;16;8;1;1459;1;2;1;1;2;260;ROUTE DE LA GLACIERE;M;4337270;-174823;640
2,016E+11;16;8;4;25;5;1;1;1;1;249;AVENUE GETARIA;M;4341660;-161020;640
2,016E+11;16;8;6;1820;1;2;1;1;1;483;ROUTE D'AHETZE;M;4340160;-159983;640
2,016E+11;16;8;14;1920;1;2;1;1;6;260;RUE D'ELLISSACILIO;M;4337500;-176388;640
2,016E+11;16;8;17;1725;1;2;1;1;2;249;AVENUE GETARIA;M;4341660;-161020;640
2,016E+11;16;8;18;1125;1;2;1;1;2;189;AVENUE DU GOLF;M;4337760;-165903;640
2,016E+11;16;8;18;1030;1;2;1;1;4;189;RD810;M;4337770;-167289;640
2,016E+11;16;8;19;1035;1;2;1;1;6;260;RUE DU THEATRE;M;4335580;-177307;640
2,016E+11;16;8;22;1145;1;1;1;1;3;483;RD810;M;4340750;-162660;640
2,016E+11;16;8;22;1145;1;2;1;1;3;260;BOUL DU GENERAL LECLERC;M;4336740;-177032;640
2,016E+11;16;8;22;1920;1;2;1;1;6;260;RUE DE ST JEAN DE LUZ;M;4337400;-176742;640
2,016E+11;16;8;29;1435;1;2;1;1;6;483;PLACE MARECHAL FOCH;M;4338740;-166284;640
2,016E+11;16;8;29;1745;1;2;1;1;2;260;RUE DU COM PASSICOT;M;4335880;-177219;640
2,016E+11;16;8;30;1115;1;1;1;1;3;483;RD810;M;4339940;-164064;640