Num_Acc;an;mois;jour;hrmn;lum;agg;int;atm;col;com;adr;gps;lat;long;dep
2,016E+11;16;10;23;2035;5;2;2;1;3;482;COLMAR (AVENUE DE);M;4856134;775153;670
2,016E+11;16;10;25;1948;1;2;2;1;3;447;0, VOSGES (RUE DES);M;4861008;774741;670
2,016E+11;16;10;27;1758;2;2;3;1;3;482;0, PAUL DOPFF (RUE);M;4855503;776827;670
2,016E+11;16;10;27;1930;1;2;1;1;6;482;44, FORET NOIRE (AVENUE;M;4858449;776948;670
2,016E+11;16;10;28;1959;1;2;2;1;3;482;0, PRESIDENT WILSON (BOU;M;4858745;773866;670
2,016E+11;16;10;28;1150;1;2;3;1;3;482;0, DANTE (AVENUE);;;;670
2,016E+11;16;10;28;2100;1;2;1;1;2;482;2, VOSGES (AVENUE DES);M;4858772;775816;670
2,016E+11;16;10;31;355;5;2;2;1;3;218;0, STRASBOURG (AVENUE DE;M;4854305;773637;670
2,016E+11;16;10;31;1457;1;2;2;1;3;482;0, SCHIRMECK (ROUTE DE);M;4857216;771420;670
2,016E+11;16;10;31;1535;1;2;1;1;6;482;74, SCHIRMECK (ROUTE DE);M;4857272;771620;670
2,016E+11;16;11;2;1040;1;2;2;1;3;482;0, COLMAR (AVENUE DE);M;4854883;774150;670
2,016E+11;16;11;3;1930;5;2;3;1;3;482;0, COLMAR (AVENUE DE);M;4856050;775097;670
2,016E+11;16;11;3;2010;5;2;1;1;5;482;0, KASTNER (ALLEE);M;4859794;777591;670
2,016E+11;16;11;7;845;1;2;1;1;1;218;0, RHIN (ROUTE DU);M;4852932;773401;670
2,016E+11;16;11;7;1630;1;2;1;1;2;482;0, FRANCOIS XAVIER RICHT;M;4856975;778152;670
2,016E+11;16;11;8;1730;5;2;1;8;3;482;0, BRUMATH (ROUTE DE);M;4859683;774142;670
2,016E+11;16;11;9;1905;5;2;1;2;3;482;104, RHIN (ROUTE DU);M;4857113;777346;670
2,016E+11;16;11;10;1520;1;2;2;1;3;482;0, LOUIS PASTEUR (QUAI);M;4857452;773793;670
2,016E+11;16;11;11;1830;5;2;1;2;6;482;0, JACQUELINE AURIOL;M;4854624;776566;670
2,016E+11;16;11;13;1230;1;2;1;1;3;482;15, BISCHWILLER (RUE DE);M;4859676;774255;670
2,016E+11;16;11;14;1215;1;2;3;1;3;365;0, PIERRE PFLIMLIN (ALLE;M;4855342;769332;670
2,016E+11;16;11;14;1225;1;2;1;1;4;482;48, PLAINE DES BOUCHERS;M;4857200;773673;670
2,016E+11;16;11;16;910;1;2;1;1;3;482;0, EDMOND LABBE (RUE);M;4858193;776305;670
2,016E+11;16;11;16;1200;1;2;2;2;3;482;0, GOETHE (RUE);M;4858464;776869;670
2,016E+11;16;11;16;1315;1;2;1;1;6;482;0, COLETTE BESSON (ALLEE;M;4857266;774311;670
2,016E+11;16;11;17;1320;1;2;1;1;3;482;0, HOPITAL (ROUTE DE L );M;4856960;775109;670
2,016E+11;16;11;17;1730;5;2;1;1;6;482;8, VIEUX MARCHE AUX POIS;M;4858002;775029;670
2,016E+11;16;11;17;1900;5;2;1;1;6;482;0, PECHEURS (QUAI DES);M;4858186;775856;670
2,016E+11;16;11;17;2240;5;2;3;1;3;482;0, DOUBS (RUE DU);M;4855530;773354;670
2,016E+11;16;11;19;910;1;2;2;1;3;43;0, ROBERTSAU (RUE DE LA);M;4861412;776052;670
2,016E+11;16;11;19;1710;1;2;1;1;6;482;0, COLMAR (AVENUE DE);M;4855376;774456;670
2,016E+11;16;11;21;2255;5;2;1;1;3;218;102, LYON (RTE DE);M;4853198;771641;670
2,016E+11;16;11;23;1415;1;2;1;1;5;218;0, ALFRED KASTLER (ROUTE;M;4854161;774038;670
2,016E+11;16;11;23;1615;5;2;3;1;3;447;0, GENERAL DE GAULLE (RO;M;4860534;773705;670
2,016E+11;16;11;23;1700;5;2;1;1;3;218;22, LIXENBUHL (RUE);M;4852979;772555;670
2,016E+11;16;11;24;1140;1;2;1;1;6;482;88, POLYGONE (ROUTE DU);M;4856630;775865;670
2,016E+11;16;11;23;1215;1;2;3;1;3;218;0, LIXENBUHL (RUE);M;4852982;772529;670
2,016E+11;16;11;24;1415;1;1;1;1;4;482;0, HERRENSCHMIDT (AVENUE;M;4860028;775431;670
2,016E+11;16;11;25;905;1;2;1;1;3;482;3, ALSACE (AVENUE D );M;4858732;775954;670
2,016E+11;16;11;25;1100;1;2;3;1;6;482;0, LA FAYETTE (RUE);M;4856073;0;670
2,016E+11;16;11;25;1610;2;2;1;1;1;482;231, SCHIRMECK (ROUTE DE;M;4856376;770469;670
2,016E+11;16;11;25;1800;1;2;1;1;5;482;30, DOUBS (RUE DU);M;4855473;773353;670
2,016E+11;16;11;25;2245;5;2;1;1;3;43;10, BISCHWILLER (ROUTE D;M;4861170;775131;670
2,016E+11;16;11;27;640;5;2;1;2;6;482;0, HENRY DUNANT (PLACE);M;4857930;774110;670
2,016E+11;16;11;28;330;5;2;1;1;3;482;0, HOLTZHEIM (RUE DE);M;4856589;770323;670
2,016E+11;16;11;29;1525;1;2;1;1;6;482;0, MONSWILLER (RUE DE);M;4860191;770245;670
2,016E+11;16;11;29;1735;5;2;2;1;3;218;0, ESCHAU (ROUTE D );M;4851451;771211;670
2,016E+11;16;12;1;1835;5;2;3;1;3;482;0, MONTAGNE VERTE (RUE D;M;4856993;773542;670
2,016E+11;16;12;2;550;5;2;1;1;6;482;0, ROETHIG (RUE DU);M;4856595;770657;670
2,016E+11;16;12;2;1340;1;2;1;1;6;447;0, ZORN (RUE DE LA);M;4860950;775590;670
2,016E+11;16;12;3;928;1;2;1;1;6;447;0, POMPIERS (RUE DES);M;4860669;774926;670
2,016E+11;16;12;3;1100;1;2;1;1;5;482;RHIN (AVENUE DU);M;4857069;774174;670
2,016E+11;16;12;3;1130;1;2;2;1;3;482;0, LYON (BOULEVARD DE);M;4857952;773075;670
2,016E+11;16;12;4;1715;5;2;1;1;2;482;0, KOENIGSHOFFEN (RUE DE;M;4858054;772765;670
2,016E+11;16;12;5;1830;5;2;3;1;3;43;0, FREDERIC SALI (RUE);M;4861137;775108;670
2,016E+11;16;12;6;900;1;2;5;1;3;482;1, OBERLIN (RUE);M;4858953;775159;670
2,016E+11;16;12;7;805;1;2;2;5;6;482;0, SLEIDAN (RUE);M;4858611;776745;670
2,016E+11;16;12;7;855;1;2;2;1;3;482;0, HOPITAL (ROUTE DE L );M;4857462;774981;670
2,016E+11;16;12;7;2155;5;1;2;5;3;218;0, CEINTURE (RUE DE LA);M;4853177;772261;670
2,016E+11;16;12;8;1235;1;2;1;1;6;218;0, STRASBOURG (AVENUE DE;M;4854451;773877;670
2,016E+11;16;12;8;1355;1;2;1;1;2;482;271, SCHIRMECK (ROUTE DE;M;4857452;772634;670
2,016E+11;16;12;10;1050;1;2;1;1;2;482;139, COLMAR (AVENUE DE);M;4856267;775281;670
2,016E+11;16;12;10;1230;1;1;1;1;6;447;CRONENBOURG (RUE DE);M;4860600;773637;670
2,016E+11;16;12;11;2015;5;2;2;1;3;43;0, BISCHWILLER (ROUTE DE;M;4861418;775207;670
2,016E+11;16;12;12;1825;5;2;1;1;1;482;GENERAL KOENIG (QUAI DU);M;4857532;775750;670
2,016E+11;16;12;12;1830;5;2;1;1;3;218;11, INDUSTRIE (RUE DE L;;;;670
2,016E+11;16;12;13;750;1;2;1;1;1;482;34, BAN DE LA ROCHE (RUE;M;4857739;772803;670
2,016E+11;16;12;13;1615;2;2;1;1;6;482;16-18, DOUBS (RUE DU);M;4856886;773554;670
2,016E+11;16;12;14;830;1;2;1;2;6;482;5, PRESIDENT WILSON (BOU;M;4858707;773776;670
2,016E+11;16;12;14;1345;1;2;1;1;2;447;18, GLACIERE (RUE DE LA);M;4860507;775777;670
2,016E+11;16;12;16;1215;1;2;1;1;6;482;RUE M.SCHONGAUER/R.DURER;M;4856489;771953;670
2,016E+11;16;12;16;2013;5;2;1;1;6;482;10, GARE (PLACE DE LA);M;4858456;773646;670
2,016E+11;16;12;17;2113;5;1;1;1;6;482;23, ROMAINS (ROUTE DES);M;4858000;771886;670
2,016E+11;16;12;19;1430;1;2;1;1;6;43;0, BLAISE PASCAL (ALLEE);M;4861538;776420;670
2,016E+11;16;12;20;135;5;2;2;1;1;482;0, JEAN JAURES (AVENUE);M;4856948;776317;670
2,016E+11;16;12;20;2200;5;2;1;1;6;482;0, GENERAL CONRAD (RUE D;M;4858983;778659;670
2,016E+11;16;12;21;1555;2;2;1;1;3;218;8, ANDRE MALRAUX (AVENUE;M;4852476;772154;670
2,016E+11;16;12;22;50;5;2;1;1;6;482;29, JACOUTOT (QUAI);M;4859425;780288;670
2,016E+11;16;12;23;1930;4;2;1;1;1;267;0, MARECHAL FOCH (RUE DU;M;4855543;767920;670
2,016E+11;16;12;24;1030;1;2;1;1;6;482;40, MATHIAS GRUNEWALD (R;M;4856645;772062;670
2,016E+11;16;12;24;1555;2;2;1;1;1;447;0, ZORN (RUE DE LA);M;4861017;776631;670
2,016E+11;16;12;24;1720;5;2;1;1;6;482;GARE (PLACE DE LA);M;4858436;773613;670
2,016E+11;16;12;28;1205;1;2;3;1;1;482;46, RHIN TORTU (RUE DU);M;4855002;775795;670
2,016E+11;16;12;29;1310;1;2;3;1;3;482;0, GEROLDSECK (RUE);M;4858203;771366;670
2,016E+11;16;12;28;2030;3;1;1;1;1;139;LES MINGAUDS;M;0;0;260
2,016E+11;16;12;22;2315;3;1;1;1;6;78;RTE DE MANAS;M;0;0;260
2,016E+11;16;1;11;900;1;1;9;8;3;204;RD26;M;4857584;241081;910
2,016E+11;16;5;26;2000;1;2;1;1;6;340;avenue des parcs;M;4860235;241477;910
2,016E+11;16;8;26;715;1;1;1;1;2;648;RD 26;M;4856504;236248;910
2,016E+11;16;12;17;845;1;1;1;1;4;648;RD26;M;4856402;234323;910
2,016E+11;16;12;7;1745;3;1;1;1;3;648;RD26;M;4856840;236417;910
2,016E+11;16;12;10;1230;1;1;6;5;6;340;RD26;M;4859978;243538;910
2,016E+11;16;12;27;2045;3;1;1;1;6;340;RD26;M;4858809;242865;910
2,016E+11;16;6;6;2230;2;1;1;1;7;336;;M;5056451;227242;620
2,016E+11;16;1;16;1630;1;1;1;1;1;897;;M;5064581;209215;620
2,016E+11;16;2;12;1400;1;2;1;1;6;905;rue des courtils;M;5074930;215209;620
2,016E+11;16;2;22;2145;3;1;1;2;6;656;;M;5068494;220134;620
2,016E+11;16;8;20;1400;1;2;1;1;2;534;RUE JULES GUESDE;M;5070809;212670;620
2,016E+11;16;8;20;1730;1;1;1;1;6;656;;M;5069197;222548;620
2,016E+11;16;9;7;845;1;1;2;1;3;837;;M;5065733;204664;620
2,016E+11;16;11;26;1645;1;1;1;1;1;8;;M;5073732;208106;620
2,016E+11;16;12;2;1745;3;1;6;1;2;794;;M;5072019;216628;620
2,016E+11;16;12;5;829;1;2;3;1;3;66;10, INGERSHEIM (ROUTE D';M;4808320;735000;680
2,016E+11;16;1;14;1850;5;2;3;1;6;66;94, DE GAULLE (AVENUE DU;M;4807086;733506;680
2,016E+11;16;1;19;1445;1;2;2;1;6;66;VAL SAINT GREGOIRE (RUE;M;4808091;734682;680
2,016E+11;16;1;23;1100;1;2;2;1;2;66;3, PARIS (AVENUE DE);M;4807823;733276;680
2,016E+11;16;2;29;1648;1;2;1;1;6;66;29, VAL SAINT GREGOIRE (;M;4808177;734466;680
2,016E+11;16;2;25;1830;2;2;1;1;3;66;109, ALSACE (RUE D');M;4807294;736611;680
2,016E+11;16;3;4;1908;5;2;1;3;6;66;85, DE GAULLE (AVENUE D;M;4807208;733792;680
2,016E+11;16;4;3;745;1;2;6;1;6;66;10, DE GAULLE (AVENUE DU;M;4807461;734386;680
2,016E+11;16;4;4;710;1;1;6;1;3;66;LORRAINE (AVENUE DE);M;4809229;734891;680
2,016E+11;16;4;8;1530;1;2;5;1;3;66;7, REIMS (RUE DE);M;4807421;735258;680
2,016E+11;16;4;28;1550;1;2;1;1;2;66;64, INGERSHEIM (ROUTE D';M;4808442;734368;680
2,016E+11;16;4;29;1209;1;2;1;1;6;66;WILHELM (RUE HENRY);M;4808369;735332;680
2,016E+11;16;3;31;2200;5;2;3;1;3;66;87, NEUF BRISACH (ROUTE;M;4807991;737778;680
2,016E+11;16;5;23;1934;2;2;4;2;3;66;10, SELESTAT (ROUTE DE);M;4808291;736299;680
2,016E+11;16;5;4;1438;1;2;2;1;3;66;4, LADHOF (RUE DU);M;4808355;736582;680
2,016E+11;16;4;5;1030;1;2;1;3;6;66;13, SCHUMANN (RUE);M;4808062;733495;680
2,016E+11;16;6;10;1400;1;2;3;1;2;66;;M;4807084;736580;680
2,016E+11;16;6;1;1656;1;2;1;1;6;66;08, HUEN (RUE VICTOR);M;4808093;734222;680
2,016E+11;16;7;7;2034;2;2;2;7;6;66;30, NORD (RUE DU);M;4808301;736089;680
2,016E+11;16;7;19;1115;1;2;2;1;6;66;, ST JOSSE (RUE);M;4807480;736341;680
2,016E+11;16;7;20;2103;1;2;2;1;3;66;3, INGERSHEIM (ROUTE D';M;4808144;737325;680
2,016E+11;16;7;19;925;1;2;6;1;3;66;1, REY (AVENUE JOSEPH);M;4809435;736182;680
2,016E+11;16;8;2;1148;1;2;1;1;6;66;POINCARE AV RAYMOND 18;M;4807083;735137;680
2,016E+11;16;8;12;1543;1;2;2;1;6;66;31, ROUFFACH (ROUTE DE);M;4806759;734410;680
2,016E+11;16;9;1;1340;1;2;2;1;6;66;10, ST LEON (RUE);M;4808001;734647;680
2,016E+11;16;9;12;1949;2;2;1;1;6;66;2, CORNEILLE (RUE DE LA);M;4807794;736125;680
2,016E+11;16;9;14;1834;1;2;1;1;6;66;LATTRE DE TASSIGNY (PLAC;;;;680
2,016E+11;16;10;10;1006;1;2;3;1;3;66;13, INGERSHEIM (ROUTE D';M;4808345;735057;680
2,016E+11;16;10;31;1721;5;2;1;1;3;66;102, LADHOF (RUE DU);;;;680
2,016E+11;16;10;27;1600;1;2;2;1;1;66;49, SOULTZ (RUE DE);;;;680
2,016E+11;16;11;3;1400;1;2;1;7;3;66;LADHOF (RUE DU);;;;680
2,016E+11;16;11;3;910;1;2;2;1;3;66;16, JOFFRE (AVENUE);M;4807032;735341;680
2,016E+11;16;11;14;803;2;2;2;1;3;66;14, SCHWEITZER (RUE DU D;M;4807978;733745;680
2,016E+11;16;11;14;1737;5;2;3;1;3;66;17A, GRILLENBREIT (RUE D;;;;680
2,016E+11;16;11;11;1600;1;2;1;1;6;66;9, AMPERE  ( RUE D');;;;680
2,016E+11;16;11;22;1015;1;1;1;1;6;66;CD45;M;4813908;745946;680
2,016E+11;16;11;12;1535;1;1;1;1;6;66;39, LIBERTE (AVENUE DE L;M;4807338;733902;680
2,016E+11;16;12;3;1537;1;2;3;1;3;66;FLORIMONT (RUE DU);;;;680
2,016E+11;16;1;8;1837;5;2;1;2;6;224;MATISSE (RUE HENRI);M;4773638;729347;680
2,016E+11;16;1;16;10;5;2;3;1;3;224;GALFINGUE (RUE DE);M;4774516;732649;680
2,016E+11;16;1;25;1110;1;2;2;1;1;224;THIERSTEIN (RUE);M;4776047;732629;680
2,016E+11;16;2;13;1900;5;2;1;2;6;271;DOLLFUS (AVENUE GUSTAVE);M;4774741;735879;680
2,016E+11;16;2;19;1304;1;2;3;1;3;224;FURSTENBERGER (RUE);M;4775688;732303;680
2,016E+11;16;2;26;2055;5;2;1;1;3;224;ROOSEVELT (BOULEVARD DU;M;4754500;719464;680
2,016E+11;16;3;5;1550;1;2;1;1;7;224;QUIMPER (RUE DE);;;;680
2,016E+11;16;3;8;2020;5;2;2;1;6;224;20, ABEILLES (RUE DES);M;4774929;732265;680
2,016E+11;16;3;11;1630;1;2;2;1;6;224;HUBNER (RUE);M;4775658;733538;680
2,016E+11;16;3;22;1710;1;2;1;1;6;224;24, DMC;M;4775248;731087;680
2,016E+11;16;4;25;146;3;1;1;1;7;224;AUTOROUTE A 36;M;4775659;730002;680
2,016E+11;16;4;15;1100;1;1;1;3;3;224;72, LUTTERBACH (PONT DE);;;;680
2,016E+11;16;4;26;1730;1;2;3;2;3;224;KINGERSHEIM (RUE DE);M;4777139;732700;680
2,016E+11;16;5;11;2300;5;2;2;1;3;224;SCHUMAN (AVENUE ROBERT);M;4775338;734425;680
2,016E+11;16;5;17;741;1;2;1;1;7;224;55, BRIAND (AVENUE ARIST;M;4774600;732950;680
2,016E+11;16;5;20;800;1;2;3;1;3;224;DMC;M;4745094;718404;680
2,016E+11;16;5;31;2223;5;2;1;1;6;224;WYLER (ALLEE WILLIAM);M;4775813;735141;680
2,016E+11;16;6;4;2255;5;2;6;1;6;224;21, PORTE DU MIROIR;M;4774350;733422;680
2,016E+11;16;6;23;1054;1;2;1;1;7;224;PORTE DU MIROIR;M;4774280;733561;680
2,016E+11;16;6;23;955;1;2;2;1;3;224;DIX-SEPT NOVEMBRE (RUE D;M;4774325;734158;680
2,016E+11;16;6;28;1710;1;2;1;1;6;224;ROMAINS (RUE DES);M;4777911;733913;680
2,016E+11;16;6;29;1919;1;2;1;1;5;224;11, SOULTZ (RUE DE);M;4776467;732391;680
2,016E+11;16;6;30;815;1;2;2;1;3;224;141, MITTERRAND (AVENUE;M;4774322;731053;680
2,016E+11;16;7;5;600;1;1;1;1;4;195;AUTOROUTE A 36;M;4774789;727785;680
2,016E+11;16;6;30;1920;1;2;1;1;1;224;70, BELFORT (RUE DE);M;4774357;730878;680
2,016E+11;16;7;5;905;1;2;1;1;6;224;GRAINS (RUE DES);;;;680
2,016E+11;16;8;6;1125;1;2;1;1;7;224;ROOSEVELT (BOULEVARD DU;M;4775166;732919;680
2,016E+11;16;8;17;1140;1;2;1;1;6;224;30, ILE NAPOLEON (RUE DE;;;;680
2,016E+11;16;9;22;452;5;2;2;1;3;224;STOESSEL (BOULEVARD CHAR;M;4774303;732466;680
2,016E+11;16;9;30;950;1;2;1;1;6;224;03, AUVERGNE (RUE D');;;;680
2,016E+11;16;10;13;748;1;2;3;1;3;224;ILE NAPOLEON (RUE DE L');M;4775481;735913;680
2,016E+11;16;10;19;2016;5;2;2;1;1;224;SAINT-NAZAIRE (RUE DE);M;4777334;732898;680
2,016E+11;16;11;3;910;1;2;6;1;3;224;CAMPION GERMAINE (ROND-P;M;0;0;680
2,016E+11;16;12;15;2148;5;2;3;1;3;224;ZUBER (RUE);;;;680
2,016E+11;16;11;18;1115;1;2;1;1;7;224;COUBERTIN (RUE PIERRE DE;;;;680
2,016E+11;16;4;2;945;1;2;1;1;6;297;MULHOUSE ( RUE DE)JUSQUE;M;4758692;756277;680
2,016E+11;16;4;26;1755;1;2;1;2;3;297;MULHOUSE ( RUE)CITE BOUR;M;4759852;755163;680
2,016E+11;16;5;3;1618;1;2;1;1;6;297;15, BALE ( AVE DE)WIRU J;M;4758457;756504;680
2,016E+11;16;6;5;1700;1;2;1;1;2;297;8, WITTERSBACH ( RUE FRA;M;4759939;754852;680
2,016E+11;16;5;9;945;1;2;3;1;3;297;CHARITE ( RUE DE LA );M;4757717;754981;680
2,016E+11;16;8;13;1830;1;2;1;1;6;297;1, SEVILLE ( RUE DE );M;4760626;754154;680
2,016E+11;16;8;23;1110;1;2;2;1;1;297;11, HUNINGUE ( RUE DE );M;4758635;756611;680
2,016E+11;16;9;22;2200;3;2;3;1;6;149;0, MARRONNIERS ( RUE DES;M;4759477;758814;680
2,016E+11;16;11;9;745;2;2;1;1;6;297;MULHOUSE RUE DE;M;4759350;755549;680
2,016E+11;16;11;10;1700;5;2;1;2;6;297;5, MULHOUSE ( RUE DE)JUS;M;4758658;756315;680
2,016E+11;16;3;18;1410;1;2;6;1;3;297;;M;4760416;753036;680
2,016E+11;16;3;11;2040;5;2;3;1;3;166;6, GUEBWILLER (RUE DE);M;4777781;731851;680
2,016E+11;16;6;23;2055;1;2;2;1;6;376;1, ENSISHEIM (RUE D');M;4780978;733746;680
2,016E+11;16;7;21;1010;1;2;1;1;6;166;12, DAHLIA (RUE DU);M;4779427;733108;680
2,016E+11;16;9;25;850;1;1;1;1;3;376;RD 430;M;4780678;730220;680
2,016E+11;16;2;10;1930;3;1;1;3;6;244;;M;0;0;10
2,016E+11;16;5;29;500;3;1;1;2;6;90;;M;0;0;10
2,016E+11;16;7;8;2055;1;2;1;1;7;378;chemin du noyant;M;4582000;519000;10
2,016E+11;16;7;16;1130;1;1;1;1;1;92;;M;0;0;10
2,016E+11;16;7;28;930;1;1;1;1;6;450;;M;0;0;10
2,016E+11;16;8;27;1600;1;1;1;1;7;378;;M;0;0;10
2,016E+11;16;9;5;2245;3;1;1;2;6;434;1330;M;4599184;512744;10
2,016E+11;16;9;10;1645;1;1;1;1;1;244;;M;0;0;10
2,016E+11;16;12;15;1930;3;2;1;1;6;450;;M;4592361;522409;10
2,016E+11;16;3;11;1830;2;1;1;1;6;424;;M;0;0;10
2,016E+11;16;3;25;2315;3;1;1;1;6;5;;M;0;0;10
2,016E+11;16;5;7;1145;1;1;1;1;3;207;;M;0;0;10
2,016E+11;16;7;12;1430;1;1;1;2;3;359;;M;0;0;10
2,016E+11;16;7;16;1715;1;2;1;1;6;262;D61 ROUTE DE STE CROIX;M;4586217;505446;10
2,016E+11;16;9;7;1215;1;1;1;1;1;362;;M;0;0;10
2,016E+11;16;9;20;2000;5;2;6;1;3;333;Croix blanche;M;4592582;495089;10
2,016E+11;16;10;10;1845;2;1;1;1;1;424;1390;M;4588906;496975;10
2,016E+11;16;10;18;1745;1;1;1;1;2;383;1240;M;4610327;513471;10
2,016E+11;16;11;6;1530;1;1;1;1;6;261;lieu dit le maréage;M;4595721;495336;10
2,016E+11;16;11;14;2015;3;1;1;1;1;333;;M;0;0;10
2,016E+11;16;12;8;720;2;1;4;4;3;443;;M;4601466;505068;10
2,016E+11;16;12;14;845;1;1;1;5;1;424;;M;4587507;498108;10
2,016E+11;16;12;24;2100;3;1;1;2;6;52;;M;0;0;10
2,016E+11;16;1;7;1915;5;2;3;8;3;91;GEORGES LEVY (Q);M;4558302;477683;690
2,016E+11;16;1;8;1305;1;2;1;1;1;91;29, HONORE PETETIN ( R );;;;690
2,016E+11;16;1;16;1210;1;2;1;1;5;91;2, GEORGES LEVY (Q);M;4558389;477656;690
2,016E+11;16;1;21;650;3;1;1;1;6;91;114, RIVE DE GIER (DE) (;M;4557950;473387;690
2,016E+11;16;1;24;1600;1;2;1;1;1;91;10, YVES FARGES ( R );M;4559217;476834;690
2,016E+11;16;3;7;800;1;2;1;1;6;91;37, DOCTEUR ROUX (DU) (;;;;690
2,016E+11;16;3;15;1750;1;2;1;1;6;91;13, ROMAIN ROLLAND (RUE);;;;690
2,016E+11;16;3;15;1830;2;2;3;1;3;96;X, WALDECK-ROUSSEAU (AV);M;;;690
2,016E+11;16;3;22;845;1;2;3;1;3;91;X, MARCEL CACHIN ( R );M;4559638;476666;690
2,016E+11;16;4;8;1735;1;2;1;1;2;91;JEAN LIGONNET ( R );M;4559508;476958;690
2,016E+11;16;4;22;1900;1;2;1;1;6;91;HONORE PETETIN ( R );;;;690
2,016E+11;16;5;8;1547;1;2;1;1;2;91;6, VICTOR HUGO ( R );M;4558890;477091;690
2,016E+11;16;5;8;1645;1;2;1;1;1;96;PRESSENSE (FRANCIS DE) (;M;4536028;446247;690
2,016E+11;16;5;28;2240;5;2;1;1;6;91;29, RENEE PEILLON ( R );M;4534035;447472;690
2,016E+11;16;6;2;1630;1;1;1;2;7;91;RIVE DE GIER (DE) (RTE);;;;690
2,016E+11;16;6;11;215;4;1;1;1;6;91;X, RIVE DE GIER (DE) (RT;M;4557916;472516;690
2,016E+11;16;6;18;10;5;1;1;1;7;91;x, DREVET (DU);M;4558347;476605;690
2,016E+11;16;7;5;1830;1;2;3;1;6;91;LENINE (AV);M;4560391;476327;690
2,016E+11;16;7;6;840;1;2;3;1;3;96;17, SEMARD (PIERRE) ( R;;;;690
2,016E+11;16;7;14;1750;1;1;1;2;1;91;RIVE DE GIER (DE) (RTE);;;;690
2,016E+11;16;8;16;1800;1;2;1;1;6;91;ANATOLE FRANCE (AV);M;4557652;478905;690
2,016E+11;16;8;17;1400;1;2;1;1;2;91;33, JEAN LIGONNET ( R );;;;690
2,016E+11;16;8;23;1630;1;1;1;1;3;91;ECHALAS (D');M;4557675;475016;690
2,016E+11;16;9;1;655;1;2;2;1;3;91;ROMAIN ROLLAND (RUE);M;4560191;477022;690
2,016E+11;16;9;6;545;5;2;1;2;6;91;x, PAIX (DE LA) ( R );M;4535129;523900;690
2,016E+11;16;9;17;2000;2;1;1;3;6;91;66, MORNANT (DE) (RTE);;;;690
2,016E+11;16;9;12;1415;1;2;1;1;7;91;01, VICTOR HUGO ( R );;;;690
2,016E+11;16;9;22;2130;5;2;1;1;2;91;11, JEAN LIGONNET ( R );;;;690
2,016E+11;16;9;24;2030;3;2;1;1;3;91;x, GAGARINE (AV);;;;690
2,016E+11;16;9;28;1930;1;2;1;1;6;96;23, MOULIN (JEAN) (AV);M;4561053;479702;690
2,016E+11;16;9;30;1715;1;2;3;1;3;96;42, MOULIN (JEAN) (AV);;;;690
2,016E+11;16;11;8;840;1;2;1;1;6;96;3, GAULLE (CHARLES DE) (;;;;690
2,016E+11;16;11;3;835;1;2;1;1;6;91;RIVE DE GIER (DE) (RTE);M;4557727;472211;690
2,016E+11;16;11;9;1840;3;1;1;2;6;91;RIVE DE GIER (DE) (RTE);;;;690
2,016E+11;16;11;13;1200;1;2;1;2;3;91;x, HONORE PETETIN ( R );;;;690
2,016E+11;16;11;25;1910;5;2;1;1;6;91;31, VICTOR HUGO ( R );M;4558918;477091;690
2,016E+11;16;11;26;1800;5;2;3;1;3;91;00, PAIX (DE LA) ( R );M;4558317;474350;690
2,016E+11;16;12;11;1245;1;2;1;1;2;91;69, JEAN LIGONNET ( R );;;;690
2,016E+11;16;12;11;1830;2;1;1;1;3;91;MORNANT (DE) (RTE);M;4558459;474117;690
2,016E+11;16;1;2;2330;5;2;1;9;1;264;383, MARTINI JEAN-BAPTIS;;;;690
2,016E+11;16;4;9;400;5;2;1;1;6;264;RIOTTIER  ROUTE DE;M;4500000;400000;690
2,016E+11;16;4;19;1735;1;2;1;1;6;92;570, TARARE (rue de);M;4598686;470541;690
2,016E+11;16;6;11;115;5;2;2;1;5;264;HUGO  VICTOR  R;;;;690
2,016E+11;16;7;12;1740;1;2;1;3;2;264;120, BERNAND ETIENNE ( b;;;;690
2,016E+11;16;8;11;1910;1;2;3;1;3;264;1, THIZY  RUE DE;M;;;690
2,016E+11;16;7;26;1945;1;1;1;1;6;264;153, GRANGE BLAZET;M;4598419;472027;690
2,016E+11;16;9;4;330;5;2;6;1;6;264;EUROPE L'  AV DE;;;;690
2,016E+11;16;9;13;2015;5;2;2;1;6;264;1, BLANC  LOUIS  BD;;;;690
2,016E+11;16;9;17;530;5;2;1;8;6;264;619, HERRIOT EDOUARD  AV;M;4320000;310000;690
2,016E+11;16;9;10;1120;1;2;1;1;6;264;PLAGE AV DE LA;;;;690
2,016E+11;16;10;15;830;2;1;1;1;3;92;0, TARARE (route de);M;4597928;468543;690
2,016E+11;16;11;4;1600;1;1;1;1;1;264;CAMUS ALBERT  BD;;;;690
2,016E+11;16;11;25;1725;5;1;1;8;3;92;MONTMELAS (route de);;;;690
2,016E+11;16;12;2;815;2;2;3;5;3;264;2431, RIOTTIER  ROUTE DE;M;4597431;474787;690
2,016E+11;16;12;12;1830;5;2;2;1;1;264;GRANGE BLAZET;M;4598241;471910;690