Num_Acc;an;mois;jour;hrmn;lum;agg;int;atm;col;com;adr;gps;lat;long;dep
2,016E+11;16;12;9;1230;1;2;1;1;6;264;355, SALENGRO ROGER  BD;M;4599888;471638;690
2,016E+11;16;12;20;2338;3;1;1;8;6;13;SAINT JULIEN (route de);M;4601872;468244;690
2,016E+11;16;1;11;2115;5;2;2;1;3;266;170, ANATOLE FRANCE;;;;690
2,016E+11;16;12;23;1230;1;1;2;1;6;290;1, BESSAY (DU);M;4569541;494235;690
2,016E+11;16;1;13;855;1;2;2;1;1;271;FRERES MONTGOLFIER (DES);M;4572547;497052;690
2,016E+11;16;12;30;1810;5;2;1;1;6;275;13BIS, FRATERNITE (DE LA;M;;;690
2,016E+11;16;1;15;1430;1;2;3;1;6;29;FRANKLIN ROOSEVELT;;;;690
2,016E+11;16;1;14;2200;5;2;2;8;4;290;LYON (DE) (D 518);M;4571111;490220;690
2,016E+11;16;1;25;1730;1;2;1;1;6;266;99, JARDINS    (Rue des);M;4577408;490245;690
2,016E+11;16;1;25;2200;5;2;1;1;6;266;3, 8 MAI 1945   (Rue du);;;;690
2,016E+11;16;1;27;745;5;2;1;1;6;266;13 bis, ALBERT EINSTEIN;M;4578296;488069;690
2,016E+11;16;1;28;822;1;2;1;1;6;275;64, JEAN JAURES;M;4546000;456000;690
2,016E+11;16;1;29;2045;5;2;2;1;5;282;POMMIER (DE);M;4577545;499182;690
2,016E+11;16;1;29;2100;5;2;2;1;3;266;LAFONTAINE     (rue);M;;;690
2,016E+11;16;1;30;140;5;2;1;1;3;266;225, LEON BLUM      (Rue;M;;;690
2,016E+11;16;2;1;2110;3;2;1;1;6;275;2, EDOUARD HERRIOT;M;4577131;496101;690
2,016E+11;16;2;5;925;1;2;2;1;2;275;AIME CESAIRE;M;4576666;495000;690
2,016E+11;16;2;10;2120;5;2;9;2;6;266;107, LEON BLUM      (Rue;M;4576030;490041;690
2,016E+11;16;2;11;2150;5;2;3;2;2;275;., MARCEAU;;;;690
2,016E+11;16;2;12;730;2;2;1;1;6;29;346 BIS, GENAS (DE);M;;;690
2,016E+11;16;2;13;1445;1;2;4;1;6;256;8 MAI 1945 (DU);M;4578677;492061;690
2,016E+11;16;2;13;1412;1;1;2;2;3;290;PIERRE BLANCHE (DE LA);M;4858114;259245;690
2,016E+11;16;1;25;1420;1;2;1;1;6;266;26, TOLSTOI    (Cours);M;4576366;487183;690
2,016E+11;16;2;17;2030;5;1;1;1;6;271;DAUPHINE (DU);M;4573125;497638;690
2,016E+11;16;2;18;1750;1;2;2;1;3;266;49, EDOUARD VAILLANT;M;4577522;488022;690
2,016E+11;16;2;15;1540;1;2;1;1;4;290;EDMOND ROSTAND;M;4569400;494600;690
2,016E+11;16;2;22;1100;1;2;2;1;3;266;EUGENE FOURNIERE    (Rue;M;4575536;488736;690
2,016E+11;16;2;22;1850;5;1;1;2;1;282;0, REPUBLIQUE (DE);M;4576666;498333;690
2,016E+11;16;2;22;2010;5;2;1;2;6;29;392, GENAS (DE);M;4574455;493102;690
2,016E+11;16;2;22;2000;5;2;1;2;6;266;90, ANATOLE FRANCE     (;M;;;690
2,016E+11;16;2;24;2219;5;2;9;1;3;266;267, GENAS    (Route de);;;;690
2,016E+11;16;2;28;700;2;2;1;1;7;266;LAURENT BONNEVAY    (Bou;M;4578581;487321;690
2,016E+11;16;3;2;1700;1;2;1;2;6;271;LYON (DE);M;4574227;494294;690
2,016E+11;16;2;19;1730;1;2;1;1;6;29;PROGRES (DU);M;;;690
2,016E+11;16;2;25;1825;5;2;2;1;3;266;67, ROGER SALENGRO     (;M;0;0;690
2,016E+11;16;3;3;1300;1;1;2;2;3;266;0, 4 AOUT 1789    (Rue d;M;4576662;490253;690
2,016E+11;16;3;3;2120;5;2;2;1;3;256;BOLHEN   (DE);;;;690
2,016E+11;16;2;3;1130;1;2;1;1;6;29;282, GENAS    (Route de);M;4575800;490867;690
2,016E+11;16;3;4;2005;5;2;1;3;6;282;104, REPUBLIQUE (DE);M;;;690
2,016E+11;16;2;29;943;1;2;1;1;3;29;., PINEL;M;4573200;488849;690
2,016E+11;16;3;8;350;5;2;1;1;6;266;CUSSET   (Pont de);M;4576833;490533;690
2,016E+11;16;3;8;1645;1;2;1;1;6;29;PINEL;M;4574005;489747;690
2,016E+11;16;3;9;1620;1;2;2;2;6;266;49, EDOUARD VAILLANT;M;4577522;488019;690
2,016E+11;16;3;9;1730;1;2;2;2;3;266;0, AUGUSTE BLANQUI    (A;M;4576180;488474;690
2,016E+11;16;2;27;1100;1;2;1;1;3;256;72, FRANKLIN ROOSEVELT;M;4576166;493694;690
2,016E+11;16;3;11;1310;1;1;1;1;6;256;45, EGALITE (DE L');M;4578322;492380;690
2,016E+11;16;3;15;950;1;2;1;1;6;266;16, GASTON BERGER;M;4578252;487123;690
2,016E+11;16;3;15;1501;1;2;1;1;6;266;CONDORCET    (Avenue);M;4577640;486728;690
2,016E+11;16;3;15;2000;5;2;1;1;5;282;58, LIBERATION (DE LA);M;4577663;499808;690
2,016E+11;16;3;4;2020;5;2;1;3;5;275;VAULX (DE);M;4577963;494675;690
2,016E+11;16;3;19;1400;1;2;2;1;6;290;MIONS (DE);M;4568419;494763;690
2,016E+11;16;3;22;1820;1;2;3;1;5;282;JOSEPH DESBOIS;M;4577325;500450;690
2,016E+11;16;3;24;840;1;2;1;1;6;266;LEON BLUM      (Rue);M;4575983;489574;690
2,016E+11;16;3;24;1815;1;2;6;1;3;271;SEPT CHEMINS (DES);;;;690
2,016E+11;16;3;29;840;1;2;9;1;1;266;193, ROGER SALENGRO;M;4578172;488685;690
2,016E+11;16;3;30;2210;5;2;9;1;6;266;9, EUGENE POTTIER     (R;;;;690
2,016E+11;16;4;1;1154;1;2;1;1;3;282;03, REPUBLIQUE (DE)   RD;M;4576666;498333;690
2,016E+11;16;4;6;1300;1;2;7;1;6;256;FRANCOIS MAURIAC;;;;690
2,016E+11;16;4;6;1310;1;2;2;1;5;256;CONDORCET;M;4546429;550830;690
2,016E+11;16;4;8;725;1;2;2;1;1;290;1, CITE BERLIET (DE LA);M;4570827;491808;690
2,016E+11;16;4;10;1800;1;2;1;1;3;266;6, BEL AIR   (Avenue de);;;;690
2,016E+11;16;4;11;330;5;2;1;1;6;266;61, GABRIEL PERI;M;4577308;486658;690
2,016E+11;16;4;13;635;5;2;2;1;3;282;VERDUN (DE);M;;;690
2,016E+11;16;4;13;1825;1;2;1;1;3;266;0, FLORIAN      (Rue);M;4576041;488069;690
2,016E+11;16;4;14;1230;1;2;1;1;3;266;271, GENAS    (Route de);M;4575030;491117;690
2,016E+11;16;4;14;2155;5;2;2;1;3;256;PABLO PICASSO;M;4577677;491536;690
2,016E+11;16;4;17;330;5;2;1;1;6;290;GRENOBLE (DE)  -  RN 6;M;4570600;499075;690
2,016E+11;16;4;17;1620;1;1;1;2;1;266;JEAN VOILLOT      (Rue);;;;690
2,016E+11;16;4;17;1703;1;2;2;2;3;29;0, FRANKLIN ROOSEVELT;M;4573066;491727;690
2,016E+11;16;4;17;1832;1;2;3;1;3;290;SALVADOR ALLENDE;M;4570075;493569;690
2,016E+11;16;4;18;1340;1;2;2;8;3;290;LYON (DE) (D 518);M;4570747;490769;690
2,016E+11;16;4;19;1455;1;2;2;1;1;256;GARIBALDI;M;;;690
2,016E+11;16;4;22;1630;1;2;9;1;3;290;ROSES (DES);M;4541103;562780;690
2,016E+11;16;4;25;1530;1;2;1;1;2;275;75, REPUBLIQUE (DE LA);M;;;690
2,016E+11;16;4;28;2038;1;2;1;1;6;256;JEAN JAURES;M;4578716;492513;690
2,016E+11;16;4;27;1101;1;2;2;1;3;256;GARIBALDI;M;4576694;493261;690
2,016E+11;16;5;1;1855;1;2;1;1;3;266;40/42, LEON BLUM      (R;M;;;690
2,016E+11;16;4;27;2008;1;1;1;1;6;29;96, ST EXUPERY;M;4572720;490150;690
2,016E+11;16;5;3;715;1;2;2;1;6;266;0, ANTOINE DUTRIEVOZ   (;M;4546170;451420;690
2,016E+11;16;5;5;1525;1;2;1;1;3;266;1, GENERAL LECLERC    (A;;;;690
2,016E+11;16;5;6;1400;1;2;3;1;3;256;GASTON MONMOUSSEAU;M;4546375;454529;690
2,016E+11;16;5;6;1745;1;1;1;1;1;275;MACHET (DU);;;;690
2,016E+11;16;5;9;1515;1;2;3;2;3;282;0, JEAN JAURES;M;4546191;500582;690
2,016E+11;16;4;30;120;5;2;2;1;1;266;50, EMILE ZOLA     (Cour;M;4577080;486033;690
2,016E+11;16;5;10;1205;1;2;3;1;6;256;114, REPUBLIQUE (DE LA);M;;;690
2,016E+11;16;5;12;1320;1;2;1;1;1;256;6, PLATES (DES);;;;690
2,016E+11;16;5;13;850;1;2;2;3;6;275;0, EMILE ZOLA;M;4545502;457221;690
2,016E+11;16;5;13;1420;1;2;2;2;5;266;0, GENAS    (Route de);M;4574926;491424;690
2,016E+11;16;5;13;1410;1;2;3;8;3;256;MAURICE THOREZ;M;4546436;454563;690
2,016E+11;16;5;7;1845;1;2;2;1;3;256;0, DROITS DE L'HOMME (DE;M;4545490;456006;690
2,016E+11;16;5;14;1220;1;2;1;1;5;266;11, JULES GRANDCLEMENT;M;;;690
2,016E+11;16;5;14;535;5;2;1;8;6;275;165, JEAN JAURES;M;4546000;457000;690
2,016E+11;16;5;10;1825;1;2;9;1;6;256;0, EMILE ZOLA;M;4546373;455141;690
2,016E+11;16;5;6;1615;1;2;1;1;6;29;0, DROITS DE L'HOMME (DE;;;;690
2,016E+11;16;5;24;510;5;2;1;1;6;256;43, GEORGES ROUGE;M;4547007;455081;690
2,016E+11;16;5;19;720;1;2;2;1;3;256;0, DROITS DE L'HOMME (DE;M;4545492;455596;690
2,016E+11;16;5;26;900;1;2;2;1;6;256;EMILE ZOLA;M;4546397;455060;690
2,016E+11;16;5;27;1205;1;2;1;1;6;266;72, TOLSTOI    (Cours);M;4545467;452379;690
2,016E+11;16;5;27;2330;5;2;1;1;6;266;24 A, CIMETIERE     (Rue;M;4545523;454439;690
2,016E+11;16;5;30;830;1;2;2;1;3;256;0, GEORGES DIMITROV;M;4546423;455451;690
2,016E+11;16;4;28;1515;1;2;2;1;3;266;POIZAT      (Rue);M;4575816;489333;690
2,016E+11;16;5;12;945;1;2;2;1;3;29;0, LIONEL TERRAY;M;4543480;453285;690
2,016E+11;16;5;31;1600;1;2;3;8;6;256;49, GRANDCLEMENT;M;4546118;454533;690
2,016E+11;16;6;1;2320;5;2;4;1;3;266;0, CHARMETTES    (Rue de;M;4577077;486711;690
2,016E+11;16;6;2;1130;1;2;2;2;3;266;DOCTEUR FLEURY PIERRE PA;;;;690
2,016E+11;16;6;2;1330;1;2;6;3;6;256;49, 8 MAI 1945 (DU);M;4578858;490663;690
2,016E+11;16;6;2;1858;1;2;2;1;3;266;GREUZE    (Rue);M;4577116;489366;690
2,016E+11;16;6;2;2300;5;2;1;2;6;266;58, MARAIS    (Rue du);M;4578097;490163;690
2,016E+11;16;5;26;1615;1;2;2;1;3;290;214, GRENOBLE (DE)  -  R;M;4542566;457429;690
2,016E+11;16;6;1;1656;1;1;2;1;3;290;CITE BERLIET (DE LA);M;4571197;492044;690
2,016E+11;16;6;5;1450;1;2;2;1;6;266;0, PAUL VERLAINE       (;M;4576469;488044;690
2,016E+11;16;6;5;2255;5;2;3;1;3;256;ERNEST RENAN;;;;690
2,016E+11;16;6;6;910;1;2;3;1;6;290;ROSES (DES);M;4568794;493819;690
2,016E+11;16;6;6;1405;1;2;5;1;3;266;0, ANATOLE FRANCE     (R;M;4576980;488988;690
2,016E+11;16;6;7;750;1;2;6;1;3;256;SOIE  (DE LA );M;4577236;493386;690
2,016E+11;16;6;7;2200;5;2;2;1;3;266;DOUA      (Rue de la);;;;690
2,016E+11;16;6;9;125;5;2;2;1;7;266;0, VICTOR JARA    (Rue);;;;690
2,016E+11;16;6;10;1450;1;2;2;1;1;266;53, ANATOLE FRANCE     (;M;4576732;487385;690
2,016E+11;16;6;10;1845;1;2;1;1;3;256;22, ORCHA (D');M;;;690
2,016E+11;16;6;11;2240;5;2;5;1;3;256;0, GABRIEL PERI;M;4577255;491222;690
2,016E+11;16;6;5;1600;1;2;1;1;1;290;22, ROSES (DES);M;4569461;494030;690
2,016E+11;16;6;13;1515;1;2;1;2;1;266;15, BOUCHERETS   (Rue de;M;4576688;489608;690
2,016E+11;16;6;11;2005;1;2;1;1;6;256;03, MAURICE THOREZ;M;4578013;491419;690
2,016E+11;16;6;15;2100;2;2;1;2;3;290;MIONS (DE);;;;690
2,016E+11;16;6;10;830;1;2;2;1;3;256;CONDORCET;;;;690
2,016E+11;16;6;17;140;5;2;1;1;6;256;65, GRANDCLEMENT;;;;690
2,016E+11;16;6;6;2030;2;2;9;1;6;29;26, PIERRE BROSSOLETTE;M;4574613;491747;690
2,016E+11;16;6;19;2030;1;1;3;1;2;271;0, LYON (DE);M;4574005;495291;690
2,016E+11;16;6;19;1920;1;2;1;2;6;282;1, REPUBLIQUE (DE);M;4577002;498605;690
2,016E+11;16;6;20;2000;1;2;1;1;6;266;289, EMILE ZOLA     (Cou;;;;690
2,016E+11;16;6;21;1345;1;2;1;1;6;266;59, 8 MAI 1945   (Rue du;M;4577883;489191;690
2,016E+11;16;6;22;615;2;2;1;1;6;266;276, FRANCIS DE PRESSENS;M;4576944;489511;690
2,016E+11;16;6;23;1740;1;2;2;1;3;256;CONDORCET;;;;690
2,016E+11;16;6;23;2045;1;2;3;1;3;29;356, GENAS (DE);M;4574838;491994;690
2,016E+11;16;6;23;1145;1;2;1;1;6;266;87, DEDIEU     (Rue);M;;;690
2,016E+11;16;6;23;1145;1;2;2;1;1;266;DEDIEU     (Rue);;;;690
2,016E+11;16;6;25;2245;3;2;1;1;6;256;GEORGES DIMITROV;M;4577780;492713;690
2,016E+11;16;6;26;1820;1;2;1;1;3;256;1, HENRI GORMAND;;;;690
2,016E+11;16;6;13;1910;1;2;3;2;1;290;ANDRE BOULLOCHE;M;4572058;492272;690
2,016E+11;16;6;15;1210;1;2;1;1;3;290;0, AVIATION (DE L');M;4572116;493363;690
2,016E+11;16;6;26;1710;1;2;3;1;6;275;MICHEL SERVET;M;4575766;497111;690
2,016E+11;16;6;27;2350;5;2;1;1;3;266;68, DOCTEUR ROLLET;;;;690
2,016E+11;16;6;29;1600;1;2;1;1;7;266;13, CITE SAINT JEAN    (;M;;;690
2,016E+11;16;7;1;900;1;2;7;1;6;266;62, JULES GRANDCLEMENT;M;;;690
2,016E+11;16;7;7;2325;5;2;2;1;3;275;144, JEAN JAURES;;;;690
2,016E+11;16;7;6;1935;1;1;2;1;2;290;0, TEMPS MODERNES (DES);M;4570802;491822;690
2,016E+11;16;7;8;2105;1;2;1;1;7;275;0, JEAN JAURES;M;4577075;498341;690
2,016E+11;16;7;9;2145;1;2;1;1;4;256;MAURICE THOREZ;;;;690
2,016E+11;16;7;14;110;5;2;2;1;3;266;4 AOUT 1789    (Rue du);M;4576661;490252;690
2,016E+11;16;7;14;1400;1;2;6;1;6;290;DES PARCS(all‚e);M;4570888;493913;690
2,016E+11;16;7;14;1615;1;2;1;8;6;266;140, LOUIS BECKER;M;4576533;487777;690
2,016E+11;16;7;16;335;5;2;3;1;6;266;ALSACE   (Rue d');;;;690
2,016E+11;16;7;16;900;1;2;2;1;3;266;EMILE ZOLA     (Cours);;;;690
2,016E+11;16;7;16;1655;1;2;1;1;6;266;110, TOLSTOI    (Cours);M;4576205;488058;690
2,016E+11;16;7;16;2130;2;2;2;1;3;266;HONORE DE BALZAC   (Boul;;;;690
2,016E+11;16;7;17;2235;5;1;9;1;6;266;41, 8 MAI 1945   (Rue du;;;;690
2,016E+11;16;7;20;40;5;2;1;1;6;266;0, LAURENT BONNEVAY    (;M;4578536;487283;690
2,016E+11;16;7;19;1755;1;2;3;1;3;282;61, VERDUN (DE);M;4577661;499144;690
2,016E+11;16;7;20;1855;1;2;1;1;2;266;365, EMILE ZOLA     (Cou;M;4576530;490230;690
2,016E+11;16;7;23;1420;1;2;3;1;3;275;106, JEAN JAURES;M;4546000;456000;690
2,016E+11;16;7;27;2005;1;2;1;1;6;256;9, GENAS (DE);M;4574850;491958;690
2,016E+11;16;7;27;2030;1;2;1;1;6;290;HEYRIEUX (D');M;4568591;494669;690
2,016E+11;16;7;28;2040;1;2;7;1;6;266;DOCTEUR LAZARE GOUJON;;;;690
2,016E+11;16;7;28;1923;1;2;1;1;6;290;14, HENRI MARECHAL;M;;;690
2,016E+11;16;7;31;1435;1;2;2;1;3;266;EMILE ZOLA     (Cours);M;4576955;487950;690
2,016E+11;16;8;1;1810;1;2;1;1;1;266;EMILE ZOLA     (Cours);M;4516103;452456;690
2,016E+11;16;7;31;1915;1;2;1;1;4;275;184, JEAN JAURES;M;;;690
2,016E+11;16;7;30;850;1;2;2;1;3;256;., DROITS DE L'HOMME (DE;M;4576363;493311;690
2,016E+11;16;8;2;1810;1;2;2;1;3;256;., ALEXANDRE DUMAS;;;;690
2,016E+11;16;8;5;1730;1;2;1;1;1;256;85, ROMAIN ROLLAND;M;4545416;555360;690
2,016E+11;16;8;8;1710;1;2;2;1;3;266;LAFONTAINE     (rue);M;4545363;250600;690
2,016E+11;16;8;9;910;1;2;1;1;6;266;229, ROGER SALENGRO;M;4578280;489019;690
2,016E+11;16;7;19;915;1;2;3;7;3;282;137, VERDUN (DE)     RD6;M;4576666;498333;690
2,016E+11;16;8;10;1530;1;2;1;1;3;266;64, 8 MAI 1945   (Rue du;M;4577785;489210;690
2,016E+11;16;8;9;1850;1;2;1;1;6;275;33 bis, JEAN JAURES;M;4576841;493961;690
2,016E+11;16;7;29;900;1;2;1;1;3;266;9, BAT YAM    (Rue);M;4577280;485777;690
2,016E+11;16;8;16;1730;1;2;4;1;1;290;PIERRE COT;M;4570466;489594;690
2,016E+11;16;8;7;1130;1;2;6;1;6;275;363, JEAN JAURES;M;4576666;496666;690
2,016E+11;16;8;23;1820;1;2;1;1;2;290;346, GRENOBLE (DE)  -  R;M;4572036;494105;690
2,016E+11;16;8;22;1120;1;2;1;1;6;256;6, CANUTS (DES);M;4545417;455027;690
2,016E+11;16;8;26;1000;1;2;1;1;3;266;49, EDOUARD VAILLANT;M;4577508;488033;690
2,016E+11;16;8;27;550;5;2;8;1;6;282;41, CARREAU (DU);M;4577330;498988;690
2,016E+11;16;8;28;1735;1;2;1;1;7;29;37, MARCEL BRAMET;;;;690
2,016E+11;16;8;2;1020;1;2;3;1;6;266;1, TOLSTOI    (Cours);M;4545499;452007;690
2,016E+11;16;9;1;2050;5;2;3;1;3;266;., GENAS    (Route de);;;;690
2,016E+11;16;9;1;2010;5;2;3;1;3;271;., AUGUSTE DELAGE;M;4545302;458340;690
2,016E+11;16;9;4;1515;1;2;2;1;1;256;., DROITS DE L'HOMME (DE;M;4546017;555880;690
2,016E+11;16;9;4;200;5;2;2;1;3;290;LYON (DE) (D 518);M;4542013;442130;690
2,016E+11;16;9;6;810;1;2;1;1;6;256;137, REPUBLIQUE (DE LA);M;4547040;555800;690
2,016E+11;16;9;9;1545;1;2;2;1;3;266;77, DEDIEU     (Rue);;;;690
2,016E+11;16;9;12;1010;1;2;2;1;5;266;27, ANDRE PHILIP      (C;M;4577272;486194;690
2,016E+11;16;9;13;610;1;2;1;1;3;29;34, 8 MAI 1945 (DU);M;4572786;491597;690
2,016E+11;16;9;13;1715;1;2;1;1;6;29;FRANKLIN ROOSEVELT;M;4573722;489808;690
2,016E+11;16;9;13;2000;2;2;3;1;3;271;DECINES (DE);M;4574855;497833;690
2,016E+11;16;9;11;830;1;2;1;1;1;275;1, FRATERNITE (DE LA);;;;690
2,016E+11;16;9;16;1500;1;1;2;1;3;290;CITE BERLIET (DE LA);M;4570483;491544;690
2,016E+11;16;9;16;2100;5;2;2;2;3;266;114, ROGER SALENGRO;M;4577873;488023;690
2,016E+11;16;9;20;1045;1;2;1;1;3;266;127, TOLSTOI    (Cours);M;4576113;488414;690
2,016E+11;16;9;22;1600;1;2;2;1;1;256;25, REPUBLIQUE (DE LA);M;4578676;492133;690
2,016E+11;16;9;23;1705;1;1;3;1;6;256;1, LOUIS SAILLANT;;;;690
2,016E+11;16;9;24;1230;1;2;2;1;3;275;28, FRATERNITE (DE LA);M;4577000;496000;690
2,016E+11;16;9;26;2205;5;2;2;1;1;266;4, ANDRE PHILIP      (Co;;;;690
2,016E+11;16;9;27;830;1;2;1;1;2;290;LYON (DE) (D 518);M;4570845;490623;690
2,016E+11;16;9;27;2100;5;2;1;1;6;266;, GASTON BERGER       (A;;;;690
2,016E+11;16;9;28;1525;1;2;3;1;6;266;59, GALLINE       (Avenu;M;4577645;486626;690
2,016E+11;16;9;29;730;1;2;2;1;3;266;MARTERET    (Rue);M;;;690
2,016E+11;16;9;29;1425;1;2;1;1;3;266;130, LEON BLUM      (Rue;M;4576039;490199;690
2,016E+11;16;9;30;1730;1;2;3;1;3;290;CLEMENCEAU;M;4570450;498177;690
2,016E+11;16;9;27;2010;5;2;2;1;3;29;331, GENERAL DE GAULLE;M;4572831;492457;690
2,016E+11;16;10;3;1620;1;1;1;1;3;266;76, EMILE ZOLA     (Cour;M;4577077;487039;690
2,016E+11;16;10;4;1350;1;2;1;1;6;266;6, PIERRE BRESSAT    (Ru;M;4575368;490421;690
2,016E+11;16;9;24;1025;1;2;1;1;6;290;1, ROGER SALENGRO;M;4598403;498403;690
2,016E+11;16;9;3;1930;1;2;1;1;6;29;PRESIDENT SALVADOR ALLEN;M;4574401;493218;690
2,016E+11;16;10;7;730;1;1;1;1;6;256;128, POUDRETTE (DE LA);M;4575673;492126;690
2,016E+11;16;10;1;250;5;2;1;1;2;266;1, LAURENT BONNEVAY    (;M;4578543;487391;690
2,016E+11;16;9;19;1800;1;2;5;1;6;266;3, ROGER SALENGRO     (A;M;4577829;487926;690
2,016E+11;16;10;8;2015;5;2;1;1;6;290;., HENRI MARECHAL;;;;690
2,016E+11;16;10;4;1346;1;2;6;1;3;271;RENE CASSIN;;;;690
2,016E+11;16;10;11;2245;5;2;9;1;6;256;38, BOLHEN   (DE);M;4576520;492340;690
2,016E+11;16;10;5;1230;1;2;2;1;3;266;., DEDIEU     (Rue);M;4576955;486721;690
2,016E+11;16;10;13;745;2;2;1;3;6;271;77, LYON (DE);M;4573872;496475;690
2,016E+11;16;8;31;1250;1;2;1;1;6;266;., HONORE DE BALZAC   (B;M;4575564;488930;690
2,016E+11;16;10;13;1050;1;2;3;2;6;266;185, EMILE ZOLA     (Cou;M;4569222;488131;690
2,016E+11;16;10;15;1810;1;2;1;1;3;275;140, EMILE ZOLA;M;4576000;495000;690
2,016E+11;16;10;2;1015;1;2;3;1;2;266;CONDORCET    (Avenue);M;4577509;486761;690
2,016E+11;16;10;17;1730;1;2;1;1;6;275;262, JEAN JAURES;M;;;690
2,016E+11;16;10;17;2220;4;2;1;1;2;266;CUSSET   (Pont de);M;4576903;490568;690
2,016E+11;16;10;18;1425;1;2;2;1;3;266;., STALINGRAD    (Boulev;M;4577286;485885;690
2,016E+11;16;10;18;1800;1;2;3;1;3;266;59, 8 MAI 1945   (Rue du;M;4577872;489200;690
2,016E+11;16;10;20;1120;1;2;3;1;3;275;BERLIOZ;M;4576866;494875;690
2,016E+11;16;10;22;100;5;2;2;1;3;266;103, TOLSTOI    (Cours);M;;;690
2,016E+11;16;10;24;1740;1;2;1;1;6;266;115, 8 MAI 1945   (Rue d;M;4577486;489352;690
2,016E+11;16;10;27;1850;2;2;1;1;6;266;419, LAURENT BONNEVAY (G;M;4576347;490956;690
2,016E+11;16;10;28;2245;5;2;1;1;5;266;EMILE ZOLA     (Cours);;;;690
2,016E+11;16;10;29;1900;5;2;2;1;3;266;GEORGES COURTELINE    (R;M;4577931;487921;690
2,016E+11;16;10;30;1255;1;2;4;1;3;256;., CHARLES DE GAULLE;M;4578230;494252;690
2,016E+11;16;10;29;1600;1;2;1;1;6;275;207, JEAN JAURES;M;4577080;495744;690
2,016E+11;16;11;1;1245;1;2;2;1;6;266;170, EMILE ZOLA     (Cou;M;;;690
2,016E+11;16;10;29;1210;1;2;3;1;2;290;00, MIONS (DE);;;;690
2,016E+11;16;10;27;1215;1;2;1;1;6;266;28, EDOUARD AYNARD;M;4575988;487588;690
2,016E+11;16;11;4;1345;1;1;6;1;3;266;., ALBERT EINSTEIN    (A;M;4577954;487508;690
2,016E+11;16;11;8;1920;5;2;1;1;3;266;196, ROGER SALENGRO;M;;;690
2,016E+11;16;11;10;1615;1;2;1;2;6;290;86 TER, JEAN JAURES;M;4569769;493005;690
2,016E+11;16;11;10;2150;5;2;2;2;3;266;JEAN JAURES      (Rue);M;4575817;488513;690
2,016E+11;16;11;3;1415;1;2;6;1;7;29;DOYEN JEAN LEPINE (DU);M;4574586;490441;690
2,016E+11;16;11;12;1430;1;2;1;1;6;256;28, 8 MAI 1945 (DU);M;4578786;490402;690
2,016E+11;16;11;13;500;5;2;2;1;2;266;334, EMILE ZOLA     (Cou;M;4576613;489746;690
2,016E+11;16;11;16;1210;1;1;1;1;3;266;PERIPHERIQUE NORD    (Bo;;;;690
2,016E+11;16;11;8;950;1;1;1;1;3;266;RAYMOND POINCARE    (Pon;M;;;690
2,016E+11;16;11;16;1800;5;2;1;1;6;290;LORTARET (DE)   -  D 148;M;4571263;495603;690
2,016E+11;16;11;10;1500;1;2;2;2;3;290;., SALVADOR ALLENDE;M;4570641;493492;690
2,016E+11;16;11;19;1005;1;2;6;1;3;271;LILAS (DES);M;4574092;496293;690
2,016E+11;16;11;20;1720;5;2;1;1;6;256;17, ALBERT CAMUS;M;4577658;492459;690
2,016E+11;16;11;25;1020;1;2;1;8;6;290;198, GRENOBLE (DE)  -  R;M;4571489;496422;690
2,016E+11;16;11;25;1444;1;2;3;1;4;256;MARIUS GROSSO;M;4576332;493184;690
2,016E+11;16;11;26;1400;1;2;3;1;3;282;., HENRI LEBRUN;M;;;690
2,016E+11;16;11;29;1220;1;2;2;1;3;256;GABRIEL PERI;M;4577851;491648;690
2,016E+11;16;12;1;750;1;2;3;5;1;266;., NIELS BOHR     (Boule;M;4578720;488162;690
2,016E+11;16;12;3;1340;1;2;1;1;6;266;4, BOUBE    (Rue de la);M;4578058;489233;690
2,016E+11;16;11;30;1110;1;2;1;1;3;290;32, ROSES (DES);M;4568723;493884;690
2,016E+11;16;12;1;740;1;2;1;5;4;266;LAURENT BONNEVAY    (Bou;M;4578501;486840;690
2,016E+11;16;12;9;845;1;2;1;1;6;266;., TECHNOLOGIE    (Rue d;;;;690
2,016E+11;16;12;12;715;2;2;2;1;6;266;., BIENVENUS   (Rue des);M;4577602;488429;690
2,016E+11;16;12;12;820;1;2;2;1;3;29;36, DOYEN JEAN LEPINE (D;M;4574703;490471;690
2,016E+11;16;12;14;1715;5;2;1;1;2;266;STALINGRAD    (Boulevard;M;4578190;485991;690
2,016E+11;16;12;15;1400;1;2;1;1;3;290;GRENOBLE (DE)  -  RN 6;M;4571540;496264;690
2,016E+11;16;12;9;1155;1;2;1;1;2;266;93, EMILE ZOLA     (Cour;;;;690