Num_Acc;an;mois;jour;hrmn;lum;agg;int;atm;col;com;adr;gps;lat;long;dep
2,016E+11;16;7;7;920;1;2;6;1;3;12;RUE DE ROMAGNY;;;;740
2,016E+11;16;8;3;1050;1;2;2;1;6;12;RUE DE ROMAGNY;M;4619527;624333;740
2,016E+11;16;7;29;1735;1;2;1;1;3;12;ROUTE DE THONON;;;;740
2,016E+11;16;7;28;830;1;2;6;1;3;12;RUE EMILLE ZOLA;;;;740
2,016E+11;16;8;11;1320;1;2;3;1;6;12;22, RUE DU SALEVE;M;4619227;623422;740
2,016E+11;16;10;11;1615;1;2;3;1;6;12;AV MARECHAL LECLERC;M;4618750;624833;740
2,016E+11;16;10;28;800;1;2;1;1;1;12;ROUTE DE THONON;;;;740
2,016E+11;16;11;13;1950;3;2;1;2;1;118;ROUTE DE SAINT-JULIEN;M;4617917;622680;740
2,016E+11;16;12;13;625;5;2;1;1;3;12;50, AVENUE DE L'EUROPE;M;4617669;624016;740
2,016E+11;16;12;16;1145;1;2;3;1;6;12;AVENUE DU LEMAN;M;4618261;624372;740
2,016E+11;16;1;7;1930;5;2;1;2;6;218;1240, AVENUE DE RIVE;M;4639494;654301;740
2,016E+11;16;1;9;27;3;1;1;3;6;281;RD 1005;M;4634691;645288;740
2,016E+11;16;1;11;1852;3;2;1;3;6;119;PLACE CHARLES COTTET;M;4640006;658673;740
2,016E+11;16;1;23;1835;4;1;1;1;1;218;FACE ZIG ZAG CAFE;M;4638385;651324;740
2,016E+11;16;2;21;1750;1;2;1;1;1;13;29 AVENUE PRE-ROBERT SUD;M;4635041;643436;740
2,016E+11;16;1;19;1505;1;2;1;1;6;281;7, CHEMIN VIEUX;;;;740
2,016E+11;16;2;25;2037;5;2;6;2;6;281;RUE DES URSULES;M;4622260;628517;740
2,016E+11;16;3;18;118;5;2;1;1;6;119;2, AVENUE D'AUNIERES;M;4639969;660425;740
2,016E+11;16;3;22;1940;2;2;1;1;6;281;01, AVENUE DE THUYSET;M;4638080;649383;740
2,016E+11;16;5;9;820;1;2;1;1;1;218;984 ROUTE PAYS DE GAVOT;M;4638466;655550;740
2,016E+11;16;5;9;1317;1;2;1;1;6;281;17, PLACE DE CRETE;M;4636755;648325;740
2,016E+11;16;5;13;845;1;2;1;3;6;13;ROUTE DE GENEVE;M;4626060;626060;740
2,016E+11;16;6;15;1440;1;2;2;1;7;281;RUE DU VALLON;M;4622176;628417;740
2,016E+11;16;6;17;1550;1;2;1;1;1;218;AVENUE DE THONON;M;;;740
2,016E+11;16;7;9;810;1;2;1;1;2;218;1250, AVENUE DE LA RIVE;M;4639491;654294;740
2,016E+11;16;7;19;1545;1;2;1;1;6;281;AVENUE DE RIPAILLE;M;4623123;629032;740
2,016E+11;16;7;30;1140;1;2;6;1;3;218;AVENUE DE SAVOIE;M;4638747;654382;740
2,016E+11;16;8;17;1040;1;1;6;1;7;13;ROUTE DE LA CROISEE;M;;;740
2,016E+11;16;9;30;940;1;2;1;1;3;218;400, AVENUE DE RIVE;M;4639206;653329;740
2,016E+11;16;10;3;1555;1;2;3;1;3;119;ROPUTE DE BISSINGES;M;4639601;657014;740
2,016E+11;16;10;6;320;5;1;1;1;6;218;435, AVENUE DE NOAILLES;M;4639611;655916;740
2,016E+11;16;10;17;2025;5;2;1;2;3;281;69,AV GENERAL DE GAULLE;M;4636629;647073;740
2,016E+11;16;10;15;1120;1;1;2;1;3;218;CARTHERAY (RUE DE);M;4638949;652406;740
2,016E+11;16;10;28;1920;5;2;1;1;1;281;ROUTE D'ARMOY;M;4636334;649891;740
2,016E+11;16;10;29;1735;1;2;1;1;6;281;10, RUE DES RANGES;M;4637200;648050;740
2,016E+11;16;11;19;640;3;1;1;2;6;281;CONTOURNEMENT;M;4636067;648918;740
2,016E+11;16;12;11;1830;2;2;1;1;7;281;CHEMIN DE LA RONDE;M;4636738;647973;740
2,016E+11;16;12;14;735;5;2;3;1;5;281;ROUTE D'EVIAN;M;4638382;650854;740
2,016E+11;16;12;19;331;5;2;3;2;6;200;AVENUE DU LEMAN;M;4639547;659707;740
2,016E+11;16;1;15;1940;3;1;1;8;6;384;RTE  DU MONT;M;4953252;54569;760
2,016E+11;16;6;20;700;2;1;4;2;6;382;441, LA FORGE;M;4958732;53377;760
2,016E+11;16;6;30;2000;1;1;1;1;1;576;;M;4956025;44772;760
2,016E+11;16;7;31;2115;1;2;1;1;7;114;16, R DU PRESIDENT RENE;M;4957378;47274;760
2,016E+11;16;1;7;750;5;2;1;3;3;217;59, AV GAMBETTA;M;4991000;107000;760
2,016E+11;16;1;7;1330;1;2;4;1;3;217;75, AV GAMBETTA;M;4991758;107422;760
2,016E+11;16;1;9;1330;1;2;1;1;7;565;R DU GOUFFRE;M;4987194;106630;760
2,016E+11;16;1;12;2115;3;1;3;6;3;565;RD 915;M;4988892;108400;760
2,016E+11;16;3;1;1915;5;2;6;2;3;217;127, AV DE LA REPUBLIQUE;M;4992527;110098;760
2,016E+11;16;1;16;1935;3;1;1;1;2;565;RD 915;M;4987809;109489;760
2,016E+11;16;1;21;849;1;2;1;1;6;565;686, RTE DE ROUEN;M;4987108;106980;760
2,016E+11;16;1;24;2215;3;1;1;2;6;26;RD 1;M;4988013;114830;760
2,016E+11;16;2;2;1440;1;1;1;1;1;414;;M;4990101;113019;760
2,016E+11;16;2;1;1940;5;1;3;2;6;545;RD 154E;M;4990185;111855;760
2,016E+11;16;3;14;1750;1;1;1;1;4;26;;M;4987451;111273;760
2,016E+11;16;3;20;225;3;1;1;1;6;217;D 485;M;4991425;110400;760
2,016E+11;16;3;31;940;1;2;3;8;6;26;1, R DE LA CHAUSSEE;M;4988055;113000;760
2,016E+11;16;3;31;835;1;2;2;8;6;349;31, RTE DE DIEPPE;M;4990163;105191;760
2,016E+11;16;4;12;945;1;2;4;1;6;217;2, BD DU GENERAL DE GAUL;M;4992372;108126;760
2,016E+11;16;4;8;1900;1;1;1;1;6;26;RTE DE SAINT NICOLAS;M;4988258;114749;760
2,016E+11;16;4;8;2310;3;1;1;1;6;707;RD 70;M;4985781;107865;760
2,016E+11;16;4;10;1635;1;1;2;1;3;565;;M;4988273;109027;760
2,016E+11;16;4;18;1727;1;2;1;1;4;545;68,R DU CHAMP DE COURSES;M;4990858;108752;760
2,016E+11;16;4;22;1905;1;2;3;1;6;217;24, GRANDE RUE DU POLLET;M;4992729;108648;760
2,016E+11;16;4;23;1725;1;2;3;1;3;217;52, BD DE VERDUN;M;4992990;108106;760
2,016E+11;16;4;23;1715;1;2;1;1;6;217;R ARISTIDE BRIAND;M;4992883;110053;760
2,016E+11;16;4;28;1235;1;2;2;1;3;217;AV DE LA REPUBLIQUE;M;4992454;110375;760
2,016E+11;16;5;7;1140;1;1;1;1;7;565;;M;4988634;108663;760
2,016E+11;16;5;13;1035;1;2;4;1;4;217;115, AV DES CANADIENS;M;4991461;107484;760
2,016E+11;16;5;17;820;1;2;1;1;2;26;31, R DU 11 NOVEMBRE 191;M;4988628;112291;760
2,016E+11;16;5;20;1335;1;2;1;1;1;217;R DE LA CONVENTION;M;4990598;108335;760
2,016E+11;16;6;8;1750;1;2;1;1;6;217;1, R DES CORMORANS;M;4993028;109743;760
2,016E+11;16;6;17;1717;1;2;1;1;3;217;124, AV DE LA REPUBLIQUE;M;4992566;109943;760
2,016E+11;16;7;1;1555;1;2;3;1;3;707;;M;4985261;110162;760
2,016E+11;16;6;17;1625;1;2;1;1;6;217;22, AV LEON GAMBETTA;M;4992141;107335;760
2,016E+11;16;6;19;1840;1;2;1;1;6;217;2, R CLAUDE GROULARD;M;4992347;107523;760
2,016E+11;16;7;1;540;5;2;2;1;3;217;QU DE LA SOMME;M;4992725;108597;760
2,016E+11;16;8;1;540;5;2;3;1;3;217;SOMME (QUAI DE LA);M;4992725;108597;760
2,016E+11;16;7;23;5;5;2;1;1;7;217;17, QU DU TONKIN;M;4992220;108219;760
2,016E+11;16;8;30;1905;1;2;1;1;6;26;32, R DE LA LIBERATION;M;4987821;112920;760
2,016E+11;16;9;5;1340;1;1;1;2;5;545;;M;4990806;110120;760
2,016E+11;16;9;5;1445;1;1;3;2;2;545;RD 154E;M;4990156;111889;760
2,016E+11;16;9;11;1520;1;1;1;1;3;217;AVENUE DE BREAUTE;M;4991365;109134;760
2,016E+11;16;10;12;715;5;2;1;1;6;26;17, R DU 11 NOVEMBRE 191;M;4988579;112349;760
2,016E+11;16;9;24;810;1;1;1;1;6;26;RD  54B;M;4987881;112043;760
2,016E+11;16;10;2;625;5;2;1;1;7;26;64, R DU 11 NOVEMBRE 191;M;4988966;111928;760
2,016E+11;16;10;12;1745;1;2;1;1;3;545;1, R DU CHAMP DE COURSES;M;4990437;109319;760
2,016E+11;16;10;12;1105;1;2;6;1;1;26;RTE DE SAINT NICOLAS;M;4988276;114196;760
2,016E+11;16;10;17;730;5;2;6;1;6;217;ROC DE JANVAL;M;4991076;107497;760
2,016E+11;16;10;23;154;3;1;4;5;4;26;;M;4987653;111927;760
2,016E+11;16;11;1;1645;1;2;1;1;1;217;1, ARC DE LA BOURSE;M;4992680;107959;760
2,016E+11;16;11;8;850;1;2;1;1;2;217;66, AV GAMBETTA;M;4991866;107400;760
2,016E+11;16;11;9;805;2;2;1;2;3;545;41, R DE LA CROIX DE PIE;M;4990133;109906;760
2,016E+11;16;11;10;1305;1;2;1;2;2;545;RD 154E;M;4989965;112017;760
2,016E+11;16;11;10;1900;5;2;4;1;6;217;107, AV GAMBETTA;M;4991516;107475;760
2,016E+11;16;12;2;1655;2;2;4;1;3;217;58, R DU FAUBOURG DE LA;M;4992216;107008;760
2,016E+11;16;12;6;1615;1;2;2;1;3;217;46, AV JEAN JAURES;M;4990946;106591;760
2,016E+11;16;12;17;1900;5;1;1;5;5;545;RD 154E;M;4991183;109738;760
2,016E+11;16;12;21;1750;5;2;3;2;3;217;169, R DU GENERAL CHANZY;M;4991324;108205;760
2,016E+11;16;1;2;1135;1;2;1;1;6;259;132, R GUSTAVE COUTURIER;M;4975186;39744;760
2,016E+11;16;1;2;1715;5;2;6;2;3;259;;M;4975075;40363;760
2,016E+11;16;4;2;1100;1;2;1;1;6;259;15, QU DE LA VICOMTE;M;4976097;36605;760
2,016E+11;16;7;13;800;1;1;1;1;7;600;RTE D'YPORT;M;4973569;29813;760
2,016E+11;16;8;18;920;1;2;1;1;6;259;202, AV JEAN LORRAIN;M;4976196;37857;760
2,016E+11;16;9;13;1135;1;2;3;1;3;259;AV GAMBETTA;M;4975858;37578;760
2,016E+11;16;10;16;2000;5;2;1;2;6;259;8, R DES FORTS;M;4975498;38088;760
2,016E+11;16;10;10;720;3;1;1;8;3;259;RTE DE CANY;M;4976642;40467;760
2,016E+11;16;12;2;1411;1;1;1;1;3;259;;M;4974657;41043;760
2,016E+11;16;12;2;1842;5;2;3;8;3;259;59, QU BERIGNY;M;4976008;36948;760
2,016E+11;16;1;3;2320;4;2;2;3;6;447;32, AV PRESIDENT WILSON;M;4954298;18178;760
2,016E+11;16;12;31;935;1;2;1;1;6;351;50, R DE VERDUN;M;4950129;14889;760
2,016E+11;16;11;30;855;1;2;1;1;6;351;126, BD CLEMENCEAU;M;4948984;9763;760
2,016E+11;16;1;4;838;1;2;1;1;7;351;267, R DE VERDUN;M;4950251;16846;760
2,016E+11;16;1;9;55;5;1;1;1;2;305;RTE INDUSTRIELLE;M;4948664;20982;760
2,016E+11;16;1;9;655;5;2;1;1;1;351;70, QU FRISSARD;M;4949094;12978;760
2,016E+11;16;1;11;830;5;2;3;2;6;351;R HENRI LABBAY;M;4951734;9734;760
2,016E+11;16;1;14;2045;5;2;2;1;3;351;R FERNAND CHATEL;M;4951932;10907;760
2,016E+11;16;1;16;1805;5;2;3;1;6;270;PL SAINT VALERY;M;4953655;14582;760
2,016E+11;16;1;15;1330;1;2;3;1;3;351;79, R DE LA CAVEE VERTE;M;4950316;10600;760
2,016E+11;16;1;19;1220;1;2;3;1;2;351;17, JULES VERNE;M;4950801;12810;760
2,016E+11;16;1;20;2335;5;1;1;1;7;305;;M;4951228;21676;760
2,016E+11;16;1;20;1345;1;2;1;1;6;351;502, R IRENE JOLIOT CURI;M;4952889;10334;760
2,016E+11;16;1;22;750;2;2;1;2;2;351;34, R DE LA CAVEE VERTE;M;4950417;10960;760
2,016E+11;16;1;22;1950;5;2;1;1;6;351;CRS LAFAYETTE;M;4949193;12481;760
2,016E+11;16;1;25;1830;5;2;2;1;3;351;108, R ANATOLE FRANCE;M;4949584;11901;760
2,016E+11;16;1;26;900;1;2;1;1;5;351;37, R ADRIENNE LECOUVREU;M;4951817;11172;760
2,016E+11;16;1;29;1215;1;2;2;1;6;351;76, R FREDERIC BELLENGER;M;4949542;9954;760
2,016E+11;16;1;31;1200;1;2;1;1;7;351;AV LUCIEN CORBEAUX;M;4947958;11992;760
2,016E+11;16;1;28;1750;1;2;3;1;3;351;227, R ARISTIDE BRIAND;M;4950010;13255;760
2,016E+11;16;1;27;1910;5;2;2;3;1;351;68, R D INGOUVILLE;M;4949874;10712;760
2,016E+11;16;1;30;1650;1;2;1;1;7;351;28, R DES MARTYRS;M;4951468;10739;760
2,016E+11;16;2;1;1710;1;2;1;2;3;351;243, R FELIX FAURE;M;4950053;10788;760
2,016E+11;16;2;4;1825;5;2;2;1;6;351;337, R DE VERDUN;M;4950245;17249;760
2,016E+11;16;2;3;1315;1;2;3;2;2;351;13, CRS DE LA REPUBLIQUE;M;4949275;12424;760
2,016E+11;16;2;7;245;5;2;3;2;1;351;AV JEAN JAURES;M;4949832;14834;760
2,016E+11;16;2;6;445;5;1;1;1;3;351;BD DE LENINGRAD;M;4949902;16090;760
2,016E+11;16;2;10;1330;1;2;2;3;3;351;46, R MASSILLON;M;4949880;13727;760
2,016E+11;16;2;14;1400;1;2;4;1;1;351;39, R BOULARD;M;4951596;12493;760
2,016E+11;16;2;13;545;5;2;2;2;6;351;26, CRS DE LA REPUBLIQUE;M;4949247;12417;760
2,016E+11;16;2;14;350;5;2;1;1;6;351;7, R DE LA BOUTEILLERIE;M;4952202;16345;760
2,016E+11;16;2;15;1620;1;2;3;1;6;351;87, R DES GOBELINS;M;4949833;10530;760
2,016E+11;16;2;11;1625;1;2;2;1;5;351;R CASIMIR PERIER;M;4949330;11207;760
2,016E+11;16;2;12;1345;1;1;1;2;3;270;;M;4953069;14339;760
2,016E+11;16;2;16;820;1;2;3;1;7;305;2,R FREDERIC JOLIOT CURI;M;4950641;23877;760
2,016E+11;16;2;19;1625;1;1;1;1;1;481;;M;4955290;11144;760
2,016E+11;16;2;23;1910;3;1;1;1;6;447;;M;4953511;19725;760
2,016E+11;16;2;23;1335;1;2;1;1;1;351;R DEMIDOFF;M;4949727;12909;760
2,016E+11;16;2;23;1705;1;2;1;1;6;351;35, R DE LA VALLEE;M;4949363;15144;760
2,016E+11;16;2;22;1845;5;2;2;2;6;351;R DE BELFORT;M;4951104;11993;760
2,016E+11;16;2;24;2110;5;2;2;1;6;351;88bis, R MARECHAL JOFFRE;M;4949963;12293;760
2,016E+11;16;2;25;1045;1;1;2;1;5;351;;M;4950174;19322;760
2,016E+11;16;2;25;635;5;2;6;1;6;351;2, AV LEO LAGRANGE;M;4950178;16261;760
2,016E+11;16;3;1;2310;5;2;3;1;6;351;44, AV PABLO PICASSO;M;4950263;15289;760
2,016E+11;16;3;4;1400;1;1;1;1;2;351;;M;4950148;19285;760
2,016E+11;16;3;1;745;1;2;3;1;3;351;34, R DEMIDOFF;M;4949742;13263;760
2,016E+11;16;3;5;600;5;2;1;1;6;351;13, R DES MAGASINS GENER;M;4949181;13455;760
2,016E+11;16;3;6;1525;1;1;1;1;6;305;RTE INDUSTRIELLE;M;4948660;20639;760
2,016E+11;16;3;11;850;1;2;1;1;6;351;114, BD ALBERT 1ER;M;4950068;8849;760
2,016E+11;16;3;12;529;3;1;1;5;7;270;;M;4953068;14310;760
2,016E+11;16;3;14;1710;1;2;2;1;3;351;26, R ANATOLE FRANCE;M;4949486;11119;760
2,016E+11;16;3;15;1740;1;2;2;1;6;447;2, R DU CHAMP DE FOIRE;M;4954804;19164;760
2,016E+11;16;3;20;1910;5;1;1;1;7;351;302, AV DU BOIS AU COQ;M;4951333;12466;760
2,016E+11;16;3;19;1135;1;2;2;1;2;351;RD147A;M;4952949;10697;760
2,016E+11;16;3;25;1735;1;2;1;1;4;351;466, AV DU BOIS AU COQ;M;4951988;11514;760
2,016E+11;16;3;27;620;3;2;1;1;6;351;15, R DES MAGASINS GENER;M;4949193;13490;760
2,016E+11;16;3;25;1800;1;2;2;1;3;351;R FERRER;M;4948902;13964;760
2,016E+11;16;3;27;2100;2;2;3;1;7;351;R COCHET;M;4950095;9099;760
2,016E+11;16;3;31;1820;1;2;2;1;6;447;CRS SAINTE CROIX;M;4954333;19257;760
2,016E+11;16;4;3;650;2;1;1;5;7;447;;M;4956458;15852;760
2,016E+11;16;4;2;1550;1;1;1;2;6;481;9, CHE DU FOND DES VALLE;M;4953730;11218;760
2,016E+11;16;4;4;1950;3;1;1;1;6;481;;M;4953280;11252;760
2,016E+11;16;4;5;1130;1;2;2;1;6;351;125, AV RENE COTY;M;4949851;11786;760
2,016E+11;16;4;9;2250;5;2;1;1;6;351;292, BD JULES DURAND;M;4949404;17410;760
2,016E+11;16;4;11;650;2;1;1;2;6;341;CHE DES VALLEES;M;4951736;19176;760
2,016E+11;16;4;15;1720;1;2;3;1;6;351;267, R ARISTIDE BRIAND;M;4950030;13558;760
2,016E+11;16;4;20;1050;1;2;1;1;6;351;168, R DE VERDUN;M;4950222;15999;760
2,016E+11;16;4;21;1125;1;1;1;1;7;351;;M;4952517;15980;760
2,016E+11;16;4;23;1950;1;2;3;1;6;351;1, PL GEORGES VAVASSEUR;M;4951069;11016;760
2,016E+11;16;4;25;1335;1;2;3;1;7;351;70, AV DU GENERAL DE GAU;M;4952231;15726;760
2,016E+11;16;4;25;1320;1;2;2;1;6;351;CRS DE LA REPUBLIQUE;M;4949988;12980;760
2,016E+11;16;4;29;110;5;2;2;1;6;351;BD WINSTON CHURCHILL;M;4949412;13863;760
2,016E+11;16;4;27;1545;1;2;1;1;2;351;CRS LAFAYETTE;M;4949162;12567;760
2,016E+11;16;4;29;1500;1;2;1;2;7;351;106, CRS DE LA REPUBLIQU;M;4949744;12784;760
2,016E+11;16;5;2;1110;1;2;1;1;6;351;R GEORGES LAFAURIE;M;4950020;11080;760
2,016E+11;16;5;2;1630;1;2;2;1;3;351;AV DU HUIT MAI 1945;M;4951554;17187;760
2,016E+11;16;5;4;710;1;2;3;1;6;351;AV JEAN JAURES;M;4950101;18087;760
2,016E+11;16;5;4;1815;1;2;1;1;6;447;30, R MEDERIC DESCHAMPS;M;4954547;18676;760
2,016E+11;16;5;4;1650;1;2;3;1;6;351;GENERAL DE GAULLE;M;4952208;15731;760
2,016E+11;16;5;4;1440;1;2;3;1;6;351;382, R PIERRE MENDES FRA;M;4951557;15478;760
2,016E+11;16;5;9;2236;5;2;1;1;1;351;CHS LAMANDE;M;4948729;11599;760
2,016E+11;16;5;10;1135;1;2;1;1;7;552;20, R DES FERMES;M;4951322;7730;760
2,016E+11;16;5;13;1445;1;2;3;1;2;447;AV PIERRE MENDES FRANCE;M;4953207;18019;760
2,016E+11;16;5;17;800;1;2;3;1;3;351;57, BD JULES DURAND;M;4948943;15457;760
2,016E+11;16;5;14;1855;1;2;1;1;2;351;63, R DE VERDUN;M;4950151;15109;760
2,016E+11;16;5;18;630;1;1;1;1;5;341;;M;4952208;18589;760
2,016E+11;16;5;6;420;5;2;1;1;6;351;84, R GUSTAVE NICOLLE;M;4949192;14704;760
2,016E+11;16;5;17;1157;1;2;2;1;6;351;2, R D INGOUVILLE;M;4949683;11027;760
2,016E+11;16;5;17;1800;1;2;2;1;3;341;R DE LA LEZARDE;M;4950215;20193;760
2,016E+11;16;5;19;1750;1;2;1;1;7;351;R PHILIPPE LEBON;M;4949541;12942;760
2,016E+11;16;5;28;1505;1;2;1;1;6;351;15, AV DE LA RESISTANCE;M;4949562;10790;760
2,016E+11;16;6;1;1705;1;1;1;1;1;341;51, R PAUL DOUMER;M;4952078;19439;760
2,016E+11;16;6;3;2325;5;2;1;1;1;351;98, R JULES GUESDE;M;4951033;11872;760
2,016E+11;16;6;5;1815;1;2;2;1;7;351;R ANATOLE FRANCE;M;4949607;12084;760
2,016E+11;16;6;3;2000;1;2;1;1;3;351;562, BD JULES DURAND;M;4949896;18766;760
2,016E+11;16;6;6;1745;1;2;4;1;2;351;AV GENERAL FERRIE;M;4950342;17958;760
2,016E+11;16;6;12;1200;1;2;2;1;3;351;R PIERRE LOTI;M;4951116;15342;760
2,016E+11;16;6;12;800;1;2;1;1;2;351;130, CRS DE LA REPUBLIQU;M;4949839;12853;760
2,016E+11;16;6;11;1731;1;2;1;1;6;447;HOPITAL JACQUES MONOD;M;4952802;18365;760
2,016E+11;16;6;15;1620;1;2;4;1;3;447;R HENRI MATISSE;M;4955067;17461;760
2,016E+11;16;6;18;330;5;2;1;1;7;552;99, R DU BEAU PANORAMA;M;4950699;7028;760
2,016E+11;16;6;17;2000;1;2;1;1;6;351;44, BD ALBERT 1ER;M;4949744;9235;760
2,016E+11;16;6;16;1655;1;2;2;1;3;351;77, R JULES LECESNE;M;4949331;11855;760
2,016E+11;16;6;18;1545;1;2;1;1;7;351;R LABEDOYERE;M;4949670;13520;760
2,016E+11;16;6;17;750;1;2;2;1;6;351;63, AV DU VAL AUX CORNE;M;4950911;14676;760
2,016E+11;16;6;22;1140;1;2;2;1;3;351;12, R PAUL SOUDAY;M;4949416;11651;760
2,016E+11;16;6;24;1420;1;2;1;1;7;351;QU BOUGAINVILLE;M;4946050;19341;760
2,016E+11;16;6;25;150;5;2;1;1;7;351;68, BD JULES DURAND;M;4948957;15541;760
2,016E+11;16;6;20;815;1;2;2;1;1;351;BD DE GRAVILLE;M;4949624;14690;760
2,016E+11;16;7;2;2005;1;2;3;1;3;351;17, R JEANNETTE;M;4951400;12644;760
2,016E+11;16;7;10;1445;1;2;3;1;7;351;63, R DES GOBELINS;M;4949731;10351;760
2,016E+11;16;7;15;50;5;2;2;1;6;351;83, CRS DE LAREPUBLIQUE;M;4949587;12667;760
2,016E+11;16;7;15;2210;5;2;1;1;6;351;14, R CHARLES ROMME;M;4951438;17205;760
2,016E+11;16;7;17;1920;1;1;1;1;6;351;AV AMIRAL DU CHILLOU;M;4947659;17512;760
2,016E+11;16;7;17;40;5;2;2;1;2;351;16, R ANDRE VIMBERT;M;4952170;15896;760
2,016E+11;16;7;18;2000;1;2;3;1;3;351;275, BD FRANCOIS 1ER;M;4949515;9621;760
2,016E+11;16;7;21;1530;1;2;2;1;1;351;R JEANNE D'ARC;M;4948547;10390;760
2,016E+11;16;7;22;1635;1;1;1;1;6;447;AV DE LA BELLE ETOILE;M;4955189;16891;760
2,016E+11;16;7;31;910;1;2;2;1;6;351;BD FRANCOIS 1ER;M;4949350;9790;760
2,016E+11;16;6;9;1710;1;2;1;1;5;351;136, R DU TROIS CENT VIN;M;4950411;12986;760
2,016E+11;16;8;2;805;1;2;6;2;2;447;AV PRESIDENT WILSON;M;4953482;17857;760
2,016E+11;16;8;2;1710;1;2;1;2;1;351;10, R PIERRE FARCIS;M;4951737;9701;760
2,016E+11;16;8;4;2355;5;2;1;1;5;351;481, R DE VERDUN;M;4950229;18283;760
2,016E+11;16;8;8;150;5;2;3;1;6;305;9, RTE DE SAINT LAURENT;M;4952226;21927;760
2,016E+11;16;8;8;1905;1;2;4;1;6;351;AV D APLEMONT;M;4950350;17958;760
2,016E+11;16;8;5;1955;1;2;2;1;3;351;79, R GUSTAVE BRINDEAU;M;4949243;13961;760
2,016E+11;16;8;10;2320;5;2;2;1;3;351;R FRANCOIS MAZELINE;M;4949776;13746;760
2,016E+11;16;8;11;2025;1;2;3;1;6;351;BD CLEMENCEAU;M;4948949;9775;760
2,016E+11;16;8;18;210;5;1;2;2;6;351;AV DU SEIZIEME PORT;M;4948169;15432;760
2,016E+11;16;8;19;228;5;1;1;1;6;270;R LOUIS LUMIERE;M;4953066;14105;760
2,016E+11;16;8;19;1500;1;2;2;2;3;351;R GUSTAVE LENNIER;M;4948920;10815;760
2,016E+11;16;8;23;15;5;2;2;1;3;351;R DU VORNIER;M;4951091;12023;760
2,016E+11;16;8;22;1855;1;2;1;1;1;305;21, RTE D'ORCHER;M;4950351;21323;760
2,016E+11;16;8;24;815;1;2;2;1;3;351;R ANDREI SAKHAROV;M;4950476;16870;760
2,016E+11;16;8;18;1000;1;2;6;1;6;351;3, R ROMAIN ROLLAND;M;4950571;10130;760
2,016E+11;16;8;28;1200;1;2;3;1;3;552;R VACQUERIE;M;4950455;8581;760
2,016E+11;16;8;27;1950;1;2;2;1;1;341;R DES CARAQUES;M;4950517;20411;760
2,016E+11;16;8;30;1130;1;1;1;1;1;351;BD JULES DURAND;M;4949225;16741;760
2,016E+11;16;8;26;1410;1;2;3;1;3;351;228, R FELIX FAURE;M;4950047;10687;760
2,016E+11;16;8;29;1840;1;1;6;1;3;481;;M;4953132;10825;760
2,016E+11;16;9;2;1120;1;2;4;1;6;552;R EDITH CAVELL;M;4950749;8364;760
2,016E+11;16;9;2;805;1;2;1;1;6;447;44, PL FRANCOIS MITTERRA;M;4954511;19175;760
2,016E+11;16;9;3;20;5;2;1;1;6;341;NEANT, ARMES (PLACE);M;4950471;20038;760
2,016E+11;16;9;2;1510;1;2;1;1;7;351;R GEORGES LAFAURIE;M;4950015;11075;760
2,016E+11;16;9;4;2130;5;1;6;1;6;481;RTE DE LA CHENAIE;M;4953010;10348;760
2,016E+11;16;9;4;2140;3;1;1;1;6;270;;M;4953119;14205;760
2,016E+11;16;9;5;1505;1;2;2;1;3;351;AV DU GRAND HAMEAU;M;4952429;9686;760
2,016E+11;16;9;8;1345;1;1;6;1;2;481;RD 6382;M;4953166;10350;760
2,016E+11;16;9;10;915;1;1;1;1;6;351;CHE RURAL 1 ROUELLE;M;4952474;16795;760
2,016E+11;16;9;9;835;1;2;3;1;6;351;32, R DE LA VALLEE;M;4949317;15138;760
2,016E+11;16;9;10;1000;1;1;1;1;6;305;RTE INDUSTRIELLE;M;4948683;20973;760
2,016E+11;16;9;12;721;1;2;1;1;6;351;R PIERRE MENDES FRANCE;M;4950978;14219;760
2,016E+11;16;9;9;1405;1;2;3;1;6;351;96, R AVIATEUR GUERIN;M;4948860;13444;760
2,016E+11;16;9;10;430;5;1;1;1;1;305;;M;4949910;20517;760
2,016E+11;16;9;13;1335;1;2;2;1;3;351;R PIERRE MENDES FRANCE;M;4951655;15612;760
2,016E+11;16;9;1;1340;1;2;2;1;3;351;403, R ARISTIDE BRIAND;M;4950086;14437;760
2,016E+11;16;9;15;1225;1;1;1;1;6;351;RD 6382 G;M;4951793;19223;760
2,016E+11;16;9;15;1720;1;2;4;1;5;341;R PAUL DOUMER;M;4951897;19375;760
2,016E+11;16;9;18;425;5;2;4;1;6;351;QU COLBERT;M;4949149;12585;760
2,016E+11;16;9;19;2224;5;2;1;2;7;341;R DU CALVAIRE;M;4950770;20473;760
2,016E+11;16;9;17;1855;1;2;6;2;6;351;114, R MARCEAU;M;4949134;13303;760
2,016E+11;16;9;21;1050;1;2;4;1;3;552;R DU CARROUSSEL;M;4951378;7588;760