Num_Acc;an;mois;jour;hrmn;lum;agg;int;atm;col;com;adr;gps;lat;long;dep
2,016E+11;16;10;1;1800;1;2;1;1;6;351;8 bis, R MADAME LAFAYETT;M;4949514;11019;760
2,016E+11;16;10;4;1838;1;1;1;1;6;305;RTE INDUSTRIELLE;M;4948777;20110;760
2,016E+11;16;10;4;2030;5;2;1;1;6;351;173, AV JEAN JAURES;M;4950003;16016;760
2,016E+11;16;10;4;1620;1;1;1;1;1;305;;M;4951684;20742;760
2,016E+11;16;10;4;1315;1;2;1;1;2;351;NEANT, SAINTE ADRESSE (D;M;4950110;9016;760
2,016E+11;16;10;6;1845;1;1;3;1;3;351;BD DE LENINGRAD;M;4950009;17169;760
2,016E+11;16;10;8;710;5;2;2;1;3;351;R ANDREI SAKHAROV;M;4950477;16875;760
2,016E+11;16;10;13;1610;1;2;2;1;6;351;2, R GUSTAVE NICOLLE;M;4949024;14217;760
2,016E+11;16;10;14;1910;2;2;3;1;3;351;QU COLBERT;M;4949235;12989;760
2,016E+11;16;10;24;1618;1;2;1;1;2;351;126, BD ALBERT 1ER;M;4950113;8798;760
2,016E+11;16;10;27;1800;1;2;1;1;6;351;36, BD ALBERT 1ER;M;4949658;9322;760
2,016E+11;16;10;30;1120;1;1;1;1;7;447;;M;4954308;22299;760
2,016E+11;16;11;3;810;1;1;2;1;3;481;RTE D ETRETAT;M;4955997;11477;760
2,016E+11;16;11;6;340;5;2;2;1;3;351;CRS DE LA REPUBLIQUE;M;4950001;13002;760
2,016E+11;16;11;7;740;1;2;1;2;6;341;5, R PAUL DOUMER;M;4951353;19774;760
2,016E+11;16;11;9;1735;1;2;4;3;7;270;AV DU GENERAL DE GAULLE;M;4952556;15374;760
2,016E+11;16;11;13;630;5;2;3;1;6;341;01, R PAUL DOUMER;M;4951328;19805;760
2,016E+11;16;11;14;1545;1;2;3;1;6;447;R GIROT;M;4954438;19341;760
2,016E+11;16;11;16;1210;1;2;2;1;3;351;R DE LA LAITERIE;M;4950490;14834;760
2,016E+11;16;11;19;1500;1;1;4;1;2;341;;M;4952006;19153;760
2,016E+11;16;11;20;1925;5;2;2;2;6;351;117, R IRENE JOLIOT CURI;M;4951054;10241;760
2,016E+11;16;11;26;1330;1;2;3;1;1;351;01, VOLTAIRE;M;4949000;10301;760
2,016E+11;16;11;28;1955;5;2;3;1;7;351;148, R TROIS CENT VINGT;M;4950427;13106;760
2,016E+11;16;11;28;745;2;2;1;1;3;351;98, R TROIS CENT VINGT N;M;4950391;12688;760
2,016E+11;16;11;30;730;2;2;6;1;7;447;GIRATOIRE JEAN MONNET;M;4953482;17858;760
2,016E+11;16;12;2;1106;1;1;1;1;6;270;;M;4953088;14260;760
2,016E+11;16;12;6;940;1;2;1;1;6;351;R HENRI CAYEUX;M;4951640;11905;760
2,016E+11;16;12;6;715;2;2;1;1;7;341;25, R ANTOINE DE SAINT E;M;4951064;18962;760
2,016E+11;16;12;4;1330;1;2;2;1;3;351;R LABEDOYERE;M;4949665;13426;760
2,016E+11;16;12;10;1745;5;2;3;1;6;351;AV JEAN JAURES;M;4950100;18066;760
2,016E+11;16;12;10;600;5;2;6;1;6;351;BD JULES DURAND;M;4949580;17904;760
2,016E+11;16;12;16;1210;1;2;3;1;3;351;30, R ROGER SALENGRO;M;4950829;11037;760
2,016E+11;16;12;16;747;5;2;1;1;3;351;50, R AUGUSTE RISPAL;M;4949285;14197;760
2,016E+11;16;12;21;1800;5;2;2;2;6;351;6, R LEON BUQUET;M;4949265;9937;760
2,016E+11;16;12;21;1935;5;2;1;2;6;351;6, R LAGRANGE;M;4950923;12277;760
2,016E+11;16;12;22;1255;1;1;4;1;1;351;AV AMIRAL DU CHILLOU;M;4946908;18085;760
2,016E+11;16;12;22;1800;5;2;3;1;3;552;9, R ALBERT DUBOSC;M;4950621;8447;760
2,016E+11;16;12;24;2005;5;2;1;1;1;351;R THEOPHILE GAUTIER;M;4951296;8983;760
2,016E+11;16;12;12;815;2;2;1;2;3;351;11, BD JULES DURAND;M;4948864;15111;760
2,016E+11;16;11;29;1830;5;2;1;1;3;351;280, R DE VERDUN;M;4950248;16904;760
2,016E+11;16;12;29;1200;1;2;1;1;7;351;17, R DE LA BOUTEILLERIE;M;4952198;16370;760
2,016E+11;16;12;26;1420;1;2;4;1;3;540;12, AV ARISTIDE BRIAND;M;4943538;110422;760
2,016E+11;16;12;29;650;5;2;3;1;6;575;R ERNEST RENAN;M;4939861;106297;760
2,016E+11;16;12;22;520;5;2;1;2;6;484;1499, AV DU GENERAL DE G;M;4934866;109513;760
2,016E+11;16;3;18;1350;1;2;2;1;3;575;20, R ERNEST RENAN;M;4939858;106605;760
2,016E+11;16;11;5;600;5;1;6;2;6;484;;M;4934582;107694;760
2,016E+11;16;11;18;1120;1;2;3;1;6;103;78, RTE DE PARIS;M;4942423;112288;760
2,016E+11;16;11;21;805;2;2;3;1;6;540;R LETHUILLIER PINEL;M;4942090;107364;760
2,016E+11;16;12;20;2000;5;2;3;1;3;540;58, QU DU HAVRE;M;4944017;108464;760
2,016E+11;16;1;9;900;1;2;2;1;5;540;QU DU HAVRE;M;4944102;108256;760
2,016E+11;16;1;16;510;5;2;1;1;6;540;19, BD DE VERDUN;M;4944382;111280;760
2,016E+11;16;12;28;1155;1;2;1;9;1;599;116, RTE DE LYONS;M;4943516;114749;760
2,016E+11;16;12;9;1400;1;2;2;1;3;319;BD DE POTASSES;M;4936711;101080;760
2,016E+11;16;1;23;1905;5;2;1;1;3;322;15, BD MAURICE RAVEL;M;4941235;104746;760
2,016E+11;16;1;27;1550;1;2;2;2;3;322;BD PIERRE BROSSOLETTE;M;4941869;103152;760
2,016E+11;16;1;7;750;5;2;3;2;6;540;R DU GENERAL GIRAUD;M;4944137;108696;760
2,016E+11;16;1;11;430;5;2;4;1;3;540;AV BERNARD BICHERAY;M;4944963;105018;760
2,016E+11;16;1;14;1320;1;2;1;2;6;498;1, R FRANKLIN ROOSEVELT;M;4942731;106643;760
2,016E+11;16;1;14;1850;5;2;2;3;3;540;117, RTE DU HAVRE;M;4945279;105654;760
2,016E+11;16;1;18;2015;3;1;1;1;1;410;COTE DE LA VALETTE;M;4948721;102610;760
2,016E+11;16;2;2;825;1;2;4;1;6;322;1, R EDWIN ALDRIN;M;4941418;105093;760
2,016E+11;16;1;22;950;1;2;4;2;4;540;PONT DE L  EUROPE;M;4942914;109899;760
2,016E+11;16;2;11;1040;1;2;2;7;6;231;5, RD 132 (RUE DES MARTY;M;4928742;100825;760
2,016E+11;16;1;25;625;4;1;1;1;1;5;;M;4939228;112363;760
2,016E+11;16;2;5;720;5;2;1;2;6;103;R JACQUES MORIN;M;4942614;112205;760
2,016E+11;16;2;10;700;5;2;3;1;3;410;cote de la valette;M;4948194;103650;760
2,016E+11;16;1;19;1820;2;1;6;1;2;391;138 RN;M;4934180;92911;760
2,016E+11;16;2;10;1130;1;2;1;1;6;429;92, RTE DE PARIS;M;4941131;114041;760
2,016E+11;16;2;20;308;5;2;1;1;6;157;16, R DE LA VALETTE;M;4946226;104185;760
2,016E+11;16;2;25;1720;1;2;3;1;1;575;46, R DES CATELIERS;M;4938809;108152;760
2,016E+11;16;2;25;1655;1;2;6;1;6;540;AV DE LA GRAND MARE;M;4946149;113194;760
2,016E+11;16;2;10;947;1;2;3;2;6;497;501,R ARISTIDE BRIAND;M;4939416;102362;760
2,016E+11;16;2;22;1515;1;2;1;3;3;410;18, R CHARLES CAPELLE;M;4947454;103809;760
2,016E+11;16;3;1;1520;1;2;2;2;3;540;4, R BRISOUT DE BARNEVIL;M;4943402;108220;760
2,016E+11;16;3;5;2310;3;1;1;2;2;319;;M;4934392;101037;760
2,016E+11;16;2;16;740;2;2;3;9;5;157;AV DU PRESIDENT ALLENDE;M;4944996;103511;760
2,016E+11;16;2;25;740;1;2;1;1;6;540;92, R SAINT JULIEN;M;4942789;108013;760
2,016E+11;16;3;10;1;3;1;1;2;2;728;;M;4947799;101709;760
2,016E+11;16;3;11;1;5;2;3;1;3;681;BD INDUSTRIEL;M;4942138;110657;760
2,016E+11;16;3;14;715;1;2;3;1;2;681;BD INDUSTRIEL;M;4940277;111069;760
2,016E+11;16;3;8;1740;1;2;1;1;6;451;BD ANDRE SIEGFRIED;M;4946285;106632;760
2,016E+11;16;3;13;920;1;2;6;1;6;322;AV FRANKLIN ROOSEVELT;M;4940644;104119;760
2,016E+11;16;3;11;1950;5;2;1;1;6;322;63, AV DES CANADIENS;M;4939360;105938;760
2,016E+11;16;3;16;840;1;2;2;1;3;540;70, R LAFAYETTE;M;4943253;108944;760
2,016E+11;16;3;1;1100;1;2;2;2;6;540;17, R JEAN LECANUET;M;4944391;109622;760
2,016E+11;16;3;15;1740;1;1;3;1;3;575;BD LENINE;M;4939393;111155;760
2,016E+11;16;3;16;1336;1;1;2;1;3;319;AV DU GENERAL LECLERC;M;4936710;101094;760
2,016E+11;16;3;16;830;1;2;1;1;7;322;2, R HECTOR BERLIOZ;M;4940531;104835;760
2,016E+11;16;3;16;1700;1;2;2;1;3;165;74, R DE LA REPUBLIQUE;M;4928283;102258;760
2,016E+11;16;3;14;1320;1;2;3;1;6;540;100, R FRANCOIS COUPERIN;M;4944980;113843;760
2,016E+11;16;3;19;220;5;2;1;1;2;157;38, R DE LA VALETTE;M;4946376;104092;760
2,016E+11;16;3;19;235;5;1;1;1;6;474;27, R DE L ABBAYE;M;4949931;104047;760
2,016E+11;16;3;23;10;5;2;1;1;6;681;137, R RASPAIL;M;4941505;109274;760
2,016E+11;16;3;10;1650;1;2;1;1;6;429;1, NEUVILLETTE. RUE DE;M;4940678;114000;760
2,016E+11;16;3;15;1120;1;2;2;1;2;540;63, CLEMENCEAU. COURS;M;4943435;108941;760
2,016E+11;16;3;24;2000;5;2;2;1;3;540;18, R DU MAIL;M;4942913;109189;760
2,016E+11;16;3;26;40;5;2;3;1;6;540;BD DE L'EUROPE;M;4942812;109459;760
2,016E+11;16;3;28;2150;5;2;3;2;3;451;R DU TRONQUET;M;4946940;107696;760
2,016E+11;16;3;27;605;5;2;2;1;5;540;80, QU DU HAVRE;M;4944089;108238;760
2,016E+11;16;3;29;1230;1;2;3;1;3;540;120, R DU CHAMP DES OISE;M;4945488;109605;760
2,016E+11;16;3;25;1635;1;2;1;1;3;429;145, RTE DE PARIS;M;4941599;113391;760
2,016E+11;16;3;31;1045;1;2;2;2;6;319;36, R GEORGES CLEMENCEAU;M;4935894;100972;760
2,016E+11;16;4;3;1310;1;2;3;1;1;575;R JEAN JACQUES ROUSSEAU;M;4938110;110937;760
2,016E+11;16;4;3;650;3;1;1;2;1;231;R BOURGTHEROULDE;M;4928727;96730;760
2,016E+11;16;4;1;1620;1;2;2;1;4;540;PONT GUILLAUME LE CONQUE;M;4943902;108028;760
2,016E+11;16;4;5;745;1;2;1;1;3;103;123, RTE DE PARIS;M;4942786;111777;760
2,016E+11;16;4;5;2145;5;2;2;1;3;540;33, R SAINT MAUR;M;4944892;108921;760
2,016E+11;16;4;8;500;5;2;5;1;3;540;84, R DE GRIEU;M;4944450;112877;760
2,016E+11;16;4;6;1200;1;2;4;1;3;95;R DU PRESIDENT KENNEDY;M;4946050;112897;760
2,016E+11;16;4;13;1020;1;2;2;1;3;681;R DE PARIS;M;4941717;109558;760
2,016E+11;16;3;31;1805;1;2;1;1;6;410;14, R DU 8 MAI 1945;M;4947780;103658;760
2,016E+11;16;4;18;840;1;2;2;1;2;575;R JULIAN GRIMAU;M;4938814;108744;760
2,016E+11;16;4;6;1340;1;2;1;2;6;216;59, R JOSEPH HUE;M;4947448;105013;760
2,016E+11;16;4;13;1735;1;2;1;1;6;498;8, IMP CLEMENT;M;4942465;106696;760
2,016E+11;16;4;20;815;1;1;1;1;3;322;;M;4939187;104032;760
2,016E+11;16;4;21;1645;1;2;3;1;6;410;52, R DE LA REPUBLIQUE;M;4947641;104304;760
2,016E+11;16;4;14;1445;1;2;3;1;3;231;R DE LA GARE;M;4928347;100555;760
2,016E+11;16;4;24;1610;1;2;2;1;6;231;1, R AUGUSTIN HENRI;M;4929038;101113;760
2,016E+11;16;4;27;1625;1;2;4;1;3;231;99, R DU NEUBOURG;M;4928044;100760;760
2,016E+11;16;3;21;925;1;2;3;1;6;540;145, R BEAUVOISINE;M;4944653;109812;760
2,016E+11;16;3;29;1335;1;2;1;1;3;540;51, AV DE LA PORTE DES C;M;4944620;110558;760
2,016E+11;16;4;5;2300;5;2;2;1;2;497;R ARISTIDE BRIAND;M;4938813;102288;760
2,016E+11;16;4;2;1130;1;2;3;1;6;157;38, R SAMUEL LECOEUR;M;4945121;104657;760
2,016E+11;16;5;2;1630;1;2;1;1;6;561;50, R MARECHAL LECLERC;M;4930313;101566;760
2,016E+11;16;4;28;1640;1;2;4;1;6;5;198, R FRANCOIS MITTERRA;M;4940857;112208;760
2,016E+11;16;5;2;830;1;2;1;1;6;540;8,R ROLLON;M;4944268;108996;760
2,016E+11;16;4;30;610;1;2;3;1;6;540;6, QU DE LA BOURSE;M;4943826;109144;760
2,016E+11;16;4;28;1300;1;2;4;1;3;540;11, R DES FAULX;M;4944180;110092;760
2,016E+11;16;5;6;1840;1;2;2;1;3;497;PL DE LA LIBERATION;M;4938574;102125;760
2,016E+11;16;5;11;1645;1;2;3;3;3;157;COTE DE CANTELEU;M;4944504;104193;760
2,016E+11;16;5;12;930;1;2;1;1;6;410;85, RTE DE DIEPPE;M;4947808;104728;760
2,016E+11;16;5;9;845;1;2;3;1;2;540;14, R DU 74E RI;M;4943276;108278;760
2,016E+11;16;5;9;1852;1;2;6;1;2;575;AV DE L UNIVERSITE;M;4938519;107111;760
2,016E+11;16;5;20;1925;1;2;2;1;3;231;2, R DEVE;M;4928389;101236;760
2,016E+11;16;5;22;315;5;2;2;2;3;561;R MARECHAL LECLERC;M;4930119;101213;760
2,016E+11;16;5;12;1800;1;2;1;2;6;540;QU GASTON BOULET;M;4944214;107854;760
2,016E+11;16;5;13;1710;1;2;1;1;5;451;13, R DU PRESIDENT KENNE;M;4946361;108549;760
2,016E+11;16;5;10;1740;1;1;1;1;2;322;;M;4940707;103674;760
2,016E+11;16;5;10;1935;1;2;1;3;1;429;81, RTE DE PARIS;M;4941068;114126;760
2,016E+11;16;5;13;1130;1;2;1;1;4;540;QU DU HAVRE;M;4944083;108263;760
2,016E+11;16;4;30;1830;1;2;1;1;6;540;PONT BOIELDIEU;M;4943773;109160;760
2,016E+11;16;5;29;1015;1;2;1;1;2;705;2, R JEAN BAPTISTE CLEME;M;4932763;107447;760
2,016E+11;16;5;22;1400;1;1;1;2;1;366;R DU 11 NOVEMBRE;M;4952234;103455;760
2,016E+11;16;6;1;120;5;2;2;2;3;681;BD INDUSTRIE;M;4942147;110661;760
2,016E+11;16;5;30;1620;1;2;1;1;6;410;16, R DU 8 MAI 1945;M;4947700;103664;760
2,016E+11;16;5;25;835;1;2;3;1;6;540;6, R FRANCOIS COUPERIN;M;4944743;114020;760
2,016E+11;16;5;27;2245;5;2;1;1;2;540;43, R SAINT VIVIEN;M;4944218;110483;760
2,016E+11;16;5;28;1820;1;2;5;3;6;540;20, BD DE LA MARNE;M;4944718;109341;760
2,016E+11;16;5;25;1130;1;2;1;1;6;322;75, R DE LA REPUBLIQUE;M;4942064;104243;760
2,016E+11;16;5;20;750;1;1;1;1;2;322;;M;4940298;103370;760
2,016E+11;16;6;6;340;5;2;1;1;6;540;AV DE LA GRAND MARE;M;4946106;113258;760
2,016E+11;16;6;8;1630;1;2;1;1;6;319;1, R DE LA FORET;M;4934811;102108;760
2,016E+11;16;6;11;702;1;2;2;1;6;540;121, AV DES MARTYRS DE L;M;4942106;107924;760
2,016E+11;16;6;12;1725;1;2;1;3;6;540;AV DE LA GRAND MARE;M;4944330;113031;760
2,016E+11;16;6;10;850;1;2;1;1;4;540;PONT GUILLAUME LE CONQUE;M;4944000;108091;760
2,016E+11;16;6;1;1300;1;2;2;1;6;540;55, R JEANNE D'ARC;M;4944396;109173;760
2,016E+11;16;5;31;925;1;2;2;1;5;575;21, AV OLIVIER GOUBERT;M;4938097;110538;760
2,016E+11;16;6;16;1700;1;2;2;1;2;540;BD DE L EUROPE;M;4943220;107895;760
2,016E+11;16;6;22;1820;1;2;1;1;2;681;102, R PIERRE CORNEILLE;M;4942072;109337;760
2,016E+11;16;6;21;715;1;2;2;3;1;640;R AUX SAULNIERS;M;4928344;103821;760
2,016E+11;16;6;17;1735;1;2;1;1;6;212;29, RTE DE ROUEN;M;4943998;114243;760
2,016E+11;16;6;26;2148;2;2;2;1;3;540;14, R HENRI WALLON;M;4944377;112254;760
2,016E+11;16;5;23;2225;5;2;5;1;6;540;01, YSER. BOULEVARD DE L;M;4944843;109959;760
2,016E+11;16;5;30;510;5;2;3;1;6;540;R DE FLORENCE;M;4944379;108772;760
2,016E+11;16;5;31;1815;1;2;1;1;1;366;R DE FRESQUIENNES;M;4951042;103289;760
2,016E+11;16;6;18;1640;1;2;3;1;3;212;R DU DOCTEUR ROUX;M;4944325;114873;760
2,016E+11;16;6;29;615;1;2;1;1;3;429;115,RTE DE PARIS;M;4941351;113736;760
2,016E+11;16;6;2;1655;1;1;1;1;2;484;;M;4934653;107733;760
2,016E+11;16;6;28;2235;5;2;1;1;6;540;AV ARISTIDE BRIAND;M;4943535;110353;760
2,016E+11;16;4;30;1944;1;2;1;1;6;575;10, R DANIEL SORANO;M;4939714;106720;760
2,016E+11;16;7;8;1040;1;2;1;1;6;561;30, R MARECHAL LECLERC;M;4930243;101377;760
2,016E+11;16;7;8;1000;1;2;1;1;2;540;45, BD DES BELGES;M;4944319;108479;760
2,016E+11;16;7;9;1900;1;2;1;1;6;575;BD LENINE;M;4938619;111008;760
2,016E+11;16;7;11;500;5;2;2;1;3;540;23, AV JEAN RONDEAUX;M;4943461;107644;760
2,016E+11;16;7;19;800;1;2;2;1;3;108;RTE DE NEUFCHATEL;M;4946985;111999;760
2,016E+11;16;7;24;1740;1;2;2;1;3;540;1, R GALILEE;M;4945430;113880;760
2,016E+11;16;5;4;1245;1;2;1;1;6;575;BD LENINE;M;4937935;111097;760
2,016E+11;16;6;13;830;1;2;1;1;6;540;3, R D'ELBEUF;M;4943066;108621;760
2,016E+11;16;6;15;835;1;2;1;1;6;575;R DU JURA;M;4939452;107157;760
2,016E+11;16;6;27;1400;1;2;1;1;3;540;23, R JEAN LECANUET;M;4944400;109551;760
2,016E+11;16;6;28;1220;1;2;1;1;2;540;18, AV ARISTIDE BRIAND;M;4943608;110136;760
2,016E+11;16;8;2;715;1;2;1;2;5;682;159, R DU VILLAGE;M;4932049;113367;760
2,016E+11;16;11;25;1000;1;1;1;1;2;157;;M;4946451;103904;760
2,016E+11;16;7;25;1510;1;2;2;1;3;540;117, RTE DU HAVRE;M;4945279;105657;760
2,016E+11;16;7;9;1810;1;2;1;1;6;498;41, AV JEAN JAURES;M;4942764;106737;760
2,016E+11;16;7;2;240;5;2;1;1;6;681;38, GR DE QUATRE-MARES;M;4940271;110329;760
2,016E+11;16;7;11;1550;1;2;1;1;6;366;R DU GENERAL DE GAULLE;M;4951086;103891;760
2,016E+11;16;6;13;1900;1;2;1;1;1;540;1, GRAND MARE. AVENUE DE;M;4944343;113159;760
2,016E+11;16;5;11;1630;1;2;6;1;6;322;BD PIERRE BROSSOLETTE;M;4941569;104259;760
2,016E+11;16;5;27;2050;1;2;6;1;6;410;RTE DE DUCLAIR;M;4947377;102949;760
2,016E+11;16;7;8;1755;1;2;1;1;2;540;114, R JEANNE D'ARC;M;4944765;109402;760
2,016E+11;16;5;30;1310;1;1;1;1;2;575;;M;4938014;106344;760
2,016E+11;16;6;4;1210;1;2;6;1;6;498;1, R DU GENERAL FOY;M;4942332;106160;760
2,016E+11;16;6;7;640;1;2;2;1;3;540;BD DE L EUROPE;M;4942707;108350;760
2,016E+11;16;6;9;1700;1;2;2;1;6;540;180, R SAINT JULIEN;M;4942560;107371;760
2,016E+11;16;6;24;25;5;2;2;1;2;498;86, BD DU 11 NOVEMBRE;M;4941684;107021;760
2,016E+11;16;8;2;1420;1;2;1;1;6;108;3780, RTE DE NEUFCHATEL;M;4947368;112416;760
2,016E+11;16;8;7;301;5;2;2;1;3;540;RTE DE LYONS LA FORET;M;4943589;113433;760
2,016E+11;16;7;29;1540;1;2;1;1;6;157;44, R GASTON BOULET;M;4945377;105163;760
2,016E+11;16;8;2;1220;1;2;1;2;3;212;;M;4945711;114411;760
2,016E+11;16;8;22;1100;1;1;1;1;6;540;AV DU GRAND COURS;M;4942554;110581;760
2,016E+11;16;8;19;2355;5;1;4;1;6;540;PONT MATHILDE;M;4943008;110094;760
2,016E+11;16;8;3;1600;1;2;3;1;3;681;BD INDUSTRIEL;M;4940288;111072;760
2,016E+11;16;8;9;2000;1;2;1;1;6;319;8, AV JEAN JAURES;M;4935572;100630;760
2,016E+11;16;8;20;2025;1;2;3;1;6;540;199, R DU RENARD;M;4945122;107033;760
2,016E+11;16;8;8;1730;1;2;1;1;6;157;CENTRE CIAL BAPEAUME;M;4945802;104480;760
2,016E+11;16;8;22;1830;1;2;2;1;6;681;181, R PIERRE CORNEILLE;M;4941826;109710;760
2,016E+11;16;7;27;1830;1;2;2;1;3;484;38, AV DE L'AMITIE;M;4935441;109436;760
2,016E+11;16;8;7;1630;1;2;1;1;6;540;QU DE LA BOURSE;M;4943857;109028;760
2,016E+11;16;8;23;930;1;2;2;1;3;498;BD DU 11 NOVEMBRE;M;4942281;106719;760
2,016E+11;16;8;12;1745;1;2;3;1;3;540;R JEAN PHILIPPE RAMEAU;M;4944841;114213;760
2,016E+11;16;7;25;1835;1;2;3;1;6;451;28, R JACQUES BOUTROLLE;M;4946225;106994;760
2,016E+11;16;8;26;2325;5;1;2;1;6;575;BD LENINE;M;4938103;111002;760
2,016E+11;16;8;29;905;1;2;1;1;1;212;BD DE LA PAIX;M;4944415;115309;760
2,016E+11;16;7;18;1920;1;2;1;1;1;681;46, AV DU 14 JUILLET;M;4940685;109491;760
2,016E+11;16;7;22;2300;5;2;2;1;3;540;R JEAN TEXCIER;M;4945247;112005;760
2,016E+11;16;8;30;1540;1;2;2;1;6;575;89, R LEON GAMBETTA;M;4938087;110643;760
2,016E+11;16;7;25;1837;1;2;2;1;6;540;50, RTE DU HAVRE;M;4945053;105931;760
2,016E+11;16;7;23;130;5;2;2;1;6;540;72, R D'ELBEUF;M;4942587;108268;760
2,016E+11;16;9;2;1220;1;2;1;1;6;540;2, R SAINT SEVER;M;4943528;108992;760
2,016E+11;16;7;18;1525;1;2;2;1;1;322;BD DE STALINGRAD;M;4941981;102475;760
2,016E+11;16;9;5;1250;1;2;1;2;6;402;43, RTE DE DIEPPE;M;4951982;103848;760
2,016E+11;16;9;6;1615;1;2;4;1;6;322;AV DES CANADIENS;M;4939855;106263;760
2,016E+11;16;9;7;2040;3;2;1;1;6;497;;M;4937877;104846;760
2,016E+11;16;9;10;810;1;2;3;1;2;540;49, BD DES BELGES;M;4944364;108497;760
2,016E+11;16;8;25;1200;1;2;3;1;6;212;1,PL FOCH;M;4944050;114538;760
2,016E+11;16;8;30;1050;1;1;1;1;2;681;BD INDUSTRIEL;M;4941005;110877;760
2,016E+11;16;9;12;2115;5;2;1;1;6;540;39, R STANISLAS GIRARDIN;M;4944648;108257;760
2,016E+11;16;9;12;1840;1;2;1;1;4;540;QU GASTON BOULET;M;4944104;108155;760
2,016E+11;16;9;12;1725;1;2;3;1;6;540;31, RTE DE LYONS LA FORE;M;4943681;112082;760
2,016E+11;16;9;6;2110;5;2;2;1;1;540;R BOURBAKI;M;4943644;106445;760
2,016E+11;16;9;7;850;1;2;2;1;3;231;R AUGUSTIN HENRI;M;4929079;100820;760
2,016E+11;16;9;10;2240;5;2;2;1;3;231;1, CRS CARNOT;M;4928712;101879;760
2,016E+11;16;9;14;2247;5;2;4;1;6;540;QU GASTON BOULET;M;4944218;107815;760
2,016E+11;16;8;5;620;1;2;1;1;6;540;AV JACQUES CARTIER;M;4943568;108677;760
2,016E+11;16;7;24;2130;1;2;1;1;6;540;QU D'ELBEUF;M;4943494;109439;760
2,016E+11;16;12;2;2235;5;2;6;1;3;540;;M;4943466;107149;760
2,016E+11;16;9;20;725;1;2;2;1;3;178;R DULCIE SEPTEMBER;M;4931440;103552;760
2,016E+11;16;9;15;1000;1;2;1;2;6;681;97, R DU MADRILLET;M;4940729;107609;760
2,016E+11;16;9;23;2230;5;2;3;1;3;681;48, R EUGENE TILLOY;M;4940563;108754;760
2,016E+11;16;9;19;1235;1;2;3;1;3;498;109, BD DU 11 NOVEMBRE;M;4941430;107152;760
2,016E+11;16;9;21;800;1;2;3;1;3;410;48, R PAUL PAINLEVE;M;4948564;104157;760
2,016E+11;16;9;18;1850;1;2;1;1;7;451;R THOMAS BECKET;M;4946002;106883;760
2,016E+11;16;8;31;1140;1;1;1;1;2;540;;M;4945164;105635;760
2,016E+11;16;10;4;230;5;1;1;1;6;157;COTE DE CANTELEU;M;4944904;104730;760
2,016E+11;16;10;4;1710;1;2;1;1;6;540;61, R LAFAYETTE;M;4943287;109004;760
2,016E+11;16;9;20;2355;5;2;2;1;3;540;18, R DE LA CROIX D'YONV;M;4945086;106637;760
2,016E+11;16;9;7;1220;1;2;1;1;2;410;R DU BOUT DU BOSC;M;4948176;103478;760
2,016E+11;16;9;8;1700;1;2;1;1;6;108;3742, RTE DE NEUFCHATEL;M;4947335;112376;760
2,016E+11;16;10;6;810;1;1;1;1;4;497;;M;4938071;105091;760
2,016E+11;16;9;14;950;1;2;1;1;6;540;57, R DE LA REPUBLIQUE;M;4944129;109794;760
2,016E+11;16;10;9;1830;1;2;1;1;1;474;9, R DU MOULIN A POUDRE;M;4948497;104688;760
2,016E+11;16;10;6;1120;1;2;1;1;6;540;5, PL BERNARD TISSOT;M;4944836;109389;760
2,016E+11;16;10;8;1950;5;2;2;1;3;178;303, R DE TOURVILLE;M;4930611;102567;760
2,016E+11;16;10;1;1225;1;1;6;1;6;540;;M;4943489;107207;760
2,016E+11;16;10;3;1115;1;2;2;1;6;497;R DE LA PIERRE D'ETAT;M;4938820;102298;760
2,016E+11;16;10;12;1400;1;2;1;1;6;498;114, AV JEAN JAURES;M;4942655;106208;760
2,016E+11;16;10;14;1210;1;2;2;1;6;540;153, BD DE L EUROPE;M;4943224;107876;760
2,016E+11;16;10;14;2215;5;2;2;1;3;540;136, R SAINT JULIEN;M;4942626;107511;760
2,016E+11;16;10;15;605;3;1;1;1;2;157;;M;4946449;103906;760
2,016E+11;16;10;20;1700;1;1;1;3;6;497;;M;4938012;104837;760
2,016E+11;16;10;18;1920;5;2;1;3;6;484;46, R JEAN JACQUES ROUSS;M;4934469;109497;760
2,016E+11;16;10;21;450;5;2;2;1;6;540;QU DU HAVRE.;M;4944100;108224;760
2,016E+11;16;10;13;1150;1;2;1;1;6;402;444, COTE DE DIEPPE;M;4952878;104109;760