Num_Acc;an;mois;jour;hrmn;lum;agg;int;atm;col;com;adr;gps;lat;long;dep
2,016E+11;16;10;20;2035;5;2;3;1;3;540;1, AV JEAN RONDEAUX;M;4943792;107928;760
2,016E+11;16;10;25;2005;5;2;5;1;3;540;BD DE LA MARNE;M;4944727;109374;760
2,016E+11;16;11;1;950;1;2;2;1;3;540;28, R DE BIHOREL;M;4945004;110389;760
2,016E+11;16;11;8;1610;1;2;5;1;3;498;BD DU 11 NOVEMBRE;M;4942285;106717;760
2,016E+11;16;11;3;1420;1;2;3;1;3;681;62, R LEDRU ROLLIN;M;4942385;109376;760
2,016E+11;16;11;6;5;5;2;2;1;2;681;R LEON SALVA;M;4941063;107885;760
2,016E+11;16;11;9;1925;1;1;1;3;3;681;14, BD INDUSTRIEL;M;4941980;110736;760
2,016E+11;16;11;7;740;2;2;1;2;3;540;QU DE BOISGUILBERT;M;4944267;107647;760
2,016E+11;16;11;15;900;1;2;2;2;6;681;R LEON SALVA;M;4941073;107896;760
2,016E+11;16;11;10;2210;5;2;2;2;4;681;1bis, R LEON SALVA;M;4942048;109185;760
2,016E+11;16;11;11;1620;1;2;3;1;7;540;BD FERDINAND DE LESSEPS;M;4944487;106772;760
2,016E+11;16;11;17;1930;5;2;1;2;4;216;550, RTE DE DIEPPE;M;4947674;104783;760
2,016E+11;16;11;7;1525;1;1;1;1;6;540;QU JACQUES ANQUETIL;M;4942994;109951;760
2,016E+11;16;11;14;940;1;1;1;1;3;540;;M;4945444;105253;760
2,016E+11;16;10;30;1630;1;2;1;1;2;540;PONT GUISTAVE FLAUBERT;M;4944202;106521;760
2,016E+11;16;11;18;2140;5;2;2;1;3;157;AV DE BUCHHOLZ;M;4944840;103040;760
2,016E+11;16;11;18;440;5;2;1;2;6;540;122, AV DU MONT RIBOUDET;M;4944584;107205;760
2,016E+11;16;11;2;1000;1;2;2;1;6;540;134, AV DU MONT RIBOUDET;M;4944625;107113;760
2,016E+11;16;11;21;700;3;1;1;2;6;457;;M;4934126;94898;760
2,016E+11;16;11;7;30;3;1;1;3;1;157;COTE DE CANTELEU;M;4944413;103999;760
2,016E+11;16;11;21;1130;1;2;3;2;3;681;R D'EAUPLET;M;4942018;110187;760
2,016E+11;16;11;24;650;3;2;1;1;6;178;R DE TOURVILLE;M;4930844;103684;760
2,016E+11;16;11;25;324;5;1;1;1;6;540;AV DU GRAND COURS;M;4942528;110572;760
2,016E+11;16;11;22;1630;1;2;1;1;1;216;49, R RENE COTY;M;4947005;105355;760
2,016E+11;16;11;27;1952;5;2;2;1;6;231;1, R DE LA REPUBLIQUE;M;4929014;100289;760
2,016E+11;16;11;24;1930;5;2;4;3;3;410;;M;4946760;103110;760
2,016E+11;16;11;25;1230;1;2;1;1;2;322;BD DE VERDUN;M;4941404;104522;760
2,016E+11;16;11;13;225;5;1;6;1;7;391;;M;4934158;92828;760
2,016E+11;16;12;3;1949;5;2;3;1;3;231;27, CRS CARNOT;M;4928704;101498;760
2,016E+11;16;12;3;1530;1;2;3;1;6;484;AV DE L'AMITIE;M;4935540;109521;760
2,016E+11;16;11;22;1936;5;2;2;1;3;540;R DE LA CROIX D'YONVILLE;M;4945085;106637;760
2,016E+11;16;12;23;1905;5;2;1;1;2;540;R BRISOUT DE BARNEVILLE;M;4943427;108137;760
2,016E+11;16;12;11;1520;1;2;2;1;3;540;5, R ADRIEN PASQUIER;M;4943974;110243;760
2,016E+11;16;11;15;1915;5;1;6;1;6;95;AV DES HAUTS GRIGNEUX;M;4946705;113482;760
2,016E+11;16;12;14;1310;1;2;3;1;6;540;43, R DE FONTENELLE;M;4944411;108718;760
2,016E+11;16;12;19;245;5;2;3;1;6;157;COTE GUY DE MAUPASSANT;M;4944521;104172;760
2,016E+11;16;12;16;1735;5;1;4;1;2;322;;M;4940307;103386;760
2,016E+11;16;12;12;1830;5;2;2;1;3;681;CH DE HALAGE;M;4940917;111456;760
2,016E+11;16;12;13;1740;5;2;3;1;6;366;R ARISTIDE BRIAND;M;4950918;103372;760
2,016E+11;16;12;19;1510;1;2;2;1;2;165;R DE STRASBOURG;M;4928749;102740;760
2,016E+11;16;12;13;1520;1;1;1;1;3;540;;M;4945226;105550;760
2,016E+11;16;12;15;2100;5;2;2;1;3;540;7, R PIERRE CURIE;M;4941924;107585;760
2,016E+11;16;11;24;30;5;2;1;1;6;681;261, R PIERRE CORNEILLE;M;4941436;109838;760
2,016E+11;16;2;13;2220;5;2;1;3;6;108;D934 PASSAGE SOUTERRAIN;M;4887634;260369;770
2,016E+11;16;1;26;845;1;2;1;1;7;108;GOURNAY (RUE DE);M;4886693;257530;770
2,016E+11;16;3;14;1050;1;2;6;1;6;108;D224 X D34A X R. BEL AIR;M;4888676;258526;770
2,016E+11;16;5;1;1100;1;2;1;1;6;108;30, AV. DES ABBESSES;M;4887527;257869;770
2,016E+11;16;5;15;2255;5;2;1;1;3;108;GENDARME CASTERMANT (AVE;M;4887825;260795;770
2,016E+11;16;5;14;1310;1;2;1;1;6;108;RESISTANCE (AVENUE DE LA;M;4887475;258206;770
2,016E+11;16;7;6;2055;1;2;1;1;6;108;14, TOUR DU BOIS (CHEMIN;M;4889876;259710;770
2,016E+11;16;7;23;2120;1;2;1;1;6;108;110, SCIENCES (AVENUE DE;M;4890340;259094;770
2,016E+11;16;9;1;2110;5;2;1;1;6;108;80, RESISTANCE (AVENUE D;M;4887450;258174;770
2,016E+11;16;9;19;1525;1;2;1;1;6;108;20, CHILPERIC (BOULEVARD;M;4887420;258748;770
2,016E+11;16;10;17;1750;1;2;1;1;6;108;65, CHILPERIC (BOULEVARD;M;4887500;258314;770
2,016E+11;16;10;19;2100;5;2;1;2;6;108;43, MEUNIER (RUE AUGUSTE;M;4887050;258843;770
2,016E+11;16;8;20;1730;1;2;1;1;6;108;RUE DU TIR;M;4888920;260033;770
2,016E+11;16;1;30;1315;1;1;1;3;1;111;GRAND FOSSE ( BOULEVARD;M;4885760;276863;770
2,016E+11;16;2;25;1610;1;2;1;1;3;307;ROME ( RUE DE );M;4886009;276283;770
2,016E+11;16;2;12;745;2;2;1;8;7;132;5, RUE SAINT DENIS;M;4889279;279458;770
2,016E+11;16;5;27;1135;1;1;1;1;6;18;D344P AV. PAUL SERAMY;M;4884851;280837;770
2,016E+11;16;6;23;1305;1;1;1;1;1;132;ROBERT SHUMAN ( AVENUE );M;4886390;279091;770
2,016E+11;16;10;9;1830;1;2;1;1;2;18;42, MURONS ( RUE);M;4885440;282831;770
2,016E+11;16;10;14;500;5;2;3;1;3;18;406 ( R D );M;4884828;281070;770
2,016E+11;16;1;7;855;5;2;1;3;6;131;03, STRASBOURG (AVENUE D;M;4880828;308299;770
2,016E+11;16;1;20;1650;1;1;1;1;4;433;D402;M;4879646;307330;770
2,016E+11;16;4;2;420;4;2;1;1;2;320;1066, GIREMOUTIERS (RUE;M;4882550;303747;770
2,016E+11;16;4;18;10;3;2;1;1;7;281;MONTESQUIOU (RUE);M;4876607;303427;770
2,016E+11;16;4;21;2125;5;2;2;1;3;320;519, GENERAL DE GAULLE (;M;4882639;303531;770
2,016E+11;16;5;1;2330;3;1;1;1;6;28;22, PRESSOUCY  (LIEU DIT;M;4874687;307321;770
2,016E+11;16;5;5;2200;3;2;1;1;7;42;34, AVENELLES (RUE DES);M;4883002;312752;770
2,016E+11;16;6;10;1110;1;2;1;1;6;131;18, MARCEL CLAVIER (RUE);M;4880894;308577;770
2,016E+11;16;6;25;300;5;2;1;1;6;320;D436-700, AV MAL LECLERC;M;4881991;304905;770
2,016E+11;16;6;26;715;1;2;1;1;3;131;D934 - 20, AV STRASBOURG;M;4880566;308435;770
2,016E+11;16;7;27;1300;1;1;1;1;2;281;D402;M;4877231;304371;770
2,016E+11;16;9;28;900;1;1;9;1;3;42;D37;M;4883204;314183;770
2,016E+11;16;10;22;725;3;1;1;5;1;13;D402;M;4883519;308744;770
2,016E+11;16;10;22;1115;1;1;3;5;2;70;D934 X VC LA BRETONNIERE;M;4878787;315660;770
2,016E+11;16;10;24;1725;1;2;3;1;2;42;D222 X RUE DES TILLEULS;M;4881693;311666;770
2,016E+11;16;11;12;650;3;1;1;5;1;70;D 934;M;4879328;311100;770
2,016E+11;16;12;13;1830;3;1;1;1;6;320;D 934 (SORTIE MOUROUX AE;M;4883141;301297;770
2,016E+11;16;12;31;1920;5;2;1;1;6;320;96, ABEL-LEBLANC (RUE);M;4882244;303763;770
2,016E+11;16;1;24;1040;1;1;6;1;3;186;D137 X D138;M;4843354;274011;770
2,016E+11;16;1;27;1500;1;1;1;1;2;186;D606;M;4838600;276430;770
2,016E+11;16;1;30;1155;1;1;1;2;3;186;D606 de l'ob‚lisque … li;M;4839694;269604;770
2,016E+11;16;2;7;2015;3;1;2;1;3;186;D148 X D301 (GD MAITRE);M;4837655;273963;770
2,016E+11;16;2;9;820;1;1;3;2;3;186;D606 X RUE DES ARCHIVES;M;4839622;272719;770
2,016E+11;16;2;12;835;1;1;6;1;3;186;D607 X D606 X D417 NORD;M;4840839;268702;770
2,016E+11;16;2;22;2230;5;2;7;2;6;14;1, CARNOT (PLACE);M;4840747;272119;770
2,016E+11;16;3;7;735;1;1;1;1;2;186;D606 - BROLLES;M;4848058;266995;770
2,016E+11;16;3;13;330;3;1;1;1;6;186;D301 ROUTE RONDE;M;4837163;272588;770
2,016E+11;16;4;3;1630;1;1;6;1;3;186;D116 X D138 CRX TOULOUSE;M;4844396;271839;770
2,016E+11;16;4;12;1150;1;1;3;1;3;186;D606 X RUE ROCHER D'AVON;M;4839662;271058;770
2,016E+11;16;4;27;1520;1;1;1;1;6;186;D301 ROUTE RONDE;M;4840572;263895;770
2,016E+11;16;4;29;1205;1;2;1;1;6;186;204, GRANDE (RUE);M;4841083;270501;770
2,016E+11;16;5;8;115;3;1;6;1;6;186;D63E2 X D301;M;4836506;265982;770
2,016E+11;16;5;9;1015;1;2;1;1;3;186;1, HURTAULT (ROUTE DE);M;4839900;268729;770
2,016E+11;16;5;10;1225;1;1;1;1;6;186;D606;M;4843748;269153;770
2,016E+11;16;5;18;755;1;1;1;1;3;186;D142 ROUTE ROUTE;M;4847337;266729;770
2,016E+11;16;5;19;1415;1;1;2;1;3;186;D152 X D301;M;4837267;264327;770
2,016E+11;16;6;8;1515;1;2;1;1;6;186;86, GRANDE (RUE);M;4840606;270228;770
2,016E+11;16;6;11;1240;1;1;1;8;3;186;D142;M;4848641;266246;770
2,016E+11;16;6;18;1505;1;1;1;8;3;186;RD116;M;4847895;274419;770
2,016E+11;16;6;25;1035;1;1;1;1;1;186;D142 ROUTE RONDE;M;4847356;266728;770
2,016E+11;16;6;26;1515;1;1;2;1;4;186;D409 X D301;M;4841360;264418;770
2,016E+11;16;6;27;1900;1;2;1;1;6;14;37,AV FRANKLIN ROOSEVELT;M;4841519;271939;770
2,016E+11;16;7;28;1710;1;1;1;1;2;186;RD152;M;4839347;268227;770
2,016E+11;16;7;30;1430;1;1;1;1;6;186;D301 ROUTE RONDE;M;4837528;263723;770
2,016E+11;16;8;22;1810;1;2;3;1;6;186;27, GRANDE (RUE);M;4840469;270087;770
2,016E+11;16;9;4;1950;2;1;1;1;6;186;D301 ROUTE RONDE;M;4837407;273271;770
2,016E+11;16;9;4;2010;3;1;4;8;6;186;D301 X ROUTE FORESTIERE;M;4837558;263658;770
2,016E+11;16;9;14;1040;1;1;2;1;3;186;RD115 X D301;M;4848084;266694;770
2,016E+11;16;9;15;1115;1;1;1;1;6;186;D142 ROUTE RONDE;M;4845544;267099;770
2,016E+11;16;9;19;1050;1;1;1;1;1;186;D301 FRANCHARD;M;4840578;263896;770
2,016E+11;16;10;10;1230;1;2;1;1;6;14;PARKING CARREFOUR MARKET;M;4841492;272006;770
2,016E+11;16;10;18;1950;3;1;6;3;6;186;D138 X D137;M;4843361;274057;770
2,016E+11;16;11;4;1730;3;1;6;1;2;441;D210 - PONT DE VALVINS;M;4842955;274455;770
2,016E+11;16;11;6;1915;5;1;4;1;1;186;D606 X D142 TABLE DU ROI;M;4848371;266597;770
2,016E+11;16;9;28;2050;5;1;1;1;6;186;1TER, BD ANDRE MAGINOT;M;4840527;268988;770
2,016E+11;16;11;9;950;1;1;4;3;5;186;RD606. de la rochette .;M;4848373;266590;770
2,016E+11;16;12;18;100;3;1;1;5;7;186;D606;M;4839665;270680;770
2,016E+11;16;1;11;1020;1;1;1;2;6;372;D934 - PONT A104;M;4887992;266786;770
2,016E+11;16;1;21;1840;5;2;1;1;6;243;SAINT DENIS  (RUE   );M;4887820;271523;770
2,016E+11;16;2;2;1530;1;2;1;2;6;243;25,MAL DELATTRE TASSIGNY;M;4887829;269842;770
2,016E+11;16;2;3;1035;1;2;1;1;6;58;18, BD DES GENETS;M;4883968;272108;770
2,016E+11;16;2;9;810;2;2;1;2;6;243;D231;M;4887441;272382;770
2,016E+11;16;2;16;740;1;2;1;1;6;464;FONTAINES  (RUE DES  );M;4888550;272548;770
2,016E+11;16;2;23;1150;1;1;1;1;6;209;D217B;M;4885444;269356;770
2,016E+11;16;2;26;920;1;1;2;1;5;438;D10P X BRET.A104;M;4886116;266494;770
2,016E+11;16;3;4;1135;1;1;3;1;4;237;RD231;M;4884622;277343;770
2,016E+11;16;3;26;1610;1;2;1;1;1;243;PONT HARDY  (RUE DU  );M;4887530;269303;770
2,016E+11;16;3;27;1640;1;2;1;1;1;181;59, PARIS (AVENUE DE );M;4882823;269921;770
2,016E+11;16;4;14;1800;1;2;4;1;6;464;D418 X R. GARE/MADELEINE;M;4888225;270372;770
2,016E+11;16;5;8;2050;2;1;1;1;6;243;TREPASSES  (CHEMIN DES);M;4887012;272945;770
2,016E+11;16;5;17;1220;1;1;3;1;2;85;D231 X AV DE MONTEVRAIN;M;4887001;273144;770
2,016E+11;16;5;21;920;1;2;3;1;2;59;GUERMANTES  (RUE DE  );M;4884988;267557;770
2,016E+11;16;5;21;1440;1;2;1;1;1;464;59, CLAYE  (RUE DE  );M;4888504;270605;770
2,016E+11;16;6;6;1705;1;2;1;1;4;438;111 AV. GENERAL LECLERC;M;4887210;268488;770
2,016E+11;16;6;9;825;1;2;2;1;6;243;SAINT LAURENT  (RUE   );M;4887337;270627;770
2,016E+11;16;6;10;1735;1;2;4;1;6;464;37, CLAYE  (RUE DE  );M;4888447;270717;770
2,016E+11;16;6;13;1645;1;2;6;1;2;58;BD GENETS X AV MALRAUX;M;4884180;272069;770
2,016E+11;16;6;23;800;1;1;6;1;3;58;RD10;M;4885002;273416;770
2,016E+11;16;7;8;1205;1;2;1;1;4;85;D231;M;4886000;274916;770
2,016E+11;16;7;9;1910;1;2;1;1;3;58;LAGNY (BOULEVARD DE);M;4883541;270586;770
2,016E+11;16;7;18;1340;1;1;1;1;5;438;D934;M;4886688;267535;770
2,016E+11;16;7;23;1520;1;2;3;1;6;243;D10 RUE CAMILLE PISSARO;M;4886687;270616;770
2,016E+11;16;8;5;2005;1;2;1;1;3;58;KONRAD ADENAUER (RUE);M;4883840;270981;770
2,016E+11;16;8;8;920;1;2;9;1;6;438;SAINT GERMAIN DES NOYERS;M;4886460;267650;770
2,016E+11;16;8;13;1410;1;2;3;1;3;221;D35 X D217B;M;4885475;270461;770
2,016E+11;16;9;3;455;5;2;1;1;6;464;33, SALVATRES  (RUE DES;M;4889819;271699;770
2,016E+11;16;9;6;1405;1;1;1;1;1;372;D934;M;4888167;265600;770
2,016E+11;16;10;3;1840;1;2;1;7;6;58;GENERAL DE GAULLE  (AVEN;M;4883770;270887;770
2,016E+11;16;10;11;1230;1;1;1;1;6;209;D217BIS;M;4885510;269746;770
2,016E+11;16;10;12;1215;1;2;1;1;6;243;DOCTEUR NAUDIER  (RUE DU;M;4887680;270600;770
2,016E+11;16;11;10;1950;5;2;1;3;6;58;LAGNY (BOULEVARD DE);M;4883590;270572;770
2,016E+11;16;11;21;1730;5;2;1;2;6;58;GENERAL DE GAULLE  (AVEN;M;4883750;270719;770
2,016E+11;16;11;27;1728;5;2;2;1;5;58;GENERAL DE GAULLE  (AVEN;M;4883780;270996;770
2,016E+11;16;12;4;1245;1;2;1;1;6;209;VICTOR HUGO  (RUE   );M;4885720;268944;770
2,016E+11;16;11;19;2220;5;2;9;1;3;372;D221 - 10,R. DE LA MARNE;M;4888169;270382;770
2,016E+11;16;12;5;740;2;2;1;1;6;155;MARJOLAINES  (RUE DES  );M;4888550;274713;770
2,016E+11;16;12;12;1715;5;2;1;2;6;58;1, EUROPE (AVENUE DE L';M;4883190;271731;770
2,016E+11;16;12;13;1135;1;1;1;2;3;209;HERMIERES  (RUE   );M;4886282;270242;770
2,016E+11;16;12;28;1300;1;2;9;1;3;243;GRANGE DU BOIS  (RUE DE;M;4887380;271549;770
2,016E+11;16;11;7;1712;5;2;4;1;6;475;18, JOFFRE (RUE DU MAL.);M;4895773;294678;770
2,016E+11;16;3;12;2100;5;2;1;1;3;284;3-5,R FRANCOIS DE TESSAN;M;4895174;287969;770
2,016E+11;16;3;17;1710;1;2;2;1;3;284;AV. S.ALLENDE/R A.BRIAND;M;4895623;288841;770
2,016E+11;16;4;30;820;1;1;1;2;1;335;RN3 (ROUTE NATIONALE);M;4895902;282880;770
2,016E+11;16;5;21;515;2;1;1;1;5;335;0, RN3 (ROUTE NATIONALE);M;4895833;284132;770
2,016E+11;16;11;18;730;2;2;7;2;6;284;BUREAU (PONT JEAN);M;4895743;287620;770
2,016E+11;16;11;19;1535;1;1;6;8;1;358;RN 330 (ROUTE NATIONALE);M;4897853;286201;770
2,016E+11;16;11;15;1740;3;1;9;2;5;358;RN 330;M;4899179;286444;770
2,016E+11;16;12;15;840;1;1;1;1;4;276;D360;M;4892270;288040;770
2,016E+11;16;1;14;1850;3;1;1;2;6;39;D39-RUE LA TOUR MAUBOURG;M;4852582;259957;770
2,016E+11;16;12;20;1520;1;2;1;1;6;407;125, FONTAINEBLEAU(AVENU;M;4853824;253824;770
2,016E+11;16;2;2;1550;1;2;2;1;6;288;D606 X R DOCT. POUILLOT;M;4853062;265518;770
2,016E+11;16;2;6;720;5;1;1;1;6;518;RD372-RUE CAMBOT;M;4850433;260494;770
2,016E+11;16;2;8;1645;1;2;1;6;6;288;NANGIS  (ROUTE DE);M;4854147;268023;770
2,016E+11;16;2;12;2200;3;1;1;1;1;487;D605;M;4853585;270679;770
2,016E+11;16;2;14;2245;3;1;3;1;3;394;D471 X CH DU MOULIN;M;4856522;267441;770
2,016E+11;16;2;16;1825;2;2;1;1;6;288;D415A PONT NOTRE DAME;M;4853508;265954;770
2,016E+11;16;2;19;1855;5;2;6;2;6;378;D607 X D142;M;4852461;255889;770
2,016E+11;16;2;25;400;3;1;1;2;6;389;D606 - AV DU GAL LECLERC;M;4851429;265624;770
2,016E+11;16;3;3;1645;1;1;1;1;1;40;D607;M;4851341;256826;770
2,016E+11;16;3;17;1705;1;2;1;1;6;285;152,158 AV.LA RESISTANCE;M;4854125;262775;770
2,016E+11;16;3;21;2053;3;1;1;1;3;39;C.D 39;M;4853748;255238;770
2,016E+11;16;3;22;1109;1;1;1;1;5;269;D408 ROUTE DE NANGIS;M;4854166;268428;770
2,016E+11;16;4;10;2040;2;1;1;1;1;518;D142;M;4850521;261042;770
2,016E+11;16;4;15;640;5;1;6;1;3;288;ROND POINT DE L'EUROPE;M;4855293;264307;770
2,016E+11;16;4;15;1900;1;2;6;1;3;96;43, GALLIENI (AVENUE);M;4848362;269621;770
2,016E+11;16;5;22;1720;1;1;1;2;7;39;JEAN MONNET (RUE);M;4852876;260514;770
2,016E+11;16;6;3;1640;1;2;3;8;6;288;ALMONT (BOULEVARD DE L');M;4854269;267847;770
2,016E+11;16;6;6;1810;1;2;2;1;6;288;D415A X BD CHAPU;M;4853266;265886;770
2,016E+11;16;6;10;1635;1;2;1;1;6;288;30, LOUIS BEAUNIER (RUE);M;4854488;265805;770
2,016E+11;16;6;13;1135;1;2;2;1;3;288;R. DAJOT X R. E. GONON;M;4852997;265783;770
2,016E+11;16;6;23;1915;1;1;9;1;3;269;D.215;M;4856840;271298;770
2,016E+11;16;6;25;1410;1;2;4;1;6;288;16/18, ROCHETTE (RUE DE;M;4853229;265836;770
2,016E+11;16;6;30;1745;1;2;3;1;3;288;GENERAL LECLERC (RUE);M;4852722;265361;770
2,016E+11;16;8;23;1110;1;2;4;1;1;152;PRESSENCE(AVENUE FRANCIS;M;4850969;259969;770
2,016E+11;16;8;23;950;1;1;6;1;3;285;CORBEIL (GIRATOIRE DE);M;4854870;263974;770
2,016E+11;16;8;31;1730;1;1;4;1;3;152;D142;M;4850964;259969;770
2,016E+11;16;9;12;1625;1;2;9;1;2;288;D605;M;4855290;266491;770
2,016E+11;16;9;24;1450;1;2;3;1;6;152;PRIEUR(AVENUE CHARLES);M;4851506;262137;770
2,016E+11;16;9;27;1750;1;2;2;1;6;288;AV. GALLIENI X D606;M;4852928;265460;770
2,016E+11;16;9;30;1730;1;2;3;2;1;152;32, ZOLA(AVENUE EMILE);M;4851962;264574;770
2,016E+11;16;9;30;1955;3;2;1;2;1;269;MELUN (RUE DE );M;4854390;268501;770
2,016E+11;16;10;3;805;1;1;2;1;3;306;D471 X D57;M;4859737;269214;770
2,016E+11;16;10;3;1805;2;2;3;1;6;285;MAURICE DAUVERGNE (AVENU;M;4854510;264716;770
2,016E+11;16;11;10;2300;3;1;1;2;1;288;D605;M;4855192;266991;770
2,016E+11;16;11;17;725;5;2;4;9;3;288;D39 X BD ARISTIDE BRIAND;M;4853853;265406;770
2,016E+11;16;11;28;1625;1;2;2;1;6;288;GENERAL DE GAULLE  (RUE;M;4853960;265980;770
2,016E+11;16;12;8;1530;1;2;3;1;6;288;2, COURTILLE  (RUE DE LA;M;4853598;266002;770
2,016E+11;16;12;13;830;1;2;6;2;6;288;2, GAILLARDON  (RUE DE);M;4853970;266482;770
2,016E+11;16;12;20;1549;1;2;6;1;6;152;257, PIERRE CURIE(RUE);M;4851505;264077;770
2,016E+11;16;1;2;2230;5;2;1;1;1;445;GAULLE  (AVENUE CHARLES;M;4860171;257504;770
2,016E+11;16;12;20;1500;1;1;1;1;7;326;144,MORSANG (ROUTE DE);M;4857512;252732;770
2,016E+11;16;10;12;825;1;2;1;1;6;445;MOULIN (AVENUE JEAN);M;4859720;258267;770
2,016E+11;16;2;3;737;3;2;6;2;6;445;D50 X AV. DES REGALLES;M;4860379;255924;770
2,016E+11;16;1;21;1533;1;2;6;1;7;445;19 MARS 1962 (PLACE DU);M;4859522;258276;770
2,016E+11;16;2;24;1615;1;2;6;2;6;445;LELOUP (RUE MARCELINE);M;4859481;258299;770
2,016E+11;16;4;7;1432;1;1;1;2;1;495;D.306;M;4857389;261945;770
2,016E+11;16;4;19;1905;1;2;3;1;3;445;CAMELINAT (AVENUE ZEPHIR;M;4859331;258111;770
2,016E+11;16;5;9;1050;1;2;2;1;3;53;D50 X RUE TOUR DU PARC;M;4868817;260371;770
2,016E+11;16;5;13;1700;1;1;1;8;6;114;D471;M;4873701;270136;770
2,016E+11;16;5;15;1137;1;2;1;8;6;122;20, BRANDONS (RUE DES);M;4866503;255791;770
2,016E+11;16;5;9;2120;2;2;6;1;6;122;SOMMEVILLE(RUE);M;4866464;256355;770
2,016E+11;16;4;11;1330;1;2;1;1;6;122;LIEUSAINT(RUE DE);M;4866005;255835;770
2,016E+11;16;5;14;1735;1;1;1;1;2;384;0, D.306;M;4859926;258983;770
2,016E+11;16;6;6;1935;1;2;1;1;3;450;20, ORME (RUE DE L');M;4871300;258837;770
2,016E+11;16;6;23;1550;1;2;3;1;6;445;JEAN-BAPTISTE BERNADOTTE;M;4858316;257986;770
2,016E+11;16;6;24;815;1;1;1;8;6;251;D50 AV. PAUL DELOUVRIER;M;4861811;255468;770
2,016E+11;16;6;28;1531;1;1;2;1;1;495;D82;M;4857430;265124;770
2,016E+11;16;6;29;1950;1;2;6;1;6;53;PASTEUR (RUE);M;4869330;261746;770
2,016E+11;16;8;2;804;1;2;6;2;2;445;ROUTOIRES (AVENUE DES);M;4859691;258741;770
2,016E+11;16;8;2;1300;1;1;1;1;6;53;VILLEMENEUX (ROUTE DE);M;4867266;258767;770
2,016E+11;16;8;8;1527;1;2;1;1;6;445;GAULLE  (AVENUE CHARLES;M;4860340;256737;770
2,016E+11;16;8;13;950;1;2;3;7;7;296;GABRIEL PERI(RUE);M;4862738;259223;770
2,016E+11;16;8;22;1210;1;1;3;1;4;251;PARIS (RUE DE);M;4863860;254401;770
2,016E+11;16;8;25;1930;1;1;2;1;1;114;D471 X BRETELLE N4 PARIS;M;4873743;270144;770
2,016E+11;16;8;31;1730;1;2;1;1;1;495;D.306;M;4856039;263471;770
2,016E+11;16;9;4;2000;2;2;1;2;6;251;BIENVENUE (COTE DE LA);M;4861343;255153;770
2,016E+11;16;9;5;1915;1;2;3;2;2;53;VILLEMENEUX (ROUTE DE);M;4867901;259480;770
2,016E+11;16;9;21;1705;1;2;1;1;6;445;8 MAI 1945 (AVENUE DU);M;4860003;256197;770
2,016E+11;16;9;21;1645;1;1;2;1;5;114;D.471;M;4873743;270143;770
2,016E+11;16;9;29;1720;1;2;3;7;3;445;GAULLE  (AVENUE CHARLES;M;4860150;257348;770
2,016E+11;16;10;27;2125;3;1;1;1;1;114;RD 216;M;4873078;268317;770
2,016E+11;16;11;10;1957;5;1;1;3;6;445;CURIE (AVENUE PIERRE ET;M;4860480;256902;770
2,016E+11;16;12;8;1828;5;2;1;1;6;251;VICTOR SCHOELCHER (BOULE;M;4863440;255271;770
2,016E+11;16;12;20;1740;2;2;2;1;6;445;BOILEAU (RUE);M;4860020;257854;770
2,016E+11;16;12;25;1735;3;1;6;1;7;296;D402 X D57 EST;M;4862169;260237;770
2,016E+11;16;12;28;118;3;1;1;1;6;495;D.346;M;4855413;262796;770
2,016E+11;16;1;2;1335;1;1;1;1;1;61;D124A ROUTE DE MAROLLES;M;4837630;298795;770
2,016E+11;16;12;9;1743;3;1;1;5;3;133;D18;M;4841144;306798;770
2,016E+11;16;4;3;1525;1;2;6;1;6;305;D605 X D28;M;4837786;295646;770
2,016E+11;16;3;11;1955;5;2;1;1;7;305;10, POTERNE (RUE DE LA);M;4838791;295749;770
2,016E+11;16;4;7;2014;1;2;6;1;7;305;D403 X D1403;M;4839253;296645;770
2,016E+11;16;6;9;2330;3;1;1;1;2;172;D606 - LE GRAND FOSSARD;M;4836071;296833;770
2,016E+11;16;7;8;1205;1;1;1;1;2;482;25, ROUTE PETIT FOSSARD;M;4837021;295748;770
2,016E+11;16;7;6;2315;3;1;1;1;2;54;D606 - ROUTE DE SENS;M;4835568;299254;770
2,016E+11;16;7;17;1150;1;1;3;1;3;210;D606 X D28A;M;4836130;288859;770
2,016E+11;16;9;26;2025;3;1;1;1;2;194;D 67;M;4839862;294484;770