Num_Acc;an;mois;jour;hrmn;lum;agg;int;atm;col;com;adr;gps;lat;long;dep
2,016E+11;16;9;12;1650;1;2;3;1;3;305;0, MOLIERE (AVENUE);M;4839820;295607;770
2,016E+11;16;12;17;1035;1;1;1;2;3;210;RD 606;M;4836140;287176;770
2,016E+11;16;1;4;730;5;2;5;8;6;316;PEINTRE ZANAROFF (RUE DU;M;4837373;281459;770
2,016E+11;16;3;9;1315;1;1;3;2;3;316;D606;M;4836197;286294;770
2,016E+11;16;5;4;1715;1;2;1;1;6;491;D137 ROUTE A BON PAIN;M;4839002;278375;770
2,016E+11;16;5;21;1410;1;1;1;1;6;316;2, PIERRE MORIN (RUE DE;M;4837541;281149;770
2,016E+11;16;6;30;1515;1;1;2;1;3;494;D201 X D39A;M;4841865;287906;770
2,016E+11;16;9;15;755;1;1;1;2;5;316;D 606;M;4836663;280317;770
2,016E+11;16;10;15;640;5;2;1;2;6;79;D 39;M;4840878;279824;770
2,016E+11;16;10;29;1230;1;1;1;8;7;316;D606 - ECUELLES;M;4836527;284953;770
2,016E+11;16;2;26;1455;1;2;5;1;6;458;MARECHAL LECLERC (AVENUE;M;4818162;273689;770
2,016E+11;16;3;2;1905;5;2;2;9;6;333;11, RUE DE PARIS - D607;M;4826723;269503;770
2,016E+11;16;3;10;1856;1;2;4;1;7;48;59, DE GAULLE (RUE DU GE;M;4833975;270008;770
2,016E+11;16;5;7;1845;1;2;6;1;6;333;ROND POINT  BÜHLTAL;M;4826583;271498;770
2,016E+11;16;8;11;1315;1;2;1;1;6;333;35, EGREVILLE (RUE D');M;4826700;271434;770
2,016E+11;16;6;22;940;1;2;8;1;3;431;D16 - PASS. NIVEAU;M;4826680;268648;770
2,016E+11;16;9;27;715;2;2;2;1;1;333;D403 X R GRANDE MONTAGNE;M;4826921;269921;770
2,016E+11;16;10;26;20;3;1;1;5;6;216;DEPARTEMENTALE 104;M;4831757;267563;770
2,016E+11;16;11;29;2028;5;1;1;1;5;16;GLANDELLES (ROUTE DE) RD;M;4822590;271217;770
2,016E+11;16;1;8;1230;1;2;1;1;6;83;2, FORESTIERE (AVENUE);M;4883933;260286;770
2,016E+11;16;1;8;1935;5;2;2;2;3;468;108, RUE DE PARIS;M;4884969;264409;770
2,016E+11;16;1;8;2015;5;2;2;2;6;468;GEORGES BRASSENS (AVENUE;M;4884620;264646;770
2,016E+11;16;1;13;1100;1;2;3;1;2;337;83, COURS DES ROCHES;M;4884372;261539;770
2,016E+11;16;1;20;1830;5;2;1;1;7;468;JEAN MOULIN (AVENUE);M;4883875;265683;770
2,016E+11;16;1;22;1145;1;1;1;1;1;121;DEPARTEMENTALE 406;M;4883013;268591;770
2,016E+11;16;1;26;1735;5;2;3;1;1;258;MANDINET (BOULEVARD DU);M;4883931;262467;770
2,016E+11;16;2;8;1830;5;2;1;1;6;258;01, SEGRAIS (BOULEVARD D;M;4883305;263280;770
2,016E+11;16;2;17;1230;1;2;3;1;6;468;D128 X RUE ANNE FRANK;M;4883491;265947;770
2,016E+11;16;2;28;410;3;1;1;1;3;121;DEPARTEMENTALE 471 (ROUT;M;4882719;267102;770
2,016E+11;16;3;9;1;5;2;1;1;1;468;6, PARIS (RUE DE);M;4885080;265583;770
2,016E+11;16;3;21;935;1;2;3;1;3;337;6, FERME (ALLEE DE LA);M;4884386;262336;770
2,016E+11;16;3;23;1745;1;2;3;1;7;337;BOIS DE LA GRANGE (RUE D;M;4883975;261789;770
2,016E+11;16;3;26;1150;1;1;1;1;6;169;27, BRIARDE (ALLEE DE LA;M;4881536;261013;770
2,016E+11;16;3;29;1625;1;2;3;2;6;83;BOIS DE GRACE (BOULEVARD;M;4884533;258580;770
2,016E+11;16;4;17;700;2;1;6;1;7;121;D471 X D406;M;4882682;268115;770
2,016E+11;16;4;20;1648;1;2;1;1;6;468;10, MOGOTTE (RUE DE LA);M;4885361;263722;770
2,016E+11;16;4;29;2135;3;1;1;1;5;83;D199 BD DE LA MARNE;M;4884784;262465;770
2,016E+11;16;5;21;2145;5;2;1;2;7;169;5, MILLE ET UNE NUIT (AL;M;4880827;262377;770
2,016E+11;16;5;22;1815;1;1;6;2;6;121;D471 X D406;M;4882730;268005;770
2,016E+11;16;6;3;1720;1;2;1;1;5;337;83, ROCHES (COURS DES);M;4884360;261540;770
2,016E+11;16;6;8;1225;1;2;2;1;1;83;17, AUGUSTE VALLAUD (RUE;M;4886060;259030;770
2,016E+11;16;6;11;2055;2;1;1;1;1;121;DEPARTEMENTALE 471 (ROUT;M;4881724;268952;770
2,016E+11;16;6;26;1930;1;2;1;1;7;258;D10P - BD DU MANDINET;M;4883880;262670;770
2,016E+11;16;6;24;2030;1;2;3;1;3;337;JACQUES MENIER (SQUARE);M;4885520;262500;770
2,016E+11;16;7;29;1225;1;2;2;1;3;121;CENTRE COMMERCIAL REGION;M;4883493;267757;770
2,016E+11;16;8;4;2220;5;2;2;1;5;83;61, REPUBLIQUE (BOULEVAR;M;4885511;258025;770
2,016E+11;16;8;1;2030;1;2;1;1;6;121;1bis, MELUN (RUE DE);M;4884071;266851;770
2,016E+11;16;8;5;1420;1;2;2;1;3;337;1, LUZARD (COURS DU);M;4884705;261719;770
2,016E+11;16;8;14;245;5;2;6;1;7;83;30, AMPERE (AVENUE);M;4884058;258438;770
2,016E+11;16;9;6;2120;5;2;6;1;3;83;1, GENERAL DE  GAULLE (A;M;4885016;258538;770
2,016E+11;16;9;11;900;1;2;2;1;1;468;1, GEORGES BRASSENS (AVE;M;4884427;264939;770
2,016E+11;16;9;17;1940;2;2;3;1;7;337;BRET.D499 VERS D10P SUD;M;4883894;262615;770
2,016E+11;16;10;6;1920;5;2;3;1;6;83;1, BOIS DE GRACE (BOULEV;M;4884810;258550;770
2,016E+11;16;10;22;1930;3;1;3;1;5;468;LAGNY (ROUTE DE);M;4886036;265972;770
2,016E+11;16;11;21;1750;5;2;2;1;6;83;2, FRERES LUMIERE (RUE D;M;4883911;258940;770
2,016E+11;16;11;26;1440;1;2;1;1;5;83;9 BIS, MALNOUE (ROUTE DE;M;4884472;260135;770
2,016E+11;16;11;28;1115;1;2;3;7;6;83;2, FLANDRES DUNKERQUE 19;M;4885048;258242;770
2,016E+11;16;11;28;1610;1;2;1;1;1;83;2, ALBERT SCHWEITZER (RU;M;4885052;257917;770
2,016E+11;16;12;5;915;1;2;2;1;3;468;6, ARCHE GUEDON (COURS D;M;4884977;263814;770
2,016E+11;16;12;7;315;3;1;3;1;7;121;D471 X D406 OUEST;M;4882750;266855;770
2,016E+11;16;12;11;1500;1;2;1;1;1;83;ALBERT SCHWEITZER (RUE);M;4885417;257739;770
2,016E+11;16;12;19;1925;5;2;2;1;6;468;9,AV. LINGENFELD X D34A1;M;4884714;265202;770
2,016E+11;16;12;9;2205;3;1;1;1;2;83;MARNE (BOULEVARD DE LA);M;4884854;259343;770
2,016E+11;16;12;28;1715;2;2;2;1;3;83;D199 X D370;M;4884993;257700;770
2,016E+11;16;1;5;820;2;2;1;2;6;249;HYVERNEAUX  (AVENUE DES);M;4874409;261218;770
2,016E+11;16;1;12;1935;1;1;3;1;1;114;VICTOR HUGO (BOULEVARD);M;4873586;270528;770
2,016E+11;16;1;25;1550;1;2;5;1;3;215;D216 X AV. DES OMBRAGES;M;4873738;271295;770
2,016E+11;16;2;6;945;1;2;1;1;3;373;CENTRE COMMERCIAL CARREF;M;4877650;260700;770
2,016E+11;16;2;12;1615;1;2;3;2;6;390;CHARLES VAILLANT (RUE);M;4879402;266214;770
2,016E+11;16;2;15;1850;5;2;3;2;6;390;CHARLES VAILLANT (RUE);M;4879398;266227;770
2,016E+11;16;3;13;1105;1;2;2;1;6;373;29, GENERAL DE GAULLE (A;M;4880408;261643;770
2,016E+11;16;3;29;2100;3;2;6;1;1;390;D21 ROUTE DE PONTAULT;M;4878968;264209;770
2,016E+11;16;4;4;20;5;2;1;2;1;390;AV. BODIN DE BOISMORTIER;M;4880394;263025;770
2,016E+11;16;3;25;910;1;2;3;3;1;390;18, JUSSIEU (RUE DE);M;4879850;264342;770
2,016E+11;16;4;21;2205;5;2;6;1;7;373;RUES L'EST/DES TILLEULS;M;4880470;262171;770
2,016E+11;16;4;21;1905;1;2;1;1;6;215;47, RUE GAMBETTA;M;4873564;273351;770
2,016E+11;16;5;1;1630;1;2;2;1;3;350;ROND BUISSON (AVENUE DU);M;4877160;268795;770
2,016E+11;16;5;3;1000;1;2;1;1;1;373;86, BERCHERES (RUE DES);M;4878822;261264;770
2,016E+11;16;5;1;1830;1;1;1;1;3;350;N4G X VOIE STAT. SERVICE;M;4876761;264701;770
2,016E+11;16;5;10;1345;1;2;3;2;2;373;45, MONTHETY (RUE);M;4877779;260678;770
2,016E+11;16;5;24;1950;1;2;1;1;1;390;JEAN BATISTE COROT (AVEN;M;4879700;266193;770
2,016E+11;16;5;27;815;1;1;1;1;2;215;RN4 HORS AGGLOMERATION;M;4873319;271841;770
2,016E+11;16;5;31;1400;1;2;3;2;3;373;112, BERCHERES (RUE DES);M;4878964;261475;770
2,016E+11;16;6;4;1610;1;2;1;1;3;215;74, PARIS (RUE DE);M;4874201;273521;770
2,016E+11;16;6;8;1830;1;2;1;1;2;373;34, GENERAL DE GAULLE (A;M;4880382;261595;770
2,016E+11;16;6;8;1500;1;1;1;1;1;350;CD 471;M;4877770;270911;770
2,016E+11;16;6;10;1735;1;2;1;1;6;390;4, BODIN DE BOISMORTIER;M;4879875;264816;770
2,016E+11;16;6;20;900;1;1;1;2;2;373;RN4 HORS AGGLOMERATION;M;4877279;261820;770
2,016E+11;16;7;4;1605;1;2;1;1;6;373;88, AV. CHARLES ROUXEL;M;4879088;260399;770
2,016E+11;16;6;26;1720;1;2;2;1;3;373;CHARLES ROUXEL (AVENUE);M;4879486;260454;770
2,016E+11;16;7;1;1405;1;2;1;1;3;373;37, MONTHETY (RUE);M;4877790;260559;770
2,016E+11;16;7;16;1735;1;1;1;1;5;350;CD 471;M;4875953;270567;770
2,016E+11;16;8;1;1750;1;2;1;1;7;373;37, MONTHETY (RUE);M;4877780;260497;770
2,016E+11;16;8;4;2330;3;1;1;2;2;215;RN4 HORS AGGLOMERATION;M;4873350;271328;770
2,016E+11;16;8;9;1020;1;1;1;1;6;390;D361 - OZOIR (ROUTE D');M;4878037;265928;770
2,016E+11;16;8;26;1415;1;1;1;1;2;249;RN4 HORS AGGLOMERATION;M;4876950;263657;770
2,016E+11;16;9;5;1725;1;1;1;2;1;374;CD 21;M;4879601;272411;770
2,016E+11;16;9;12;1630;1;2;1;1;6;390;CHARLES VAILLANT (RUE);M;4879230;266337;770
2,016E+11;16;9;13;1155;1;2;3;1;6;373;149 ter, CHARLES ROUXEL;M;4878650;260219;770
2,016E+11;16;9;19;1745;1;1;1;1;2;215;RN4 HORS AGGLOMERATION;;;;770
2,016E+11;16;9;21;545;3;1;1;1;5;374;CD 471;M;4878690;271243;770
2,016E+11;16;9;26;730;3;1;1;1;6;374;CD 471;M;4878339;271016;770
2,016E+11;16;9;28;1305;1;2;1;1;6;215;REIMS (ALLEE DE);M;4873860;274394;770
2,016E+11;16;9;30;2050;3;1;1;2;7;249;MAISON BLANCHE  (ROUTE D;M;4875110;261199;770
2,016E+11;16;10;1;2020;3;1;1;2;6;374;0, CD 21;M;4879623;272473;770
2,016E+11;16;10;6;1650;1;1;1;1;1;215;LIBERTE  (AVENUE DE LA);M;4875308;271985;770
2,016E+11;16;10;11;2200;3;1;1;1;6;350;0, CD 471;M;4876794;270728;770
2,016E+11;16;9;23;1825;1;2;1;1;6;373;GENERAL DE GAULLE (AVENU;M;4880430;261666;770
2,016E+11;16;10;21;1625;1;2;1;1;4;373;GENERAL DE GAULLE (AVENU;M;4880360;261531;770
2,016E+11;16;10;15;1530;1;2;1;1;3;373;MONTHETY (RUE);M;4877790;260515;770
2,016E+11;16;10;24;1335;1;1;1;2;1;350;CD 350;M;4875568;270835;770
2,016E+11;16;10;29;2010;5;2;6;1;7;390;JEAN MONNET (AVENUE);M;4879391;264629;770
2,016E+11;16;11;25;2135;5;2;1;1;1;373;BERCHERES (RUE DES);M;4878730;261147;770
2,016E+11;16;12;4;1300;1;2;1;1;3;373;09, DUC DE DANTZIG (AVEN;M;4880670;261532;770
2,016E+11;16;12;9;156;5;2;1;1;6;350;DESIDERIUS ERASME (AVENU;;;;770
2,016E+11;16;12;8;1900;5;2;6;1;6;215;76, PARIS (RUE DE);M;4874222;273500;770
2,016E+11;16;12;9;1947;3;1;1;1;5;350;CD 471;M;4877475;270858;770
2,016E+11;16;12;13;1955;5;2;1;1;3;350;26, AUGUSTE HUDIER (RUE);M;4876340;267669;770
2,016E+11;16;12;14;1000;1;2;1;1;6;350;4, ROUTE DE ROISSY;M;4876705;266915;770
2,016E+11;16;12;25;1940;3;1;1;1;1;350;CD 471;M;4876503;270672;770
2,016E+11;16;12;28;805;3;1;1;1;6;350;RN4 HORS AGGLOMERATION;M;4875750;267036;770
2,016E+11;16;1;22;1507;1;2;1;2;7;379;2,RUE CHRISTOPHE OPOIX;M;4856083;329588;770
2,016E+11;16;3;5;2150;5;2;2;1;3;404;D403 X RUE DE BEAUJARD;M;4854016;326643;770
2,016E+11;16;3;11;1120;1;2;3;1;6;404;DEPARTEMENTALE 403;M;4853196;326109;770
2,016E+11;16;5;7;2050;1;2;4;1;3;379;ANATOLE FRANCE (RUE);M;4855855;329282;770
2,016E+11;16;5;22;30;5;2;1;1;6;260;15, DOCTEUR GOELTON (RUE;M;4851880;324616;770
2,016E+11;16;6;7;1225;1;1;3;1;3;368;D403 X D1F;M;4854842;328245;770
2,016E+11;16;6;8;2020;1;1;1;1;1;459;Route D‚partementale 619;M;4853502;336409;770
2,016E+11;16;6;11;1010;1;1;1;2;7;459;D619;M;4854106;334638;770
2,016E+11;16;6;11;1055;1;1;4;1;5;379;D231 X VC12;M;4856831;326232;770
2,016E+11;16;8;11;940;1;1;1;1;6;404;CR 30;M;4853710;325164;770
2,016E+11;16;8;28;1905;1;1;1;1;6;418;CD 106;M;4853461;322792;770
2,016E+11;16;10;3;500;5;1;3;1;3;459;D619 X D74A;M;4855146;331955;770
2,016E+11;16;10;23;1605;1;2;1;3;7;404;74, DEPARTEMENTALE 403;M;4852526;324876;770
2,016E+11;16;11;11;910;1;2;1;1;5;459;D619 - RUE DE PARIS;M;4854007;334827;770
2,016E+11;16;11;12;1030;1;2;3;1;6;379;46, ALAIN PEYREFITTE (AV;M;4856340;330007;770
2,016E+11;16;1;12;1930;3;1;6;2;5;123;D212 X N1104;M;4899711;264475;770
2,016E+11;16;2;6;1920;5;2;1;1;3;118;D34E;M;4894193;266644;770
2,016E+11;16;2;19;840;1;1;1;1;3;462;ROUTE NATIONALE 2;;;;770
2,016E+11;16;3;7;1625;1;2;1;1;3;514;INDUSTRIE (RUE DE L');M;4895160;262409;770
2,016E+11;16;3;21;30;5;2;2;1;3;514;AV.A BRIAND X AV.MISTRAL;M;4894591;261031;770
2,016E+11;16;3;29;1300;1;2;3;1;6;294;MARTYRS DE CHATEAUBRIANT;M;4896213;259747;770
2,016E+11;16;4;19;2315;5;2;2;1;6;514;BEARN (AVENUE DE);M;4894840;261197;770
2,016E+11;16;4;21;1915;1;2;1;1;1;118;26, VIGNES (RUE DES);M;4894034;268464;770
2,016E+11;16;4;3;1635;1;1;1;1;3;294;CD84;M;4897463;261841;770
2,016E+11;16;5;15;30;3;1;1;1;2;294;RN 2;;;;770
2,016E+11;16;6;7;810;1;1;3;1;3;294;D9 X D84;M;4898284;260763;770
2,016E+11;16;7;30;50;3;1;1;1;2;462;ROUTE NATIONALE 2;M;4902380;266643;770
2,016E+11;16;8;11;1035;1;2;1;1;6;294;7, MARTYRS DE CHATEAUBRI;M;4896036;260131;770
2,016E+11;16;10;30;750;1;1;1;1;2;294;ROUTE NATIONALE 2;M;4898207;259788;770
2,016E+11;16;10;12;2315;5;1;6;1;3;294;D84 X D84A4;M;4897448;261298;770
2,016E+11;16;11;2;1840;5;2;3;1;6;514;D105 X RUE DES MARTYRS;M;4893910;260770;770
2,016E+11;16;11;1;630;3;1;1;1;4;462;ROUTE NATIONALE 2;M;4902045;266303;770
2,016E+11;16;11;8;2220;3;1;1;2;2;514;ROUTE NATIONALE 3;;;;770
2,016E+11;16;12;8;1715;5;1;4;1;1;118;D34E X BRET. N3 EST;M;4894192;266641;770
2,016E+11;16;12;14;2030;5;1;2;1;3;291;PERICHET (RUE);M;4901841;258389;770
2,016E+11;16;12;31;2115;5;1;1;1;6;498;QUARANTE SOUS ROUTE DE;;;;780
2,016E+11;16;1;23;1335;1;2;3;1;2;498;SAINT SEBASTIEN RUE;;;;780
2,016E+11;16;12;11;1610;1;2;2;1;3;498;LEFEBVRE AV FERNAND;M;4855343;225426;780
2,016E+11;16;1;5;830;2;2;1;1;6;498;PORT RUE DU;M;4893394;204036;780
2,016E+11;16;10;14;750;2;1;1;1;7;123;EUROPE (RN 190) AVENUE D;M;4856469;213575;780
2,016E+11;16;1;9;130;3;2;4;1;3;624;DUPUIS RUE CHARLES;M;4897969;200388;780
2,016E+11;16;12;15;1825;5;2;1;1;3;624;38, POISSY AVENUE DE;M;4857320;247130;780
2,016E+11;16;10;9;1840;1;2;2;1;3;138;COTEAUX (MAIL DES);;;;780
2,016E+11;16;12;9;830;1;2;1;1;6;498;127, CASTILLE AV BLANCHE;;;;780
2,016E+11;16;12;21;1050;1;1;1;1;6;672;235, ORGEVAL ROUTE D';M;4893257;199070;780
2,016E+11;16;10;28;1220;1;1;1;1;6;172;BRET. ACCES AV DU PONT/R;;;;780
2,016E+11;16;1;22;815;2;1;2;1;3;384;MARSINVAL (CHEMIN);M;4895052;197903;780
2,016E+11;16;2;2;2030;5;2;2;1;6;498;60, ROBESPIERRE BD;M;4893341;205011;780
2,016E+11;16;1;8;1523;1;2;1;1;6;498;80, LEFEBVRE AV FERNAND;M;4892396;205283;780
2,016E+11;16;1;27;1822;5;2;1;1;6;643;18, GROSSE PIERRE RUE DE;M;4897459;199579;780
2,016E+11;16;1;12;1930;5;2;2;3;1;642;30, MALRAUX BD ANDRE;M;;;780
2,016E+11;16;1;25;830;1;2;2;1;6;498;8, DEVAUX BD;M;4892997;204388;780
2,016E+11;16;1;1;640;3;2;1;1;6;498;50, MIGNEAUX AV DE L'ILE;M;;;780
2,016E+11;16;2;9;1300;1;2;1;1;6;498;19, DEVAUX BD;M;;;780
2,016E+11;16;2;2;1030;1;2;4;1;2;498;1, LEMELLE BD LOUIS;M;;;780
2,016E+11;16;2;5;1245;1;2;3;1;6;642;7, MAUPAS CHEMIN DU;M;4898573;197095;780
2,016E+11;16;2;16;2100;3;1;1;1;6;5;RN 184;M;4898202;208612;780
2,016E+11;16;3;3;1810;2;2;2;1;3;498;1, GAMBETTA BD;M;4893308;204555;780
2,016E+11;16;3;13;1740;1;2;1;1;6;498;, AIGREMONT RUE D';;;;780
2,016E+11;16;3;12;220;5;2;3;1;6;498;78, ROBESPIERRE BD;M;4893397;205338;780
2,016E+11;16;3;10;1145;1;2;2;1;3;498;1, VILLIERS RUE DE;M;4892240;203564;780
2,016E+11;16;2;3;810;1;1;1;1;5;672;DE VOISINS AVENUE DU PRE;M;4210000;60000;780
2,016E+11;16;4;6;1905;1;1;1;2;6;5;RD 30;;;;780
2,016E+11;16;4;13;1000;1;2;1;1;6;498;35, DEVAUX BD;;;;780
2,016E+11;16;5;1;1430;1;1;6;1;3;172;RD POINT AMBASSADEUR/CAR;;;;780
2,016E+11;16;4;27;1955;1;2;2;1;3;498;SAINT SEBASTIEN RUE;M;4893717;205499;780
2,016E+11;16;4;14;1310;1;2;2;1;3;123;HAUTIL AV DE L';M;4894772;203750;780
2,016E+11;16;5;17;2330;4;1;1;1;6;172;RN 184 /  BRET. ACCES RD;;;;780
2,016E+11;16;5;22;710;1;2;2;3;6;498;PONTOISE AV DE;;;;780
2,016E+11;16;4;3;1020;1;2;1;1;6;498;3, PAIN RUE AU;;;;780
2,016E+11;16;5;21;1832;1;1;1;1;7;498;QUARANTE SOUS ROUTE DE;;;;780
2,016E+11;16;4;9;1814;1;2;1;2;5;498;QUARANTE SOUS ROUTE DE;M;4891843;200694;780
2,016E+11;16;5;26;2055;1;2;1;1;7;123;PELLETIER BD;M;4895058;204410;780
2,016E+11;16;6;5;2150;3;2;6;1;1;498;1, QUARANTE SOUS ROUTE D;M;4854511;201189;780
2,016E+11;16;5;4;1225;1;2;1;1;6;498;85, CASTILLE AV BLANCHE;M;4892290;202809;780
2,016E+11;16;5;28;1620;1;2;1;2;1;123;RD 30;;;;780
2,016E+11;16;6;25;1236;1;1;1;1;7;624;1, MAURECOURT ROUTE DE;M;4899536;202405;780
2,016E+11;16;6;23;2100;2;1;3;1;3;138;RD 22;;;;780
2,016E+11;16;1;14;1755;5;2;2;9;6;5;HUIT MAI 1945 (RUE DU);;;;780
2,016E+11;16;6;30;910;1;2;3;1;3;498;FOCH AV;;;;780
2,016E+11;16;6;9;2010;1;2;1;1;1;642;CHEMIN RURAL 45;M;4898372;198372;780
2,016E+11;16;7;6;1640;1;2;2;1;2;123;PELLETIER BD;;;;780
2,016E+11;16;7;8;5;5;2;2;1;6;498;53, DEVAUX BD;;;;780
2,016E+11;16;7;19;1610;1;2;1;1;6;498;105, VILLIERS RUE DE;M;4892133;202142;780
2,016E+11;16;7;14;1000;1;2;1;2;6;643;AMANDIER RUE DE L';;;;780
2,016E+11;16;8;19;1515;1;2;1;1;1;498;122, MALADRERIE AV DE LA;M;4855480;213504;780
2,016E+11;16;9;1;5;5;2;1;1;6;172;BRETELLE ACCES RD 203 /;;;;780
2,016E+11;16;8;27;1505;1;1;1;1;6;624;VACHES CHEMIN AUX;M;4902721;206250;780
2,016E+11;16;7;28;2111;1;2;1;1;3;123;302, BERTAUX RUE MAURICE;M;4856309;213278;780
2,016E+11;16;7;11;1755;1;2;1;1;6;498;BERTEAUX MAURICE AVENUE;M;4855574;230226;780
2,016E+11;16;8;10;205;5;2;1;1;6;498;29, QUATORZE JUILLETCOUR;M;4855594;221948;780
2,016E+11;16;8;13;1410;1;2;2;1;3;123;CLEMENCEAU RUE GEORGES;M;4856366;214705;780
2,016E+11;16;10;17;1545;1;2;1;1;6;498;25, DEVAUX BD;;;;780
2,016E+11;16;9;30;145;3;1;3;1;6;138;HAUTIL (RUE DE L');;;;780
2,016E+11;16;11;1;1215;1;2;6;1;3;643;EUROPE ROND POINT DE L';M;4897633;198163;780
2,016E+11;16;10;25;924;1;2;1;1;5;498;120, ROBESPIERRE BD;M;4855411;223295;780
2,016E+11;16;9;27;832;1;2;2;1;3;642;CHAPET A VERNOUILLET (RO;M;4897047;195711;780
2,016E+11;16;9;30;1115;1;2;1;1;6;498;78, MALADRERIE AV DE LA;M;4855132;215203;780
2,016E+11;16;11;17;925;1;1;1;1;6;643;CLOS DES VIGNES AVENUE D;;;;780
2,016E+11;16;11;20;1150;1;2;1;1;6;498;133, FOCH AV;M;4855553;231844;780
2,016E+11;16;11;13;1310;1;2;1;1;6;498;1, CODOS RUE PAUL;M;4855537;223842;780
2,016E+11;16;12;13;1800;5;2;2;1;6;498;SAINT LOUIS RUE;M;4855477;221301;780
2,016E+11;16;11;30;2150;5;2;1;1;6;123;HAUTIL AV DE L';M;4856582;221862;780
2,016E+11;16;11;30;1956;5;2;9;1;3;643;TRIEL AVENUE DE;M;4897797;199611;780
2,016E+11;16;12;20;1710;2;2;1;1;6;423;PRES (AVENUE DES);;;;780
2,016E+11;16;1;12;1815;5;2;2;1;6;423;......, PRES (AVENUE DES;M;4800000;200000;780
2,016E+11;16;2;3;1100;1;2;1;1;6;208;NERVAL (SQUARE GERARD DE;;;;780
2,016E+11;16;1;20;1455;1;2;2;7;6;621;ALLENDE (AVENUE SALVADOR;;;;780
2,016E+11;16;3;17;1945;2;2;1;1;6;423;RENE DESCARTES (BD);;;;780
2,016E+11;16;3;29;1600;1;2;1;1;6;621;4, LANGEVIN (SQUARE PAUL;M;4877691;198440;780
2,016E+11;16;4;3;1750;1;2;1;1;2;423;VOLTA (AVENUE);;;;780
2,016E+11;16;3;24;1342;1;2;1;1;3;621;33-35, POLITZER (AVENUE;M;;;780
2,016E+11;16;6;19;1010;1;1;1;1;6;423;SQYOUEST;;;;780
2,016E+11;16;5;2;1115;1;2;2;1;6;423;, GARY (RUE ROMAIN);;;;780
2,016E+11;16;7;19;915;1;2;1;1;6;423;......, PAS DU LAC (AVEN;;;;780
2,016E+11;16;3;23;1230;1;2;1;1;6;688;PLAN DE L'EGLISE;;;;780
2,016E+11;16;7;7;2035;1;2;1;1;1;621;TIMBAUD / Gutenberg;;;;780
2,016E+11;16;8;8;1305;1;2;2;1;3;297;......, AVENUE DU CENTRE;;;;780
2,016E+11;16;2;9;820;1;2;3;1;1;297;LE VAU (R LOUIS);;;;780
2,016E+11;16;3;30;1830;1;2;1;1;4;688;126, KESSEL (AVENUE JOSE;;;;780
2,016E+11;16;6;29;1242;1;2;1;1;2;621;52, FRERES LUMIERE (AVEN;M;4875660;198029;780
2,016E+11;16;8;6;1430;1;2;1;1;2;208;DASSAULT (AVENUE MARCEL);;;;780
2,016E+11;16;8;22;1600;1;2;1;1;3;621;CD 912;;;;780
2,016E+11;16;8;23;1850;1;2;1;1;3;208;DAMPIERRE (ROUTE DE);;;;780
2,016E+11;16;8;27;630;3;1;1;1;2;621;NATIONALE 10 (ROUTE);;;;780
2,016E+11;16;8;30;1500;1;1;1;1;2;168;INDT, Route nationale 10;;;;780
2,016E+11;16;8;25;935;1;2;2;1;3;423;FRERES LUMIERES;;;;780
2,016E+11;16;6;23;1910;1;2;1;1;3;621;INDT, NATIONALE 10 (ROUT;;;;780
2,016E+11;16;7;26;1640;1;2;3;1;2;621;INDT, VAILLANT COUTURIER;;;;780
2,016E+11;16;9;22;655;3;1;1;5;7;397;DEPARTEMENTALE 13 (ROUTE;;;;780
2,016E+11;16;9;19;2115;4;2;8;1;6;621;NATIONALE 10 (ROUTE);;;;780
2,016E+11;16;10;1;1530;1;2;1;1;1;621;NATIONALE 10 (Rte);;;;780
2,016E+11;16;10;11;1335;1;2;1;1;6;383;GALOIS (RUE);;;;780
2,016E+11;16;10;18;1745;1;2;1;2;2;208;R12 (pont D23);;;;780
2,016E+11;16;10;16;2220;5;2;1;2;7;208;02, MESNIL (ROUTE DU) 27;;;;780
2,016E+11;16;11;3;745;5;2;1;1;3;168;Route nationale 10;;;;780
2,016E+11;16;11;17;1620;1;2;1;1;6;621;TEISSERENC DE BORD;;;;780
2,016E+11;16;10;20;1515;1;2;6;1;2;208;TEMPLIERS (ROND POINT DE;;;;780
2,016E+11;16;9;24;2330;5;2;1;1;7;644;NOES  (AVENUE DES);;;;780
2,016E+11;16;12;24;2215;5;2;2;1;3;168;, Route nationale 10;;;;780
2,016E+11;16;1;8;30;5;2;1;1;6;402;19, RUE DE CHAUFFOUR;M;4895669;179991;780
2,016E+11;16;1;24;1355;1;1;1;8;6;362;BOULEVARD ROGER SALENGRO;M;4898022;169600;780
2,016E+11;16;1;24;1535;1;2;2;1;3;361;113   RD;M;4899686;167650;780
2,016E+11;16;1;27;810;1;2;3;8;7;335;ROUTE DE MEULAN;M;4899041;176216;780
2,016E+11;16;1;28;825;1;2;1;2;3;267;13, RUE GABRIEL PERI;M;4897816;180830;780
2,016E+11;16;2;16;1650;1;2;1;1;6;354;AVENUE DE L EUROPE;M;4897847;169344;780
2,016E+11;16;2;20;1555;1;2;2;1;3;335;57, AVENUE DE LA PAIX;M;4899319;174269;780