Num_Acc;an;mois;jour;hrmn;lum;agg;int;atm;col;com;adr;gps;lat;long;dep
2,016E+11;16;2;29;1725;1;2;1;1;6;361;97, Boulevard Mar‚chal J;M;4899202;170397;780
2,016E+11;16;5;6;1755;1;1;1;1;3;267;RD 130;M;4897344;180780;780
2,016E+11;16;6;10;2350;5;2;1;8;6;361;01, PLACE DE  L ETAPE;M;4859273;143116;780
2,016E+11;16;6;28;1545;1;2;1;1;6;402;C.D  113;M;4857401;148274;780
2,016E+11;16;7;7;805;1;2;2;1;3;335;60, RUE NATIONALE;M;4859431;143542;780
2,016E+11;16;7;7;1215;1;2;1;1;6;361;09, RUE JEAN HOUDON;M;4900143;141019;780
2,016E+11;16;7;12;305;5;2;1;1;7;362;ROUTE DE CHANTEREINE;M;4858491;143127;780
2,016E+11;16;7;15;1800;1;2;1;1;3;267;37, RUE JEAN JAURES;M;4858288;148105;780
2,016E+11;16;7;22;415;5;2;1;1;7;354;43, AVENUE DE L EUROPE;M;4896633;167966;780
2,016E+11;16;7;23;2055;1;2;1;1;2;118;RD 110;M;4898213;167677;780
2,016E+11;16;8;30;2320;5;2;1;1;7;501;boulevard de la republiq;M;4897547;176694;780
2,016E+11;16;9;3;1835;1;2;1;1;1;118;sous pont A13;M;4898466;167386;780
2,016E+11;16;9;11;1335;1;1;1;1;6;314;R.D 190;M;4898877;178022;780
2,016E+11;16;9;15;1620;1;2;1;2;3;361;98, RUE PIERRE SEMARD;M;4899255;169544;780
2,016E+11;16;9;29;1015;1;2;1;1;7;402;ROUTE DE SEPTEUIL;M;4892780;178944;780
2,016E+11;16;10;13;725;5;2;1;1;3;362;00, ROUTE DE CHANTEREINE;M;4898241;172408;780
2,016E+11;16;10;19;810;1;2;1;1;6;362;ROSAY / Mantois;M;4858708;143171;780
2,016E+11;16;10;26;1855;5;2;3;1;3;267;AVENUE DU COLONEL FABIEN;M;4898791;180416;780
2,016E+11;16;11;17;1645;5;2;1;2;6;361;28, AVENUE DE LA REPUBLI;M;4898980;171258;780
2,016E+11;16;11;20;2110;5;2;1;2;2;361;07, AVENUE DE LA DIVISIO;M;4898941;171016;780
2,016E+11;16;12;12;1645;5;2;1;8;6;361;02, BOULEVARD SULLY 1;M;4899844;167688;780
2,016E+11;16;12;14;1900;3;2;1;1;1;335;RD983;M;4898611;173183;780
2,016E+11;16;12;15;1325;1;2;1;1;1;335;194, rue du docteur vina;M;4903107;142384;780
2,016E+11;16;12;26;2210;5;2;2;1;3;361;154, Boulevard Mar‚chal;M;4899313;170380;780
2,016E+11;16;1;4;830;1;2;1;1;4;401;RHIN ET DANUBE (PONT);;;;780
2,016E+11;16;1;6;1720;3;2;1;1;2;29;CH DE GAULLE (AV.)(pont);;;;780
2,016E+11;16;1;11;2025;5;2;1;1;6;440;PAUL RAOULT (AVENUE);;;;780
2,016E+11;16;1;18;1450;1;2;1;1;2;440;99, MARECHAL FOCH (AVENU;;;;780
2,016E+11;16;1;23;1900;5;2;1;1;2;609;CD 28;;;;780
2,016E+11;16;1;24;1800;2;2;6;8;6;29;LOUIS RENAULT (BOULEVARD;;;;780
2,016E+11;16;1;27;1520;1;2;1;1;6;440;PAUL RAOULT (AVENUE);;;;780
2,016E+11;16;2;9;1625;1;2;2;8;3;440;0, RD 44;;;;780
2,016E+11;16;2;19;1600;1;2;1;1;4;440;PAUL RAOULT (AVENUE);;;;780
2,016E+11;16;3;2;1515;1;2;1;2;6;440;53, PAUL RAOULT (AV);;;;780
2,016E+11;16;3;7;720;2;1;1;9;6;227;CD 922;;;;780
2,016E+11;16;3;26;1620;1;2;2;1;3;238;MARECHAL FOCH (RUE DU);;;;780
2,016E+11;16;4;2;1612;1;2;1;1;6;440;PAUL RAOULT (AVENUE);;;;780
2,016E+11;16;4;10;855;1;1;1;5;7;401;0, D 922;;;;780
2,016E+11;16;4;12;45;5;2;3;1;6;401;7, GAMBETTA (RUE);;;;780
2,016E+11;16;4;18;1710;1;2;3;1;3;440;RPUBLIQUE (RUE DE LA);;;;780
2,016E+11;16;4;19;1949;1;2;6;1;3;238;CD 14;;;;780
2,016E+11;16;5;2;445;5;2;1;9;6;29;13, HAUTES BEAUCES (RUE;;;;780
2,016E+11;16;6;7;1750;1;2;1;1;6;440;4, CARNOT (RUE);;;;780
2,016E+11;16;6;19;445;5;2;1;1;1;299;MICHELET (BOULEVARD);;;;780
2,016E+11;16;6;23;1725;1;2;2;2;3;440;PRS (AVENUE DES);;;;780
2,016E+11;16;6;30;1800;1;2;1;1;1;440;PETIT CHEMIN DE FLINS;;;;780
2,016E+11;16;7;2;1720;1;2;2;1;1;440;BOUGIMONTS (RUE DES);;;;780
2,016E+11;16;7;19;1915;1;2;3;1;3;440;PAUL RAOULT (AVENUE);;;;780
2,016E+11;16;7;22;2000;1;2;1;1;2;403;141, CHATEAUBRIAND (AVEN;;;;780
2,016E+11;16;7;25;2045;1;2;3;1;2;440;PIERRE CURIE (RUE);;;;780
2,016E+11;16;7;26;2245;3;1;3;1;7;238;CD 14;;;;780
2,016E+11;16;7;30;440;5;2;1;1;6;401;RHIN ET DANUBE (PONT);;;;780
2,016E+11;16;8;7;1612;1;2;1;1;6;440;GAMBETTA / Poissy;;;;780
2,016E+11;16;8;23;1015;1;2;1;1;6;440;107, PAUL DOUMER (RUE);;;;780
2,016E+11;16;8;24;1934;1;2;1;1;6;29;PROVINCES (PLACE DES);;;;780
2,016E+11;16;8;27;1350;1;2;1;1;6;401;Albert Joly / Galeran;;;;780
2,016E+11;16;9;1;2200;3;1;1;1;1;261;MEULAN A CAUDEBEC (ROUTE;;;;780
2,016E+11;16;9;12;1100;1;2;1;1;6;440;EUROPE (AVENUE DE L');;;;780
2,016E+11;16;9;20;827;1;2;1;1;6;440;168, ARISTIDE BRIAND (RU;;;;780
2,016E+11;16;10;1;1135;1;1;1;2;2;227;CD 922;;;;780
2,016E+11;16;10;6;1120;1;1;1;1;4;238;CD 14;;;;780
2,016E+11;16;10;25;1830;1;2;1;1;3;440;PAUL RAOULT (AVENUE);;;;780
2,016E+11;16;10;30;1641;1;1;1;1;3;609;CD 28;;;;780
2,016E+11;16;11;19;1715;2;2;3;1;3;440;AMPERE (RUE);;;;780
2,016E+11;16;11;27;2110;3;1;1;1;1;609;CD 28;;;;780
2,016E+11;16;12;17;1330;1;1;1;5;2;261;BOUTS DE LA VILLE (CHEMI;;;;780
2,016E+11;16;10;29;2245;5;2;1;2;2;674;CD 11;;;;780
2,016E+11;16;10;6;1620;1;1;1;1;1;674;CD 11;M;4882000;202500;780
2,016E+11;16;1;2;1400;1;2;1;1;6;490;SAINT GERMAIN (AVENUE DE;;;;780
2,016E+11;16;1;10;1845;4;2;1;9;3;165;BARBUSSE (AVENUE HENRY);;;;780
2,016E+11;16;9;29;755;1;2;6;1;6;165;0, BOULEAUX (MAIL DES);M;4882100;197000;780
2,016E+11;16;2;4;740;1;2;1;1;3;545;JAURES (AVENUE JEAN);;;;780
2,016E+11;16;12;9;850;1;2;6;1;3;490;SAINT GERMAIN (AVENUE DE;;;;780
2,016E+11;16;1;8;1640;1;2;1;1;6;545;CURIE (AVENUE PIERRE);;;;780
2,016E+11;16;3;5;2120;5;2;3;2;6;490;5, LAURENT (AVENUE MARC);;;;780
2,016E+11;16;12;8;1540;1;2;2;1;6;490;0, VERNE (RUE JULES);;;;780
2,016E+11;16;2;23;2050;5;2;1;1;1;242;ZOLA (RUE EMILE);;;;780
2,016E+11;16;4;1;1945;1;2;3;1;3;490;22, LAURENT (AVENUE MARC;;;;780
2,016E+11;16;4;30;1355;1;2;1;1;2;545;PERI (RUE GABRIEL);;;;780
2,016E+11;16;1;14;720;5;2;3;2;3;545;VAILLANT (RUE DU DOCTEUR;;;;780
2,016E+11;16;6;13;2000;2;1;3;1;3;545;VAILLANT (RUE DU DOCTEUR;;;;780
2,016E+11;16;6;22;1930;1;2;3;1;3;73;RD 129;;;;780
2,016E+11;16;6;29;435;3;1;1;1;1;490;RD 109;;;;780
2,016E+11;16;7;6;200;4;1;1;1;6;545;1, DIVISION LECLERC (AVE;;;;780
2,016E+11;16;7;5;2000;1;2;1;1;1;242;POMPIDOU (AVENUE);;;;780
2,016E+11;16;7;11;1910;1;2;3;1;6;545;FABIEN (AVENUE COLONEL);;;;780
2,016E+11;16;7;21;1710;1;2;3;1;3;490;CHEMIN BLANC;;;;780
2,016E+11;16;5;20;2230;3;1;6;1;1;674;RD 98;;;;780
2,016E+11;16;9;13;1435;1;2;1;1;4;545;PERI (RUE GABRIEL);;;;780
2,016E+11;16;7;9;1800;1;2;1;1;2;490;SAINT GERMAIN (AVENUE DE;;;;780
2,016E+11;16;9;1;1250;1;2;1;1;6;490;face place silo 9;;;;780
2,016E+11;16;9;11;2130;3;1;1;1;1;490;CD 30;;;;780
2,016E+11;16;10;21;1915;2;2;1;2;6;545;55, PERI (RUE GABRIEL);;;;780
2,016E+11;16;2;25;1645;1;1;1;1;1;220;ARTOIRE (RUE DE L');M;;;780
2,016E+11;16;4;6;1030;1;1;1;1;6;269;D 906;M;4863519;115416;780
2,016E+11;16;3;22;1015;1;2;1;1;6;486;CHARTRES (RUE DE;M;4868601;184775;780
2,016E+11;16;4;23;1700;1;2;1;1;7;269;rue du Bel Air;;;;780
2,016E+11;16;5;11;550;2;1;1;5;1;269;D 150;;;;780
2,016E+11;16;5;24;850;1;1;1;1;3;269;BRAY (ROUTE DU);;;;780
2,016E+11;16;6;19;34;3;1;1;1;6;486;D 910;M;4870745;186944;780
2,016E+11;16;6;23;835;1;2;1;1;6;517;7 BIS, RACINAY (RUE DU);;;;780
2,016E+11;16;7;8;1405;1;2;1;1;6;517;27, LENOTRE (RUE G.);M;4864005;182654;780
2,016E+11;16;7;11;2330;5;2;4;1;7;517;69, LENOTRE (RUE G.);;;;780
2,016E+11;16;7;19;1900;1;1;9;1;2;220;RN 10;;;;780
2,016E+11;16;7;22;1105;1;2;1;1;6;486;02, GARE (AVENUE DE LA);;;;780
2,016E+11;16;8;16;1330;1;1;1;1;7;517;RN 10;M;4866721;183768;780
2,016E+11;16;8;25;1610;1;1;1;1;6;220;RD 202;M;4870030;193180;780
2,016E+11;16;9;10;1415;1;2;1;1;3;517;58, LENOTRE (RUE G.);M;4862954;182977;780
2,016E+11;16;9;16;2040;3;1;1;2;6;486;D 61;;;;780
2,016E+11;16;9;20;810;1;2;5;1;6;517;SADI CARNOT (RUE);M;4864271;183011;780
2,016E+11;16;10;30;1150;1;2;3;7;6;517;43, PATENOTRE (RUE RAYMO;;;;780
2,016E+11;16;12;3;1048;1;1;2;1;6;220;RN 10;;;;780
2,016E+11;16;9;8;1535;1;2;1;1;4;350;1, VERSAILLES (ROUTE DE);;;;780
2,016E+11;16;9;13;2020;2;2;1;1;7;418;HUIT MAI 1945 (RUE DU);;;;780
2,016E+11;16;12;5;830;4;1;1;1;7;133;RN.13;;;;780
2,016E+11;16;1;16;1305;1;2;7;8;3;551;FOCH (AVENUE DU MARECHAL;;;;780
2,016E+11;16;1;4;2055;5;2;1;1;3;146;3 BIS, ECOLES (RUE DES);;;;780
2,016E+11;16;11;1;1800;2;2;3;1;3;146;1, DARCIS (RUE);M;4891011;213952;780
2,016E+11;16;1;16;2145;3;1;1;1;1;551;RN 184;;;;780
2,016E+11;16;1;16;950;1;2;1;1;3;650;GALLIENI (AVENUE);;;;780
2,016E+11;16;6;13;1715;1;2;6;1;3;190;0, ECLUSE (RUE DE);;;;780
2,016E+11;16;11;21;1530;1;2;1;1;3;146;70, GENERAL LECLERC (RUE;;;;780
2,016E+11;16;2;4;1832;3;2;7;2;6;551;23, PONTOISE (DE);;;;780
2,016E+11;16;9;19;850;1;2;1;1;6;418;23, CHARLES CONSTANTIN (;;;;780
2,016E+11;16;12;11;1150;1;2;1;1;6;418;PAUL DOUMER (AVENUE);;;;780
2,016E+11;16;5;23;1500;1;2;1;8;3;372;2BIS, COEUR VOLANT (COTE;;;;780
2,016E+11;16;4;20;2110;2;2;1;1;1;350;23, VERSAILLES (ROUTE DE;;;;780
2,016E+11;16;11;13;300;5;2;1;3;2;350;64, VERSAILLES (ROUTE DE;;;;780
2,016E+11;16;3;23;1545;1;2;1;1;4;502;1, VERSAILLES (ROUTE DE);M;4887972;210861;780
2,016E+11;16;11;30;1305;1;2;4;1;3;481;CHARLES DE GAULLE (AVENU;;;;780
2,016E+11;16;5;11;810;1;1;1;1;1;551;RD 308;;;;780
2,016E+11;16;12;29;900;1;1;1;1;5;551;RD 308;;;;780
2,016E+11;16;7;8;1400;1;1;1;7;2;551;RN 184;;;;780
2,016E+11;16;8;3;1010;1;2;2;1;3;367;CD 98 (RTE DEPARTEMENTAL;M;4888725;207779;780
2,016E+11;16;7;1;1715;1;1;1;1;3;133;MANTES (ROUTE DE);;;;780
2,016E+11;16;7;21;1300;1;1;9;1;3;481;LECLERC (AVENUE DU GENER;;;;780
2,016E+11;16;6;21;1700;1;1;1;3;4;551;LATTRE DE TASSIGNY (AVE;;;;780
2,016E+11;16;8;18;1310;1;1;1;1;3;551;RN 184;;;;780
2,016E+11;16;6;28;1925;1;2;2;1;1;650;MONTESSON (ROUTE DE);;;;780
2,016E+11;16;9;26;1630;1;2;1;1;6;502;VERSAILLES (ROUTE DE);;;;780
2,016E+11;16;5;17;1330;1;2;1;1;3;502;VERSAILLES (ROUTE DE);;;;780
2,016E+11;16;1;4;1345;1;2;3;1;3;372;JOHN FITZGERALD KENNEDY;;;;780
2,016E+11;16;9;26;1640;1;2;4;1;3;350;1, SAINT GERMAIN (ROUTE;;;;780
2,016E+11;16;4;21;830;1;2;1;1;6;551;46, LECLERC (AVENUE DU G;;;;780
2,016E+11;16;10;5;1900;2;2;3;1;1;481;CHARLES DE GAULLE (AVENU;;;;780
2,016E+11;16;11;22;1128;1;1;2;1;3;224;SAINT GEMAIN (ROUTE DE);M;4887078;207391;780
2,016E+11;16;10;30;2110;3;1;1;1;6;551;RD 190;;;;780
2,016E+11;16;1;14;1710;1;2;1;1;6;586;80, BERTEAUX (MAURICE) N;M;4994086;216600;780
2,016E+11;16;1;27;745;5;2;1;2;6;586;MERMOZ (JEAN);M;4894545;217346;780
2,016E+11;16;2;16;1805;2;2;3;1;5;311;JEAN JAURES (BOULEVARD);M;;;780
2,016E+11;16;2;19;1530;1;2;1;1;6;396;5, Avenue de la R‚publiq;;;;780
2,016E+11;16;2;25;2300;5;2;1;1;6;586;20, BERTEAUX (MAURICE) N;M;4894327;216142;780
2,016E+11;16;1;13;1030;1;2;1;1;6;586;65, REPUBLIQUE (AVENUE);;;;780
2,016E+11;16;4;29;1740;1;2;1;1;5;311;23, HENRI BARBUSSE (BOUL;M;4892639;219313;780
2,016E+11;16;5;19;1229;1;2;3;2;3;586;Jean Jaurès / Louise Mic;M;4893913;215832;780
2,016E+11;16;4;26;1930;1;2;2;1;3;586;198, BEZONS;M;4893392;219139;780
2,016E+11;16;5;23;1100;1;2;1;3;3;311;96, MARTYRS DE LA RESIST;;;;780
2,016E+11;16;3;8;835;1;2;1;1;6;586;97, MERMOZ (JEAN);M;4994546;217343;780
2,016E+11;16;5;11;1515;1;2;3;2;6;586;0, CORMEILLES N° IMPAIR;M;0;217572;780
2,016E+11;16;6;10;1725;1;2;3;7;7;586;0, TURGOT N° IMPAIR;M;4893282;216429;780
2,016E+11;16;7;6;1910;1;2;3;1;6;586;01, BERT (PAUL) Nø IMPAI;M;4894261;219752;780
2,016E+11;16;6;3;1650;1;2;1;1;6;586;53, PECQ;M;4893978;215268;780
2,016E+11;16;7;21;2000;1;2;1;1;6;396;33, JULES REIN (RUE);;;;780
2,016E+11;16;7;27;1800;1;2;1;1;7;586;63, ENTENTE;;;;780
2,016E+11;16;6;24;1750;1;2;3;1;3;586;TOBROUK;M;4892550;215794;780
2,016E+11;16;8;15;2040;1;2;3;1;3;586;STALINGRAD;;;;780
2,016E+11;16;8;22;1445;1;2;3;1;3;586;58, CONVENTION;;;;780
2,016E+11;16;8;22;2205;5;2;1;1;6;358;144, POISSY (AVENUE DE);;;;780
2,016E+11;16;8;26;1320;1;2;3;1;3;358;EGLE (AVENUE);;;;780
2,016E+11;16;3;16;1620;1;2;1;1;6;586;140, REPUBLIQUE (AVENUE);M;4893374;215104;780
2,016E+11;16;9;5;930;1;2;2;2;2;311;1, CROIX LION (RUE DE LA;M;4893655;218346;780
2,016E+11;16;9;13;1800;1;2;1;1;2;586;01, MONTGOLFIER;M;4895025;217888;780
2,016E+11;16;9;18;1640;1;2;1;1;6;124;GENERAL LECLERC (RUE DU);M;4891000;217695;780
2,016E+11;16;9;17;1816;1;2;3;1;3;586;79, BRISSON (HENRI);M;4894063;217449;780
2,016E+11;16;10;18;1900;5;2;1;2;6;586;151, BERTEAUX (MAURICE);M;4893758;217208;780
2,016E+11;16;11;8;830;2;2;1;1;6;586;14, BEZONS;M;4894483;217547;780
2,016E+11;16;11;13;1050;1;2;3;2;3;311;144, HENRI BARBUSSE (BOU;;;;780
2,016E+11;16;11;17;910;1;2;2;1;3;586;11, EAUX;M;4893911;217402;780
2,016E+11;16;11;17;1913;5;2;1;2;3;311;7, REPUBLIQUE (AVENUE DE;;;;780
2,016E+11;16;11;7;825;1;2;3;2;3;124;01, BUZENVAL (RUE DE);;;;780
2,016E+11;16;11;29;1549;1;2;1;1;6;358;32, LONGUEIL (AVENUE DE);;;;780
2,016E+11;16;12;1;1720;2;2;2;1;6;586;154, BERTEAUX (MAURICE);M;4893830;217052;780
2,016E+11;16;12;3;1145;1;2;3;1;6;586;1, MERMOZ (JEAN);M;4894036;217058;780
2,016E+11;16;12;6;2020;5;2;3;1;3;358;GENERAL DE GAULLE (AVENU;;;;780
2,016E+11;16;12;12;1720;5;1;2;2;1;358;81, PARIS (RUE DE);;;;780
2,016E+11;16;12;7;1220;1;2;4;1;1;124;GENERAL LECLERC (RUE DU);;;;780
2,016E+11;16;12;24;1459;1;2;1;1;1;311;17, NICOLAS CHRISPEELS;;;;780
2,016E+11;16;1;7;1340;1;2;2;1;3;646;50, PARIS (AVENUE DE);M;4885661;235222;780
2,016E+11;16;12;17;1250;1;2;1;1;6;158;17, POTTIER (RUE);;;;780
2,016E+11;16;12;9;1320;1;2;1;1;6;158;54, POTTIER (RUE);M;4882788;212627;780
2,016E+11;16;11;9;905;1;2;1;2;3;646;4, GENERAL DE GAULLE (AV;M;4880149;212918;780
2,016E+11;16;1;11;1925;5;2;3;1;3;646;2, PONT COLBERT (RUE DU);M;4879159;214546;780
2,016E+11;16;12;7;1651;1;2;8;1;6;343;chemin de la vallée;M;4886272;228759;780
2,016E+11;16;1;28;1650;1;2;2;1;3;646;97, PARIS (AVENUE DE);;;;780
2,016E+11;16;1;25;1705;1;2;1;2;1;343;LOGES (ROUTE DES);M;4876258;215260;780
2,016E+11;16;1;29;930;1;2;3;1;6;158;MAZARINE (AVENUE);M;4882724;213047;780
2,016E+11;16;1;29;705;2;2;3;1;1;158;23, CHARLES DE GAULLE (A;M;4882705;212312;780
2,016E+11;16;3;7;855;1;2;2;2;6;646;3, GENERAL MANGIN (AVENU;M;4881390;213682;780
2,016E+11;16;3;9;745;1;2;2;1;6;646;ANTOINE RICHARD (RUE);M;4880661;214959;780
2,016E+11;16;3;13;2130;3;2;2;1;1;646;1, PARC DE CLAGNY (RUE D;M;4880140;213012;780
2,016E+11;16;3;14;1955;3;2;1;1;6;646;120, PARIS (AVENUE DE);;;;780
2,016E+11;16;3;21;844;1;2;1;1;7;646;GUICHARD (AVENUE);M;4878242;212009;780
2,016E+11;16;3;29;1005;1;2;3;1;6;646;1, ABBE ROUSSEAU (RUE DE;M;4883850;218597;780
2,016E+11;16;3;27;1310;1;2;1;1;6;646;19, BERTHIER (RUE);M;4881190;212618;780
2,016E+11;16;4;2;1950;1;2;3;2;1;92;PERI GABRIEL (RUE);M;4885774;213487;780
2,016E+11;16;1;20;2020;5;2;3;1;3;640;1, SADI LECOINTE (AVENUE;M;4878302;218472;780
2,016E+11;16;1;20;1830;5;2;1;1;6;686;126, GENERAL LECLERC (AV;M;4880472;217974;780
2,016E+11;16;4;24;2130;2;2;9;1;4;640;71, EUROPE (AVENUE DE L';M;4846473;211445;780
2,016E+11;16;4;14;1725;1;2;1;2;2;117;417, ROLAND GARROS (AVEN;M;4876340;212039;780
2,016E+11;16;4;19;1750;1;2;2;1;1;646;ANJOU (RUE D');M;4879672;212710;780
2,016E+11;16;5;3;1630;1;2;1;1;3;646;RUEIL (ROUTE DE);M;4885660;235222;780
2,016E+11;16;5;4;2145;3;2;1;1;6;646;RD 91;M;4878742;210454;780
2,016E+11;16;5;7;1935;1;2;1;1;3;158;57, VERSAILLES (RUE DE);M;4882101;212713;780
2,016E+11;16;5;10;1600;1;2;2;2;6;646;MARECHAL FOCH (RUE DU);M;4880810;213219;780
2,016E+11;16;5;12;1740;1;2;1;2;6;646;71, CHANTIERS (RUE DES);M;4879315;214389;780
2,016E+11;16;5;25;919;1;2;2;1;3;646;SAINT CYR (ROUTE DE);M;4880254;211251;780
2,016E+11;16;5;8;1640;1;2;1;1;3;126;8, DE GAULLE CHARLES (AV;M;4885661;235222;780
2,016E+11;16;5;31;1445;1;1;1;1;4;646;22, NOAILLES (RUE DE);;;;780
2,016E+11;16;6;6;2100;1;2;2;1;3;646;ALBERT SARRAULT (RUE);;;;780
2,016E+11;16;6;10;1055;1;2;1;1;4;117;JEAN CASALE (AVENUE);M;4876626;212863;780
2,016E+11;16;6;11;1715;1;2;1;1;3;646;81, rue du Maréchal Foch;M;4881343;213617;780
2,016E+11;16;6;18;2120;2;2;1;1;1;158;30, POTTIER (RUE);;;;780
2,016E+11;16;6;26;1100;1;1;3;1;3;126;ELYSEE 2;;;;780
2,016E+11;16;6;29;1350;1;2;1;1;2;646;2, SAINT CYR (ROUTE DE);;;;780
2,016E+11;16;6;30;1945;1;2;1;1;7;646;12, M. DE LATTRE DE TASS;;;;780
2,016E+11;16;7;11;1820;1;2;1;1;6;646;5/6, JENNER (IMPASSE);M;4879310;215128;780
2,016E+11;16;7;22;2135;1;2;1;1;3;646;19, PARIS (AVENUE DE);M;4880179;213473;780
2,016E+11;16;8;17;1110;1;2;2;1;6;646;BERTHIER (RUE);M;4881141;212930;780
2,016E+11;16;8;23;2052;1;2;1;1;6;158;60, DUTARTRE (AVENUE);M;4882435;211765;780
2,016E+11;16;6;12;1535;1;2;1;1;2;640;35, MORANE-SAULNIER (AVE;M;4878075;220733;780
2,016E+11;16;1;5;30;5;2;3;1;2;686;65-63, GENERAL LECLERC (;M;4880402;217272;780
2,016E+11;16;9;1;1825;1;2;2;1;2;524;SAINT GERMAIN (ROUTE DE);;;;780
2,016E+11;16;10;5;1250;1;2;1;1;6;646;15, EUROPE (AVENUE DE L';M;4880417;213036;780
2,016E+11;16;9;7;1720;1;2;2;1;1;646;97, YVES LE COZ RUE);M;4879494;215559;780
2,016E+11;16;9;7;1;5;2;2;1;3;646;REPUBLIQUE (BOULEVARD DE;M;4880603;215007;780
2,016E+11;16;11;2;1300;1;2;4;1;1;646;8, PETITS BOIS (RUE DES);M;4880635;215791;780
2,016E+11;16;11;3;1220;1;1;1;1;3;646;MARECHAL JUIN (AVENUE DU;M;4879037;211819;780
2,016E+11;16;11;4;1225;1;2;1;1;3;646;SAINT CYR (ROUTE DE);M;4880204;210481;780
2,016E+11;16;11;9;2155;5;2;1;3;6;646;2, ETATS GENERAUX (RUE D;M;4886272;258759;780
2,016E+11;16;11;25;1530;1;2;1;1;6;640;2, MARCEL DASSAULT (RUE);M;4878464;221541;780
2,016E+11;16;11;26;1833;3;2;1;1;3;646;13, GUICHARD (AVENUE);M;4878416;212211;780
2,016E+11;16;11;28;1400;1;2;1;1;3;646;23, ORANGERIE (RUE DE L';M;4883800;212270;780
2,016E+11;16;12;2;1300;1;2;2;1;6;646;19, ROI (BOULEVARD DU);M;4881155;212618;780
2,016E+11;16;12;2;1320;1;2;1;1;3;646;PORTE DE BUC (RUE DE LA);M;4879282;213675;780
2,016E+11;16;12;8;1410;1;2;1;1;6;158;26, VERSAILLES (RUE DE);;;;780
2,016E+11;16;12;20;1315;1;2;1;1;6;126;31, DUCHESNE LUCIEN RENE;;;;780
2,016E+11;16;12;12;2015;5;2;1;2;7;158;17, POTTIER (RUE);;;;780
2,016E+11;16;10;28;1810;2;2;7;1;6;646;EDOUARD LABOULAYE (PLACE;M;4851000;217000;780
2,016E+11;16;11;30;2110;5;2;1;1;3;646;50BIS, SAINT CLOUD (AVEN;M;4848170;281000;780
2,016E+11;16;12;15;2310;5;2;3;1;3;646;PARIS (AVENUE DE);;;;780
2,016E+11;16;12;9;1800;5;2;2;1;3;191;ROUTE DE CHERVEUX;M;4634206;-44350;790
2,016E+11;16;12;18;2055;5;2;1;1;6;191;18 RUE ANTOINE VIGNOY;M;4631643;-46806;790
2,016E+11;16;1;5;1734;2;2;1;8;3;191;6 RUE DES HERBILLAUX;M;4633372;-42063;790
2,016E+11;16;12;27;1900;5;2;1;1;6;191;23 RUE ROBERT TURGOT;M;4633594;-40818;790
2,016E+11;16;1;19;1925;3;2;1;1;2;191;RUE DE LA ROUSSILLE;M;4633627;-49955;790
2,016E+11;16;1;21;1355;1;2;1;1;1;191;AVENUE DE NANTES;M;4635024;-51627;790
2,016E+11;16;1;28;1555;1;1;1;2;2;191;4 ALSACE LORRAINE RUE;M;4632457;-45820;790
2,016E+11;16;2;16;1250;1;2;1;1;6;191;23 AV ST JEAN-D'ANGELY;M;4632052;-46563;790
2,016E+11;16;2;26;1150;1;2;1;1;3;191;91 RUE DE GOISE;M;4631321;-45502;790
2,016E+11;16;2;28;1155;1;2;1;1;6;191;22 RUE DE  BARBEZIERE;M;4632246;-46265;790
2,016E+11;16;2;29;1805;1;2;1;1;6;191;20 RUE  GUSTAVE EIFFEL;M;4633101;-46874;790
2,016E+11;16;3;1;850;1;2;1;1;6;191;60 RUE DES ORS;M;4633112;-42025;790
2,016E+11;16;3;4;1430;1;2;4;2;7;191;265 AVENUE DE PARIS;M;4632943;-44357;790
2,016E+11;16;3;8;1455;1;2;2;1;2;191;134 ROUTE COULONGES;M;4634157;-47464;790
2,016E+11;16;3;16;530;5;2;1;1;6;191;70 AV DE LA VENISE VERTE;M;4631914;-48758;790
2,016E+11;16;3;17;755;1;2;6;1;3;191;102 RUE DE CHOLETTE;M;4634212;-45250;790
2,016E+11;16;3;30;1150;1;2;1;1;4;191;BD GEORGES POMPIDOU;M;4629690;-47218;790
2,016E+11;16;4;2;1005;1;2;1;1;3;191;BOULEVARD DE L'EUROPE;M;4633674;-46396;790
2,016E+11;16;4;8;2335;5;2;1;1;6;191;PONTS MAIN;M;4632496;-46805;790
2,016E+11;16;5;30;1220;1;2;2;8;3;191;AVENUE DE LA ROCHELLE;M;4631503;-47442;790
2,016E+11;16;6;20;915;1;2;3;1;3;191;10 AVENUE LEO LAGRANGE;M;4631619;-46973;790
2,016E+11;16;7;2;1450;1;2;1;8;3;191;BOULEVARD DE L'EUROPE;M;4633505;-46528;790
2,016E+11;16;7;4;1230;1;2;2;8;5;191;51B RUE SAINT-SYMPHORIEN;M;4631613;-46883;790
2,016E+11;16;8;21;620;5;2;5;1;7;191;97 RUE SAINT GELAIS;M;4632792;-45932;790
2,016E+11;16;8;21;715;2;2;3;1;3;191;309 AVENUE DE NANTES;M;4634638;-50554;790
2,016E+11;16;8;22;1650;1;2;1;1;6;81;276 RUE DU STADE;M;4634632;-37573;790
2,016E+11;16;9;2;1430;1;2;1;1;6;191;103, PARIS (AV)  50  A;M;4632600;-45230;790
2,016E+11;16;9;11;1025;1;1;1;1;1;81;;M;4635412;-35337;790
2,016E+11;16;9;20;855;1;2;1;1;2;81;ROUTE DE PARIS;M;4634718;-35786;790
2,016E+11;16;9;21;855;1;2;1;1;3;191;131 AV DU MCHAL TASSIGNY;M;4633426;-47188;790
2,016E+11;16;9;23;1840;1;2;2;1;6;191;20 RUE SUSAN SONTAG;M;4631840;-51110;790