Num_Acc;an;mois;jour;hrmn;lum;agg;int;atm;col;com;adr;gps;lat;long;dep
2,016E+11;16;9;24;1330;1;2;1;1;1;191;BOULEVARD RENE CASSIN;M;4632033;-45394;790
2,016E+11;16;9;27;1610;1;2;3;1;3;191;43 AV DU MCHAL TASSIGNY;M;4633087;-47053;790
2,016E+11;16;9;25;1510;1;2;1;1;1;191;50 RUE CHARLES DARWIN;M;4631545;-41046;790
2,016E+11;16;10;24;2015;5;2;3;1;3;191;279 AVENUE DE PARIS;M;4632975;-44274;790
2,016E+11;16;10;21;2000;5;2;1;1;6;81;57 RUE DU TEMPLE;M;4636059;-37410;790
2,016E+11;16;12;2;1830;5;2;1;1;3;81;674, PARIS (ROUTE DE);M;4634094;-39536;790
2,016E+11;16;1;14;805;3;2;2;2;3;329;DROUYNEAU DE BRIE (RUE);M;4697573;-21629;790
2,016E+11;16;1;13;2120;5;2;3;1;3;329;11 RUE GASTON CHERAU;M;4698588;-22750;790
2,016E+11;16;1;28;1210;1;2;1;2;6;329;BOULEVARD DU HUIT MAI;M;4699234;-21328;790
2,016E+11;16;1;29;1005;1;2;2;1;6;329;BOULEVARD ADRIEN MORIN;M;4697875;-21647;790
2,016E+11;16;2;8;905;1;2;1;6;1;329;PASCAL (RUE);M;4697825;-21731;790
2,016E+11;16;3;12;1705;1;1;1;1;1;300;145 AVENUE EMILE ZOLA;M;4699740;-20822;790
2,016E+11;16;3;17;1325;1;2;1;1;6;329;15 RUE PORTE AU PREVOST;M;4697611;-21411;790
2,016E+11;16;3;27;1745;1;1;1;1;1;329;53 RUE CAMILLE PELLETAN;M;4698244;-22021;790
2,016E+11;16;4;8;1150;1;2;1;1;7;329;BOULEVARD DE L'EUROPE;M;4697592;-19831;790
2,016E+11;16;4;10;315;3;2;3;1;7;329;20 BOULEVARD DE DIEPHOLZ;M;4698289;-19887;790
2,016E+11;16;6;3;1213;1;2;7;8;6;329;PLACE DU BOEL;M;4697845;-21179;790
2,016E+11;16;6;21;1130;1;1;2;1;7;259;ROUTE DE SAINT-VARENT;M;4695339;-21533;790
2,016E+11;16;7;1;2025;1;2;3;1;6;259;AVENUE DU PETIT ST JEAN;M;4697076;-21216;790
2,016E+11;16;7;9;2034;1;1;9;1;3;259;"LD ""LES LOGES""";M;4694085;-23867;790
2,016E+11;16;7;11;1615;1;2;3;1;3;329;46 RUE LA FONTAINE;M;4698971;-22205;790
2,016E+11;16;7;15;1740;1;1;2;1;1;259;;M;4695383;-21519;790
2,016E+11;16;7;16;1535;1;2;1;1;3;329;31 AV EMILE ZOLA;M;4698722;-21081;790
2,016E+11;16;7;21;1050;1;2;9;1;3;329;BD ALFRED DE VIGNY;M;4697720;-20732;790
2,016E+11;16;8;24;1819;1;2;2;1;3;329;1 PLACE SAINT-LAON;M;4697581;-21629;790
2,016E+11;16;8;29;1000;1;2;6;2;3;329;BOULEVARD DE DIEPHOLZ;M;4697937;-19859;790
2,016E+11;16;9;2;1000;1;2;1;1;6;329;45 AV VICTOR LECLERC;M;4698170;-21340;790
2,016E+11;16;9;11;1425;1;2;1;1;7;329;2 RUE VICTOR HUGO;M;4698355;-21212;790
2,016E+11;16;9;21;1220;1;2;1;1;2;329;BOULEVARD DU HUIT MAI;;;;790
2,016E+11;16;9;22;849;1;2;2;1;3;329;53 RUE ERNEST PEROCHON;M;;;790
2,016E+11;16;9;29;35;5;2;2;1;3;329;1 RUE GASTON CHERAU;M;4698560;-22705;790
2,016E+11;16;10;21;1810;1;1;2;1;7;329;CHEMIN DE MAISON SECHE;M;4697784;-18069;790
2,016E+11;16;10;29;1612;1;2;3;1;3;329;150 AVENUE EMILE ZOLA;M;4699672;-20705;790
2,016E+11;16;11;23;1700;2;1;2;8;7;259;ROUTE DE BRESSUIRE;M;4695380;-21487;790
2,016E+11;16;12;15;2150;5;2;3;8;7;329;HANNUT (BOULEVARD DE);M;4697854;-20324;790
2,016E+11;16;1;24;1058;1;2;1;1;6;1;3, JEAN JAURES;M;5010399;182767;800
2,016E+11;16;4;1;1720;1;2;9;1;6;1;RTE D'AMIENS;M;5010169;185585;800
2,016E+11;16;5;18;1510;1;2;6;2;3;1;60, BD VAUBAN;M;5010421;184308;800
2,016E+11;16;5;25;1450;1;1;1;1;6;1;26, CHS MARCADE;M;5010935;183084;800
2,016E+11;16;6;7;1600;1;2;1;1;6;1;RUE D'AMIENS;M;5010309;185257;800
2,016E+11;16;8;7;2115;1;2;9;1;6;1;64, BD VAUBAN;M;5010388;184046;800
2,016E+11;16;8;15;1015;1;2;1;1;6;1;56, HOCQUET (d');M;5010570;182714;800
2,016E+11;16;9;6;1555;1;2;1;1;6;1;BD VAUBAN;M;5010544;184007;800
2,016E+11;16;9;29;730;1;2;1;1;3;1;386, ROUVROY (CHS de);M;5010644;180150;800
2,016E+11;16;10;10;1325;1;2;1;1;6;1;AV VOLONTAIRE BAT.FFI;M;5009841;183805;800
2,016E+11;16;10;28;1157;1;2;1;1;6;1;BD DES PRES;M;5010011;183297;800
2,016E+11;16;12;2;230;5;2;1;1;6;1;61,BD DE LA REPUBLIQUE;M;5011042;183872;800
2,016E+11;16;11;26;1720;5;1;9;1;3;1;CHEMIN des POSTES;M;5010117;184768;800
2,016E+11;16;12;23;1830;5;2;1;1;6;21;40, RUE PICASSO;M;4991675;229884;800
2,016E+11;16;12;24;404;3;1;1;2;7;21;245, GR PETIT SAINT-JEAN;M;4988402;225779;800
2,016E+11;16;1;2;1410;1;1;3;2;5;131;CARR D4935/D935;M;4985729;238161;800
2,016E+11;16;1;2;1620;1;1;1;3;7;164;ROCADE NORD N25;;;;800
2,016E+11;16;1;2;1750;2;2;1;2;2;21;AV DU 14 JUILLET 1789;M;4987763;228287;800
2,016E+11;16;1;5;1945;5;2;1;1;7;21;RUE MARECHAL DE LATTRE D;M;4989189;229203;800
2,016E+11;16;1;7;900;1;2;3;1;7;21;709, RUE DE CAGNY;M;4987075;233316;800
2,016E+11;16;1;7;1450;1;2;1;1;7;632;RUE BERNARD RISBOURG;M;4987670;225735;800
2,016E+11;16;1;11;1430;1;2;1;2;4;632;RD 408 GIRATOIRE CHU;M;4987625;225600;800
2,016E+11;16;1;11;1335;1;2;1;2;1;724;ROUTE DE TAISNIL;M;4986092;222932;800
2,016E+11;16;1;12;1835;5;2;1;2;7;21;17, R DU GENERAL LECLERC;M;4989524;229341;800
2,016E+11;16;1;12;1510;1;2;1;2;2;21;284, BD de SAINT QUENTIN;M;4987883;230282;800
2,016E+11;16;1;12;1635;1;2;1;2;7;21;22, R DE FOSSE AU LAIT;M;4988521;228885;800
2,016E+11;16;1;15;1235;1;1;1;1;2;164;RD929;M;4992113;236944;800
2,016E+11;16;1;17;1530;1;2;1;1;7;21;6, RUE DE MORVILLERS;M;4988798;231571;800
2,016E+11;16;1;22;800;3;1;6;1;3;261;D1001, GIRATOIRE A29;M;4986016;227498;800
2,016E+11;16;1;20;1055;1;2;1;7;7;21;13,AV DE DEFENSE PASSIVE;M;4990756;231893;800
2,016E+11;16;1;25;1420;1;2;1;1;3;164;R DU GENERAL DE GAULLE;M;4989950;234121;800
2,016E+11;16;1;29;850;1;2;1;1;7;21;RUE DES ARCHICAMPS;M;4992809;226759;800
2,016E+11;16;1;29;1730;1;2;1;1;2;674;ROUTE DE CORBIE;M;4990112;233994;800
2,016E+11;16;1;30;1450;1;2;1;3;4;21;R DU MARECHAL DE LATTRE;M;4989193;229211;800
2,016E+11;16;2;1;1935;5;2;1;2;1;21;RUE DES TEINTURIERS;M;4990183;229427;800
2,016E+11;16;2;4;1255;1;1;1;1;1;21;Giratoire D412/D191;M;4992550;225596;800
2,016E+11;16;2;4;1340;1;2;1;1;7;21;111, RUE JULES BARNI;M;4988840;231245;800
2,016E+11;16;2;5;1830;5;2;1;1;7;21;Av GENERAL DE GAULLE;M;4990714;230198;800
2,016E+11;16;2;8;1315;1;2;1;1;3;21;RUE DES DEPORTES;M;4990085;229877;800
2,016E+11;16;2;9;1315;1;2;3;2;7;21;RUE VULFRAN WARME;M;4988694;230706;800
2,016E+11;16;2;9;1825;5;2;3;2;3;21;RUE DE VERDUN;M;4989392;231162;800
2,016E+11;16;2;17;2350;5;2;1;1;6;21;6, BD JARDIN DES PLANTES;M;4989875;229547;800
2,016E+11;16;2;19;2320;5;2;2;1;3;725;ROUTE de ROUEN;M;4987051;224251;800
2,016E+11;16;1;19;1825;2;2;1;1;6;21;RUE WINSTON CHURCHILL;M;4991060;230942;800
2,016E+11;16;2;23;1925;2;2;1;2;6;21;16, RUE JEAN CATELAS;M;4989476;229181;800
2,016E+11;16;2;25;750;1;2;9;1;7;164;23 RUE MARIUS PETIT;M;4988701;234398;800
2,016E+11;16;2;26;1230;1;2;1;1;6;21;41, RUE JULES BARNI;M;4988923;231042;800
2,016E+11;16;2;27;2245;5;2;1;1;3;21;CHAUSSEE JULES FERRY;M;4988283;232634;800
2,016E+11;16;2;29;750;1;2;1;1;3;21;660, RUE DE ROUEN;M;4988524;226711;800
2,016E+11;16;2;29;1430;1;2;1;1;6;21;2, ROUTE D'ALLONVILLE;M;4991153;231631;800
2,016E+11;16;3;5;2010;5;2;1;1;7;21;20, RUE DUMERIL;M;4989292;229554;800
2,016E+11;16;3;10;2320;5;2;1;1;7;21;AV DE L'HIPPODROME;M;4989730;227061;800
2,016E+11;16;3;15;1430;1;2;1;1;7;21;BD DE BEAUVILLE (CENTRE);M;4989839;231201;800
2,016E+11;16;3;15;1530;1;2;2;1;3;21;RUE CHARLES DE FOUCAULD;M;4988953;230705;800
2,016E+11;16;3;16;1853;1;2;1;1;3;21;RUE D' ABBEVILLE;M;4991156;225217;800
2,016E+11;16;3;16;815;1;2;3;1;3;21;RUE DE LA VALLEE;M;4989124;231188;800
2,016E+11;16;3;17;1405;1;2;1;1;2;21;RUE DU GENERAL LECLERC;M;4989668;229439;800
2,016E+11;16;3;23;1055;1;2;1;1;7;21;66, R DE LA REPUBLIQUE;M;4988917;229512;800
2,016E+11;16;3;30;855;1;2;1;1;3;21;15, RUE SAINT FUSCIEN;M;4988646;230354;800
2,016E+11;16;5;19;910;1;2;1;7;6;256;AV LOUIS PASTEUR;M;4991412;223396;800
2,016E+11;16;4;2;1335;1;2;1;1;4;674;98, AV DEFENSE PASSIVE;M;4990899;232629;800
2,016E+11;16;4;6;535;5;2;2;1;3;21;BD DE CHATEAUDUN;M;4988374;228225;800
2,016E+11;16;4;16;2115;5;2;2;1;3;21;R RENE COTY/Leo Lagrange;M;4991059;231120;800
2,016E+11;16;4;8;1615;1;2;1;1;3;21;660,RUE D'ABBEVILLE;M;4991160;224830;800
2,016E+11;16;4;12;1835;1;2;1;1;6;21;12,R GAUTHIER DE RUMILLY;M;4988774;229394;800
2,016E+11;16;4;13;1345;1;2;9;1;3;21;AVENUE DE L' EUROPE;M;4992014;230468;800
2,016E+11;16;4;19;840;1;1;1;1;4;164;ROUTE DE CORBIE;M;4990128;235293;800
2,016E+11;16;4;20;1440;1;2;1;1;7;21;RUE DU GENERAL LECLERC;M;4989479;229334;800
2,016E+11;16;4;20;1640;1;2;1;1;7;21;72,RUE DELPECH;M;4988388;229467;800
2,016E+11;16;4;26;1010;1;2;1;1;2;21;RUE D' ABBEVILLE;M;4990750;226596;800
2,016E+11;16;4;29;1930;1;2;1;2;6;21;39,AVENUE DE LA PAIX;M;4991165;230712;800
2,016E+11;16;5;15;620;2;2;6;1;7;21;ESP EDOUARD BRANLY;M;4989000;229033;800
2,016E+11;16;5;1;1215;1;2;6;1;1;632;RD 408 GIRATOIRE CHU;M;4987670;225672;800
2,016E+11;16;5;6;2155;5;2;2;1;6;21;BD DE BAPAUME;M;4988102;231336;800
2,016E+11;16;5;7;630;2;2;2;1;3;164;RD929, PETIT-CAMON;M;4992074;236799;800
2,016E+11;16;5;7;1500;1;2;1;1;2;21;476, CHS JULES FERRY;M;4987788;233973;800
2,016E+11;16;5;11;1335;1;2;1;1;3;21;RUE BAILLON;M;4989940;229514;800
2,016E+11;16;5;11;1735;1;2;3;1;3;21;50, R SAINT-LEU;M;4989814;230074;800
2,016E+11;16;5;13;1430;1;2;2;1;3;21;257, CHS JULES FERRY;M;4988060;233182;800
2,016E+11;16;5;16;2005;1;2;9;1;3;21;424,AV 14 JUILLET 1789;M;4988144;228475;800
2,016E+11;16;5;16;1855;1;2;1;1;3;21;709, RUE DE CAGNY;M;4987073;233327;800
2,016E+11;16;5;18;1720;1;1;1;3;7;160;CH DE SAINT-FUSCIEN;M;4985714;233661;800
2,016E+11;16;5;5;1;5;2;2;1;3;489;3 Bis, AV HENRI BARBUSSE;M;4987321;235073;800
2,016E+11;16;5;20;1620;1;2;1;1;4;725;AV ALBERT CAMUS;M;4987091;226047;800
2,016E+11;16;5;25;950;1;2;6;1;3;21;AV DU 14 JUILLET 1789;M;4987541;228171;800
2,016E+11;16;5;26;700;1;2;1;1;6;21;RUE DU MOULIN;M;4988216;228477;800
2,016E+11;16;5;27;854;1;2;1;1;3;21;143, RUE JULES BARNI;M;4988794;231379;800
2,016E+11;16;5;28;2030;1;2;1;1;6;21;AV DE L'HIPPODROME;M;4989690;226908;800
2,016E+11;16;6;4;1620;1;1;1;1;6;674;RUE PAUL EMILE VICTOR;M;4991266;233722;800
2,016E+11;16;6;6;725;1;2;3;1;3;489;R VICTOR HUGO;M;4986771;235689;800
2,016E+11;16;6;6;2235;5;2;1;2;6;21;BD CARNOT;M;4989065;229008;800
2,016E+11;16;6;9;1550;1;2;3;1;3;21;AVENUE PAUL CLAUDEL;M;4987488;227422;800
2,016E+11;16;6;9;1905;1;1;1;1;1;256;ROUTE DE SAVEUSE;M;4991056;222197;800
2,016E+11;16;6;7;1940;1;2;1;1;6;131;51,R DEPORTES RESISTANTS;M;4984893;239235;800
2,016E+11;16;6;11;1120;1;1;1;1;1;261;RD 1001;M;4983902;226934;800
2,016E+11;16;6;18;1200;1;2;1;1;3;21;662, AV 14 JUILLET1789;M;4987560;228183;800
2,016E+11;16;6;24;1534;1;2;2;1;3;160;R JEAN MARIE TJIBAOU;M;4986167;234155;800
2,016E+11;16;6;27;830;1;2;1;1;4;21;BD DE BAPAUME;M;4988021;231045;800
2,016E+11;16;6;28;1945;1;2;6;1;3;21;AV DU GENERAL DE GAULLE;M;4990734;230212;800
2,016E+11;16;7;7;2036;1;2;4;1;3;21;DEPORTES (RUE DES);M;4990197;229999;800
2,016E+11;16;7;7;1750;1;2;1;1;6;21;26, PARIS (RUE DE);M;4988880;228983;800
2,016E+11;16;7;13;2330;5;2;1;1;7;21;18, PORT D'AMONT;M;4989515;230717;800
2,016E+11;16;7;18;730;1;1;1;1;3;21;SAINT FUSCIEN (RUE);M;4986182;230916;800
2,016E+11;16;7;22;1450;1;1;1;1;6;21;2, JEAN RACINE (RUE);M;4986782;233507;800
2,016E+11;16;7;26;2310;5;2;1;1;3;21;AV DU 14 JUILLET 1789;M;4987723;228258;800
2,016E+11;16;7;27;900;1;2;1;1;7;725;Parking CHU SUD;M;4986992;225364;800
2,016E+11;16;8;5;1740;1;2;1;1;4;21;ROGER ONFRAY (RUE);M;4990311;231651;800
2,016E+11;16;8;1;1505;1;2;1;1;3;21;PARMENTIER (PLACE);M;4989534;230624;800
2,016E+11;16;8;17;2015;1;2;3;1;3;21;JEAN CATELAS (RUE);M;4989415;229287;800
2,016E+11;16;8;19;2250;5;2;3;2;7;21;AV ROGER DUMOULIN (D933);M;4994198;227971;800
2,016E+11;16;8;21;1725;1;2;3;1;3;21;AV DE L'EUROPE;M;4991169;230262;800
2,016E+11;16;8;24;1747;1;2;3;1;3;21;BELFORT (BD de);M;4988920;230555;800
2,016E+11;16;8;27;1830;1;2;3;1;3;21;00, PRES FORETS (RUE DES;M;4990127;228408;800
2,016E+11;16;8;31;1925;1;2;1;1;2;21;GENERAL FOY (AV);M;4988901;228105;800
2,016E+11;16;8;30;845;1;2;1;7;6;21;10, LEO LAGRANGE (RUE);M;4991039;230823;800
2,016E+11;16;9;1;1345;1;2;3;1;6;21;SAINT QUENTIN (BD DE);M;4987886;230275;800
2,016E+11;16;9;3;1755;1;2;1;1;3;21;RUE GENERAL LECLERC;M;4989682;229463;800
2,016E+11;16;9;4;1543;1;2;2;1;3;21;COMMUNE DE PARIS (AV);M;4991303;225482;800
2,016E+11;16;9;9;830;1;1;1;1;4;131;GIR D934 / D935;M;4986038;238292;800
2,016E+11;16;9;14;1020;1;2;6;1;6;21;248, CHATEAUDUN (BD DE);M;4988642;227916;800
2,016E+11;16;9;14;1830;1;2;1;1;3;21;13, DREUIL (CHEMIN DE);M;4990480;226505;800
2,016E+11;16;9;17;1830;1;2;1;1;7;21;ROUBAIX (BD DE);M;4991157;231579;800
2,016E+11;16;9;20;835;1;2;1;1;2;21;377, ABBEVILLE (RUE D');M;4991042;225724;800
2,016E+11;16;9;20;1010;1;2;1;1;3;21;25, ABBEVILLE (RUE D');M;4990603;227026;800
2,016E+11;16;9;28;1450;1;2;1;1;6;21;ROUBAIX (BD DE);M;4991060;231639;800
2,016E+11;16;10;3;1715;1;2;1;1;2;725;58, JEAN JAURES (AVENUE);M;4986564;224047;800
2,016E+11;16;10;3;1930;2;2;1;1;2;21;106, DELPECH (RUE);M;4988287;229402;800
2,016E+11;16;10;5;802;1;2;1;1;6;21;169, GENERAL FOY (AVENUE;M;4988925;228137;800
2,016E+11;16;10;8;1335;1;2;3;1;3;21;80, MARCELLIN BERTHELOT;M;4988317;231521;800
2,016E+11;16;10;11;1650;1;2;1;1;6;21;120, ANDRE DUROUCHEZ (RU;M;4993366;227295;800
2,016E+11;16;10;14;1735;1;2;1;2;6;21;173, MOULIN (RUE DU);M;4988240;228489;800
2,016E+11;16;10;14;1600;1;2;1;1;6;21;21, ROBERT SCHUMAN (RUE);M;4990756;230280;800
2,016E+11;16;10;17;1740;1;2;1;1;3;21;143, JULES BARNI (RUE);M;4988794;231379;800
2,016E+11;16;10;22;100;5;2;1;1;6;674;157, RUE GEORGES MATIFAS;M;4989844;233098;800
2,016E+11;16;10;30;1315;1;2;1;1;6;21;RUE ALEXANDRE DUMAS;M;4987280;229302;800
2,016E+11;16;11;3;1830;5;2;3;1;3;21;74, BD DES FEDERES;M;4989679;228304;800
2,016E+11;16;11;7;1826;5;2;1;2;3;21;548, CHS JULES FERRY;M;4987693;234305;800
2,016E+11;16;11;9;753;2;2;1;3;6;21;38, R DE DOULLENS;M;4990483;230662;800
2,016E+11;16;11;10;925;1;1;1;1;2;160;1, R JEAN CATELAS;M;4986159;234135;800
2,016E+11;16;11;15;1115;1;2;2;2;3;21;103, BD DE CHATEAUDUN;M;4988407;228209;800
2,016E+11;16;11;16;827;2;2;1;2;6;21;21, R D'ASSAS;M;4987290;231275;800
2,016E+11;16;11;18;1605;1;2;1;2;2;21;R CHARLES DE FOUCAULD;M;4988957;230711;800
2,016E+11;16;11;19;1315;1;2;1;1;3;21;Av P CLAUDEL/Av Facultés;M;4987475;226578;800
2,016E+11;16;11;21;1947;5;2;2;2;3;725;R ALBERT CAMUS/RD8;M;4987140;225733;800
2,016E+11;16;9;12;200;3;1;1;1;6;131;D90 (RTE de FOUENCAMPS);M;4983619;240162;800
2,016E+11;16;11;23;1510;1;2;2;1;3;21;R SAINT LEU;M;4989676;230044;800
2,016E+11;16;11;25;1850;3;1;1;1;3;702;RD 7 - 3+0580;M;4984696;231212;800
2,016E+11;16;11;29;1050;1;1;1;1;3;21;RUE DE LA 2EME DB;M;4989366;229291;800
2,016E+11;16;11;30;820;1;2;1;2;6;21;133,RUE JEAN MOULIN;M;4988046;227674;800
2,016E+11;16;12;1;2050;5;2;1;1;3;21;454,RUE D'ABBEVILLE;M;4991095;225594;800
2,016E+11;16;12;3;30;5;2;2;1;3;21;RUE DE LA 2EME DB;M;4989399;229295;800
2,016E+11;16;12;3;1235;1;1;1;1;6;164;RN25 Rocade Nord-EST;;;;800
2,016E+11;16;12;6;1825;5;2;3;1;3;21;RD1235 - R D'ABBEVILLE;M;4990800;226449;800
2,016E+11;16;12;7;1130;1;2;1;1;3;21;R SAINT-FUSCIEN;M;4987907;230514;800
2,016E+11;16;12;10;310;5;2;1;1;6;21;87, BD DE PONT NOYELLES;M;4988270;231950;800
2,016E+11;16;12;9;1438;1;2;1;1;2;21;1, R DU FAUBOURG DE HEM;M;4990066;228214;800
2,016E+11;16;12;9;2245;5;2;1;1;2;256;294, AV LOUIS PASTEUR;M;4991410;223409;800
2,016E+11;16;12;17;300;5;2;1;1;6;21;116, RUE ROBERT LE COQ;M;4990132;227061;800
2,016E+11;16;12;17;310;5;2;1;1;6;21;52, RUE VICTOR HUGO;M;4989345;230250;800
2,016E+11;16;12;19;756;2;2;6;1;3;21;CARR JACQUES DUCLOS;M;4990688;231800;800
2,016E+11;16;12;20;1315;1;2;1;1;6;21;36,RUE GENERAL LECLERC;M;4989713;229496;800
2,016E+11;16;12;21;830;1;2;1;1;6;21;AVENUE DE LA PAIX;M;4991168;230203;800
2,016E+11;16;12;21;1635;1;2;1;1;6;21;13, ALPHONSE FIQUET (PLA;M;4989116;230627;800
2,016E+11;16;2;11;1820;2;2;9;1;6;4;ROUQUIER ( RENE );;;;810
2,016E+11;16;4;24;2245;5;2;1;1;6;4;49, POMPIDOU (LICES GEOR;;;;810
2,016E+11;16;8;22;2345;3;1;1;1;1;18;BERGES DU TARN  AMONT DU;M;4395230;223139;810
2,016E+11;16;9;30;1130;1;1;3;1;5;4;111, MILLAU (RTE DE) DU;M;4392750;219984;810
2,016E+11;16;10;12;1340;1;2;1;1;3;4;3, STRASBOURG (BD DE);M;4393340;214641;810
2,016E+11;16;11;10;730;2;1;2;8;3;4;TEILLET (RTE DE);M;4390960;219743;810
2,016E+11;16;6;9;1200;1;2;3;1;6;60;JAURES ( AVENUE JEAN );;;;810
2,016E+11;16;7;3;756;1;2;1;1;1;60;JAURES ( PLACE JEAN );;;;810
2,016E+11;16;7;6;1555;1;2;1;1;6;60;27, JAURES ( AVENUE JEAN;M;4404980;215612;810
2,016E+11;16;1;16;1140;1;1;2;1;3;65;;M;4363470;218472;810
2,016E+11;16;1;18;936;1;1;1;8;3;65;ALBI (RD612 - RTE D');M;4365710;221886;810
2,016E+11;16;2;6;30;3;1;1;1;1;65;RN 112 (ROCADE SUD);M;4357150;225672;810
2,016E+11;16;2;17;1015;1;1;1;1;5;65;ALBI (RD612 - RTE D');M;4364880;221800;810
2,016E+11;16;3;25;2120;5;2;7;1;6;65;3, JUIN (ALL. ALPHONSE);;;;810
2,016E+11;16;6;8;1610;1;2;1;1;7;65;;;;;810
2,016E+11;16;7;3;1250;1;1;1;1;5;65;LAVAUR RD 112 (RTE DE);M;4361570;219753;810
2,016E+11;16;7;9;2250;3;1;1;1;1;65;RN 112 (ROCADE SUD);M;4356480;227297;810
2,016E+11;16;8;11;1420;1;1;1;1;7;65;66 (ROUTE DEPARTEMENTALE;M;4359730;231772;810
2,016E+11;16;9;24;1110;1;1;1;1;1;65;VOIE COMMUNALE 50;;;;810
2,016E+11;16;12;15;1300;1;2;1;1;7;65;PERIE (RUE THERON);M;4360890;224541;810
2,016E+11;16;12;24;145;3;1;1;5;1;65;RN 112 (ROCADE SUD);M;4357150;225661;810
2,016E+11;16;2;20;1800;1;1;1;1;7;163;RD 118;M;4347420;237035;810
2,016E+11;16;5;21;2240;4;2;1;1;7;21;BD DU THORÉ;M;4350830;237308;810
2,016E+11;16;5;12;1950;1;2;1;1;6;163;114, GUYNEMER (GEORGES);M;4349000;236612;810
2,016E+11;16;5;21;1715;1;1;1;1;6;163;RD 118;M;4346350;235414;810
2,016E+11;16;6;2;1545;1;2;1;1;6;163;RD612;M;4350710;237825;810
2,016E+11;16;8;18;1415;1;1;1;1;6;163;RD 118;M;4343860;233312;810
2,016E+11;16;9;3;1555;1;2;1;1;3;36;RICHARDE;M;4349810;239041;810
2,016E+11;16;9;27;755;1;2;9;1;3;163;35, ALBERT 1ER;M;4349400;236803;810
2,016E+11;16;11;25;1700;2;2;1;1;3;163;45, LAPEYROUSE;M;4350360;238311;810
2,016E+11;16;11;27;800;1;2;1;1;6;21;9, MOULIN (JEAN);M;4350680;236253;810
2,016E+11;16;11;18;1730;2;2;1;2;6;63;AV.ROUVIERE (ALBERT);M;4349730;237566;810
2,016E+11;16;1;4;805;2;2;1;1;6;33;10bis, MARECHAL LECLERC;M;4404232;110489;820
2,016E+11;16;2;13;1105;1;2;3;1;6;33;FREDERIC CAYROU (AVENUE);M;4404079;110933;820
2,016E+11;16;3;24;1030;1;2;1;1;6;33;5 BIS, PIERRE FLAMENS (B;M;4403887;111095;820
2,016E+11;16;6;28;1820;1;2;6;1;3;33;0, OMER SARRAUT (PLACE);M;4403692;111102;820
2,016E+11;16;7;1;1940;1;1;3;1;7;33;QUERCY GASCOGNE RD 118 (;M;4406480;111113;820
2,016E+11;16;8;12;1500;1;2;2;1;3;33;REVOLUTION (RUE DE LA);M;4403830;110789;820
2,016E+11;16;9;3;945;1;1;4;1;3;33;0, TOULOUSE RD 813 (ROUT;;;;820
2,016E+11;16;9;29;850;1;2;2;1;6;33;28, MARCEAU FAURE (BOULE;M;4403601;110985;820
2,016E+11;16;12;1;800;2;1;1;5;5;33;QUERCY GASCOGNE RD 118 (;M;4407916;111333;820
2,016E+11;16;12;6;1339;1;1;1;1;1;33;SAINT AIGNAN (ROUTE DE);M;4402674;108737;820
2,016E+11;16;12;20;745;3;1;3;5;1;33;DE CARREL VC 63 (CHEMIN);M;4403006;114138;820
2,016E+11;16;11;10;1255;1;2;6;2;7;121;NC, giratoire etorre FAR;M;4403327;137498;820
2,016E+11;16;11;19;1025;1;2;7;1;6;121;NC, place du coq;M;4401688;135370;820
2,016E+11;16;11;25;1540;1;2;1;1;6;121;1770, TAUGE (CHEMIN DE L;M;4404670;141181;820
2,016E+11;16;1;9;1900;5;2;1;1;6;121;NC, PLACE ST ORENS;M;4401425;134723;820
2,016E+11;16;1;26;930;1;2;6;1;6;121;NC, GIRATOIRE DU TELETHO;M;4401178;137237;820
2,016E+11;16;12;11;2130;3;1;1;1;6;121;2475, SAINT-ETIENNE DE T;M;4403329;141719;820
2,016E+11;16;12;15;2305;3;1;1;1;6;121;5020, AUCH (ROUTE D');M;4397979;129037;820
2,016E+11;16;2;28;405;3;1;1;2;3;121;2475, SAINT-ETIENNE DE T;;;;820
2,016E+11;16;2;9;1855;5;2;3;1;3;121;NC, VITARELLE (ROUTE DE;M;4403993;131443;820
2,016E+11;16;2;12;1330;1;2;1;1;1;121;330, GASSERAS (AVENUE DE;M;4401837;133247;820
2,016E+11;16;12;27;1300;1;2;1;1;6;121;661, DOUMERC (BOULEVARD;M;4401814;136315;820
2,016E+11;16;3;15;2035;5;2;1;1;6;121;VITARELLE (ROUTE DE LA);;;;820
2,016E+11;16;3;17;705;1;1;1;1;3;121;1896, MONTECH (AVENUE DE;;;;820
2,016E+11;16;3;1;1935;5;2;3;1;3;121;NC, ARDUS (AVENUE D');M;4403794;135691;820
2,016E+11;16;2;15;1315;1;2;1;1;3;121;11, MERCADIER (RUE E.);M;4403857;137094;820
2,016E+11;16;2;19;1830;2;2;1;1;6;121;25, CLADEL (RUE LEON);M;4402241;135878;820
2,016E+11;16;2;20;1515;1;1;1;1;2;121;1050, ROUTE DE CASTELSAR;M;4401648;130839;820
2,016E+11;16;3;11;1640;1;2;1;1;6;121;23, AURIOL (BOULEVARD VI;M;4401539;136605;820