Num_Acc;an;mois;jour;hrmn;lum;agg;int;atm;col;com;adr;gps;lat;long;dep
2,016E+11;16;5;3;750;1;2;2;1;3;137;0, BROSSET (BD GENERAL);M;4312900;590219;830
2,016E+11;16;5;4;930;1;2;1;7;3;137;Avenue Forbin;M;4312372;596969;830
2,016E+11;16;5;9;1155;1;1;2;1;1;137;0, ORTOLAN (AVE DE 512 A;M;4312930;595752;830
2,016E+11;16;5;12;745;1;1;1;1;3;144;NATIONALE 97 (ROUTE);M;0;0;830
2,016E+11;16;5;16;1825;1;1;1;1;3;144;0, AFRIQUE (RUE CDT D');M;4313975;600488;830
2,016E+11;16;5;17;1230;1;1;1;1;2;90;830, NATIONALE 8 (ROUTE);M;4313508;585502;830
2,016E+11;16;5;17;1335;1;2;9;1;6;137;134, JOFFRE (BD MARECHAL;M;4312367;594979;830
2,016E+11;16;5;20;2030;1;1;3;1;3;137;0, 15EME CORPS (AVE DU);M;4312816;591686;830
2,016E+11;16;5;22;1200;1;2;1;1;6;137;2, PELLICOT (BD);M;4312835;590856;830
2,016E+11;16;5;23;1135;1;2;1;1;3;137;161, RIGOUMEL (CHEMIN DE;M;4314403;590661;830
2,016E+11;16;5;24;1000;1;2;1;1;1;62;0, TOULOUSE LAUTREC (AVE;M;4313283;601788;830
2,016E+11;16;6;1;2055;2;2;3;1;3;137;0, BROSSET (BD GENERAL);M;4312840;590460;830
2,016E+11;16;6;4;2010;1;1;1;1;3;137;0, BRIAND (AVE ARISTIDE;M;4312750;590555;830
2,016E+11;16;6;6;1100;1;2;1;1;6;137;0, CAMUS (AVE ALBERT);M;4313213;588200;830
2,016E+11;16;6;8;1615;1;2;4;1;3;137;COLLET (AVE AMIRAL);M;4312908;592405;830
2,016E+11;16;6;9;2110;2;2;2;1;3;137;0, PRUNEAU (AVE GENERAL);M;4312183;595561;830
2,016E+11;16;6;10;2020;1;1;1;1;3;98;BROSSET (AVENUE DU GENER;M;4310933;600016;830
2,016E+11;16;6;13;2255;5;2;3;1;3;137;682, 15EME CORPS (AVE DU;M;4312834;590931;830
2,016E+11;16;6;13;1830;1;2;3;7;3;137;FAVIERES (ROUTE DES);M;4315104;596952;830
2,016E+11;16;6;15;2330;5;2;2;1;3;137;GUILLEMARD (RUE ROBERT);M;4312440;592618;830
2,016E+11;16;6;16;1620;1;2;3;8;3;137;0, DESAIX (BD);M;4312587;594814;830
2,016E+11;16;6;16;2010;1;2;1;1;6;98;0, MONET (AVENUE JEAN);M;4310803;603083;830
2,016E+11;16;6;16;2320;5;2;1;1;3;137;0, DESCARTES (RUE / AVE);M;4312666;589472;830
2,016E+11;16;6;20;1120;1;2;1;1;6;137;34, BALLES (PLACE MAITRE;M;4311915;595019;830
2,016E+11;16;6;21;710;1;2;1;1;3;137;0, GASQUET (AVE JOSEPH D;M;4311758;598119;830
2,016E+11;16;6;21;1544;1;2;9;1;3;137;1, SAINTE CLAIRE DEVILLE;M;4312888;598138;830
2,016E+11;16;6;22;1630;1;2;1;1;4;62;DRAGUIGNAN (AVENUE DE);M;4313800;603083;830
2,016E+11;16;6;23;2010;1;2;1;7;3;144;0, UNIVERSITE (AVE DE L';M;4313780;601508;830
2,016E+11;16;6;26;1525;1;2;1;1;6;62;138-198, 8 MAI 1945 (AVE;M;4312227;600486;830
2,016E+11;16;7;2;1050;1;1;1;1;6;90;0, FAVEYROLLES (CHEMIN D;M;4313408;587400;830
2,016E+11;16;7;6;2109;2;2;1;1;3;137;385, JOFFRE (BD MARECHAL;M;4312382;595289;830
2,016E+11;16;6;27;1850;1;1;1;1;3;90;BRIAND (AVE ARISTIDE);M;4312100;589026;830
2,016E+11;16;7;8;1745;1;2;1;1;3;137;0, BRIAND (AVE ARISTIDE;M;4312016;588791;830
2,016E+11;16;5;10;1630;1;2;1;1;6;137;440, SIDI BRAHIM (RUE);M;4313845;591562;830
2,016E+11;16;7;22;1830;1;2;1;1;6;137;1, LORGUES (RUE DE);M;4311805;593569;830
2,016E+11;16;7;22;1730;1;1;1;1;3;137;SAINTE CLAIRE DEVILLE (R;M;4312727;597747;830
2,016E+11;16;7;24;1020;1;1;1;1;6;137;1, JAUJARD (RUE AMIRAL);M;4311802;593916;830
2,016E+11;16;7;26;1035;1;2;1;1;6;137;1, BROSSET (BD GENERAL);M;4312820;590563;830
2,016E+11;16;7;26;2312;5;2;1;1;6;62;98, FONTAN (CHEMIN JULES;M;4313742;603761;830
2,016E+11;16;7;28;2000;1;2;1;1;6;137;54, STRASBOURG (BD DE );M;4312468;593375;830
2,016E+11;16;7;29;1945;1;2;3;1;3;137;Av DE LATTRE DE TASSIGNY;M;4311450;593911;830
2,016E+11;16;8;8;1010;1;2;1;1;3;137;0, CARNOT (AVE LAZARE);M;4312822;592460;830
2,016E+11;16;8;9;1840;1;1;1;1;3;62;0, HOUOT (AVENUE CDT);M;4310808;598405;830
2,016E+11;16;8;16;1345;1;1;1;1;7;62;151, LAVALLEE (AVENUE AL;M;4315086;603777;830
2,016E+11;16;8;3;1100;1;2;1;1;6;137;1, REBOUL (RUE PILOTE PI;M;4311270;594185;830
2,016E+11;16;8;18;1715;1;1;1;1;2;137;183, DARDANELLES (AVE DE;M;4312808;592277;830
2,016E+11;16;8;18;2150;5;2;2;1;5;137;0, DARDANELLES (AVE DES);M;4312783;592233;830
2,016E+11;16;8;20;1225;1;2;3;1;6;98;300, CIBONNE(CHEMIN DES);M;4310241;603158;830
2,016E+11;16;8;21;1240;1;2;1;1;6;137;411, SAINTE CLAIRE DEVIL;M;4312713;597722;830
2,016E+11;16;8;10;700;1;2;1;1;3;137;0, ARMARIS (BD DES);M;4312338;598194;830
2,016E+11;16;8;25;2030;1;2;1;1;2;144;1, 11 NOVEMBRE 1918 (AVE;M;4313865;599408;830
2,016E+11;16;8;26;1050;1;2;1;1;6;144;0, GAMBETTA (RUE);M;4313738;598258;830
2,016E+11;16;8;31;1100;1;2;1;1;3;62;0, DRAGUIGNAN (AVENUE DE;M;4314211;603658;830
2,016E+11;16;8;31;1645;1;2;1;1;1;137;131, ORATOIRE (CHEMIN DE;M;4314222;590027;830
2,016E+11;16;9;1;735;2;2;1;7;3;62;805, DE LATTRE DE TASSIG;M;4311308;599330;830
2,016E+11;16;9;1;815;1;2;3;1;6;62;4, BARTOLINI (RUE JEAN);M;4312239;601231;830
2,016E+11;16;8;31;1000;1;2;1;1;2;137;0, FOCH (AVE DU MARECHAL;M;4312680;592055;830
2,016E+11;16;9;2;1005;1;2;6;1;2;144;DESCARTES (RUE);M;4313855;600226;830
2,016E+11;16;9;3;2025;5;2;1;1;3;90;0, SCHUMAN (ROND POINT);M;4313503;584643;830
2,016E+11;16;9;6;1300;1;2;1;1;2;137;9091, NOMY (RUE AMIRAL);M;4312031;595097;830
2,016E+11;16;9;7;1545;1;2;1;1;6;137;0, CUZIN (AVE FRANCOIS);M;4312305;594736;830
2,016E+11;16;9;10;1120;1;2;1;1;6;137;0, BAZEILLES (BD / ROND;M;4311241;593371;830
2,016E+11;16;9;11;2030;5;2;3;1;3;137;1, PONT DE SUVE (ROND PO;M;4311720;598131;830
2,016E+11;16;9;12;1745;1;2;1;1;3;137;0, MARQUISANNE (HLM / CI;M;4313139;589411;830
2,016E+11;16;9;13;725;1;2;1;1;3;137;BIR-HAKEIM (ROND POINT);M;4312111;594091;830
2,016E+11;16;9;15;1655;1;2;7;1;3;137;0, BALLES (PLACE MAITRE;M;4311916;594983;830
2,016E+11;16;9;15;1655;1;2;1;1;6;137;0, DE LATTRE DE TASSIGNY;M;4311416;593951;830
2,016E+11;16;9;16;1810;1;1;1;1;4;90;0, LAGOUBRAN (CHEMIN DE);M;4312580;587833;830
2,016E+11;16;9;16;2020;5;2;1;1;3;137;1255, ESCARTEFIGUE (CORN;M;4313469;594417;830
2,016E+11;16;9;18;1130;1;2;6;1;6;98;Route de la Moutonne;M;4310878;604746;830
2,016E+11;16;9;21;720;1;2;1;1;6;137;38, LECLERC (BD GENERAL);M;4312597;592722;830
2,016E+11;16;9;21;1500;1;1;1;1;3;137;0, DE GAULLE (CORNICHE G;M;4310962;596780;830
2,016E+11;16;9;23;1615;1;2;1;1;6;137;482, DE LATTRE DE TASS;M;4311410;593948;830
2,016E+11;16;9;23;2130;5;2;1;1;6;90;01, LAGOUBRAN (CHEMIN DE;M;4312018;588155;830
2,016E+11;16;9;25;2030;5;1;1;1;6;103;0, DE GAULLE (ROUTE GENE;M;4316568;592308;830
2,016E+11;16;9;27;1715;1;1;1;8;3;137;83, PRUNEAU (AVE GENERAL;M;4311956;595136;830
2,016E+11;16;9;28;1915;2;2;3;1;3;144;481, 11 NOVEMBRE 1918 (A;M;4314231;598411;830
2,016E+11;16;10;1;1800;1;2;1;1;6;90;SEYNE (ROUTE DE LA);M;4312847;584442;830
2,016E+11;16;10;1;2025;5;2;1;1;1;137;295, 15EME CORPS (AVE DU;M;4312853;591408;830
2,016E+11;16;10;2;205;5;2;1;1;2;137;LECLERC (AVE GENERAL);M;4312605;592670;830
2,016E+11;16;10;4;655;2;2;1;1;3;137;0, RESISTANCE (AVE / IMP;M;4311026;597334;830
2,016E+11;16;10;5;1815;1;2;1;1;2;137;761, DAVID (RUE);M;4313929;588545;830
2,016E+11;16;9;29;1845;1;1;1;1;6;137;0, BRIAND (AVE ARISTIDE;M;4312783;590616;830
2,016E+11;16;10;7;2220;5;1;2;1;3;137;0, FENELON (BD DR FRANCO;M;4312905;591284;830
2,016E+11;16;10;10;800;1;2;1;1;6;137;518, BAZEILLES (BD);M;4311228;593391;830
2,016E+11;16;10;10;1445;1;2;1;1;2;137;GASQUET (AVE JOSEPH);M;4311869;597981;830
2,016E+11;16;10;11;1620;1;2;1;1;3;137;CLEMENCEAU (BD GEORGES);M;4312203;594019;830
2,016E+11;16;10;12;1615;1;1;1;1;3;90;1915, SANARY (ROUTE DE);M;4312577;583021;830
2,016E+11;16;10;11;2015;5;2;1;1;7;137;15EME CORPS (AVE DU);M;4312814;590786;830
2,016E+11;16;10;12;1745;1;2;1;8;3;137;54, NOBEL (AVE);M;4312099;594724;830
2,016E+11;16;10;20;905;1;2;1;1;3;137;0, MARCHAND (AVE COMMAND;M;4312606;593698;830
2,016E+11;16;10;20;1150;1;2;1;1;3;144;COUPIANE (AVE DE LA);M;4313238;598771;830
2,016E+11;16;10;18;1250;1;2;1;1;3;137;2, MATISSE (RUE / IMP HE;M;4312909;598432;830
2,016E+11;16;10;20;1900;2;2;1;1;6;137;0, DE LATTRE DE TASSIGNY;M;4311745;593648;830
2,016E+11;16;10;21;1550;1;2;1;1;5;62;PAIX (AVENUE DE LA);M;4312709;600704;830
2,016E+11;16;10;22;300;5;2;3;1;3;137;BROSSET (BD GENERAL);M;4312820;590600;830
2,016E+11;16;10;26;1630;1;2;1;1;3;62;DIGNE (AVENUE DE );M;4314944;603722;830
2,016E+11;16;10;27;2015;1;2;1;1;1;137;390, GUES (BD DE L'ENSEI;M;4311419;598064;830
2,016E+11;16;11;3;1612;1;2;1;1;6;62;0, PAIX (AVENUE DE LA);M;4312824;600899;830
2,016E+11;16;11;4;1500;1;1;1;1;5;137;2639, ESCARTEFIGUE (CORN;M;4313405;595819;830
2,016E+11;16;11;4;1845;5;2;1;3;1;137;0, BLONDEL (RUE ANDRE);M;4312570;597284;830
2,016E+11;16;11;5;2120;5;2;1;1;6;137;0, LIBERTE (PLACE DE LA);M;4312550;593040;830
2,016E+11;16;11;9;1627;1;2;3;8;3;62;0, DIGNE (AVENUE DE );M;4314111;603009;830
2,016E+11;16;11;10;1600;1;2;1;1;3;62;AUGIAS (AVENUE EUGENE);M;4313620;603545;830
2,016E+11;16;11;12;1850;5;2;1;1;6;137;3, DUGOMMIER (RUE);M;4312500;592884;830
2,016E+11;16;11;11;1150;1;2;1;1;3;137;387, 15EME CORPS (AVE DU;M;4312856;591139;830
2,016E+11;16;11;16;820;5;1;1;1;1;137;0, FAVIERES (CHEMIN DES);M;4315861;595583;830
2,016E+11;16;11;16;1145;1;2;1;1;6;98;0, DE LATTRE DE TASSIGNY;;;;830
2,016E+11;16;11;16;1725;5;2;1;1;6;90;DE HAUTECLOCQUE (RUE PHI;M;4313797;584851;830
2,016E+11;16;11;10;1740;5;2;1;1;3;137;HERRIOT (AVE EDOUARD);M;4312895;589517;830
2,016E+11;16;11;18;645;5;2;3;1;3;137;274, JOFFRE (BD MARECHAL;M;4312378;595150;830
2,016E+11;16;11;21;1300;1;2;1;3;3;137;58, FOCH (AVE DU MARECHA;M;4312643;592487;830
2,016E+11;16;11;23;1355;1;2;1;1;3;137;473, VICTOIRE DU 8 MAI 1;M;4313118;593201;830
2,016E+11;16;11;23;1840;5;2;1;2;6;137;19, HUGUES (AVE CLOVIS /;M;4313688;590773;830
2,016E+11;16;11;26;1820;2;2;1;1;1;144;146, 11 NOVEMBRE 1918 (A;M;4313889;599472;830
2,016E+11;16;11;26;2235;5;2;6;1;2;137;0, INFANTERIE DE MARINE;M;4311773;593570;830
2,016E+11;16;11;27;1705;5;2;2;1;3;137;0, WEYGAND (AVE GENERAL);M;4312033;594886;830
2,016E+11;16;11;28;1300;1;2;1;1;3;137;0, POINCARE (RUE HENRI);M;4312050;594120;830
2,016E+11;16;11;28;1915;3;1;1;1;6;137;0, BRAILLE (RUE LOUIS);M;4314250;591260;830
2,016E+11;16;11;30;1850;5;2;1;1;3;144;0, SAINTE CECILE (AVE DE;M;4314433;598286;830
2,016E+11;16;12;1;2215;5;2;4;1;3;137;1, COURBET (ALLEE AMIRAL;M;4312386;592787;830
2,016E+11;16;12;2;1030;1;1;1;1;6;137;PICOT (AVE DU COLONEL);M;4312935;596824;830
2,016E+11;16;12;2;1706;2;2;2;1;3;137;0, MALON (AVE BENOIT);M;4312191;595566;830
2,016E+11;16;12;3;1145;1;2;1;1;6;137;Strasbourg (BD);M;4312399;593653;830
2,016E+11;16;12;3;1755;4;2;1;1;1;137;1, MATISSE (RUE / IMP HE;M;4312898;598240;830
2,016E+11;16;12;4;1620;1;2;1;1;3;144;UNIVERSITE (AVE DE L');M;4313785;601563;830
2,016E+11;16;12;10;25;5;2;2;1;3;137;1, ROBESPIERRE (BD);M;4312346;594812;830
2,016E+11;16;12;13;820;1;1;1;1;6;137;DAVID (RUE);M;4313946;588799;830
2,016E+11;16;12;18;1645;2;1;1;1;1;137;72, MICHELETC (BD JULES);M;4311651;594589;830
2,016E+11;16;12;21;1620;1;2;1;1;3;137;774, FAVIERES (CHEMIN DE;;;;830
2,016E+11;16;12;22;1210;1;2;3;1;6;137;0, JOUHAUX (AVE LEON);M;4312816;590605;830
2,016E+11;16;12;26;1450;1;2;6;1;4;137;PERI  (PLACE GABRIEL);M;4312630;592550;830
2,016E+11;16;12;28;935;1;2;1;1;6;137;MISTRAL (ALLEE / LITTORA;M;4310715;593643;830
2,016E+11;16;12;29;1415;1;2;1;1;6;137;13, STRASBOURG (BD DE );M;4312516;593079;830
2,016E+11;16;11;2;1305;1;2;1;1;1;7;82, EISENHOWER (Avenue);M;4392957;479903;840
2,016E+11;16;1;4;1455;1;2;1;1;3;7;1220, LAVARIN (Chemin du;M;4392661;480427;840
2,016E+11;16;10;8;856;1;2;1;1;6;11;VERDUN AVENUE DE;M;4395822;477490;300
2,016E+11;16;1;21;1835;2;2;1;1;3;7;quai de la Ligne (Boulev;M;4395359;481185;840
2,016E+11;16;10;8;1145;1;1;1;1;1;7;CONFLUENT (ROUTE);;;;840
2,016E+11;16;10;18;1600;1;2;1;1;6;7;15, TROIS FAUCONS (rue d;;;;840
2,016E+11;16;10;23;305;3;1;1;2;6;7;BARTHELASSE(Chemin de la;;;;840
2,016E+11;16;10;27;1140;1;1;3;1;3;7;SOUSPIROUS (Avenue des );M;4393262;487022;840
2,016E+11;16;2;17;1835;2;1;3;1;1;7;MORIERES (ROUTE DE) - MO;M;4394855;486975;840
2,016E+11;16;11;11;900;1;2;1;1;3;7;SIXTE ISNARD (Boulevard);;;;840
2,016E+11;16;11;23;1020;1;2;1;1;5;7;FOLIE (Avenue de la);M;4394842;482034;840
2,016E+11;16;12;22;1309;1;2;1;1;2;7;PIERRE SEMARD (avenue);;;;840
2,016E+11;16;12;22;725;5;2;3;1;6;7;LIMBERT (Boulevard);M;4394385;481488;840
2,016E+11;16;1;29;720;5;2;1;1;3;351;15, C.D 980;M;4397038;479575;300
2,016E+11;16;12;28;1940;5;1;2;1;3;7;PIERRE SEMARD (avenue);M;4393399;483156;840
2,016E+11;16;12;23;15;5;2;1;1;3;7;PIERRE SEMARD (avenue);M;4393850;482268;840
2,016E+11;16;3;11;1500;1;1;1;1;2;11;RD 6100;M;4395144;475876;300
2,016E+11;16;3;6;1935;5;2;1;1;6;7;C.De GAULLE (Rocade);M;4393022;482472;840
2,016E+11;16;3;3;1050;1;2;3;1;3;7;RICHES (Chemin des );M;4395293;488123;840
2,016E+11;16;4;23;1320;1;2;2;1;3;7;C.De GAULLE (Rocade);M;4392961;482030;840
2,016E+11;16;4;1;1130;1;2;1;3;6;7;RENE CASSIN (rue);M;4394836;484336;840
2,016E+11;16;5;4;1715;1;2;1;1;5;7;C.De GAULLE (Rocade);M;4394175;479202;840
2,016E+11;16;6;2;1200;1;2;2;1;6;7;DEUX ROUTES ( Avenue des;M;4393363;480355;840
2,016E+11;16;6;5;2015;1;2;1;1;6;7;1, L.CARPENTRAS (Bouleva;M;4393652;481836;840
2,016E+11;16;6;3;2205;3;1;1;1;6;11;RD 6100;M;4394963;476913;300
2,016E+11;16;6;9;725;1;2;2;1;3;7;TARASCON ( Avenue de);M;4393168;480970;840
2,016E+11;16;4;20;1928;1;1;4;1;2;351;C.D 980;M;4397877;480164;300
2,016E+11;16;6;28;1220;1;2;1;1;3;351;01, MONT VENTOUX AVENUE;M;4397659;477309;300
2,016E+11;16;6;9;110;5;2;1;1;7;7;CROIX DES OISEAUX ( Aven;M;4393358;482363;840
2,016E+11;16;7;22;605;5;2;2;2;3;7;OULLE (Boulevard de l');M;4395036;480216;840
2,016E+11;16;8;23;628;2;2;5;1;2;7;C.De GAULLE (Rocade);M;4393222;482933;840
2,016E+11;16;6;3;1330;1;2;1;1;6;7;SAINT DOMINIQUE (Bouleva;M;4394741;479980;840
2,016E+11;16;6;8;1615;1;2;5;1;3;7;PIERRE SEMARD (avenue);M;4393408;483127;840
2,016E+11;16;9;6;1040;1;1;1;1;6;7;MARSEILLE (Route de );M;4392080;486363;840
2,016E+11;16;12;14;1400;1;2;3;1;3;351;38, DE LATTRE DE TASSIGN;M;4396966;478034;300
2,016E+11;16;10;19;1120;1;2;1;1;3;7;SAINT ROCH (Boulevard);;;;840
2,016E+11;16;9;21;1400;1;1;1;1;2;7;MARSEILLE (Route)-MONTFA;M;4391072;488330;840
2,016E+11;16;10;22;2045;5;2;1;3;6;7;MONTFAVET (Route);M;4394399;481911;840
2,016E+11;16;11;16;135;3;1;1;1;6;7;TRANSUMANCE (CHEMIN DE L;M;4391634;482871;840
2,016E+11;16;9;10;2210;5;2;1;1;6;7;4, C.De GAULLE (Rocade);;;;840
2,016E+11;16;7;6;1805;1;1;1;1;3;7;ROYAUME et DALADIER (Pon;M;4395269;479575;840
2,016E+11;16;7;10;30;5;1;9;1;3;7;MARSEILLE (Route)-MONTFA;M;4392072;486180;840
2,016E+11;16;7;13;925;1;1;3;1;1;7;FOLIE (Avenue de la);;;;840
2,016E+11;16;7;29;940;1;1;4;1;3;7;TRILLADE (avenue de la );;;;840
2,016E+11;16;7;29;2010;2;2;2;1;6;7;SAINT MICHEL (Boulevard);M;4394386;481487;840
2,016E+11;16;12;1;1720;1;2;3;1;3;7;REINE JEANNE( Avenue de;M;4393150;481697;840
2,016E+11;16;9;9;1710;1;2;3;1;1;7;VIGNES (chemin des );M;4396881;482573;840
2,016E+11;16;11;4;1835;5;2;1;2;1;7;CONFLUENT (ROUTE);M;4393223;477336;840
2,016E+11;16;10;22;507;3;1;1;1;6;7;MARSEILLE (Route de );;;;840
2,016E+11;16;9;28;1735;1;2;5;1;3;7;C.De GAULLE (Rocade);M;4393218;482950;840
2,016E+11;16;11;15;1530;1;1;1;1;3;31;SAINT ROCH CHEMIN;M;4407000;505000;840
2,016E+11;16;11;21;1040;1;2;1;2;6;31;208, FABRE AVENUE JEAN H;M;4405510;504000;840
2,016E+11;16;3;9;1705;1;1;6;1;3;80;CD 942 ROSSI A PONT DES;M;4402666;496738;840
2,016E+11;16;1;1;2010;3;1;1;1;5;80;CD 942 RTE SARRIANS A RO;M;4404475;498266;840
2,016E+11;16;5;14;1800;1;1;2;1;3;80;VELLERON ROUTE DE;M;4401252;500925;840
2,016E+11;16;2;11;1010;1;1;3;1;3;31;MAZAN ROUTE  DE;M;4405886;506986;840
2,016E+11;16;3;31;1825;1;1;1;1;7;80;SARRIANS ROUTE DE;M;4405069;497938;840
2,016E+11;16;3;21;740;1;2;3;1;6;31;WILSON AVENUE;M;4405147;504655;840
2,016E+11;16;6;21;1205;1;1;1;1;3;80;1545, VELLERON ROUTE DE;M;4401020;500234;840
2,016E+11;16;6;11;1634;1;2;1;1;7;31;ALLEMAND D';M;4403348;503253;840
2,016E+11;16;6;8;1610;1;2;1;1;6;31;MONT VENTOUX AVENUE DU;M;4403212;503128;840
2,016E+11;16;8;20;1410;1;1;1;1;1;31;LEGUE CHEMIN DE LA;M;4404868;506566;840
2,016E+11;16;7;16;1125;1;2;1;7;1;31;MOURE DE CABANIS CHEMIN;;;;840
2,016E+11;16;9;6;1340;1;2;1;1;6;31;212, HUGO AVENUE VICTOR;M;4404907;504790;840
2,016E+11;16;7;4;1900;1;2;4;1;1;31;CHALON MARIE THERESE;M;4405510;503321;840
2,016E+11;16;11;6;1800;1;1;1;1;5;80;SARRIANS ROUTE DE;;;;840
2,016E+11;16;1;3;2110;3;1;1;1;1;35;BANON (ROUTE DE);;;;840
2,016E+11;16;1;6;1954;5;1;1;1;6;35;NALIN (ALLEE GUY);;;;840
2,016E+11;16;1;13;2050;3;1;1;1;2;35;2277, BANON (ROUTE DE);M;4388381;499484;840
2,016E+11;16;5;7;1530;1;1;1;1;1;35;AVIGNON-RD973 (ROUTE D');;;;840
2,016E+11;16;6;9;1800;1;2;1;1;6;35;BOUSSOT (RUE AIME);M;4383492;503788;840
2,016E+11;16;7;14;530;2;2;1;1;3;35;ROUGET (BOULEVARD ANDRE);M;4385116;502276;840
2,016E+11;16;10;24;600;2;2;3;1;3;35;BOUSCARLE (RUE AUGUSTIN);;;;840
2,016E+11;16;10;23;1600;1;1;1;1;1;35;BANON (ROUTE DE);;;;840
2,016E+11;16;11;12;230;3;1;1;1;6;35;ROMIEU (CHEMIN);;;;840
2,016E+11;16;9;9;825;1;1;1;1;6;35;AVIGNON-RD973 (ROUTE D');;;;840
2,016E+11;16;1;2;1740;1;2;1;2;6;87;319, AYMARD (AVENUE RODO;M;4413494;481726;840
2,016E+11;16;1;17;1550;1;2;1;1;3;87;68, VERDUN (AVENUE DE);M;4412840;482070;840
2,016E+11;16;12;24;1800;3;1;4;1;1;87;1, CHAMPLAIN (CHEMIN DE);;;;840
2,016E+11;16;1;21;1710;1;1;2;1;3;87;ROUTE DE CHATEAUNEUF;M;4410693;482021;840
2,016E+11;16;5;9;1610;1;2;1;1;6;87;BP 191, DARDUN (RUE CHAR;M;4412805;479694;840
2,016E+11;16;5;11;840;1;2;1;2;6;87;rue Sully;M;4413979;480801;840
2,016E+11;16;6;20;8;5;2;6;1;6;87;TASSIGNY (AVENUE DE LATT;;;;840
2,016E+11;16;6;20;1720;1;2;1;1;3;87;106, TASSIGNY (AVENUE DE;M;4414309;480445;840
2,016E+11;16;6;23;1725;1;2;1;1;4;87;AVIGNON (ROUTE D');M;4411980;483409;840
2,016E+11;16;8;21;1535;1;2;1;1;3;87;227, FOCH (AVENUE MARECH;M;4413242;481441;840
2,016E+11;16;8;31;1800;1;1;1;1;7;87;1, ROUTE DE ROQUEMAURE;;;;840
2,016E+11;16;9;7;930;1;1;1;1;2;87;1739, MARTIGNAN (CHEMIN);;;;840
2,016E+11;16;9;17;1730;1;2;6;1;6;87;274, JONQUIERES (ROUTE D;;;;840
2,016E+11;16;11;4;1836;5;2;1;2;6;87;87, VERDUN (AVENUE DE);;;;840
2,016E+11;16;11;24;2015;5;2;1;2;3;87;TASSIGNY (AVENUE DE LATT;;;;840
2,016E+11;16;12;11;1940;5;2;1;1;6;87;305, TERRIER (RUE DU);;;;840
2,016E+11;16;10;26;1710;2;2;1;1;2;191;RUE D'ARCOLE;M;4668313;-142233;850
2,016E+11;16;1;5;1040;1;2;1;1;6;191;RUE DU MARECHAL FOCH;M;4667293;-142778;850
2,016E+11;16;11;21;815;5;2;3;1;3;191;RUE DE MONTREAL;M;4665831;-144814;850
2,016E+11;16;12;12;800;5;1;9;9;3;191;RUE ANDRE BRETAUD;M;4668231;-144978;850
2,016E+11;16;1;24;1125;1;2;1;1;6;191;202 RUE ROGER SALENGRO;M;4666549;-144797;850
2,016E+11;16;1;16;1345;1;1;1;1;6;191;LE PAVILLON;M;4662625;-137570;850
2,016E+11;16;2;17;1600;1;2;1;1;6;191;16 RUE RAYMOND POINCARE;M;4666895;-143378;850
2,016E+11;16;3;5;1540;1;2;3;1;7;191;1, BOUTELIER RUE DU DOCT;M;4641035;-126237;850
2,016E+11;16;3;3;1155;1;2;1;1;2;191;BOULEVARD  LAVOISIER;M;4666613;-144514;850
2,016E+11;16;4;13;1600;1;2;1;1;6;191;RUE LAFAYETTE;M;4666918;-143003;850
2,016E+11;16;5;3;753;1;2;1;1;6;191;1RUE DU G. DE CASTELNAU;M;4667289;-143194;850
2,016E+11;16;5;6;1715;1;2;6;1;6;191;RUE ET IMPASSE  NEWTON;M;4667041;-140740;850
2,016E+11;16;8;3;355;5;2;7;1;3;191;1 place Napoléon;M;4666980;-142756;850
2,016E+11;16;9;4;2130;3;1;1;1;1;191;ROUTE DE MOUILLERON;M;4669819;-144210;850
2,016E+11;16;9;18;1955;1;1;1;1;6;191;152  BOULEVARD E. BRANLY;M;4668032;-144050;850
2,016E+11;16;9;15;755;2;1;3;1;5;191;D 248;M;4666239;-138247;850
2,016E+11;16;9;20;1740;1;2;1;1;6;191;16 RUE LEONCE GLUARD;M;4666669;-143111;850
2,016E+11;16;9;23;1345;1;2;1;1;2;191;BOULEVARD JEAN YOLE;M;4668076;-143331;850
2,016E+11;16;10;27;1230;1;2;1;7;1;191;RUE HELIODORE DURAND;M;4666068;-140187;850
2,016E+11;16;10;10;1700;1;2;3;1;6;191;BOULEVARD A;;;;
2,016E+11;16;11;4;750;2;2;2;1;3;191;BOULEVARD GASTON GUITTON;M;4665891;-143442;850
2,016E+11;16;10;31;1330;1;2;6;1;3;191;ROND-POINT B. PALISSY;M;4669027;-142908;850
2,016E+11;16;12;22;2235;5;2;2;1;3;60;RUE DU DOCTEUR LAENNEC;M;4649955;176850;850
2,016E+11;16;11;2;1700;2;2;3;1;1;194;94 RUE DE L' AIGUILLON;M;4649600;-180893;850
2,016E+11;16;10;5;1545;1;2;1;1;7;194;7 Bd ANCIENS COMBATTANTS;M;4650259;179958;850
2,016E+11;16;1;7;1805;5;2;6;2;3;60;BOULEVARD VENDEE GLOBE;M;4649969;-175649;850
2,016E+11;16;11;4;1525;1;2;1;1;6;194;1 RUE DES DEUX PHARES;M;4649096;177389;850
2,016E+11;16;1;20;735;5;2;4;1;6;194;32  AVENUE DE BRETAGNE;M;4650290;-177792;850