Num_Acc;an;mois;jour;hrmn;lum;agg;int;atm;col;com;adr;gps;lat;long;dep
2,016E+11;16;5;4;1125;1;2;1;1;6;377;THOMAS (ALLEE ALBERT);M;4873543;226233;910
2,016E+11;16;5;8;1500;1;1;1;1;2;377;DE LATTRE DE TASSIGNY (A;M;4872482;228450;910
2,016E+11;16;5;12;1845;1;2;1;2;6;377;EUROPE (AVENUE DE L');M;4872679;227776;910
2,016E+11;16;5;17;1937;1;1;1;1;3;689;EUROPE (BOULEVARD DE L');M;4872691;232194;910
2,016E+11;16;5;19;1535;1;2;2;1;3;377;BUISSON AUX FRAISES (RUE;M;4872166;228495;910
2,016E+11;16;6;6;1620;1;2;1;8;6;377;HUIT MAI 1945 (RUE DU);M;4872890;227502;910
2,016E+11;16;6;10;1020;1;2;1;1;6;377;MARSEILLE (ALLEE DE);M;4873587;229111;910
2,016E+11;16;6;21;933;1;2;1;1;4;377;CARNOT (AVENUE);M;4872759;226445;910
2,016E+11;16;7;28;1745;1;2;1;1;1;377;KENNEDY (AVENUE DU PRESI;M;4873609;229147;910
2,016E+11;16;8;9;1750;1;2;1;1;6;377;12, AMPERE (RUE);M;4872217;226286;910
2,016E+11;16;9;5;850;1;2;3;2;3;377;PREMIER MAI (BOULEVARD;M;4873396;225910;910
2,016E+11;16;9;8;1935;1;2;1;1;6;377;LISBONNE (RUE DE);M;4873216;228486;910
2,016E+11;16;9;24;1740;1;1;1;1;3;377;BEL-AIR (AVENUE DU);M;4873020;230202;910
2,016E+11;16;9;26;820;1;1;1;1;3;377;9, PEROU (RUE DU);M;4872103;230205;910
2,016E+11;16;9;30;955;1;2;3;1;6;377;CARNOT (AVENUE);M;4872798;226500;910
2,016E+11;16;10;4;800;1;2;2;1;3;377;BOURGOGNE (AVENUE DE);M;4873451;229275;910
2,016E+11;16;11;7;1455;1;2;1;2;6;377;28, SAINT-MARC (AVENUE);M;4873183;228672;910
2,016E+11;16;11;19;835;1;2;1;1;3;377;ALGER (RUE D');M;4873471;229371;910
2,016E+11;16;11;23;1715;5;2;1;1;4;377;45, PALAISEAU (ROUTE DE);M;4872724;224562;910
2,016E+11;16;11;26;1140;1;2;1;1;6;377;THEATRE (RUE DU);M;4873140;229042;910
2,016E+11;16;11;27;1905;5;2;1;1;2;377;4, BASCH (RUE VICTOR);M;4872873;227028;910
2,016E+11;16;12;3;1520;1;2;1;1;6;377;50, TILLEULS (AVENUS DES;M;4872810;223672;910
2,016E+11;16;12;9;1800;3;1;1;1;1;689;EUROPE (BOULEVARD DE L');M;4872713;232282;910
2,016E+11;16;12;13;1345;1;2;6;8;6;689;6, EUROPE (BOULEVARD DE;M;4873391;233531;910
2,016E+11;16;12;14;840;1;2;9;1;6;689;CHARLET (RUE DU BOIS);M;4874331;231878;910
2,016E+11;16;12;22;720;2;2;1;3;6;377;KENNEDY (AVENUE DU PRESI;M;4873616;229154;910
2,016E+11;16;12;27;1040;1;2;1;1;1;377;BONDE (ROUTE DE LA);M;4871944;227924;910
2,016E+11;16;12;26;2045;5;2;2;1;3;377;AULNAY DRACOURT (RUE;;;;910
2,016E+11;16;12;20;1830;1;2;1;1;2;421;230, CORBEIL (ROUTE DE);M;4871248;244277;910
2,016E+11;16;1;11;2130;5;2;1;1;2;191;REPUBLIQUE (AVENUE DE;M;4872202;245005;910
2,016E+11;16;1;17;2315;4;2;1;1;6;691;117, GENERAL LECLER(RUE);M;4871483;247470;910
2,016E+11;16;1;18;1230;1;2;1;1;3;421;9, GENERAL LELONG (RUE D;M;4870254;246649;910
2,016E+11;16;1;7;1845;2;2;1;1;3;191;61, REPUBLIQUE (AVENUE D;M;4872143;245042;910
2,016E+11;16;1;20;830;5;2;1;1;3;421;CORBEIL (ROUTE DE);M;4871295;244295;910
2,016E+11;16;1;7;2355;5;2;6;1;6;191;DROITS DE L'HOMME (ROND;M;4872152;246913;910
2,016E+11;16;1;21;1225;1;2;1;1;2;191;55, REPUBLIQUE (AVENUE D;M;4872093;245101;910
2,016E+11;16;1;4;1745;2;2;1;1;2;421;GENERAL LECLERC (RUE DU);M;4870636;246201;910
2,016E+11;16;1;26;820;5;2;1;1;6;421;MORIN (RUE);M;4871290;245140;910
2,016E+11;16;1;25;1140;1;2;1;1;2;191;35B, REPUBLIQUE (AVENUE;M;4871992;245210;910
2,016E+11;16;1;14;2340;5;2;1;1;6;421;BOIS (RUE DES);M;4870583;245394;910
2,016E+11;16;2;29;1215;1;1;1;1;2;421;NATIONALE 6 (REVEIL MATI;M;4872075;244317;910
2,016E+11;16;3;1;1540;1;2;1;1;6;691;158, RAYMOND POINCARE(RU;M;4871695;250068;910
2,016E+11;16;3;14;2000;5;2;1;1;6;691;41, RENE COTY(RUE);M;4871872;249130;910
2,016E+11;16;3;7;625;5;2;1;1;2;421;119, REPUBLIQUE (AVENUE;M;4870102;246613;910
2,016E+11;16;1;31;1830;5;2;3;1;6;691;CONCY(RUE);M;4870711;247983;910
2,016E+11;16;2;2;1725;1;2;1;1;6;421;CONCY (RUE DE);M;4870716;247280;910
2,016E+11;16;4;13;1850;1;2;1;1;2;421;186, REPUBLIQUE (AVENUE;M;4869849;247057;910
2,016E+11;16;4;26;1710;1;1;1;2;5;421;NATIONALE 6 (PARTIE FORE;M;4868980;246584;910
2,016E+11;16;4;28;2200;3;1;1;1;2;421;NATIONALE 6 (CES POMPIDO;M;4869363;244826;910
2,016E+11;16;4;21;1910;1;2;3;1;3;421;CORBEIL (ROUTE DE);M;4870730;244097;910
2,016E+11;16;5;4;1830;1;2;1;1;2;691;RESISTANCE(AVENUE);M;4868952;248186;910
2,016E+11;16;4;3;1130;1;2;6;1;2;421;MAURICE GARIN (PISTE CYC;M;4843098;226290;910
2,016E+11;16;4;6;120;4;1;1;1;6;421;NATIONALE 6 (GLACIERE);M;4842354;226299;910
2,016E+11;16;5;6;2000;2;2;1;1;2;691;64, RENE COTY(RUE);M;4871805;249500;910
2,016E+11;16;5;9;1605;1;2;1;1;6;191;GLACIERE (RUE DE LA);M;4871484;246326;910
2,016E+11;16;5;16;1720;1;2;3;1;3;691;RESISTANCE(AVENUE);M;4869348;247777;910
2,016E+11;16;5;27;1720;1;2;1;1;6;421;RAYMOND PAUMIER (RUE);M;4870421;244678;910
2,016E+11;16;6;3;1010;1;1;1;1;4;421;NATIONALE 6 (PARTIE FORE;M;4869340;244842;910
2,016E+11;16;6;3;1105;1;2;1;2;4;421;114, JEAN JAURES (AVENUE;M;4871216;244957;910
2,016E+11;16;6;13;1320;1;2;4;1;3;421;ALOUETTES (RUE DES);M;4870472;247159;910
2,016E+11;16;6;18;115;3;1;1;1;2;421;NATIONALE 6 (PARTIE FORE;M;4868942;247630;910
2,016E+11;16;6;18;1930;1;1;1;1;6;421;NATIONALE 6 (CES POMP;M;4869487;244680;910
2,016E+11;16;6;22;425;1;1;1;1;2;421;NATIONALE 6 (PARTIE FORE;M;4868957;246872;910
2,016E+11;16;7;3;1450;1;2;6;1;2;691;GOURGAUD(AVENUE);M;4873002;249952;910
2,016E+11;16;7;8;5;5;2;1;1;4;421;82, REPUBLIQUE (AVENUE D;M;4870586;245745;910
2,016E+11;16;5;20;1945;1;1;1;1;2;421;NATIONALE 6 (PARTIE FORE;M;4868805;248305;910
2,016E+11;16;6;17;2225;5;2;2;1;3;691;ROYALE(RUE);M;4872207;250126;910
2,016E+11;16;7;22;540;2;2;1;1;6;421;NATIONALE 6 (PARTIE FORE;M;4868379;248953;910
2,016E+11;16;7;22;1840;1;2;6;1;6;691;MARECHAL JUIN(RUE);M;4871077;248848;910
2,016E+11;16;7;24;1700;1;2;6;1;6;421;CORBEIL (ROUTE DE);M;4871192;244369;910
2,016E+11;16;8;1;925;1;2;1;1;6;421;REPUBLIQUE (AVENUE DE;M;4870381;246113;910
2,016E+11;16;8;4;2300;5;2;1;1;6;691;4, CAMBRELANG(RUE);M;4871692;249021;910
2,016E+11;16;5;21;1700;1;2;1;1;1;421;MAINVILLE (RUE DE);M;4870222;245361;910
2,016E+11;16;5;22;610;5;1;1;1;2;421;NATIONALE 6 (PARTIE FORE;M;4868928;247761;910
2,016E+11;16;5;26;930;1;2;1;1;7;421;MARECHAL FOCH (AVENUE;M;4870972;246388;910
2,016E+11;16;6;19;1900;1;2;2;1;6;421;JEAN JAURES (AVENUE);M;4871192;244996;910
2,016E+11;16;7;9;1715;1;2;3;1;3;421;REPUBLIQUE (AVENUE DE LA;M;4869898;246978;910
2,016E+11;16;8;26;1605;1;2;5;1;4;421;10, CORBEIL (ROUTE DE);M;4871015;244179;910
2,016E+11;16;8;10;1330;1;2;3;1;3;421;RAYMOND PAUMIER (RUE);M;4870424;244831;910
2,016E+11;16;8;28;1050;1;2;1;1;2;421;NATIONALE 6 (GLACIERE);M;4870405;244368;910
2,016E+11;16;9;3;1150;1;2;1;1;2;691;RD 94;M;4870611;249611;910
2,016E+11;16;9;5;810;1;2;1;2;1;691;PIERRE BROSSOLETTE(RUE);M;4870083;248500;910
2,016E+11;16;9;6;1655;1;1;1;1;5;421;NATIONALE 6 (PARTIE FORE;M;4869305;247805;910
2,016E+11;16;9;7;1310;1;2;1;1;2;421;196, REPUBLIQUE (AVENUE;M;4869843;247061;910
2,016E+11;16;9;10;1750;1;2;1;1;2;691;MARCEAU BAILLIOT (RUE);M;4870852;249475;910
2,016E+11;16;9;12;1645;1;2;2;1;3;691;HENRI BARBUSSE(RUE);M;4871110;248618;910
2,016E+11;16;9;13;1100;1;2;1;1;2;691;RESISTANCE(AVENUE);M;4869166;248000;910
2,016E+11;16;9;19;1805;1;2;6;1;6;421;GENERAL LELONG (RUE DU);M;4870328;246703;910
2,016E+11;16;9;20;1715;1;2;1;1;6;191;18, Jean Jaures (Avenue);M;4871330;246356;910
2,016E+11;16;9;20;2140;3;1;1;1;2;421;NATIONALE 6 (PARTIE FORE;M;4869006;246235;910
2,016E+11;16;9;22;810;1;2;6;1;6;691;19, MARECHAL JUIN (RUE);M;4871077;248848;910
2,016E+11;16;9;28;1245;1;2;1;1;6;191;François Miterrand (Aven;M;4872247;246658;910
2,016E+11;16;9;30;2155;5;2;1;2;6;421;40, RAYMOND POMIER (RUE);M;4870328;244120;910
2,016E+11;16;8;30;730;1;2;1;1;6;691;55, PETIT BOUTS(RUE);M;4870519;248243;910
2,016E+11;16;10;14;1900;2;2;6;2;3;421;PIERRE BROSSOLETTE (RUE);M;4870316;244002;910
2,016E+11;16;10;31;1520;1;1;1;1;2;421;NATIONALE 6 (REVEIL MATI;M;4871850;244290;910
2,016E+11;16;10;31;2015;5;2;1;1;6;421;5, ANCOLIES (ALLEE DES);M;4870265;244019;910
2,016E+11;16;11;6;1600;1;1;1;1;2;421;NATIONALE 6 (GLACIERE;M;4869830;244428;910
2,016E+11;16;11;16;900;1;1;1;1;3;691;GOURGAUD(AVENUE);M;4873183;250872;910
2,016E+11;16;11;24;1335;1;2;3;1;3;691;PAUL DOUMER(RUE);M;4871743;251058;910
2,016E+11;16;11;26;720;1;2;1;1;4;421;REPUBLIQUE (AVENUE DE LA;M;4870703;245542;910
2,016E+11;16;11;30;1310;1;2;1;1;6;691;MARC SANGNIER (RUE);M;4871515;249001;910
2,016E+11;16;10;15;800;1;2;3;1;3;691;GRANGE(AVENUE);M;4872118;249764;910
2,016E+11;16;12;6;1520;1;2;1;1;6;691;45, GABRIEL PERI(RUE) DU;M;4870867;248841;910
2,016E+11;16;12;7;955;1;1;1;1;2;421;RN6 (PARTIE FORET);M;4869039;245823;910
2,016E+11;16;12;7;755;1;2;1;1;2;421;RAYMOND POMIER (RUE);M;4870418;244686;910
2,016E+11;16;12;8;1805;2;2;1;1;3;691;PIERRE BROSSOLETTE(RUE);M;4870088;248399;910
2,016E+11;16;12;12;825;2;2;1;2;6;421;2, CORBEIL (ROUTE DE);M;4871555;244321;910
2,016E+11;16;11;12;1830;1;1;6;1;3;421;ZA MAURICE GARIN;M;4871949;244196;910
2,016E+11;16;12;17;525;5;1;1;1;2;421;NATIONALE 6 (GLACIERE);M;4871708;244269;910
2,016E+11;16;1;9;1240;1;1;6;8;3;692;OCEANIE (AVENUE DE L');M;4867638;219385;910
2,016E+11;16;1;10;1000;1;2;3;8;3;692;BOURGOGNE (AVENUE DE);M;4868325;217514;910
2,016E+11;16;1;6;600;5;2;2;2;3;477;COSMONAUTES (AVENUE DES);M;4871424;225830;910
2,016E+11;16;1;13;1430;1;2;2;1;1;477;SABLIERE (RUE DE LA);M;4872592;222451;910
2,016E+11;16;1;26;1400;1;1;1;1;4;692;RD35;M;4867509;218189;910
2,016E+11;16;2;3;1722;1;2;1;1;3;645;15, REPUBLIQUE (AVENUE D;M;4875108;227721;910
2,016E+11;16;2;24;950;1;2;1;1;6;692;BERRY (AVENUE DU);M;4868270;216688;910
2,016E+11;16;3;1;1500;1;2;2;2;3;477;Sentier de Corbeville;M;4871327;219217;910
2,016E+11;16;3;2;2325;5;2;1;1;6;477;8, HUIT MAI 1945 (AVENUE;M;4870988;224329;910
2,016E+11;16;3;12;1220;1;1;4;1;2;363;RD 3;M;4866771;219680;910
2,016E+11;16;3;15;1230;1;2;1;7;6;477;BARBUSSE (RUE HENRI);M;4871895;226067;910
2,016E+11;16;3;27;1450;1;2;3;2;3;692;TROPIQUES (AVENUE DES);M;4868434;219960;910
2,016E+11;16;3;30;1310;1;2;3;2;1;692;AVENUE DU HOGGAR;M;4868529;220103;910
2,016E+11;16;4;6;1550;1;1;1;1;3;477;SACLAY (ROUTE DE);M;4871902;222132;910
2,016E+11;16;4;7;1230;1;2;1;1;6;692;11, AVENUE DU HOGGAR;M;4868651;220128;910
2,016E+11;16;4;19;1650;1;2;1;1;4;64;24, PETIT BIEVRES (RUE D;M;4875242;221473;910
2,016E+11;16;4;23;1420;1;2;1;1;1;471;VERSAILLES (RUE DE);M;4871175;218350;910
2,016E+11;16;4;26;1935;1;1;1;2;1;477;MARECHAUX (BOULEVARD DES;M;4871630;221833;910
2,016E+11;16;4;29;940;1;2;2;1;3;312;VAUHALLAN (ROUTE);M;4873709;222329;910
2,016E+11;16;5;5;2242;5;2;6;1;3;645;JUIN (BLD MARECHAL);M;4875010;227208;910
2,016E+11;16;5;8;130;4;2;1;1;6;477;828, MARECHAUX (BOULEVAR;M;4871029;221944;910
2,016E+11;16;4;13;1615;1;1;1;2;4;122;134, ROUTE DE CHARTRES;M;4869522;217181;910
2,016E+11;16;5;16;1142;1;1;2;1;3;471;NICOLAS APPERT (RUE);M;4871051;217643;910
2,016E+11;16;5;26;810;1;1;1;1;2;692;OCEANIE (AVENUE DE L');M;4867883;219973;910
2,016E+11;16;5;31;835;1;2;6;3;6;122;100, CHARTRES (ROUTE DE);M;4869235;216047;910
2,016E+11;16;5;31;919;1;1;1;2;6;692;PARANA (AVENUE DU);M;4868040;219936;910
2,016E+11;16;5;31;1250;1;2;2;2;3;477;GRANDE CEINTURE (BOUL;M;4872259;225356;910
2,016E+11;16;5;17;1015;1;2;3;1;3;471;NICOLAS APPERT (RUE);M;4871073;217640;910
2,016E+11;16;6;4;1945;1;1;9;1;3;692;RD35;M;4867440;217750;910
2,016E+11;16;5;26;1607;1;2;1;1;1;477;MAURICE BERTEAUX (RUE);M;4871855;224181;910
2,016E+11;16;6;12;2020;1;1;6;1;6;692;OCEANIE (AVENUE DE L');M;4867883;219973;910
2,016E+11;16;6;14;1230;1;2;1;1;3;477;4, PREMIER MAI (AVENUE D;M;4871340;225752;910
2,016E+11;16;6;25;2230;5;2;1;1;6;477;4, GENERAL DE GAULLE (AV;M;4871457;224897;910
2,016E+11;16;6;29;1600;1;2;1;1;3;471;45, MONTJAY (AVENUE DE);M;4868551;218466;910
2,016E+11;16;7;22;1830;1;1;1;1;4;692;RD35;M;4867521;218726;910
2,016E+11;16;7;26;1000;1;2;3;1;3;477;18, STALINGRAD (AVENUE D;M;4871702;225214;910
2,016E+11;16;7;27;900;1;2;3;1;6;645;PARON (RUE DE);M;4874723;226562;910
2,016E+11;16;7;27;750;1;2;6;1;3;645;MARECHAL FOCH (BOULEV;M;4874423;226683;910
2,016E+11;16;7;7;1925;1;2;1;1;6;692;17, BERRY (AVENUE DU);M;4868279;216571;910
2,016E+11;16;7;8;1645;1;2;1;1;3;477;80, GUTEMBERG (RUE);M;4870841;225633;910
2,016E+11;16;9;4;1313;1;2;1;2;3;692;AUBRAC (AVENUE DE L');M;4867778;217099;910
2,016E+11;16;9;4;2055;2;2;3;1;6;645;CHATENAY (VOIE DE);M;4875439;226719;910
2,016E+11;16;9;15;955;1;2;3;2;3;645;FOCH (BOULEVARD DU MA;M;4874219;226216;910
2,016E+11;16;9;22;1315;1;2;1;1;6;692;06 ter, TROPIQUES (AVENU;M;4868443;219743;910
2,016E+11;16;9;23;2150;4;2;6;1;6;312;JEAN JAURES (AVENUE);M;4873663;223643;910
2,016E+11;16;9;28;1310;1;2;2;1;6;645;MARECHAL FOCH (BOULEV;M;4874259;226309;910
2,016E+11;16;10;4;1000;1;1;1;1;3;692;OCEANIE (AVENUE DE L');M;4867871;219957;910
2,016E+11;16;10;5;1830;1;1;1;1;3;477;GASPARD MONGE (bd);M;4871492;219766;910
2,016E+11;16;10;8;2255;5;2;1;1;6;692;RN 446;M;4867915;219100;910
2,016E+11;16;10;10;1855;1;2;3;2;2;64;14, GARE (AVENUE DE LA);M;4875173;221610;910
2,016E+11;16;10;13;706;2;2;1;1;3;312;86, VILGENIS (RUE);M;4873458;223898;910
2,016E+11;16;9;7;1015;1;2;1;1;3;477;HUIT MAI 1945 (AVENUE DU;M;4871047;224390;910
2,016E+11;16;10;14;1107;1;2;1;1;3;477;PALAISEAU (BOULEVARD DE);M;4870575;221947;910
2,016E+11;16;10;18;755;1;2;1;1;4;477;10, PREMIER MAI (AVENUE;M;4871135;225690;910
2,016E+11;16;10;22;1800;1;2;1;1;3;122;29, PRE LAUNAY (DOMAINE;M;4868844;215315;910
2,016E+11;16;10;27;1645;1;2;3;1;2;692;RD446;M;4867863;219123;910
2,016E+11;16;10;30;1509;1;2;2;1;3;477;201, PARIS (RUE DE);M;4871040;224168;910
2,016E+11;16;10;30;1758;5;2;1;1;2;477;GUTENBERG (RUE);M;4870974;225419;910
2,016E+11;16;10;31;1155;1;2;1;1;6;692;CENTRE COMMERCIAL ULI;M;4867549;217106;910
2,016E+11;16;11;1;320;5;2;1;1;6;312;VAUHALLAN (ROUTE);M;4873717;222426;910
2,016E+11;16;11;7;915;1;2;1;2;6;477;LEON BOURGEOIS (RUE);M;4870365;223746;910
2,016E+11;16;11;13;1740;5;2;4;8;6;122;TILLEULS (AVENUE DES);M;4869575;215466;910
2,016E+11;16;11;17;1437;1;2;1;1;2;477;GUTENBERG (RUE);M;4870949;225448;910
2,016E+11;16;11;18;1250;1;2;2;1;1;477;PARIS (RUE DE);M;4871808;224995;910
2,016E+11;16;11;22;1358;1;2;1;1;6;477;SACLAY (ROUTE DE);M;4871861;223116;910
2,016E+11;16;11;25;1650;2;2;1;1;6;692;BOURGOGNE (AVENUE DE);M;4868340;217481;910
2,016E+11;16;11;28;1840;2;2;1;1;5;645;GEORGES POMPIDOU (AVENUE;M;4875130;227778;910
2,016E+11;16;11;30;1136;1;2;6;1;2;645;carrefour DE L EUROPE;M;4875210;227242;910
2,016E+11;16;12;6;850;1;2;2;1;2;692;10, TROPIQUES (AVENUE DE;M;4868426;220086;910
2,016E+11;16;12;8;1833;5;2;1;1;2;122;CHARTRES (ROUTE DE);M;4869139;215875;910
2,016E+11;16;12;13;1215;1;1;1;1;2;645;PORCHERETS (RUE DES);M;4875025;226586;910
2,016E+11;16;12;17;2030;5;2;1;1;7;477;VOLTAIRE (RUE);M;4871293;224094;910
2,016E+11;16;10;25;2005;5;2;2;1;3;477;GUTENBERG (RUE);M;4871112;224775;910
2,016E+11;16;1;16;1745;1;2;2;1;1;549;LEO LAGRANGE (RUE);M;4863456;234377;910
2,016E+11;16;2;10;855;1;1;3;6;3;570;BOELE (ROUTE);M;4862906;229712;910
2,016E+11;16;2;11;1310;1;2;1;1;2;549;RD 117;M;4864356;233429;910
2,016E+11;16;3;21;1415;1;2;2;1;3;549;CONCORDE (RUE DE LA);M;4864835;233073;910
2,016E+11;16;3;30;2130;5;2;1;2;6;570;SAINT SAENS (RUE);M;4863522;232036;910
2,016E+11;16;4;21;1815;1;2;1;1;3;667;09, CORBEIL (ROUTE);M;4866574;233746;910
2,016E+11;16;5;12;1920;1;2;6;2;3;549;MARE AU CHANVRE (RUE DE;M;4862956;234029;910
2,016E+11;16;5;16;1000;1;2;2;1;3;549;08, HOCHE (RUE);M;4864580;232702;910
2,016E+11;16;5;18;1905;1;2;2;2;3;549;1, VICTOR HUGO (AVENUE);M;4864923;233123;910
2,016E+11;16;6;11;630;1;2;1;2;6;549;RD PT RD 117;M;4864485;233477;910
2,016E+11;16;6;14;1625;1;2;6;1;5;667;1, CORBEIL (ROUTE);M;4866163;234097;910
2,016E+11;16;7;7;2340;5;2;1;1;5;549;GABRIEL PERI (AVENUE);M;4864888;232137;910
2,016E+11;16;7;10;1725;1;2;2;1;3;216;PARC (RUE);M;4867500;231847;910
2,016E+11;16;9;20;1120;1;2;1;1;5;549;1, MARE AU CHANVRE (RUE;M;4862941;234025;910
2,016E+11;16;9;27;950;1;2;6;1;6;549;CORBEIL (ROUTE DE);M;4863742;233293;910
2,016E+11;16;10;6;1910;1;2;1;1;5;549;97, CORBEIL (ROUTE DE);M;4864154;233355;910
2,016E+11;16;11;3;1930;5;2;1;1;6;570;6, BERLIOZ (RUE + PLACE);M;4863609;231983;910
2,016E+11;16;11;5;1315;1;2;1;1;6;549;1, CROIX BLANCHE (AVENUE;M;4862344;234366;910
2,016E+11;16;11;9;1215;1;2;1;2;1;570;BOOLE (RUE);M;4862330;231318;910
2,016E+11;16;8;8;450;5;1;1;1;6;685;37, MEDERIC (RUE PIERRE);M;4866160;230795;910
2,016E+11;16;12;11;1040;1;1;1;7;6;549;33, LIBERTE (AVENUE DE L;M;4863736;234550;910
2,016E+11;16;12;12;640;5;2;3;1;6;549;MICHEL BERGER (ALLEE);M;4863169;233727;910
2,016E+11;16;12;16;750;2;2;1;1;1;549;JACQUES DUCLOS (AVENUE);M;4863460;234435;910
2,016E+11;16;12;18;1449;1;2;1;1;6;549;LEO LAGRANGE (RUE);M;4863711;234426;910
2,016E+11;16;12;20;1209;1;2;3;1;6;549;6, LIBERTE (AVENUE DE LA;M;4864183;234635;910
2,016E+11;16;12;21;1755;3;2;3;1;1;570;CONDORCET (AVENUE);M;4862278;231791;910
2,016E+11;16;12;22;825;2;2;3;3;1;549;LONGPONT (ROUTE DE);M;4865685;231795;910
2,016E+11;16;12;25;1240;1;2;1;1;6;570;10, CHABRIER (RUE);M;4863400;232483;910
2,016E+11;16;1;24;1650;1;1;6;1;4;432;D 118;M;4870000;235000;910
2,016E+11;16;2;2;810;1;2;4;1;3;589;DE GAULLE  (AVENUE CHARL;M;4870000;233000;910
2,016E+11;16;2;5;30;5;2;2;1;3;589;11, DE GAULLE (AVENUE CH;M;4867675;234998;910
2,016E+11;16;10;12;1140;1;2;2;1;3;432;65, BRIAND (AVENUE ARIST;M;4870018;232559;910
2,016E+11;16;2;20;840;1;2;1;1;6;589;209, BRIAND (BOULEVARD A;M;4868333;235000;910
2,016E+11;16;12;7;2015;5;2;2;1;2;589;DE GAULLE  (AVENUE CHARL;M;4870538;234616;910
2,016E+11;16;12;7;1820;5;2;2;1;1;589;GLYCINES (RUE DES);M;4868613;234040;910
2,016E+11;16;12;20;1045;1;2;1;1;3;589;79, DE GAULLE  (AVENUE C;M;4868059;234292;910
2,016E+11;16;12;31;740;5;2;1;5;6;589;31, CHATEAUBRIAND (RUE);M;4867890;235829;910
2,016E+11;16;12;21;815;5;2;1;1;3;589;313, BRIAND (BOULEVARD A;M;4869315;236507;910
2,016E+11;16;12;24;820;5;2;2;1;3;589;04, BRIAND (BOULEVARD AR;M;4868089;234250;910
2,016E+11;16;11;4;1839;2;2;2;3;3;589;18, CARNOT (AVENUE);M;4867684;234984;910
2,016E+11;16;11;28;1635;2;2;1;1;6;432;03, BOILEAU (PLACE LUCIE;M;4870623;233534;910
2,016E+11;16;3;4;415;5;2;2;2;3;589;09, GILLES ( RUE LOUIS);M;4867922;234351;910
2,016E+11;16;3;25;1555;1;2;1;1;3;432;GENERAL  LECLERC (RUE DU;M;4870672;233368;910
2,016E+11;16;4;14;1240;1;2;3;1;3;432;29, DE LESSEPS (AVENUE F;M;4870310;233952;910
2,016E+11;16;5;18;2000;1;2;6;2;3;432;GENERAL  LECLERC (RUE DU;M;4870685;233329;910
2,016E+11;16;5;19;2215;5;2;1;1;3;432;2, GENERAL WARABIOT (AVE;M;4870659;233231;910
2,016E+11;16;1;8;1719;2;2;2;1;3;432;BARRES (AVENUE MAURICE);M;4870000;232700;910
2,016E+11;16;1;26;945;1;2;1;1;3;589;REPUBLIQUE (AVENUE DE LA;M;4869194;235236;910
2,016E+11;16;1;28;815;4;2;3;1;6;589;CHAUVET (RUE MARIE);M;4867983;234426;910
2,016E+11;16;6;15;25;5;2;2;1;3;589;21, BRIAND (BOULEVARD AR;M;4868195;234334;910
2,016E+11;16;2;8;1345;1;2;1;2;3;589;15, GENESTRIERE (ALLEE D;M;4868333;233333;910
2,016E+11;16;2;11;1245;1;2;1;1;4;589;75, BRIAND (BOULEVARD AR;M;4868527;234602;910
2,016E+11;16;2;25;1720;2;2;4;1;3;589;TILLEULS (AVENUE DES);M;4868333;233333;910
2,016E+11;16;4;22;45;5;2;1;1;7;432;61, MORIN (AVENUE RENE);M;4869369;232300;910
2,016E+11;16;5;7;1520;1;2;3;1;3;589;62, DE GAULLE (AVENUE CH;M;4867982;234429;910
2,016E+11;16;7;20;300;5;2;1;1;6;589;58, PALOMBES (RUE DES);M;4869392;235621;910
2,016E+11;16;8;25;1800;1;2;1;1;3;589;64, DE GAULLE (AVENUE CH;M;4867997;234416;910
2,016E+11;16;8;22;1835;1;2;4;1;3;589;GRAND VAUX (RUE DE);M;4867507;233547;910
2,016E+11;16;5;26;835;1;1;4;1;3;589;32, DE GAULLE (AVENUE CH;M;4867837;234701;910
2,016E+11;16;6;17;755;1;2;1;1;6;589;209, BRIAND (BOULEVARD A;M;4868871;235898;910
2,016E+11;16;6;10;830;1;2;3;1;3;432;GENERAL WARABIOT (AVENUE;M;4870570;233379;910
2,016E+11;16;6;9;1940;1;2;1;1;1;589;18, ECOLES (AVENUE DES);M;4868827;235191;910
2,016E+11;16;7;13;1835;1;2;1;1;6;589;21, BRIAND (BOULEVARD AR;M;4868203;234319;910
2,016E+11;16;7;26;1630;1;2;1;1;2;589;18, BELGES (BOULEVARD DE;M;4868333;235000;910
2,016E+11;16;8;12;1455;1;2;2;1;3;589;DUNANT (RUE HENRI);M;4868073;234268;910
2,016E+11;16;9;30;2140;5;2;1;2;6;589;08, GAMBETTA (AVENUE);M;4867449;234663;910
2,016E+11;16;10;6;1350;1;2;1;1;6;432;22, SAVIGNY (RUE DE);M;4870128;233477;910