Num_Acc;an;mois;jour;hrmn;lum;agg;int;atm;col;com;adr;gps;lat;long;dep
2,016E+11;16;11;8;1325;1;2;2;8;1;432;REPUBLIQUE ( AV DE LA;M;4870486;233326;910
2,016E+11;16;11;15;2155;5;2;1;2;2;589;34, DE GAULLE (AVENUE CH;M;4867834;234709;910
2,016E+11;16;11;20;131;5;2;1;2;6;432;22, GENERAL  LECLERC (RU;M;4870720;232931;910
2,016E+11;16;12;2;240;3;1;1;9;6;432;RD 118;M;4870906;235136;910
2,016E+11;16;1;7;1805;5;2;1;1;6;2;69, RAYMON ARON (AVENUE);;;;920
2,016E+11;16;1;9;1300;1;2;1;1;6;2;20, DIVISION LECLERC (1;;;;920
2,016E+11;16;1;10;1805;5;2;1;1;2;2;21, DIVISION LECLERC (1;;;;920
2,016E+11;16;1;13;1920;5;2;1;1;4;2;213, DIVISION LECLERC (3;;;;920
2,016E+11;16;1;23;1200;1;2;1;1;3;2;122, ARMAND GUILLEBAUD (;;;;920
2,016E+11;16;1;24;1745;5;2;1;1;6;2;10, MEDITERRANEE (RUE DE;;;;920
2,016E+11;16;2;6;2005;4;2;3;1;5;2;88, ARISTIDE BRIAND (AVE;;;;920
2,016E+11;16;2;6;2345;5;2;3;1;3;14;GENERAL LECLERC (AV.) (1;;;;920
2,016E+11;16;2;29;2040;5;2;1;1;3;2;6, AUGUSTE MOUNIE (RUE);;;;920
2,016E+11;16;3;11;1651;1;2;1;1;6;14;., BIEVRE (RUE DE LA);;;;920
2,016E+11;16;3;17;2120;5;2;1;1;3;2;GENERAL DE GAULLE (AVENU;;;;920
2,016E+11;16;3;28;2310;5;2;3;3;3;14;REPUBLIQUE (AVENUE DE LA;;;;920
2,016E+11;16;3;29;2245;5;2;4;1;3;2;134, LEON BLUM (AVENUE);;;;920
2,016E+11;16;4;8;850;1;2;3;1;4;2;., ARISTIDE BRIAND (AVEN;;;;920
2,016E+11;16;4;11;900;1;2;1;1;6;2;AUGUSTE MOUNIE (RUE);;;;920
2,016E+11;16;4;14;1835;1;2;1;2;6;14;GALOIS (AVENUE);;;;920
2,016E+11;16;4;22;949;1;2;1;1;6;2;14, DIVISION LECLERC (1;;;;920
2,016E+11;16;4;30;1410;1;2;3;2;3;2;108, ARISTIDE BRIAND (AV;;;;920
2,016E+11;16;5;14;2210;5;2;7;1;3;2;GENERAL DE GAULLE (PLACE;;;;920
2,016E+11;16;5;15;1530;1;2;2;1;3;2;DIVISION LECLERC (53 A 2;;;;920
2,016E+11;16;5;18;1750;1;2;3;3;3;2;105, ARISTIDE BRIAND (AV;;;;920
2,016E+11;16;5;22;120;5;2;3;1;6;14;PORT GALAND (RUE DU);;;;920
2,016E+11;16;5;31;725;1;2;9;3;6;2;VELPEAU (RUE);;;;920
2,016E+11;16;5;31;1525;1;2;1;2;6;2;MAURICE LABROUSSE (RUE);;;;920
2,016E+11;16;6;5;1120;1;1;1;1;3;2;JEAN MOULIN (RUE);;;;920
2,016E+11;16;6;9;845;1;2;3;1;3;2;ADOLPHE PAJEAUD (RUE);;;;920
2,016E+11;16;6;28;1950;1;2;1;1;2;14;92, MARECHAL JOFFRE (BD;;;;920
2,016E+11;16;7;11;1725;1;2;1;1;2;2;GENERAL DE GAULLE (AVENU;;;;920
2,016E+11;16;7;12;1617;1;2;2;1;3;14;GENERAL LECLERC (AV.) (1;;;;920
2,016E+11;16;7;19;1920;2;2;1;1;6;2;GENERAL DE GAULLE (AVENU;;;;920
2,016E+11;16;7;26;1234;1;2;3;1;6;2;22, GABRIEL PERI (AVENUE;;;;920
2,016E+11;16;8;23;1215;1;2;2;1;3;2;160, DIVISION LECLERC (5;;;;920
2,016E+11;16;8;26;910;1;2;2;1;2;14;MARECHAL JOFFRE (BD DU);;;;920
2,016E+11;16;8;31;925;1;2;4;1;3;2;LEBRUN (AVENUE);;;;920
2,016E+11;16;9;17;2230;5;2;2;1;6;2;29, DIVISION LECLERC (1;;;;920
2,016E+11;16;9;20;1615;1;2;1;1;6;14;RENE ROECKEL (RUE);;;;920
2,016E+11;16;9;22;1315;1;2;1;1;6;14;74, GENERAL LECLERC (AV.;;;;920
2,016E+11;16;9;24;2300;5;2;3;1;3;2;84, DIVISION LECLERC (53;;;;920
2,016E+11;16;9;29;1130;1;2;2;1;6;2;GENERAL DE GAULLE (AVENU;;;;920
2,016E+11;16;10;3;1546;1;2;1;1;6;2;25, JARDINETS (RUE DES);;;;920
2,016E+11;16;10;6;1110;1;2;2;1;6;2;JEAN MOULIN (RUE);;;;920
2,016E+11;16;10;17;1335;1;2;2;1;6;2;2, ARISTIDE BRIAND (AVEN;;;;920
2,016E+11;16;10;22;1005;1;2;3;1;6;2;PERNOUD (RUE);;;;920
2,016E+11;16;11;4;1816;5;2;1;2;6;14;104, GENERAL LECLERC (AV;;;;920
2,016E+11;16;12;6;830;1;2;1;1;3;2;62, VELPEAU (RUE);;;;920
2,016E+11;16;12;23;900;1;2;2;1;6;2;MAURICE LABROUSSE (RUE);;;;920
2,016E+11;16;1;12;1140;1;2;1;1;6;4;97, MOURINOUX ( RUE DES;;;;920
2,016E+11;16;1;14;810;2;2;1;2;7;4;93, BAS ( RUE DES );;;;920
2,016E+11;16;1;19;2000;5;2;3;1;3;4;ignoré, DOCTEUR DERVAUX;;;;920
2,016E+11;16;1;20;920;1;2;2;1;6;4;76, VOLTAIRE ( BD 16 A F;;;;920
2,016E+11;16;1;27;830;1;2;3;2;6;9;45, GENERAL LECLERC ( RU;;;;920
2,016E+11;16;1;29;1950;5;2;2;1;6;4;NS, AULAGNIER ( QUAI );;;;920
2,016E+11;16;1;31;2250;5;2;1;1;2;4;NEANT, PONT DE CLICHY;;;;920
2,016E+11;16;2;9;900;1;2;2;1;3;9;NS, VICTOR HUGO ( RUE );;;;920
2,016E+11;16;2;9;1153;1;2;1;2;6;4;20, VOLTAIRE ( BD );;;;920
2,016E+11;16;1;22;1645;1;2;2;2;6;4;NS, PAUL BERT;;;;920
2,016E+11;16;2;11;1940;5;2;3;1;3;4;6, HENRI POINCARE;;;;920
2,016E+11;16;2;13;2050;5;2;2;2;3;4;NS, VOLTAIRE ( BD );;;;920
2,016E+11;16;2;16;830;1;2;1;1;2;4;NS, BRETAGNE ( RUE DE );;;;920
2,016E+11;16;2;19;1400;1;2;2;1;3;4;NS, DOCTEUR DERVAUX  ( Q;;;;920
2,016E+11;16;2;19;1545;1;2;1;1;6;4;80, ARGENTEUIL AV D';;;;920
2,016E+11;16;2;23;1805;5;2;1;1;3;4;NS, PONT DE GENNEVILLIER;;;;920
2,016E+11;16;2;26;2250;5;2;2;1;3;4;néant, COMETE  ( RUE DE;;;;920
2,016E+11;16;3;1;1820;2;2;5;2;3;4;NS, PONT DE CLICHY;;;;920
2,016E+11;16;3;3;1345;1;1;3;1;2;9;90, HENRI LITOLFF ( RUE;;;;920
2,016E+11;16;3;7;1140;1;2;1;2;3;4;NS, REDOUTE ( AVENUE DE;;;;920
2,016E+11;16;3;8;1600;1;2;1;1;7;4;77, MARNE   ( AVENUE DE;;;;920
2,016E+11;16;3;11;1815;1;2;1;1;6;4;64, ARGENTEUIL AV D';;;;920
2,016E+11;16;3;12;1745;1;2;1;1;6;9;8, RAOUL NORRLING ( RUE;;;;920
2,016E+11;16;3;13;1900;1;2;2;1;2;4;NS, ARGENTEUIL AV D';;;;920
2,016E+11;16;3;18;1100;1;1;3;1;2;4;NS, DOCTEUR DERVAUX  ( Q;;;;920
2,016E+11;16;3;18;1315;1;2;1;1;7;4;NS, PONT DE CLICHY;;;;920
2,016E+11;16;3;20;922;1;1;1;1;6;4;23, MAX DE NANSOUTY;;;;920
2,016E+11;16;3;22;1205;1;2;1;1;2;4;NS, AULAGNIER ( QUAI );;;;920
2,016E+11;16;3;24;930;1;2;2;1;2;4;néant, AULAGNIER ( QUAI;;;;920
2,016E+11;16;3;30;2300;1;2;2;1;3;4;NS, MENIL;;;;920
2,016E+11;16;3;31;1130;1;2;2;2;6;9;NEANT, BOURGUIGNONS ( RU;;;;920
2,016E+11;16;4;1;1805;1;2;1;1;6;4;15, ROBERT DUPONT;;;;920
2,016E+11;16;4;1;2100;2;2;2;1;7;4;néant, AULAGNIER ( QUAI;;;;920
2,016E+11;16;4;4;1447;1;2;1;1;6;4;19, BAS ( RUE DES );;;;920
2,016E+11;16;4;5;905;1;2;1;1;2;4;25, STRASBOURG;;;;920
2,016E+11;16;4;6;1120;1;2;2;1;3;9;NS, CHEVREUL ( AVENUE );;;;920
2,016E+11;16;4;6;1420;1;2;1;1;3;4;37, VOLTAIRE ( BD );;;;920
2,016E+11;16;3;27;1000;1;2;1;1;6;4;360, ARGENTEUIL N° 176 A;;;;920
2,016E+11;16;4;9;1500;1;2;3;1;6;9;NEANT, CHARLES-DE-GAULLE;;;;920
2,016E+11;16;4;9;210;5;2;1;1;6;4;104, GRESILLONS ( AVENUE;;;;920
2,016E+11;16;4;13;1330;1;2;1;1;6;4;38, CHEVREUIL ( AVENUE );;;;920
2,016E+11;16;4;14;630;1;2;2;1;3;9;365, ARGENTEUIL ( AVENUE;;;;920
2,016E+11;16;4;14;1120;1;2;2;1;3;4;néant, GILBERT ROUSSET (;;;;920
2,016E+11;16;4;14;900;1;2;1;1;6;4;63, FAIDHERBE ( AVENUE );;;;920
2,016E+11;16;4;15;1820;1;2;2;1;3;4;NS, PONT DE CLICHY;;;;920
2,016E+11;16;4;23;924;1;2;1;1;3;9;9, REPUBLIQUE ( PLACE  M;;;;920
2,016E+11;16;4;29;815;1;2;1;1;3;4;NS, LAURENT-CELY  ( AVEN;;;;920
2,016E+11;16;4;30;1305;1;2;3;1;6;4;NS, PIERRE BROSSOLETTE;;;;920
2,016E+11;16;5;4;1640;1;2;1;1;4;4;NS, PONT DE GENNEVILLIER;;;;920
2,016E+11;16;5;10;1935;5;2;3;2;3;4;ns, AULAGNIER ( QUAI );;;;920
2,016E+11;16;5;10;2055;1;2;2;2;3;4;NS, PONT DE CLICHY;;;;920
2,016E+11;16;5;10;2200;5;2;1;2;2;4;NS, ROUVEYROL ( VILLA );;;;920
2,016E+11;16;5;12;1650;1;2;1;1;6;4;27, VOLTAIRE ( BD 16 A F;;;;920
2,016E+11;16;5;16;1700;1;2;2;1;3;4;NS, REDOUTE ( AVENUE DE;;;;920
2,016E+11;16;5;17;1605;1;2;2;1;3;4;NS, AULAGNIER ( QUAI );;;;920
2,016E+11;16;5;19;1020;1;2;1;2;6;9;06, MERTENS ( RUE );;;;920
2,016E+11;16;5;19;1125;1;2;1;2;6;4;01, REDOUTE ( AVENUE DE;;;;920
2,016E+11;16;5;24;900;1;2;1;1;7;4;101, DOCTEUR DERVAUX  (;;;;920
2,016E+11;16;5;26;915;1;2;2;1;3;4;226, ARGENTEUIL N° 176 A;;;;920
2,016E+11;16;5;26;1350;1;2;3;1;3;4;ns, GRESILLONS ( AVENUE;;;;920
2,016E+11;16;5;26;1745;1;2;1;1;6;4;73, AULAGNIER ( QUAI );;;;920
2,016E+11;16;5;27;1545;1;2;1;1;3;4;63, DOCTEUR DERVAUX  ( Q;;;;920
2,016E+11;16;5;27;1825;1;2;3;1;3;4;NS, GRANDE RUE CHARLES D;;;;920
2,016E+11;16;5;27;1850;1;2;1;1;2;4;225, AULAGNIER ( QUAI );;;;920
2,016E+11;16;5;29;939;1;2;1;1;3;4;NS, AULAGNIER ( QUAI );;;;920
2,016E+11;16;5;29;1920;1;2;6;1;2;4;NS, ROBERT DUPONT;;;;920
2,016E+11;16;5;31;1830;1;2;1;2;2;4;388, ARGENTEUIL AV D';;;;920
2,016E+11;16;6;1;900;1;2;1;2;7;4;NS, DOCTEUR DERVAUX  ( Q;;;;920
2,016E+11;16;6;1;1950;5;2;2;2;3;4;NS, AULAGNIER ( QUAI );;;;920
2,016E+11;16;6;4;940;1;2;1;1;7;4;55, BAS ( RUE DES );;;;920
2,016E+11;16;6;6;1820;1;2;1;1;6;4;10, RPC GILBERT;;;;920
2,016E+11;16;6;6;1830;1;2;1;1;3;4;AULAGNIER ( QUAI );;;;920
2,016E+11;16;6;9;2330;5;2;3;1;3;4;NS, EDOUARD BRANLY ( AVE;;;;920
2,016E+11;16;6;10;1910;1;2;1;1;6;4;NS, ABBE LEMIRE DE L';;;;920
2,016E+11;16;6;13;1140;1;2;2;1;6;4;02, VICTOIRES  ( PLACE D;;;;920
2,016E+11;16;6;14;1720;1;2;1;1;6;4;31, ABBE LEMIRE DE L';;;;920
2,016E+11;16;6;15;945;1;2;1;2;7;4;82, COLOMBES ( RUE DE 31;;;;920
2,016E+11;16;6;11;2220;4;2;1;1;1;4;NS, ARGENTEUIL AV D';;;;920
2,016E+11;16;6;15;1620;1;2;1;1;6;4;NS, PONT DE CLICHY;;;;920
2,016E+11;16;6;18;1747;1;2;1;2;4;4;ns, PONT DE CLICHY;;;;920
2,016E+11;16;6;19;1600;1;2;2;1;6;4;31, FAIDHERBE ( AVENUE );;;;920
2,016E+11;16;6;20;1620;1;2;2;2;2;4;43, MARNE   ( AVENUE DE;;;;920
2,016E+11;16;6;21;1045;1;2;1;1;6;4;20, ARGENTEUIL AV D';;;;920
2,016E+11;16;6;23;2230;1;2;2;1;3;4;NS, VOLTAIRE ( BD );;;;920
2,016E+11;16;6;24;710;1;2;1;1;2;4;04, LAURENT-CELY  ( AVEN;;;;920
2,016E+11;16;6;26;740;1;2;1;1;6;4;04, VUITTON LOUIS (RUE);;;;920
2,016E+11;16;7;1;2025;1;2;1;2;6;4;13, CHAMPS   ( RUE DES );;;;920
2,016E+11;16;7;2;1615;1;2;1;1;2;4;5, JEAN JAURES;;;;920
2,016E+11;16;7;4;1930;1;2;1;1;3;4;NS, AULAGNIER ( QUAI );;;;920
2,016E+11;16;7;5;1630;1;2;3;1;2;4;NS, REDOUTE ( AVENUE DE;;;;920
2,016E+11;16;7;7;1840;1;2;1;1;6;4;231, ARGENTEUIL N° 176 A;;;;920
2,016E+11;16;7;8;2039;1;2;1;1;6;4;290, ARGENTEUIL AV D';;;;920
2,016E+11;16;7;9;1340;1;2;2;1;6;4;32, REDOUTE ( AVENUE DE;;;;920
2,016E+11;16;7;9;155;5;2;2;1;1;4;NS, MAURICE BOKANOWSKI;;;;920
2,016E+11;16;7;12;950;1;2;1;1;2;9;54, CHEVREUL ( AVENUE );;;;920
2,016E+11;16;7;22;2030;1;2;3;1;1;9;NS, ESTIENNE D'ORVES ( R;;;;920
2,016E+11;16;7;23;1700;1;1;1;1;6;4;NS, REDOUTE ( AVENUE DE;;;;920
2,016E+11;16;7;24;1755;1;2;3;1;3;4;200, ARGENTEUIL AV D';;;;920
2,016E+11;16;7;24;1950;1;2;2;1;3;9;NS, EUROPE (AVENUE);;;;920
2,016E+11;16;7;27;1440;1;2;1;1;3;4;ns, RPC GILBERT;;;;920
2,016E+11;16;7;30;2225;5;1;1;1;2;9;NS, ARGENTEUIL ( AVENUE;;;;920
2,016E+11;16;7;31;1915;1;2;2;1;3;4;GALLIENI ( RUE );;;;920
2,016E+11;16;7;29;1445;1;2;2;1;3;4;NS, ROBERT DUPONT;;;;920
2,016E+11;16;8;1;1215;1;2;3;1;6;4;384, ARGENTEUIL N° 176 A;;;;920
2,016E+11;16;8;4;2225;5;2;3;1;3;4;, BAS ( RUE DES );;;;920
2,016E+11;16;8;11;2045;1;2;1;1;2;4;NS, AULAGNIER ( QUAI );;;;920
2,016E+11;16;8;16;1820;1;2;1;1;6;4;1, ROBERT LAVERGNE ( RUE;;;;920
2,016E+11;16;8;22;1500;1;2;3;1;3;4;NS, MARNE   ( AVENUE DE;;;;920
2,016E+11;16;8;22;1820;1;2;3;1;3;4;29, AULAGNIER ( QUAI );;;;920
2,016E+11;16;8;26;1820;1;2;2;1;6;9;NS, CHARLES-DE-GAULLE (;;;;920
2,016E+11;16;8;31;1810;1;2;1;1;6;4;26, BRETAGNE ( RUE DE );;;;920
2,016E+11;16;9;1;755;1;2;1;1;3;4;09, AULAGNIER ( QUAI );;;;920
2,016E+11;16;9;8;700;2;2;1;1;3;4;NS, DOCTEUR DERVAUX  ( Q;;;;920
2,016E+11;16;9;7;2145;4;2;3;1;3;4;17, MARNE   ( AVENUE DE;;;;920
2,016E+11;16;9;8;550;5;2;1;1;6;4;NS, METRO GABRIEL PERI;;;;920
2,016E+11;16;9;9;1050;1;2;1;1;2;4;117, AULAGNIER ( QUAI );;;;920
2,016E+11;16;9;11;150;5;2;2;1;3;4;NS, ARGENTEUIL AV D';;;;920
2,016E+11;16;9;11;1550;1;2;3;1;2;4;ns, HENRI POINCARE;;;;920
2,016E+11;16;9;12;1400;1;2;2;1;6;4;43, ROBERT DUPONT;;;;920
2,016E+11;16;9;13;1030;1;2;1;1;7;4;NS, BAS ( RUE DES );;;;920
2,016E+11;16;9;13;1540;1;2;2;1;2;4;NS, DOCTEUR DERVAUX  ( Q;;;;920
2,016E+11;16;9;13;1630;1;2;3;1;6;4;NS, MENIL;;;;920
2,016E+11;16;9;14;2030;5;2;1;1;2;9;96, CHARLES-DE-GAULLE (;;;;920
2,016E+11;16;9;15;915;1;2;2;1;3;4;NS, REDOUTE ( AVENUE DE;;;;920
2,016E+11;16;9;20;2045;5;2;1;1;6;4;191, VOLTAIRE ( BD 16 A;;;;920
2,016E+11;16;9;22;1620;1;2;1;1;6;4;03, VOLTAIRE ( BD );;;;920
2,016E+11;16;9;22;1650;1;2;1;1;6;4;10, BAS ( RUE DES );;;;920
2,016E+11;16;9;30;810;1;2;1;1;4;4;NS, DOCTEUR DERVAUX  ( Q;;;;920
2,016E+11;16;9;27;1530;1;2;1;1;2;4;101, BOURGUIGNONS (RUE 2;;;;920
2,016E+11;16;9;30;1815;3;2;3;1;6;4;84, ARGENTEUIL AV D';;;;920
2,016E+11;16;9;30;2005;2;2;2;1;6;4;81, ARGENTEUIL AV D';;;;920
2,016E+11;16;10;5;2055;3;2;1;1;6;4;NS, GRESILLONS ( AVENUE;;;;920
2,016E+11;16;10;4;1200;1;2;2;1;6;4;NS, FAIDHERBE ( AVENUE );;;;920
2,016E+11;16;10;6;2035;5;2;2;1;5;4;NS, ABBE LEMIRE DE L';;;;920
2,016E+11;16;10;10;1452;1;2;2;1;3;4;ns, MARNE   ( AVENUE DE;;;;920
2,016E+11;16;10;11;1900;5;2;1;1;6;4;20, ALMA DE L';;;;920
2,016E+11;16;10;12;1715;1;2;2;1;3;4;NS, AULAGNIER ( QUAI );;;;920
2,016E+11;16;10;13;1120;1;2;2;1;3;4;NS, PARISIENS ( RUE DES;;;;920
2,016E+11;16;10;14;1105;1;2;1;1;6;4;13, REDOUTE ( AVENUE DE;;;;920
2,016E+11;16;10;14;1500;1;2;3;1;7;9;ANDRE CHENIER  ( AVENUE;;;;920
2,016E+11;16;10;15;1600;1;2;1;1;3;4;01, REDOUTE ( AVENUE DE;;;;920
2,016E+11;16;10;20;2210;5;2;2;2;2;4;NS, COLOMBES ( RUE DE 31;;;;920
2,016E+11;16;10;21;950;1;2;1;1;6;9;9, GENERAL LECLERC ( RUE;;;;920
2,016E+11;16;10;28;815;1;2;3;1;2;4;ns, DOCTEUR DERVAUX  ( Q;;;;920
2,016E+11;16;10;28;830;1;2;1;1;3;4;AULAGNIER ( QUAI );;;;920
2,016E+11;16;11;6;900;1;2;2;1;3;4;NS, INTERCOMMUNAL (B);;;;920
2,016E+11;16;11;7;1930;5;2;2;1;3;9;NS, HEYNEN ( RUE );;;;920
2,016E+11;16;11;8;1810;4;2;1;1;6;4;NS, AULAGNIER ( QUAI );;;;920
2,016E+11;16;11;9;2145;5;2;1;2;4;4;NS, LAURENT-CELY  ( AVEN;;;;920
2,016E+11;16;11;10;1420;1;2;3;1;6;4;98, CHATEAU ( RUE DU );;;;920
2,016E+11;16;11;10;1720;5;2;1;2;3;4;NS, AULAGNIER ( QUAI );;;;920
2,016E+11;16;11;14;840;1;2;2;1;1;4;NS, COMETE  ( RUE DE LA;;;;920
2,016E+11;16;11;14;1510;1;2;2;1;3;4;104, BOURGUIGNONS (RUE 2;;;;920
2,016E+11;16;11;15;820;1;2;1;2;2;9;251, ARGENTEUIL ( AVENUE;;;;920
2,016E+11;16;11;15;920;1;2;1;2;6;4;NS, DOCTEUR DERVAUX  ( Q;;;;920
2,016E+11;16;11;15;1250;1;2;1;1;6;4;09, BAS ( RUE DES );;;;920
2,016E+11;16;11;17;1650;2;2;2;1;3;9;NS, EUROPE (AVENUE);;;;920
2,016E+11;16;11;18;745;5;2;2;2;3;4;NS, ARGENTEUIL N° 176 A;;;;920
2,016E+11;16;11;19;420;5;2;1;1;7;4;ns, PONT D'ASNIERES;;;;920
2,016E+11;16;11;24;1630;5;2;3;1;6;4;50, PIERRE BROSSOLETTE;;;;920
2,016E+11;16;11;29;1650;5;2;1;1;3;4;3, PIERRE BROSSOLETTE;;;;920
2,016E+11;16;11;29;1720;1;2;1;1;3;4;NS, AULAGNIER ( QUAI );;;;920
2,016E+11;16;12;3;1140;1;2;2;1;3;4;NS, REDOUTE ( AVENUE DE;;;;920
2,016E+11;16;12;22;2120;5;2;1;1;3;4;NS, PONT DE CLICHY;;;;920
2,016E+11;16;12;22;1910;5;2;1;2;6;4;103, MARNE   ( AVENUE DE;;;;920
2,016E+11;16;12;25;1325;1;2;1;1;3;4;NS, BAS ( RUE DES );;;;920
2,016E+11;16;12;26;1455;1;2;1;1;6;4;28, REDOUTE ( AVENUE DE;;;;920
2,016E+11;16;12;21;2025;5;2;2;2;3;4;NS, MARNE   ( AVENUE DE;;;;920
2,016E+11;16;12;27;1600;1;2;1;1;6;4;10, VOLTAIRE ( BD );;;;920
2,016E+11;16;12;10;240;5;2;1;1;3;4;NS, PONT DE CLICHY;;;;920
2,016E+11;16;1;26;810;1;2;1;1;6;7;62, BLANCHARD (RUE);;;;920
2,016E+11;16;2;10;745;1;2;2;1;6;7;PETIT (AVENUE ALBERT) N°;;;;920
2,016E+11;16;1;24;315;5;2;1;1;6;7;32, PLUCHET (RUE ALPHONS;;;;920
2,016E+11;16;1;28;745;2;2;9;2;2;7;BRIAND (AVENUE ARISTIDE);;;;920
2,016E+11;16;2;25;845;1;2;9;1;3;7;FROIDE (RUE);;;;920
2,016E+11;16;3;7;1330;1;2;2;2;3;7;BRIAND (AVENUE ARISTIDE);;;;920
2,016E+11;16;3;15;1900;5;2;3;1;6;7;16, PETIT (AVENUE ALBERT;;;;920
2,016E+11;16;3;26;1430;1;2;2;1;3;7;30, HUGO (AVENUE VICTOR);;;;920
2,016E+11;16;3;31;1828;1;2;1;2;3;7;13, JAURES (AVENUE JEAN);;;;920
2,016E+11;16;4;13;1935;1;2;1;1;3;7;114, BRIAND (AVENUE ARIS;;;;920
2,016E+11;16;4;21;1430;1;2;2;1;2;7;PETIT (AVENUE ALBERT) N°;;;;920
2,016E+11;16;4;28;1000;1;2;3;1;6;7;BRIAND (AVENUE ARISTIDE);;;;920
2,016E+11;16;5;2;1555;1;2;1;1;6;7;9, CHOPIN (RUE FREDERIC);;;;920
2,016E+11;16;5;4;750;1;2;2;1;6;7;2, FONTENAY (RUE DE);;;;920
2,016E+11;16;5;7;1645;1;2;1;1;6;7;57, RAVERA (AVENUE HENRI;;;;920
2,016E+11;16;5;10;1850;1;2;1;2;6;7;96 BIS, BOURG-LA-REINE (;;;;920
2,016E+11;16;5;12;925;1;2;3;1;3;7;ANGLE, SUISSES (VOIE DES;;;;920
2,016E+11;16;5;18;1300;1;2;9;1;3;7;16-18, BRIAND (AVENUE AR;;;;920
2,016E+11;16;5;18;1350;1;2;2;1;7;7;ANGLE, PETIT (AVENUE ALB;;;;920
2,016E+11;16;5;25;500;5;2;2;1;7;7;HUGO (AVENUE VICTOR);;;;920
2,016E+11;16;5;25;1530;1;2;1;1;7;7;183, FOCH (AVENUE DU MAR;;;;920
2,016E+11;16;6;26;1935;1;2;3;1;1;7;ANGLE, FROIDE (RUE);;;;920
2,016E+11;16;6;28;1945;1;2;6;1;3;7;ANGLE, VAILLANT-COUTURIE;;;;920
2,016E+11;16;7;9;1620;1;2;1;1;7;7;220, BRIAND (AVENUE ARIS;;;;920
2,016E+11;16;7;18;1720;1;1;1;1;2;7;26, BRIAND (AVENUE ARIST;;;;920
2,016E+11;16;7;27;2000;5;2;3;1;3;7;PASTEUR (AVENUE LOUIS) A;;;;920
2,016E+11;16;9;6;1422;1;2;5;1;3;7;CROIZAT (ROND-POINT AMBR;;;;920
2,016E+11;16;9;12;1715;1;2;1;1;3;7;129, VERDUN (RUE DE) N°;;;;920
2,016E+11;16;9;17;1510;1;2;9;2;6;7;3-5, BAS COQUARTS (RUE D;;;;920
2,016E+11;16;12;17;1950;5;2;9;1;6;7;96, BRIAND (AVENUE ARIST;;;;920
2,016E+11;16;10;26;800;1;2;1;1;2;7;2, HUGO (AVENUE VICTOR);;;;920
2,016E+11;16;9;22;800;1;2;1;1;2;7;2, HUGO (AVENUE VICTOR);;;;920
2,016E+11;16;9;25;10;5;2;3;1;7;7;37 bis, PETIT (AVENUE AL;;;;920
2,016E+11;16;9;23;2140;5;2;3;1;7;7;ANGLE, SUISSES (VOIE DES;;;;920
2,016E+11;16;10;2;840;1;2;3;1;7;7;13, FONTENAY (RUE DE);;;;920
2,016E+11;16;10;6;1700;1;2;1;1;3;7;20, BRIAND (AVENUE ARIST;;;;920
2,016E+11;16;10;16;1505;1;2;1;1;3;7;175 AV HENRI RAVERA;;;;920
2,016E+11;16;8;31;245;5;2;5;1;3;7;BRIAND (AVENUE ARISTIDE);;;;920
2,016E+11;16;10;22;1130;1;2;1;1;3;7;BLANCHARD (RUE);;;;920
2,016E+11;16;11;7;200;5;2;5;1;1;7;BRIAND (AVENUE ARISTIDE);;;;920
2,016E+11;16;11;14;1215;1;2;1;1;6;7;1, VAILLANT-COUTURIER (A;;;;920
2,016E+11;16;11;7;1105;1;2;1;2;6;7;120, RAVERA (AVENUE HENR;;;;920
2,016E+11;16;11;15;915;1;2;1;2;3;7;43, PETIT (AVENUE ALBERT;;;;920
2,016E+11;16;12;20;2200;5;2;2;1;3;7;PASTEUR (AVENUE LOUIS) A;;;;920
2,016E+11;16;10;5;1815;1;2;1;7;6;7;1, MARRONNIERS (ALLEE DE;;;;920
2,016E+11;16;12;28;2205;5;2;3;1;3;7;58, PETIT (AVENUE ALBERT;;;;920
2,016E+11;16;11;16;1940;5;2;1;2;6;7;7 BIS, FORTIN (AVENUE JE;;;;920
2,016E+11;16;12;15;900;1;2;1;1;6;7;113, MARIN-NAUDIN (RUE J;;;;920
2,016E+11;16;1;4;759;2;2;1;1;3;12;241, GALLIENI (RUE) 55/1;;;;920
2,016E+11;16;1;6;1035;1;2;1;1;3;12;34, ANATOLE FRANCE (BOUL;;;;920
2,016E+11;16;1;6;2100;4;2;1;1;3;12;15, AV PIERRE GRENIER;;;;920
2,016E+11;16;1;7;1130;1;2;1;7;6;12;175, JEAN JAURES (BOULEV;;;;920
2,016E+11;16;1;9;1200;1;2;1;1;7;12;18, POINT DU JOUR (QUAI;;;;920
2,016E+11;16;1;12;930;1;2;1;3;6;12;109, GALLIENI (RUE) 55/1;;;;920
2,016E+11;16;1;15;1155;1;2;1;1;3;12;94, AGUESSEAU (RUE D') 9;;;;920
2,016E+11;16;1;18;2045;5;2;1;1;3;12;25, REPUBLIQUE (BOULEVAR;;;;920
2,016E+11;16;1;19;2050;5;2;1;1;3;12;45, GEORGES GORSE (QUAI);;;;920
2,016E+11;16;1;26;1820;5;2;1;1;2;12;1, RHIN ET DANUBE (ROND;;;;920
2,016E+11;16;1;28;1030;1;2;1;1;3;12;84, REPUBLIQUE (BOULEVAR;;;;920
2,016E+11;16;1;29;2150;5;2;1;2;6;12;19, MARECHAL DE LATTRE D;;;;920
2,016E+11;16;1;31;1720;2;2;1;2;6;12;1, PONT DE SEVRES (ROND;;;;920
2,016E+11;16;2;4;1400;1;2;1;2;6;12;17B, AGUESSEAU (RUE D');;;;920
2,016E+11;16;2;6;2310;5;2;1;1;6;12;26, ANDRE MORIZET (AVENU;;;;920
2,016E+11;16;2;9;1330;1;2;1;2;6;12;1, ROBERT SCHUMAN (AVENU;;;;920
2,016E+11;16;2;9;1930;5;2;1;2;6;12;35, REINE (ROUTE DE LA);;;;920
2,016E+11;16;2;12;200;5;2;2;1;3;12;VICTOR HUGO (AVENUE) 49/;;;;920
2,016E+11;16;2;14;2015;4;2;2;1;3;12;58, GENERAL LECLERC (AVE;;;;920
2,016E+11;16;2;15;2230;5;2;1;1;3;12;80, REPUBLIQUE (BOULEVAR;;;;920
2,016E+11;16;2;16;740;1;2;1;1;2;12;1, PONT DE SEVRES (METRO;;;;920
2,016E+11;16;2;20;1245;1;2;1;1;7;12;42, GALLIENI (RUE) 55/15;;;;920
2,016E+11;16;2;26;850;1;2;1;1;7;12;1, POINT DU JOUR (QUAI D;;;;920
2,016E+11;16;2;26;1330;1;2;1;1;7;12;5, REPUBLIQUE (BOULEVARD;;;;920
2,016E+11;16;2;26;1530;1;2;1;1;3;12;32, LE CORBUSIER (RUE);;;;920
2,016E+11;16;2;29;730;2;2;1;1;6;12;4 BIS, ANATOLE FRANCE (B;;;;920
2,016E+11;16;3;2;950;1;2;1;1;2;12;5, QUATRE SEPTEMBRE (QUA;;;;920
2,016E+11;16;3;3;818;1;2;1;1;7;12;217, JEAN JAURES (BOULEV;;;;920
2,016E+11;16;3;6;1130;1;2;6;1;6;12;JEAN BAPTISTE CLEMENT (A;;;;920
2,016E+11;16;3;8;835;1;2;2;1;3;12;BELLE FEUILLE (RUE DE LA;;;;920
2,016E+11;16;3;8;1825;2;2;1;1;6;12;42, EST (RUE DE L') 1/FI;;;;920
2,016E+11;16;3;9;2340;3;2;1;1;3;12;1, ANATOLE FRANCE (BOULE;;;;920
2,016E+11;16;3;11;1305;1;2;1;1;6;12;122, GENERAL LECLERC (AV;;;;920
2,016E+11;16;3;12;1610;1;2;1;1;7;12;15, GALLIENI (RUE) 55/15;;;;920
2,016E+11;16;3;15;1105;1;2;1;1;2;12;53, EDOUARD VAILLANT (AV;;;;920