Num_Acc;an;mois;jour;hrmn;lum;agg;int;atm;col;com;adr;gps;lat;long;dep
2,016E+11;16;3;21;1845;4;2;1;1;6;12;157, GENERAL LECLERC (AV;;;;920
2,016E+11;16;3;22;1648;1;1;1;1;2;12;25, AUTEUIL (BOULEVARD D;;;;920
2,016E+11;16;3;22;1720;1;2;1;1;6;12;118, ANDRE MORIZET (AVEN;;;;920
2,016E+11;16;3;23;2110;5;2;1;1;3;12;51, JEAN JAURES (BOULEVA;;;;920
2,016E+11;16;3;23;915;1;2;1;1;5;12;8, GAMBETTA (RUE);;;;920
2,016E+11;16;3;24;1455;1;2;1;1;6;12;103, EDOUARD VAILLANT (A;;;;920
2,016E+11;16;3;27;710;2;2;1;2;6;12;130, JEAN JAURES (BOULEV;;;;920
2,016E+11;16;3;29;1300;1;2;1;1;6;12;52, DENFERT ROCHEREAU (R;;;;920
2,016E+11;16;3;31;1725;1;2;1;2;6;12;TILLEULS (RUE DES) 1/67;;;;920
2,016E+11;16;4;2;1945;1;2;1;2;3;12;48, MARCEL DASSAULT (RUE;;;;920
2,016E+11;16;4;3;1350;1;2;1;1;6;12;123, ANDRE MORIZET (AVEN;;;;920
2,016E+11;16;4;4;815;1;2;1;1;2;12;46, ALPHONSE LE GALLO (Q;;;;920
2,016E+11;16;4;6;1820;1;2;1;2;6;12;1, ALPHONSE LE GALLO (QU;;;;920
2,016E+11;16;4;8;1630;1;2;1;1;3;12;10, CHARLES DE GAULLE (A;;;;920
2,016E+11;16;4;9;1745;1;2;1;2;4;12;1, GEORGES GORSE (QUAI);;;;920
2,016E+11;16;4;11;2255;5;2;1;1;3;12;5, REPUBLIQUE (BOULEVARD;;;;920
2,016E+11;16;4;14;1805;1;2;1;1;6;12;16 BIS, JEAN JAURES (BOU;;;;920
2,016E+11;16;4;15;1715;1;2;1;1;2;12;19, QUATRE SEPTEMBRE (QU;;;;920
2,016E+11;16;4;18;1015;1;2;1;1;2;12;2/4, ANATOLE FRANCE (BOU;;;;920
2,016E+11;16;4;22;2245;5;2;1;1;3;12;103, GENERAL LECLERC (AV;;;;920
2,016E+11;16;4;24;1200;1;2;1;1;6;12;49, VICTOR HUGO (AVENUE);;;;920
2,016E+11;16;4;26;840;1;2;1;1;3;12;GENERAL LECLERC (AVENUE;;;;920
2,016E+11;16;4;27;935;1;2;1;1;7;12;100, ANDRE MORIZET (AVEN;;;;920
2,016E+11;16;4;29;455;5;2;1;1;6;12;233, GALLIENI (RUE) 55/1;;;;920
2,016E+11;16;4;30;1410;1;2;1;1;6;12;50, BONTEMPS (rue Marcel;;;;920
2,016E+11;16;5;4;1940;1;2;1;1;3;12;244, JEAN JAURES (BOULEV;;;;920
2,016E+11;16;5;4;1125;1;2;1;1;3;12;36, SEVRES (RUE DE) 1/55;;;;920
2,016E+11;16;5;7;1835;1;2;1;1;3;12;7, JEAN JAURES (BOULEVAR;;;;920
2,016E+11;16;5;8;2100;2;2;1;1;6;12;24, QUATRE SEPTEMBRE (QU;;;;920
2,016E+11;16;5;11;2240;5;2;1;1;4;12;1, WALLACE (PLACE);;;;920
2,016E+11;16;5;19;800;1;2;1;1;6;12;66, REINE (ROUTE DE LA);;;;920
2,016E+11;16;5;23;930;1;2;1;3;3;12;PIERRE GRENIER (AVENUE);;;;920
2,016E+11;16;5;24;1300;1;2;2;1;3;12;AGUESSEAU (RUE D') 1/89;;;;920
2,016E+11;16;5;26;2125;1;2;1;1;6;12;122, GENERAL LECLERC (AV;;;;920
2,016E+11;16;6;2;1000;1;2;1;1;2;12;17, GEORGES GORSE (QUAI);;;;920
2,016E+11;16;6;3;1900;1;2;1;1;3;12;87, PIERRE GRENIER (AVEN;;;;920
2,016E+11;16;6;4;1310;1;2;1;1;3;12;46, GEORGES GORSE (QUAI);;;;920
2,016E+11;16;6;6;1930;1;2;1;1;2;12;68, GALLIENI (RUE) 55/15;;;;920
2,016E+11;16;6;8;425;5;2;1;1;6;12;17/19, GENERAL LECLERC (;;;;920
2,016E+11;16;6;8;720;1;2;4;1;3;12;BILLANCOURT (RUE DE) 106;;;;920
2,016E+11;16;6;8;1110;1;2;1;1;2;12;10, QUATRE SEPTEMBRE (QU;;;;920
2,016E+11;16;6;11;1020;1;2;1;1;1;12;49, JEAN BAPTISTE CLEMEN;;;;920
2,016E+11;16;6;12;1550;1;2;1;1;6;12;1, PONT DE SEVRES (METRO;;;;920
2,016E+11;16;6;14;1835;1;2;1;1;3;12;21, ABONDANCES (RUE DES);;;;920
2,016E+11;16;6;16;1830;1;2;1;1;3;12;100, SEVRES (RUE DE) 55B;;;;920
2,016E+11;16;6;16;2000;1;2;1;1;6;12;9, ANATOLE FRANCE (BOULE;;;;920
2,016E+11;16;6;16;2230;5;2;1;1;6;12;79/81, REINE (ROUTE DE L;;;;920
2,016E+11;16;6;22;1040;1;2;1;1;6;12;14, MARECHAL DE LATTRE D;;;;920
2,016E+11;16;6;22;1530;1;2;1;1;3;12;122, REINE (ROUTE DE LA);;;;920
2,016E+11;16;6;23;1730;1;2;1;1;4;12;46, GEORGES GORSE (QUAI);;;;920
2,016E+11;16;6;23;1445;1;2;1;1;2;12;3, ANATOLE FRANCE (BOULE;;;;920
2,016E+11;16;6;29;1630;1;2;1;1;3;12;14, REPUBLIQUE (BOULEVAR;;;;920
2,016E+11;16;6;28;1715;1;2;1;1;6;12;47, VICTOR HUGO (AVENUE);;;;920
2,016E+11;16;6;30;1730;1;2;1;1;6;12;1, GEORGES GORSE (QUAI);;;;920
2,016E+11;16;7;4;755;1;2;1;1;3;12;133, BELLEVUE (RUE DE) 1;;;;920
2,016E+11;16;7;5;2240;2;2;1;1;6;12;84, REINE (ROUTE DE LA);;;;920
2,016E+11;16;7;6;1154;1;2;1;1;3;12;171, AGUESSEAU (RUE D');;;;920
2,016E+11;16;7;7;1005;1;2;1;1;3;12;1, PONT DE SEVRES (METRO;;;;920
2,016E+11;16;7;7;1130;1;2;1;1;6;12;1, ECOLES (PLACE DES);;;;920
2,016E+11;16;7;7;1340;1;2;1;1;4;12;26, GEORGES GORSE (QUAI);;;;920
2,016E+11;16;7;11;115;5;2;2;1;3;12;ANDRE MORIZET (AVENUE) 1;;;;920
2,016E+11;16;7;11;935;1;2;1;1;2;12;1, RHIN ET DANUBE (ROND;;;;920
2,016E+11;16;7;19;2050;1;2;1;1;2;12;196, VIEUX PONT DE SEVRE;;;;920
2,016E+11;16;7;20;2026;1;2;1;7;3;12;97/99, JEAN BAPTISTE CLE;;;;920
2,016E+11;16;7;21;1850;1;2;2;1;2;12;63, REPUBLIQUE (BOULEVAR;;;;920
2,016E+11;16;7;21;1900;1;2;1;1;2;12;33, ANDRE MORIZET (AVENU;;;;920
2,016E+11;16;7;24;1210;1;2;1;1;1;12;59, GEORGES GORSE (QUAI);;;;920
2,016E+11;16;7;26;1505;1;2;1;1;6;12;46, REINE (ROUTE DE LA);;;;920
2,016E+11;16;7;1;1153;1;2;1;1;2;12;88, JEAN BAPTISTE CLEMEN;;;;920
2,016E+11;16;7;28;1035;1;2;2;1;7;12;EDOUARD VAILLANT (AVENUE;;;;920
2,016E+11;16;7;28;1940;2;2;1;1;7;12;PONT DE BILLANCOURT (PLA;;;;920
2,016E+11;16;7;29;1830;1;2;1;1;6;12;122, GENERAL LECLERC (AV;;;;920
2,016E+11;16;7;31;2320;1;2;3;1;1;12;247, JEAN JAURES (BOULEV;;;;920
2,016E+11;16;8;1;1000;1;2;2;1;1;12;168, VIEUX PONT DE SEVRE;;;;920
2,016E+11;16;8;2;2040;2;2;1;2;1;12;118, JEAN BAPTISTE CLEME;;;;920
2,016E+11;16;8;4;940;1;2;1;7;6;12;577, GENERAL LECLERC (AV;;;;920
2,016E+11;16;8;8;1710;1;2;1;1;2;12;33, EDOUARD VAILLANT (AV;;;;920
2,016E+11;16;8;9;950;1;2;2;1;3;12;24, MORIZET/SOREL;;;;920
2,016E+11;16;8;14;1545;1;2;1;1;2;12;80, PIERRE GRENIER (AVEN;;;;920
2,016E+11;16;8;19;2030;2;2;1;1;2;12;70, GENERAL LECLERC (AVE;;;;920
2,016E+11;16;8;24;820;1;2;1;1;6;12;98, GALLIENI (RUE) 55/15;;;;920
2,016E+11;16;8;25;1215;1;2;2;1;3;12;23, JEAN JAURES (BOULEVA;;;;920
2,016E+11;16;8;26;1330;1;2;1;1;2;12;120, PARIS (RUE DE) 97BI;;;;920
2,016E+11;16;8;26;2100;1;2;1;1;6;12;37, PIERRE GRENIER (AVEN;;;;920
2,016E+11;16;8;28;2330;5;2;2;1;3;12;76, GALLIENI (RUE) 55/15;;;;920
2,016E+11;16;8;29;1140;1;2;1;1;6;12;231, JEAN JAURES (BOULEV;;;;920
2,016E+11;16;8;29;2230;5;2;1;1;2;12;83, EDOUARD VAILLANT (AV;;;;920
2,016E+11;16;8;30;930;1;2;1;1;6;12;27, ANDRE MORIZET (AVENU;;;;920
2,016E+11;16;8;30;1435;1;2;1;1;3;12;55, POINT DU JOUR (QUAI;;;;920
2,016E+11;16;9;2;1556;1;2;1;1;2;12;84, SEVRES (RUE DE) 55BI;;;;920
2,016E+11;16;9;5;855;1;2;2;2;7;12;1, REINE (ROUTE DE LA) 1;;;;920
2,016E+11;16;9;7;500;5;2;5;1;7;12;1, DENFERT ROCHEREAU (PL;;;;920
2,016E+11;16;9;10;1;5;2;2;1;7;12;REPUBLIQUE (BOULEVARD DE;;;;920
2,016E+11;16;9;10;2100;5;2;2;1;3;12;1, VIEUX PONT DE SEVRES;;;;920
2,016E+11;16;9;13;820;1;2;1;1;3;12;11, JEAN BAPTISTE CLEMEN;;;;920
2,016E+11;16;9;13;2318;5;2;1;1;3;12;5, GENERAL LECLERC (AVEN;;;;920
2,016E+11;16;9;14;920;1;2;1;1;3;12;60, GENERAL LECLERC (AVE;;;;920
2,016E+11;16;9;17;950;1;2;5;1;3;12;1, ANDRE MORIZET (AVENUE;;;;920
2,016E+11;16;9;19;1445;1;2;1;1;3;12;52, LONGS PRES (RUE DES);;;;920
2,016E+11;16;9;20;1025;1;2;1;1;3;12;39, REINE (ROUTE DE LA);;;;920
2,016E+11;16;9;22;2145;5;2;1;1;3;12;51, POINT DU JOUR (QUAI;;;;920
2,016E+11;16;9;23;935;1;2;1;1;3;12;9, AUTEUIL (BOULEVARD D';;;;920
2,016E+11;16;9;24;15;5;2;1;1;3;12;117, REINE (ROUTE DE LA);;;;920
2,016E+11;16;9;25;2243;5;2;1;1;6;12;2, ANATOLE FRANCE (BOULE;;;;920
2,016E+11;16;9;26;2015;2;2;1;1;3;12;24, ANDRE MORIZET (AVENU;;;;920
2,016E+11;16;9;28;1728;1;2;3;1;3;12;1, PONT DE SEVRES (METRO;;;;920
2,016E+11;16;9;29;900;1;2;1;1;5;12;26, ALPHONSE LE GALLO (Q;;;;920
2,016E+11;16;9;29;1555;1;2;1;1;3;12;78, VICTOR HUGO (AVENUE);;;;920
2,016E+11;16;10;3;1;5;2;1;1;6;12;86, GENERAL LECLERC (AVE;;;;920
2,016E+11;16;10;3;930;1;2;2;1;2;12;15, DENFERT ROCHEREAU (R;;;;920
2,016E+11;16;10;4;1630;1;2;1;1;2;12;160, PARIS (RUE DE) 97BI;;;;920
2,016E+11;16;10;4;1930;5;2;1;1;3;12;160, REINE (ROUTE DE LA);;;;920
2,016E+11;16;10;6;1210;1;2;1;1;5;12;120, ANDRE MORIZET (AVEN;;;;920
2,016E+11;16;10;8;15;5;2;1;1;6;12;66, GALLIENI (RUE) 55/15;;;;920
2,016E+11;16;10;8;1300;1;2;2;1;6;12;05, LE CORBUSIER (RUE);;;;920
2,016E+11;16;10;9;1705;1;2;1;1;3;12;01, GEORGES GORSE (QUAI);;;;920
2,016E+11;16;10;11;45;5;2;1;1;2;12;10, ALPHONSE LE GALLO (Q;;;;920
2,016E+11;16;10;11;1800;1;2;1;1;3;12;26, REPUBLIQUE (BOULEVAR;;;;920
2,016E+11;16;10;11;1825;1;2;1;1;6;12;23, SILLY (RUE DE) 1/87;;;;920
2,016E+11;16;10;12;840;1;2;1;1;5;12;68, GEORGES GORSE (QUAI);;;;920
2,016E+11;16;10;13;1630;1;2;1;1;5;12;36, SILLY (RUE DE) 1/87;;;;920
2,016E+11;16;10;17;1110;1;2;1;1;2;12;126, AGUESSEAU (RUE D');;;;920
2,016E+11;16;10;18;1750;1;2;1;1;6;12;128, REINE (ROUTE DE LA);;;;920
2,016E+11;16;10;19;1245;1;2;1;8;6;12;5, YVES KERMEN (RUE) 3/4;;;;920
2,016E+11;16;10;19;1510;1;2;1;8;3;12;126, PONT DE SEVRES (MET;;;;920
2,016E+11;16;10;20;845;1;2;1;1;3;12;18, POINT DU JOUR (QUAI;;;;920
2,016E+11;16;10;20;2035;5;2;1;1;3;12;19, REINE (ROUTE DE LA);;;;920
2,016E+11;16;10;21;1530;1;2;2;1;3;12;57, EDOUARD VAILLANT (AV;;;;920
2,016E+11;16;10;24;700;5;2;1;2;6;12;1, PONT DE SEVRES (ROND;;;;920
2,016E+11;16;10;24;930;1;2;2;2;3;12;147, JEAN JAURES (BOULEV;;;;920
2,016E+11;16;10;24;1630;1;2;1;1;6;12;96, JEAN JAURES (BOULEVA;;;;920
2,016E+11;16;10;27;1220;1;2;1;1;3;12;131, SILLY (RUE DE) 89/F;;;;920
2,016E+11;16;10;27;1235;1;2;1;1;6;12;242, JEAN JAURES (BOULEV;;;;920
2,016E+11;16;10;27;1330;1;2;2;1;3;12;31, GAMBETTA (RUE);;;;920
2,016E+11;16;10;27;1630;1;2;1;1;6;12;1, LIOT (RUE);;;;920
2,016E+11;16;10;28;1720;1;2;1;1;3;12;931, GEORGES GORSE (QUAI;;;;920
2,016E+11;16;11;1;1135;1;2;2;7;3;12;1, REINE (ROUTE DE LA) 1;;;;920
2,016E+11;16;11;1;110;1;2;7;1;3;12;1, MARCEL SEMBAT (PLACE);;;;920
2,016E+11;16;11;4;1810;5;2;1;2;6;12;133, SILLY (RUE DE) 89/F;;;;920
2,016E+11;16;11;4;2020;5;2;1;1;7;12;52, ALPHONSE LE GALLO (Q;;;;920
2,016E+11;16;11;5;1825;5;2;1;1;6;12;204, GENERAL LECLERC (AV;;;;920
2,016E+11;16;11;8;1230;1;2;1;1;6;12;245, JEAN JAURES (BOULEV;;;;920
2,016E+11;16;11;8;1945;5;2;1;1;2;12;62, REINE (ROUTE DE LA);;;;920
2,016E+11;16;11;8;2015;5;2;1;2;4;12;18, GENERAL LECLERC (AVE;;;;920
2,016E+11;16;11;9;920;1;2;1;2;6;12;20, REINE (ROUTE DE LA);;;;920
2,016E+11;16;11;10;1315;1;2;1;2;6;12;21, QUATRE SEPTEMBRE (QU;;;;920
2,016E+11;16;11;15;1713;5;2;1;2;6;12;100, GENERAL LECLERC (AV;;;;920
2,016E+11;16;11;18;2250;5;2;3;1;3;12;30, ALPHONSE LE GALLO (Q;;;;920
2,016E+11;16;11;19;645;5;2;1;1;3;12;15, QUATRE SEPTEMBRE (QU;;;;920
2,016E+11;16;11;19;1415;1;2;2;1;3;12;72, REPUBLIQUE (BOULEVAR;;;;920
2,016E+11;16;11;19;1745;5;2;1;1;6;12;28, ANDRE MORIZET (AVENU;;;;920
2,016E+11;16;11;24;1825;5;2;2;1;3;12;4, ANATOLE FRANCE (BOULE;;;;920
2,016E+11;16;11;30;1543;1;2;1;1;6;12;86, REINE (ROUTE DE LA);;;;920
2,016E+11;16;11;30;1920;5;2;1;1;2;12;122, GENERAL LECLERC (AV;;;;920
2,016E+11;16;11;14;920;1;2;1;1;6;12;01, PONT DE SEVRES (METR;;;;920
2,016E+11;16;12;2;730;5;2;1;1;3;12;49, GEORGES GORSE (QUAI);;;;920
2,016E+11;16;12;5;1315;1;2;1;1;7;12;3, PONT DE BILLANCOURT (;;;;920
2,016E+11;16;12;7;1550;1;2;1;1;3;12;38, GEORGES GORSE (QUAI);;;;920
2,016E+11;16;12;12;1830;5;2;1;2;6;12;2, SAUSSIERE (RUE DE LA);;;;920
2,016E+11;16;12;13;925;1;2;1;8;6;12;46, ANDRE MORIZET (AVENU;;;;920
2,016E+11;16;12;14;1600;1;2;3;1;3;12;701, GENERAL LECLERC (AV;;;;920
2,016E+11;16;12;15;730;2;2;6;1;6;12;1, RHIN ET DANUBE (ROND;;;;920
2,016E+11;16;12;15;1315;1;2;1;1;6;12;6, SEVRES (RUE DE) 1/55;;;;920
2,016E+11;16;12;18;1200;1;2;1;1;6;12;81, LES ENFANTS DU PARAD;;;;920
2,016E+11;16;12;20;720;5;2;1;1;6;12;251, JEAN JAURES (BOULEV;;;;920
2,016E+11;16;12;19;1200;1;2;3;1;5;12;angle, BELLEVUE (RUE DE);;;;920
2,016E+11;16;12;21;2035;5;2;2;2;3;12;VICTOR HUGO (AVENUE) DEB;;;;920
2,016E+11;16;1;4;1915;5;2;3;1;6;32;PANORAMA (ROUTE DU);;;;920
2,016E+11;16;1;11;748;2;2;2;2;3;71;5, QUATRES CHEMINS (AVEN;;;;920
2,016E+11;16;1;19;1150;1;2;3;1;3;32;LAVAUD JEAN (RUE);;;;920
2,016E+11;16;2;7;235;5;2;1;2;6;71;30, aVENUE JEAN PERRIN;;;;920
2,016E+11;16;2;9;850;1;2;3;2;6;32;1, FOCH MARECHAL (AVENUE;;;;920
2,016E+11;16;2;12;1815;2;2;1;8;6;32;2 BIS, LOMBARD (AVENUE);;;;920
2,016E+11;16;2;14;2100;5;2;3;2;6;19;DIVISION LECLERC (AVENUE;;;;920
2,016E+11;16;2;17;1320;1;2;2;1;7;19;52, LONGUET JEAN (rue);;;;920
2,016E+11;16;2;20;1500;1;2;1;1;3;71;10, AVENUE JEAN PERRIN;;;;920
2,016E+11;16;2;20;1815;2;2;2;1;3;32;LOMBARD (AVENUE);;;;920
2,016E+11;16;3;10;1920;5;2;3;1;3;71;LE NOTRE (AVENUE);;;;920
2,016E+11;16;4;12;1030;1;2;1;1;6;19;5, FRERES MONTGOLFIERS (;;;;920
2,016E+11;16;4;12;2310;5;2;3;1;3;19;LECLERC DIVISION (AVENUE;;;;920
2,016E+11;16;4;19;845;1;2;9;1;3;19;251, DIVISION LECLERC (A;;;;920
2,016E+11;16;4;24;300;5;2;1;1;7;19;BERGNEUSTADT (ROND POINT;;;;920
2,016E+11;16;5;4;1300;1;2;3;1;6;71;HONNEUR (ALLEE D');;;;920
2,016E+11;16;5;4;1630;1;2;2;1;6;19;295, DIVISION LECLERC (A;;;;920
2,016E+11;16;5;16;1915;1;2;6;1;3;19;LOUP PENDU CHEMIN);;;;920
2,016E+11;16;5;19;2134;1;2;1;1;6;19;57, DIVISION LECLERC (AV;;;;920
2,016E+11;16;5;31;2145;2;2;2;1;6;19;PRESSENCE FRANCIS (AVENU;;;;920
2,016E+11;16;6;3;1950;1;2;1;1;2;71;127, HOUDAN (RUE);;;;920
2,016E+11;16;7;10;2355;5;2;1;1;6;19;93, JAURES JEAN (RUE);;;;920
2,016E+11;16;7;16;1800;1;2;3;1;3;19;257, LECLERC DIVISION (A;;;;920
2,016E+11;16;8;28;330;5;2;3;1;6;71;HONNEUR (ALLEE D');;;;920
2,016E+11;16;9;5;1510;1;2;3;2;3;19;SINTES (RUE);;;;920
2,016E+11;16;9;8;825;1;2;3;1;3;19;QUATRE CHEMINS (AVENUE D;;;;920
2,016E+11;16;9;8;1815;1;2;6;1;3;19;DIVISION LECLERC (AVENUE;;;;920
2,016E+11;16;9;13;2110;5;2;1;1;2;32;19, LOMBARD (AVENUE);;;;920
2,016E+11;16;9;16;630;3;2;1;1;6;19;VALLEES (RUE DES);;;;920
2,016E+11;16;9;23;1855;1;2;1;1;3;19;5, CLEMENT JEAN BAPTISTE;;;;920
2,016E+11;16;10;4;700;2;2;2;1;3;32;BOUCICAUT (RUE);;;;920
2,016E+11;16;10;16;1330;1;2;2;1;3;32;SAINT SAUVEUR (RUE DES);;;;920
2,016E+11;16;10;25;2010;5;2;1;2;6;19;167, AULNAY (RUE);;;;920
2,016E+11;16;10;19;2300;5;2;1;1;2;19;368, DIVISION LECLERC (A;;;;920
2,016E+11;16;10;31;1840;5;2;1;1;6;32;9, BELLEVUE (RUE DE);;;;920
2,016E+11;16;11;4;1300;1;2;6;2;7;19;VIGNES (GRANDE VOIE DES);;;;920
2,016E+11;16;11;15;1200;1;2;9;1;2;71;10, LE NOTRE (AVENUE);;;;920
2,016E+11;16;11;22;1715;5;2;1;6;3;19;142, DIVISION LECLERC (A;;;;920
2,016E+11;16;11;19;1330;1;2;2;1;3;32;BOUCICAUT (RUE);;;;920
2,016E+11;16;11;19;1710;2;2;1;1;3;32;28, LOMBARD (AVENUE);;;;920
2,016E+11;16;11;25;1030;1;2;9;1;3;19;DIVISION LECLERC (AVENUE;;;;920
2,016E+11;16;11;27;1915;5;2;1;1;3;71;56 bis, CLEMENCEAU GEORG;;;;920
2,016E+11;16;12;1;1607;1;2;1;1;6;71;46, CAUCHY (AVENUE);;;;920
2,016E+11;16;12;14;1425;1;2;6;1;2;32;BLAGIS (CARREFOUR DES);;;;920
2,016E+11;16;12;17;1400;1;2;1;1;6;32;47, PELNARD JEAN NOEL (R;;;;920
2,016E+11;16;12;29;1805;5;2;1;1;6;19;183, DIVISION LECLERC (A;;;;920
2,016E+11;16;1;3;1700;5;2;1;2;5;23;CLAUD  TREBIGNAUD (AVENU;;;;920
2,016E+11;16;1;5;746;5;2;1;2;6;23;PORTE DE TRIVAUX (RUE DE;;;;920
2,016E+11;16;1;8;815;5;2;1;1;2;60;PAUL LANGEVIN (AVENUE) (;;;;920
2,016E+11;16;12;30;1805;5;2;2;2;3;23;0, GENERAL DE GAULLE (AV;;;;920
2,016E+11;16;12;31;650;5;2;1;4;7;60;136, RESISTANCE (AVENUE;;;;920
2,016E+11;16;1;8;2335;5;2;1;1;3;60;79, REPUBLIQUE (AVENUE D;;;;920
2,016E+11;16;1;15;1445;1;2;1;1;6;60;13, CHARLES DE GAULLE (A;;;;920
2,016E+11;16;1;20;1940;5;2;1;1;2;60;130, MALABRY (RUE DE);;;;920
2,016E+11;16;1;22;924;1;2;1;1;2;60;05, PAUL LANGEVIN (AVENU;;;;920
2,016E+11;16;1;22;1335;1;2;1;1;6;23;74, HENRI BARBUSSE (AVEN;;;;920
2,016E+11;16;2;3;2030;5;2;1;1;3;60;2, CHARLES DE GAULLE (AV;;;;920
2,016E+11;16;1;28;1805;3;2;1;1;6;60;CHARLES DE GAULLE (AVENU;;;;920
2,016E+11;16;2;9;1940;5;2;1;2;6;60;22, LEON BLUM (AVENUE) (;;;;920
2,016E+11;16;2;8;845;1;2;1;1;3;23;533, GENERAL DE GAULLE (;;;;920
2,016E+11;16;2;11;1205;1;2;1;2;3;23;07, VICTOR HUGO (AVENUE);;;;920
2,016E+11;16;2;11;2350;5;2;1;1;2;60;01, CHARLES DE GAULLE (A;;;;920
2,016E+11;16;2;24;825;1;2;1;1;3;23;65, GENERAL DE GAULLE (A;;;;920
2,016E+11;16;2;26;2353;5;2;1;1;3;23;185, VICTOR HUGO (AVENUE;;;;920
2,016E+11;16;2;12;1815;5;2;1;1;2;60;9, DESCARTES (AVENUE);;;;920
2,016E+11;16;2;14;550;5;2;1;1;6;60;20, LEON BLUM (AVENUE) (;;;;920
2,016E+11;16;2;17;1735;1;2;1;1;3;23;PETIT CLAMART (ROND POIN;;;;920
2,016E+11;16;2;19;1630;1;2;1;1;3;60;RESISTANCE (PLACE DE LA);;;;920
2,016E+11;16;2;26;2145;5;2;1;1;7;23;10, TABOISE (RUE);;;;920
2,016E+11;16;2;24;1520;1;2;2;2;7;23;447, GENERAL DE GAULLE (;;;;920
2,016E+11;16;3;8;900;2;2;1;1;6;23;PAIX (AVENUE DE LA);;;;920
2,016E+11;16;3;11;1215;1;2;2;1;3;23;GENERAL DE GAULLE (AV DU;;;;920
2,016E+11;16;3;14;745;1;2;1;1;2;23;139, FLEURY (RUE DE);;;;920
2,016E+11;16;3;14;1735;1;2;1;1;6;60;63bis, GENERAL LECLERC (;;;;920
2,016E+11;16;3;17;735;1;2;1;1;3;60;11, CHARLES DE GAULLE (A;;;;920
2,016E+11;16;3;18;1140;1;2;1;1;6;23;63, GENERAL DE GAULLE (A;;;;920
2,016E+11;16;3;23;1830;2;2;6;1;6;23;PETIT CLAMART (ROND POIN;;;;920
2,016E+11;16;3;26;940;1;2;1;1;6;23;PRESIDENT ROOSEVELT (RUE;;;;920
2,016E+11;16;3;29;910;1;2;1;1;3;23;18, HENRI BARBUSSE (AVEN;;;;920
2,016E+11;16;3;31;1315;1;2;1;1;1;23;9, BIEVRES (RUE DE);;;;920
2,016E+11;16;3;31;1915;1;2;1;1;6;23;233, GENERAL DE GAULLE (;;;;920
2,016E+11;16;4;4;1941;1;2;1;1;6;23;28, CHAMPAGNE (RUE);;;;920
2,016E+11;16;4;6;1440;1;2;1;1;3;23;174, HENRI BARBUSSE (AVE;;;;920
2,016E+11;16;4;7;1917;1;2;1;1;2;23;5, JEAN BAPTISTE CLEMENT;;;;920
2,016E+11;16;4;12;1930;2;2;3;1;6;23;01, PORTE DE TRIVAUX (RU;;;;920
2,016E+11;16;4;15;1915;1;2;1;1;2;23;350, GENERAL DE GAULLE (;;;;920
2,016E+11;16;4;18;2010;1;2;1;1;2;23;22, HENRI BARBUSSE (AVEN;;;;920
2,016E+11;16;4;28;1620;1;2;1;1;6;23;78, PAVE BLANC (ROUTE DU;;;;920
2,016E+11;16;4;26;1850;1;2;1;1;6;23;PORTE DE TRIVAUX (RUE DE;;;;920
2,016E+11;16;7;3;1616;1;2;1;2;6;23;01, AQUITAINE (AVENUE D';;;;920
2,016E+11;16;5;13;2300;5;2;6;1;7;23;0, EUGENE BEAUJARD (CARR;;;;920
2,016E+11;16;5;22;1435;1;2;1;3;1;23;192, HENRI BARBUSSE (AVE;;;;920
2,016E+11;16;5;21;1235;1;2;1;1;6;23;14, VANVES (RUE DE);;;;920
2,016E+11;16;5;22;1850;1;2;6;1;6;60;01, PAUL LANGEVIN (AVENU;;;;920
2,016E+11;16;5;19;1810;1;2;1;1;7;60;RESISTANCE (AVENUE DE LA;;;;920
2,016E+11;16;5;28;1450;1;2;1;3;6;23;10, PIERRE BAUDRY (RUE);;;;920
2,016E+11;16;5;31;2025;2;2;8;2;6;23;0, GENERAL DE GAULLE (AV;;;;920
2,016E+11;16;6;1;923;1;2;1;3;7;23;0, MARQUIS (PLACE) N°1 E;;;;920
2,016E+11;16;6;4;2235;5;2;1;1;3;23;165, JEAN JAURES (AVENUE;;;;920
2,016E+11;16;5;6;1910;1;2;1;1;2;60;0, ALLIES (PLACE DES);;;;920
2,016E+11;16;6;6;1910;1;2;1;1;2;23;38, MEUDON (RUE DE);;;;920
2,016E+11;16;5;9;820;1;2;1;1;1;23;146, HENRI BARBUSSE (AVE;;;;920
2,016E+11;16;6;10;110;5;2;1;1;4;23;CLAUDE TREBIGNAUD (AVENU;;;;920
2,016E+11;16;6;10;2350;5;2;1;1;7;60;07, LEON BLUM (AVENUE) (;;;;920
2,016E+11;16;6;10;925;1;2;1;1;6;60;78, CHARLES DE GAULLE (A;;;;920
2,016E+11;16;6;14;1930;1;2;1;1;6;23;21, PARC (RUE DU);;;;920
2,016E+11;16;6;20;1530;1;2;1;2;6;23;GENERAL DE GAULLE (AVENU;;;;920
2,016E+11;16;6;23;915;1;2;1;1;2;23;0, CLAUDE TREBIGNAUD (AV;;;;920
2,016E+11;16;7;3;1830;1;2;1;3;7;23;154, HENRI BARBUSSE (AVE;;;;920
2,016E+11;16;5;30;1555;1;2;1;3;7;23;0, CHATILLON (RUE DE);;;;920
2,016E+11;16;7;5;1720;1;2;1;1;3;23;MEUDON (RUE DE);;;;920
2,016E+11;16;7;7;2345;5;2;1;1;3;23;157, GENERAL DE GAULLE (;;;;920
2,016E+11;16;7;9;1900;1;2;1;1;3;60;70, CHARLES DE GAULLE (A;;;;920
2,016E+11;16;7;18;1020;1;2;1;1;2;60;90, CHARLES DE GAULLE (A;;;;920
2,016E+11;16;7;19;1040;1;2;1;1;2;23;01, CLAUDE TREBIGNAUD (A;;;;920
2,016E+11;16;7;23;35;5;2;2;1;3;23;0, GENERAL DE GAULLE (AV;;;;920
2,016E+11;16;7;28;900;1;2;1;2;7;23;0, GARDE (PLACE DU) S101;;;;920
2,016E+11;16;7;28;1845;1;2;4;1;3;60;0, PAUL LANGEVIN (AVENUE;;;;920
2,016E+11;16;8;1;1705;1;2;1;1;7;23;PORTE DE TRIVAUX (RUE DE;;;;920
2,016E+11;16;8;1;1855;1;2;1;1;2;60;01, RESISTANCE (PLACE DE;;;;920
2,016E+11;16;8;3;1845;1;2;1;1;3;23;55, HENRI BARBUSSE (AVEN;;;;920
2,016E+11;16;8;16;1230;1;2;6;1;7;23;0, TRIVAUX (CARREFOUR DE;;;;920
2,016E+11;16;8;18;1920;1;2;1;2;4;23;287, GENERAL DE GAULLE (;;;;920
2,016E+11;16;8;21;2020;1;2;1;1;6;60;1, PIERRE D'ARTAGNAN (RU;;;;920
2,016E+11;16;8;22;1745;1;2;1;1;2;23;340, GENERAL DE GAULLE (;;;;920
2,016E+11;16;8;28;240;4;2;1;1;7;23;0, PETIT CLAMART (ROND P;;;;920
2,016E+11;16;8;31;900;1;2;1;1;6;23;0, CLAUDE TREBIGNAUD (AV;;;;920
2,016E+11;16;8;26;1130;1;2;1;1;2;23;202, JEAN JAURES (AVENUE;;;;920