Num_Acc;an;mois;jour;hrmn;lum;agg;int;atm;col;com;adr;gps;lat;long;dep
2,016E+11;16;1;26;820;1;2;1;1;3;51;75, GENERAL KOENIG (BOUL;;;;920
2,016E+11;16;1;14;1430;1;2;1;3;6;51;02BIS, DELEAU (RUE);;;;920
2,016E+11;16;2;1;825;1;2;1;1;6;51;96, BINEAU (BOULEVARD, N;;;;920
2,016E+11;16;1;30;1535;1;2;1;3;6;51;219, CHARLES DE GAULLE (;;;;920
2,016E+11;16;2;10;1245;1;2;1;1;3;51;BD DU GENERAL LECLERC;;;;920
2,016E+11;16;2;12;1000;1;2;1;2;2;51;CHARLES DE GAULLE (AVENU;;;;920
2,016E+11;16;2;17;1625;1;2;1;1;7;51;79, ROULE (AVENUE DU, N°;;;;920
2,016E+11;16;2;11;1515;1;2;1;8;6;51;24, MAILLOT (BOULEVARD);;;;920
2,016E+11;16;1;14;1900;5;2;1;2;6;51;37bis, VILLIERS (RUE DE,;;;;920
2,016E+11;16;2;19;1705;1;2;1;1;2;51;156, BINEAU (BOULEVARD,;;;;920
2,016E+11;16;2;12;930;1;2;1;2;3;51;36, GENERAL LECLERC (BOU;;;;920
2,016E+11;16;2;18;930;1;2;1;1;2;51;54, GENERAL KOENIG (BOUL;;;;920
2,016E+11;16;2;27;20;5;2;2;1;3;51;95, CHARLES DE GAULLE (A;;;;920
2,016E+11;16;3;1;1625;1;2;6;3;6;51;ROULE/MICHELIS;;;;920
2,016E+11;16;3;4;2025;5;2;2;3;3;51;27, FERME (RUE DE LA);;;;920
2,016E+11;16;3;8;935;1;2;1;1;6;51;2, CHATEAU (RUE DU);;;;920
2,016E+11;16;3;9;745;1;2;2;2;3;51;157, BINEAU (BOULEVARD,;;;;920
2,016E+11;16;3;17;1445;1;2;2;1;6;51;JEAN MERMOZ (BOULEVARD,;;;;920
2,016E+11;16;3;18;1310;1;2;1;1;6;51;15, CHEZY (RUE DE , N°14;;;;920
2,016E+11;16;3;20;1620;1;2;1;1;2;51;100, BD BINEAU;;;;920
2,016E+11;16;3;16;2050;5;2;1;1;6;51;21, VICTOR HUGO (BOULEVA;;;;920
2,016E+11;16;4;3;2245;5;2;3;2;3;51;VICTOR HUGO (BOULEVARD,;;;;920
2,016E+11;16;4;4;1600;1;2;2;1;6;51;BINEAU (BOULEVARD, N°133;;;;920
2,016E+11;16;4;5;1300;1;2;1;1;6;51;79, VILLIERS (RUE DE, N°;;;;920
2,016E+11;16;4;6;1050;1;2;1;1;6;51;25, BOIS DE BOULOGNE (RU;;;;920
2,016E+11;16;4;6;2310;5;2;2;1;3;51;62, MAURICE BARRES (BOUL;;;;920
2,016E+11;16;4;4;1545;1;2;1;1;5;51;60, BINEAU (BOULEVARD, N;;;;920
2,016E+11;16;4;13;240;5;2;1;1;3;51;70, CHARLES DE GAULLE (A;;;;920
2,016E+11;16;3;30;1730;1;2;1;2;6;51;51, MADELEINE MICHELIS (;;;;920
2,016E+11;16;4;10;2230;5;2;1;1;6;51;37bis, VILLIERS (RUE DE,;;;;920
2,016E+11;16;4;25;940;1;2;1;1;2;51;44, CHARLES DE GAULLE (A;;;;920
2,016E+11;16;4;25;940;1;2;1;1;2;51;44, CHARLES DE GAULLE (A;;;;920
2,016E+11;16;4;11;2015;2;2;1;1;3;51;100, ACHILLE PERETTI (AV;;;;920
2,016E+11;16;4;15;1316;1;2;1;1;6;51;59, PERRONET (RUE, N°1 A;;;;920
2,016E+11;16;4;19;2130;5;2;1;1;2;51;61-63, BINEAU (BOULEVARD;;;;920
2,016E+11;16;5;4;45;5;2;1;1;6;51;131, GENERAL KOENIG (BOU;;;;920
2,016E+11;16;5;6;650;1;2;3;1;3;51;06, GENERAL LECLERC (BOU;;;;920
2,016E+11;16;5;2;940;1;2;1;1;3;51;71, BINEAU (BOULEVARD, N;;;;920
2,016E+11;16;4;26;2150;5;2;2;1;3;51;22, JEAN MERMOZ (BOULEVA;;;;920
2,016E+11;16;3;29;1920;1;2;1;2;5;51;102, CHARLES DE GAULLE (;;;;920
2,016E+11;16;5;19;205;5;2;1;3;2;51;102, CHARLES DE GAULLE (;;;;920
2,016E+11;16;5;19;1005;1;2;2;2;3;51;133, BINEAU (BOULEVARD,;;;;920
2,016E+11;16;5;19;1905;1;2;1;1;2;51;93, ACHILLE PERETTI (AVE;;;;920
2,016E+11;16;5;24;1250;1;2;1;1;2;51;99, CHARLES DE GAULLE (A;;;;920
2,016E+11;16;5;13;925;1;2;1;8;6;51;36, CHARLES DE GAULLE (A;;;;920
2,016E+11;16;5;8;2320;5;2;1;1;3;51;68, BOURDON (BOULEVARD);;;;920
2,016E+11;16;4;27;1145;1;2;1;2;6;51;2, MARCHE (PLACE DU);;;;920
2,016E+11;16;6;2;815;1;2;1;2;5;51;47, GENERAL LECLERC (BOU;;;;920
2,016E+11;16;6;2;1400;1;2;3;8;6;51;33, VICTOR HUGO (BOULEVA;;;;920
2,016E+11;16;6;10;945;1;2;2;1;3;51;17, SAUSSAYE (BOULEVARD;;;;920
2,016E+11;16;6;14;1920;1;2;2;2;6;51;118, CHARLES DE GAULLE (;;;;920
2,016E+11;16;6;19;424;5;2;1;1;6;51;9, CHAUVEAU (RUE, N°1 A;;;;920
2,016E+11;16;6;21;1745;1;2;1;8;2;51;12, GENERAL KOENIG (BOUL;;;;920
2,016E+11;16;6;23;950;1;2;1;1;6;51;2, CHATEAU (RUE DU);;;;920
2,016E+11;16;5;3;1440;1;2;1;1;3;51;149, CHARLES DE GAULLE (;;;;920
2,016E+11;16;5;3;1610;1;2;1;1;3;51;116, CHARLES DE GAULLE (;;;;920
2,016E+11;16;5;4;1000;1;2;1;1;2;51;54, BINEAU (BOULEVARD, N;;;;920
2,016E+11;16;5;12;1710;1;2;3;1;6;51;58, MADELEINE MICHELIS (;;;;920
2,016E+11;16;6;28;1435;1;2;1;1;6;51;20, EDOUARD NORTIER (RUE;;;;920
2,016E+11;16;6;25;1145;1;2;1;1;3;51;81, CHEZY (RUE DE, N° 21;;;;920
2,016E+11;16;7;2;225;5;2;1;1;6;51;, BINEAU (BOULEVARD, N°1;;;;920
2,016E+11;16;7;6;756;1;2;1;1;6;51;70, CHARLES DE GAULLE (A;;;;920
2,016E+11;16;7;8;820;5;2;1;1;2;51;110, CHARLES DE GAULLE (;;;;920
2,016E+11;16;7;12;1250;1;2;3;1;3;51;21, RICHARD WALLACE (BOU;;;;920
2,016E+11;16;7;8;2050;1;2;1;1;3;51;41, VICTOR HUGO (BOULEVA;;;;920
2,016E+11;16;7;20;155;5;2;1;1;2;51;71, CHARLES DE GAULLE (A;;;;920
2,016E+11;16;5;21;1100;1;2;1;1;3;51;16, ORLEANS (RUE D', N°;;;;920
2,016E+11;16;5;31;915;1;2;3;3;3;51;59, SAUSSAYE (BOULEVARD;;;;920
2,016E+11;16;7;23;2000;1;2;2;1;6;51;10, MADRID (AVENUE DE);;;;920
2,016E+11;16;7;26;1740;1;2;6;1;6;51;27 bis, MADELEINE MICHEL;;;;920
2,016E+11;16;8;14;1740;1;2;1;7;6;51;GENERAL LECLERC (BOULEVA;;;;920
2,016E+11;16;8;14;2300;5;2;1;1;3;51;31, COMMANDANT CHARCOT (;;;;920
2,016E+11;16;8;24;1520;1;2;1;7;6;51;41, GENERAL LECLERC (BOU;;;;920
2,016E+11;16;9;2;115;5;2;2;1;6;51;101, CHARLES DE GAULLE (;;;;920
2,016E+11;16;6;16;2010;1;2;1;1;2;51;119, ACHILLE PERETTI (AV;;;;920
2,016E+11;16;6;17;1400;1;2;3;1;3;51;36, VICTOR HUGO (BOULEVA;;;;920
2,016E+11;16;6;19;2200;5;2;3;1;3;51;77, ROULE (AVENUE DU, N°;;;;920
2,016E+11;16;7;20;1405;1;2;1;1;6;51;44, CHARLES DE GAULLE (A;;;;920
2,016E+11;16;7;28;440;5;2;2;2;6;51;56, BINEAU (BOULEVARD, N;;;;920
2,016E+11;16;8;2;635;1;2;1;2;5;51;44, CHARLES DE GAULLE (A;;;;920
2,016E+11;16;8;12;1230;1;2;1;1;6;51;168, CHARLES DE GAULLE (;;;;920
2,016E+11;16;9;11;250;5;2;1;1;2;51;167, CHARLES DE GAULLE (;;;;920
2,016E+11;16;8;17;1915;1;2;1;1;4;51;36, GENERAL LECLERC (BOU;;;;920
2,016E+11;16;8;2;930;1;2;1;2;7;51;99, CHARLES DE GAULLE (A;;;;920
2,016E+11;16;9;8;1100;1;2;1;1;6;51;197, CHARLES DE GAULLE (;;;;920
2,016E+11;16;9;18;1950;5;2;1;2;5;51;14, VITAL-BOUHOT (BOULEV;;;;920
2,016E+11;16;9;29;30;5;2;1;1;2;51;188, CHARLES DE GAULLE (;;;;920
2,016E+11;16;10;4;934;1;2;1;1;6;51;51, VILLIERS (RUE DE, N°;;;;920
2,016E+11;16;9;25;2225;5;2;4;1;3;51;8, GENERAL HENRION-BERTI;;;;920
2,016E+11;16;9;27;1215;1;2;1;1;2;51;192, CHARLES DE GAULLE (;;;;920
2,016E+11;16;9;28;750;1;2;1;1;6;51;53, VILLIERS (RUE DE, N°;;;;920
2,016E+11;16;9;30;1640;1;2;1;2;3;51;62, CHARLES DE GAULLE (A;;;;920
2,016E+11;16;9;13;1130;1;2;1;1;6;51;29, VICTOR HUGO (BOULEVA;;;;920
2,016E+11;16;10;19;535;5;2;1;1;6;51;81, PERRONET (RUE, N°1 A;;;;920
2,016E+11;16;9;4;2030;1;2;1;1;3;51;42, VICTOR HUGO (BOULEVA;;;;920
2,016E+11;16;11;1;115;5;2;1;1;2;51;116, CHARLES DE GAULLE (;;;;920
2,016E+11;16;10;30;1145;1;2;1;1;3;51;218, COURBEVOIE (PONT DE;;;;920
2,016E+11;16;11;9;1850;5;2;1;1;6;51;110, CHARLES DE GAULLE (;;;;920
2,016E+11;16;11;11;200;5;2;1;2;2;51;123, GENERAL KOENIG (BOU;;;;920
2,016E+11;16;11;8;1725;5;2;1;1;6;51;79, ROULE (AVENUE DU, N°;;;;920
2,016E+11;16;11;13;645;5;2;1;2;6;51;44, CHARLES DE GAULLE (A;;;;920
2,016E+11;16;11;2;1350;1;2;1;1;2;51;44, VICTOR HUGO (BOULEVA;;;;920
2,016E+11;16;11;18;1750;5;2;9;1;3;51;105, CHARLES DE GAULLE (;;;;920
2,016E+11;16;12;3;1445;1;2;1;1;6;51;75, CHARLES DE GAULLE (A;;;;920
2,016E+11;16;11;24;1215;1;2;1;9;3;51;95, CHARLES DE GAULLE (A;;;;920
2,016E+11;16;10;4;2010;5;2;1;1;3;51;48, MAURICE BARRES (BOUL;;;;920
2,016E+11;16;10;15;1815;2;2;1;1;6;51;80, PERRONET (RUE, N°1 A;;;;920
2,016E+11;16;10;16;1550;1;2;1;1;6;51;18, CHARTRES (RUE DE );;;;920
2,016E+11;16;12;24;600;5;2;1;1;2;51;172, CHARLES DE GAULLE (;;;;920
2,016E+11;16;1;2;1950;5;2;3;1;3;62;16, DE DION BOUTON (QUAI;;;;920
2,016E+11;16;1;15;1817;5;2;3;1;3;62;12, PUTEAUX (PONT DE);;;;920
2,016E+11;16;1;16;1720;5;2;1;1;3;62;159, PDT WILSON (Avenue);;;;920
2,016E+11;16;1;22;855;2;2;1;1;5;62;19, WALLACE (BD RICHARD);;;;920
2,016E+11;16;1;22;850;1;2;3;8;3;62;111, BERGERES (RD-PT DES;;;;920
2,016E+11;16;1;22;1730;2;2;1;8;5;62;119, BERGERES (RD-PT DES;;;;920
2,016E+11;16;12;29;1620;2;2;3;1;6;62;0, CHENU  (RUE CHARLES);;;;920
2,016E+11;16;2;17;340;5;2;3;1;7;62;102, REPUBLIQUE (RUE DE;;;;920
2,016E+11;16;2;22;1230;1;2;1;1;3;62;16, FUSILLES DE LA RESIS;;;;920
2,016E+11;16;2;22;1415;1;2;1;1;6;62;01, FONTAINES (RUE DES);;;;920
2,016E+11;16;2;28;1520;1;2;3;1;2;62;17, WALLACE (BD RICHARD);;;;920
2,016E+11;16;3;1;30;5;2;3;1;6;62;48, GENERAL DE GAULLE (A;;;;920
2,016E+11;16;3;7;1928;5;2;1;2;5;62;34, DE DION BOUTON (QUAI;;;;920
2,016E+11;16;3;9;15;5;2;3;1;7;62;PUTEAUX (PONT DE);;;;920
2,016E+11;16;3;12;750;2;2;1;1;6;62;3, CARTAULT (RUE);;;;920
2,016E+11;16;3;21;2030;5;2;1;1;3;62;39, ROUSSELLE (RUE);;;;920
2,016E+11;16;3;30;1825;2;2;3;3;3;62;30, WALLACE (BD RICHARD);;;;920
2,016E+11;16;4;1;1900;5;2;1;1;6;62;10, PALISSY (RUE BERNARD;;;;920
2,016E+11;16;4;5;1905;1;2;3;1;3;62;69, GENERAL DE GAULLE (A;;;;920
2,016E+11;16;4;8;1810;1;2;3;2;3;62;DE DION BOUTON (QUAI) DU;;;;920
2,016E+11;16;4;9;2000;2;2;3;2;3;62;1, CHANTE COQ (RUE);;;;920
2,016E+11;16;4;13;1600;1;2;3;1;6;62;69, GENERAL DE GAULLE (A;;;;920
2,016E+11;16;4;15;1940;2;2;1;1;3;62;26, DE DION BOUTON (QUAI;;;;920
2,016E+11;16;4;21;1710;1;2;3;8;3;62;44, GENERAL DE GAULLE (A;;;;920
2,016E+11;16;4;18;1830;1;2;1;8;6;62;106, REPUBLIQUE (RUE DE;;;;920
2,016E+11;16;4;28;920;1;2;1;1;5;62;40, DE DION BOUTON (QUAI;;;;920
2,016E+11;16;5;17;900;1;2;3;1;6;62;102, REPUBLIQUE (RUE DE;;;;920
2,016E+11;16;5;14;1430;1;2;3;1;3;62;12, MOULIN (RUE);;;;920
2,016E+11;16;5;20;1910;1;2;3;1;6;62;1, GERHARD (RUE) DU 1 AU;;;;920
2,016E+11;16;5;22;710;2;2;1;2;6;62;90, CONTRE ALLEE GENERAL;;;;920
2,016E+11;16;5;24;1640;1;2;3;8;7;62;44, GENERAL DE GAULLE (A;;;;920
2,016E+11;16;6;7;1000;1;2;1;1;2;62;DE DION BOUTON (QUAI) DU;;;;920
2,016E+11;16;6;9;1605;1;2;2;1;5;62;0, JAURES (RUE JEAN) DU;;;;920
2,016E+11;16;6;16;1527;1;2;1;1;6;62;102, REPUBLIQUE (RUE DE;;;;920
2,016E+11;16;6;19;1230;1;2;1;1;2;62;60, GENERAL DE GAULLE (A;;;;920
2,016E+11;16;6;23;1352;1;2;3;1;2;62;GENERAL DE GAULLE (AV) D;;;;920
2,016E+11;16;6;24;1645;1;2;3;1;6;62;29, DE DION BOUTON (QUAI;;;;920
2,016E+11;16;7;6;2000;1;2;6;1;2;62;WILSON/DE GAULLE;;;;920
2,016E+11;16;7;7;1000;1;2;3;7;2;62;DEDION BOUTON/PARMENTIER;;;;920
2,016E+11;16;7;8;2045;1;2;3;1;3;62;FUSILLES RESISTANC/CURIE;;;;920
2,016E+11;16;7;12;1520;1;2;1;2;7;62;QU DE DION BOUTON;;;;920
2,016E+11;16;7;14;2005;2;2;2;1;2;62;FRANCE/REPUBLIQUE;;;;920
2,016E+11;16;8;31;1915;1;2;1;1;4;62;6, BELLINI (RUE);;;;920
2,016E+11;16;9;1;1540;1;2;9;1;7;62;1, HOCHE (RUE);;;;920
2,016E+11;16;9;5;930;1;2;1;2;2;62;38, DE DION BOUTON (QUAI;;;;920
2,016E+11;16;9;21;1140;1;2;2;1;6;62;JAURES (RUE JEAN) DU 165;;;;920
2,016E+11;16;9;28;1315;1;2;3;1;2;62;DE GAULLE/BERTHELOT;;;;920
2,016E+11;16;10;8;2010;5;2;2;1;6;62;00, PITOIS (RUE);;;;920
2,016E+11;16;10;9;2030;5;2;1;1;2;62;55, DE DION BOUTON (QUAI;;;;920
2,016E+11;16;10;11;1810;1;2;2;1;2;62;BLUM (SQUARE LEON);;;;920
2,016E+11;16;10;19;1515;1;2;1;2;2;62;83, DE DION BOUTON (QUAI;;;;920
2,016E+11;16;10;20;2045;4;2;1;2;7;62;145, REPUBLIQUE (RUE DE;;;;920
2,016E+11;16;10;29;2130;5;2;1;1;6;62;PAVILLONS (RUE DES);;;;920
2,016E+11;16;6;28;820;1;2;1;1;2;62;PONT DE PUTEAUX;;;;920
2,016E+11;16;11;16;1030;1;2;3;1;3;62;1, LAFARGUES (RUE PAUL);;;;920
2,016E+11;16;11;17;1017;1;1;1;1;6;62;143, REPUBLIQUE (RUE DE;;;;920
2,016E+11;16;11;19;1650;2;2;1;2;2;62;52-54, DE DION BOUTON (Q;;;;920
2,016E+11;16;12;14;1900;5;2;3;1;3;62;FRANCE/MONTAIGNE;;;;920
2,016E+11;16;1;1;1430;1;2;3;1;3;63;****, COLMAR (AVENUE DE);;;;920
2,016E+11;16;1;13;1725;2;2;1;1;7;63;09, BELIN (AVENUE EDOUAR;;;;920
2,016E+11;16;1;13;1730;2;2;1;1;7;63;198, DOUMER (AVENUE PAUL;;;;920
2,016E+11;16;1;15;1555;1;2;1;1;6;63;37, FOND LOUVET (RUE DU);;;;920
2,016E+11;16;1;16;1735;2;2;1;1;6;63;43, RICHELIEU (BOULEVARD;;;;920
2,016E+11;16;1;20;2010;5;2;3;1;3;63;****, CARREY DE BELLEMAR;;;;920
2,016E+11;16;1;21;2025;5;2;3;1;2;63;****, FOUILLEUSE (AVENUE;;;;920
2,016E+11;16;1;28;1750;2;2;1;1;6;63;18, MAUREPAS (RUE DE);;;;920
2,016E+11;16;2;3;1830;5;2;1;1;4;63;****, CHATOU (PONT DE);;;;920
2,016E+11;16;2;10;930;1;2;1;1;3;63;21, RICHELIEU (BOULEVARD;;;;920
2,016E+11;16;2;10;1015;1;2;2;1;2;63;****, JUIN (AVENUE DU MA;;;;920
2,016E+11;16;2;11;1513;1;2;1;3;6;63;****, HABY SOMMER (RUE);;;;920
2,016E+11;16;2;11;1520;1;2;1;1;2;63;****, CHATOU (PONT DE);;;;920
2,016E+11;16;2;12;855;1;2;1;1;7;63;14, MAUREPAS (RUE DE);;;;920
2,016E+11;16;2;12;1425;1;2;3;2;2;63;181, DIX-HUIT JUIN 1940;;;;920
2,016E+11;16;2;19;1925;5;2;2;1;3;63;****, LIBERATION (RUE DE;;;;920
2,016E+11;16;2;25;1145;1;2;1;1;6;63;51, RICHELIEU (BOULEVARD;;;;920
2,016E+11;16;3;2;1745;1;2;5;2;7;63;****, JUIN (AVENUE DU MA;;;;920
2,016E+11;16;3;7;1720;1;2;1;1;6;63;29, GALLIENI (RUE);;;;920
2,016E+11;16;3;8;820;1;2;6;1;3;63;145, MONTBRISON (RUE DU;;;;920
2,016E+11;16;3;13;1450;1;2;1;1;7;63;318, BONAPARTE (AVENUE N;;;;920
2,016E+11;16;3;20;1212;1;2;2;1;3;63;****, DIX-HUIT JUIN 1940;;;;920
2,016E+11;16;3;21;1325;1;2;1;1;6;63;14, ALBERT 1ER (AVENUE);;;;920
2,016E+11;16;3;23;2010;2;2;2;1;3;63;****, DIX-HUIT JUIN 1940;;;;920
2,016E+11;16;3;24;740;2;2;3;1;7;63;****, BUZENVAL (AVENUE D;;;;920
2,016E+11;16;3;30;1250;1;2;1;2;6;63;****, COLMAR (AVENUE DE);;;;920
2,016E+11;16;4;4;1510;1;2;2;1;1;63;****, COLMAR (AVENUE DE);;;;920
2,016E+11;16;4;11;1230;1;2;1;2;6;63;01, MAUREPAS (RUE DE);;;;920
2,016E+11;16;4;11;1635;1;2;2;1;6;63;****, ESTIENNE D'ORVES (;;;;920
2,016E+11;16;4;12;1240;1;2;3;1;6;63;01, HERVET (RUE);;;;920
2,016E+11;16;4;14;1005;1;2;3;1;3;63;****, PEREIRE (RUE);;;;920
2,016E+11;16;4;16;2015;2;2;1;1;6;63;30, BUFFON (RUE);;;;920
2,016E+11;16;4;18;1715;1;2;1;1;3;63;****, JACQUOT (RUE DU CO;;;;920
2,016E+11;16;4;22;1645;1;2;1;1;6;63;****, GALLIENI (RUE);;;;920
2,016E+11;16;4;24;730;1;2;1;1;7;63;24, LECLERC DE HAUTECLOQ;;;;920
2,016E+11;16;4;27;1830;1;2;1;8;3;63;58, EMPEREUR (ROUTE DE L;;;;920
2,016E+11;16;5;1;2020;1;2;3;1;3;63;****, DRIANT (RUE DU LIE;;;;920
2,016E+11;16;5;3;1600;1;2;1;1;6;63;03, DEUX GARES (RUE DES);;;;920
2,016E+11;16;5;5;1910;1;2;6;1;3;63;****, RICHELIEU (PLACE);;;;920
2,016E+11;16;5;9;1040;1;2;3;1;6;63;****, RICHELIEU (BOULEVA;;;;920
2,016E+11;16;5;18;1530;1;2;1;1;3;63;344, BONAPARTE (AVENUE N;;;;920
2,016E+11;16;5;24;805;1;2;1;1;2;63;****, CHATOU (PONT DE);;;;920
2,016E+11;16;5;25;1715;1;2;1;1;6;63;14 BIS, GOURLIS (RUE DES;;;;920
2,016E+11;16;5;25;2150;2;2;2;1;3;63;****, MONT VALERIEN (AVE;;;;920
2,016E+11;16;6;3;1835;1;2;3;1;1;63;****, RICHELIEU (BOULEVA;;;;920
2,016E+11;16;6;4;2020;1;2;1;1;6;63;03, NEVEU (RUE AUGUSTE);;;;920
2,016E+11;16;6;8;1145;1;2;1;1;6;63;****, EUROPE (PLACE DE L;;;;920
2,016E+11;16;6;11;2200;5;2;1;1;3;63;152, DOUMER (AVENUE PAUL;;;;920
2,016E+11;16;6;16;1840;1;2;1;2;7;63;17, DANTON (RUE);;;;920
2,016E+11;16;6;25;1220;1;2;2;1;3;63;****, COLMAR (AVENUE DE);;;;920
2,016E+11;16;6;27;1630;1;2;1;1;3;63;101, DOUMER (AVENUE PAUL;;;;920
2,016E+11;16;7;4;2140;5;2;2;1;7;63;****, REPUBLIQUE (AVENUE;;;;920
2,016E+11;16;7;9;1420;1;2;3;1;6;63;****, GRILLE VERTE (CHEM;;;;920
2,016E+11;16;7;13;930;1;2;1;1;7;63;06/08, CAUDRON (RUE DES;;;;920
2,016E+11;16;7;16;930;1;2;1;1;7;63;12, ROOSEVELT (BOULEVARD;;;;920
2,016E+11;16;7;20;1730;1;2;1;1;4;63;40/42, DOUMER (AVENUE PA;;;;920
2,016E+11;16;7;30;2020;1;2;6;1;7;63;****, CHATEAU (RUE DU);;;;920
2,016E+11;16;8;11;1040;1;2;1;1;3;63;109, DOUMER (AVENUE PAUL;;;;920
2,016E+11;16;8;24;650;1;2;1;1;7;63;30, DIX-HUIT JUIN 1940 (;;;;920
2,016E+11;16;9;1;945;1;2;3;1;3;63;****, PEREIRE (RUE);;;;920
2,016E+11;16;9;1;1120;1;2;1;1;6;63;****, JONCHERE (CHEMIN D;;;;920
2,016E+11;16;9;5;1035;1;2;3;2;6;63;274, BONAPARTE (AVENUE N;;;;920
2,016E+11;16;9;26;1615;1;2;1;1;3;63;20, COLMAR (AVENUE DE);;;;920
2,016E+11;16;9;8;1110;1;2;2;1;3;63;****, DIX-HUIT JUIN 1940;;;;920
2,016E+11;16;9;10;1800;1;2;1;1;2;63;115, ALBERT 1ER (AVENUE);;;;920
2,016E+11;16;9;11;1850;1;2;1;1;6;63;121, MONTBRISON (RUE DU;;;;920
2,016E+11;16;9;12;1720;1;2;1;1;6;63;76 bis, ALBERT 1ER (AVEN;;;;920
2,016E+11;16;9;13;1425;1;2;1;1;6;63;192, DOUMER (AVENUE PAUL;;;;920
2,016E+11;16;9;17;2355;5;2;1;1;6;63;109, DANTON (RUE);;;;920
2,016E+11;16;9;19;905;1;2;1;1;2;63;****, CHATOU (PONT DE);;;;920
2,016E+11;16;9;22;745;2;2;1;1;6;63;07, COURIER (RUE PAUL-LO;;;;920
2,016E+11;16;9;26;1250;1;2;1;1;2;63;06, SOLFERINO (BOULEVARD;;;;920
2,016E+11;16;9;27;845;1;2;1;1;7;63;08, SOLFERINO (BOULEVARD;;;;920
2,016E+11;16;9;27;845;1;2;1;1;7;63;25, SOLFERINO (BOULEVARD;;;;920
2,016E+11;16;9;28;1345;1;2;1;1;4;63;06, CHATEAU DE MALMAISON;;;;920
2,016E+11;16;10;4;850;1;2;3;1;5;63;****, HUGO (AVENUE VICTO;;;;920
2,016E+11;16;10;7;1350;1;2;2;1;6;63;118, DOUMER (AVENUE PAUL;;;;920
2,016E+11;16;10;16;1230;1;2;1;1;3;63;153, EMPEREUR (ROUTE DE;;;;920
2,016E+11;16;10;17;1300;1;2;1;1;6;63;****, DEUX GARES (RUE DE;;;;920
2,016E+11;16;10;28;1805;2;2;2;1;3;63;****, REPUBLIQUE (AVENUE;;;;920
2,016E+11;16;11;2;1045;1;2;3;1;6;63;155, DOUMER (AVENUE PAUL;;;;920
2,016E+11;16;11;7;1740;4;2;1;2;6;63;25, MONTBRISON (RUE DU L;;;;920
2,016E+11;16;11;9;810;2;2;3;2;6;63;****, CARREY DE BELLEMAR;;;;920
2,016E+11;16;11;12;1920;5;2;1;2;3;63;12, SOLFERINO (BOULEVARD;;;;920
2,016E+11;16;11;17;925;1;2;2;1;6;63;26, REPUBLIQUE (AVENUE D;;;;920
2,016E+11;16;11;18;830;1;2;2;1;6;63;****, HOPITAL STELL (BOU;;;;920
2,016E+11;16;11;22;935;1;2;1;1;3;63;25, RICHELIEU (BOULEVARD;;;;920
2,016E+11;16;11;29;1340;1;2;1;1;6;63;03, MONTBRISON (RUE DU L;;;;920
2,016E+11;16;11;30;1410;1;2;1;1;2;63;101, FOUILLEUSE (AVENUE;;;;920
2,016E+11;16;12;1;940;1;2;6;1;3;63;****, HUIT MAI 1945 (PLA;;;;920
2,016E+11;16;12;1;1330;1;2;3;1;4;63;121, MONTBRISON (RUE DU;;;;920
2,016E+11;16;12;5;1300;1;2;3;1;1;63;****, BELIN (AVENUE EDOU;;;;920
2,016E+11;16;12;12;940;1;2;1;1;6;63;27, HOPITAL STELL (BOULE;;;;920
2,016E+11;16;12;12;1810;5;2;6;2;6;63;****, GALLIENI (RUE);;;;920
2,016E+11;16;12;16;1815;5;2;2;1;3;63;****, COLMAR (AVENUE DE);;;;920
2,016E+11;16;1;1;1830;5;2;1;1;2;64;0, MARCEL DASSAULT;;;;920
2,016E+11;16;1;2;2025;5;2;1;2;3;64;191, REPUBLIQUE;;;;920
2,016E+11;16;1;6;2015;5;2;2;9;3;64;, REPUBLIQUE;;;;920
2,016E+11;16;1;10;2028;5;2;1;1;6;64;167, REPUBLIQUE;;;;920
2,016E+11;16;1;13;1715;2;2;1;1;6;64;11, MARECHAL FOCH;;;;920
2,016E+11;16;1;25;1155;1;2;1;1;3;64;22bis, DAILLY;;;;920
2,016E+11;16;1;26;1805;5;2;1;1;6;33;SURESNES;;;;920
2,016E+11;16;1;27;805;1;2;1;1;5;64;34, GOUNOD;;;;920
2,016E+11;16;1;27;1100;1;2;1;8;7;76;VICTOR DURET;;;;920
2,016E+11;16;1;29;1205;1;2;1;1;3;64;MARCEL DASSAULT;;;;920
2,016E+11;16;1;29;1650;2;2;1;1;7;33;34, CROISSANTS;;;;920
2,016E+11;16;2;5;600;3;2;1;2;3;76;06, REPUBLIQUE;;;;920
2,016E+11;16;2;6;2215;5;2;1;1;7;64;28bis, DAILLY;;;;920
2,016E+11;16;2;8;1630;1;2;1;2;7;64;2, EGLISE;;;;920
2,016E+11;16;2;10;1950;5;2;1;1;6;33;153, BUZENVAL;;;;920
2,016E+11;16;2;14;335;5;2;1;2;6;64;MARECHAL JUIN;;;;920
2,016E+11;16;2;21;1130;1;2;1;2;7;64;0, PASTEUR;;;;920
2,016E+11;16;2;29;1150;1;2;2;1;7;33;127, PORTE JAUNE;;;;920
2,016E+11;16;3;8;1845;2;2;1;2;7;64;44, REPUBLIQUE;;;;920
2,016E+11;16;3;13;1440;1;2;1;1;3;64;MARCEL DASSAULT;;;;920
2,016E+11;16;3;21;2100;5;2;3;1;3;64;MONT VALERIEN;;;;920
2,016E+11;16;3;22;930;1;2;1;2;3;64;50, GOUNOD;;;;920
2,016E+11;16;3;30;915;1;2;3;2;3;64;0, SEVIN VINCENT;;;;920
2,016E+11;16;4;2;1425;1;2;1;2;6;64;20/21, CARNOT;;;;920
2,016E+11;16;4;7;940;1;2;2;1;5;76;140, REPUBLIQUE;;;;920
2,016E+11;16;4;11;1815;1;2;1;1;3;64;60, GOUNOD;;;;920
2,016E+11;16;4;12;1835;1;2;4;1;3;33;134BIS, PORTE JAUNE;;;;920
2,016E+11;16;4;13;1920;1;2;1;2;6;47;JARDY;;;;920
2,016E+11;16;4;15;820;1;2;1;1;6;64;37, SURESNES;;;;920
2,016E+11;16;4;16;1500;1;2;1;1;2;64;MARCEL DASSAULT;;;;920
2,016E+11;16;4;17;1905;1;2;1;1;3;76;93, REPUBLIQUE;;;;920
2,016E+11;16;4;21;1610;1;2;1;1;3;64;17, DAILLY;;;;920
2,016E+11;16;4;24;1100;1;2;9;1;7;33;93, DIX NEUF JANVIER;;;;920
2,016E+11;16;4;27;1225;1;2;1;1;6;76;89, REPUBLIQUE;;;;920
2,016E+11;16;4;28;955;1;2;1;1;2;64;37, GOUNOD;;;;920
2,016E+11;16;4;30;530;5;2;3;1;3;64;56, REPUBLIQUE;;;;920
2,016E+11;16;5;5;1910;1;2;2;1;3;76;43, GRANDE FERME;;;;920
2,016E+11;16;5;7;1300;1;2;1;1;7;64;6, FRANCIS CHAVETON;;;;920
2,016E+11;16;5;11;1400;1;2;1;2;2;64;41, CALVAIRE;;;;920
2,016E+11;16;5;12;815;1;2;1;1;3;33;3, DIX NEUF JANVIER;;;;920