Num_Acc;an;mois;jour;hrmn;lum;agg;int;atm;col;com;adr;gps;lat;long;dep
2,016E+11;16;4;3;1050;1;2;6;1;6;14;LIBERTES (CARREFOUR DES);;;;930
2,016E+11;16;4;8;1605;1;2;1;1;2;14;, GAGARINE (BOULEVARD);;;;930
2,016E+11;16;4;11;855;1;1;1;2;7;14;STRATEGIQUE (ROUTE);;;;930
2,016E+11;16;4;3;1510;1;2;1;1;6;14;GAGARINE (BOULEVARD);;;;930
2,016E+11;16;4;18;830;1;2;2;1;3;47;EMILE COSSONEAU (AVENUE);;;;930
2,016E+11;16;4;22;1;5;2;1;1;6;47;176, EUROPE (BOULEVARD D;;;;930
2,016E+11;16;4;25;1520;1;1;1;8;6;14;STRATEGIQUE (ROUTE);;;;930
2,016E+11;16;4;27;2100;5;2;3;1;3;47;CLICHY (AVENUE DE);;;;930
2,016E+11;16;4;29;1205;1;2;4;1;6;47;GENERAL LECLERC  (RUE DU;;;;930
2,016E+11;16;5;1;750;1;2;1;1;1;47;105, HARDY  (BOULEVARD);;;;930
2,016E+11;16;5;4;2335;5;2;4;1;6;47;62, COUBRON  (VIEUX CHEM;;;;930
2,016E+11;16;5;9;1535;1;2;2;1;6;47;JEAN JAURES (AVENUE);;;;930
2,016E+11;16;5;23;1520;1;2;1;2;6;47;, ROSSIGNOLS  (AVENUE DE;;;;930
2,016E+11;16;5;24;825;1;2;2;1;2;14;COCHIN (ALLEE);;;;930
2,016E+11;16;5;24;1730;1;2;1;1;3;47;02, UTRILLO  (RUE);;;;930
2,016E+11;16;6;4;1545;1;2;1;1;6;14;MAURICE AUDIN (ALLEE);;;;930
2,016E+11;16;6;6;1230;1;2;2;1;6;47;PASCAL  (AVENUE);;;;930
2,016E+11;16;6;7;2230;2;2;2;1;3;47;187, JEAN JAURES (AVENUE;;;;930
2,016E+11;16;6;8;1550;1;2;2;1;3;14;, GAGNY (ALLEE DE);;;;930
2,016E+11;16;6;8;2140;5;2;4;1;1;47;85, JEAN JAURES (AVENUE);;;;930
2,016E+11;16;6;9;1300;1;2;1;1;6;14;1, GAGARINE (BOULEVARD);;;;930
2,016E+11;16;6;9;1915;1;2;2;1;3;47;GABRIEL PERI  (AVENUE);;;;930
2,016E+11;16;6;14;2210;2;2;1;1;6;14;JEAN MERMOZ (ALLEE);;;;930
2,016E+11;16;6;17;1655;1;2;1;2;6;14;JEAN MOULIN (AVENUE);;;;930
2,016E+11;16;6;17;1825;1;2;2;2;3;14;EMILE ZOLA (BOULEVARD);;;;930
2,016E+11;16;6;22;850;1;2;1;1;3;14;GAGARINE (BOULEVARD);;;;930
2,016E+11;16;6;24;1;5;2;2;1;1;14;GAGNY (ALLEE DE);;;;930
2,016E+11;16;6;26;2030;1;2;1;1;6;14;7, CHENE POINTU (ALLEE D;;;;930
2,016E+11;16;6;28;1225;1;2;1;1;3;47;1, VICTOR HUGO  (AVENUE);;;;930
2,016E+11;16;7;2;1630;1;2;2;1;3;47;GABRIEL PERI  (AVENUE);;;;930
2,016E+11;16;7;4;2334;5;2;3;1;3;47;EUROPE (BOULEVARD DE L');;;;930
2,016E+11;16;7;5;1530;1;2;1;1;2;14;224, MONTFERMEIL (ALLEE;;;;930
2,016E+11;16;7;6;1700;1;2;2;1;3;14;POSTES (CHEMIN DES);;;;930
2,016E+11;16;7;31;1400;1;2;2;1;3;47;ARTS  (AVENUE DES);;;;930
2,016E+11;16;8;2;1315;1;2;1;2;3;47;93, HARDY  (BOULEVARD);;;;930
2,016E+11;16;9;17;1215;1;2;1;1;6;47;37, TILLEULS  (AVENUE DE;;;;930
2,016E+11;16;9;21;900;1;2;6;1;6;47;0, EUROPE (BOULEVARD DE;;;;930
2,016E+11;16;9;23;1815;1;2;1;1;6;14;GAGNY (ALLEE DE);;;;930
2,016E+11;16;9;27;1915;1;2;9;1;6;14;GAGNY (ALLEE DE);;;;930
2,016E+11;16;10;20;950;1;2;2;1;6;14;ROMAIN ROLLAND (ALLEE);;;;930
2,016E+11;16;10;22;2100;5;2;3;1;3;14;MAURICE AUDIN (ALLEE);;;;930
2,016E+11;16;11;6;1930;5;2;2;1;3;47;GABRIEL PERI  (AVENUE);;;;930
2,016E+11;16;11;7;710;2;2;1;3;6;14;9, COUBRON (ALLEE DE);;;;930
2,016E+11;16;11;15;1915;5;2;2;2;1;47;TULIPES  (AVENUE DES);;;;930
2,016E+11;16;11;22;600;5;2;2;1;3;47;JEAN JAURES (AVENUE);;;;930
2,016E+11;16;11;24;1745;5;2;1;1;6;14;FREDERIC LADRETTE (ALLEE;;;;930
2,016E+11;16;11;26;1140;1;2;1;1;6;47;0, DENIS PAPIN  (PLACE);;;;930
2,016E+11;16;11;27;1633;1;2;1;1;6;47;BERT (RUE PAUL);;;;930
2,016E+11;16;11;30;2000;5;2;1;1;6;14;GAGARINE (BOULEVARD);;;;930
2,016E+11;16;11;30;2140;5;2;1;1;2;47;EUROPE (BOULEVARD DE L');;;;930
2,016E+11;16;12;5;2145;5;2;1;1;2;14;AUGUSTE GENEVIEVE (ALLEE;;;;930
2,016E+11;16;12;12;1000;1;2;2;8;3;14;GAGNY (ALLEE DE);;;;930
2,016E+11;16;12;13;1915;5;2;1;1;6;14;1, VILLARS (ALLEE DE);;;;930
2,016E+11;16;12;21;1735;2;2;1;2;3;14;GAGARINE (BOULEVARD);;;;930
2,016E+11;16;12;26;630;5;2;2;2;5;47;NOTRE DAMES DES ANGES  (;;;;930
2,016E+11;16;12;27;1435;1;2;6;1;6;47;DANIEL PERDRIGE  (AVENUE;;;;930
2,016E+11;16;12;28;1830;4;2;1;1;3;14;JEAN MOULIN (AVENUE);;;;930
2,016E+11;16;1;1;640;3;2;6;1;1;27;BLOCH (IMPASSE PRAEGER);;;;930
2,016E+11;16;1;1;2315;5;2;2;2;3;27;JAURES (AVENUE JEAN);;;;930
2,016E+11;16;1;2;1915;5;2;1;2;6;13;27, JAURES (AVENUE JEAN);;;;930
2,016E+11;16;1;6;1400;1;2;1;1;6;13;JAURES (AVENUE JEAN) DE;;;;930
2,016E+11;16;1;9;330;5;2;9;1;3;13;21, JAURES (AVENUE JEAN);;;;930
2,016E+11;16;1;12;800;5;2;1;1;6;13;24, ROLLAND (RUE DU CDT);;;;930
2,016E+11;16;1;14;1200;1;2;1;2;7;27;23, LECLERC (AVENUE DU G;;;;930
2,016E+11;16;1;20;1600;2;2;1;1;4;13;63, LECLERC (AVENU DE LA;;;;930
2,016E+11;16;1;21;1435;1;2;2;1;6;30;LARIVIERE (RUE LOUIS);;;;930
2,016E+11;16;1;23;2245;5;2;1;1;3;27;VAILLANT-COUTURIER (AVEN;;;;930
2,016E+11;16;1;25;2004;5;2;1;1;1;13;6, VERDUN (RUE DE);;;;930
2,016E+11;16;1;28;2235;5;2;1;1;3;27;2, VAILLANT-COUTURIER (A;;;;930
2,016E+11;16;1;30;1615;1;2;1;2;6;27;3, REPUBLIQUE (AVENUE DE;;;;930
2,016E+11;16;1;31;1150;1;2;1;2;6;30;21, DE GAULLE (AVENUE DU;;;;930
2,016E+11;16;2;9;807;1;2;1;3;6;13;53, JAURES (AVENUE JEAN);;;;930
2,016E+11;16;2;11;1430;1;2;1;1;7;30;DE GAULLE (AVENUE DU GEN;;;;930
2,016E+11;16;2;13;1045;1;2;1;2;6;13;60, JAURES (AVENUE JEAN);;;;930
2,016E+11;16;2;13;1700;2;2;1;2;6;13;8, LINDBERGH (CARREFOUR);;;;930
2,016E+11;16;2;14;935;1;2;1;8;6;13;19, LECLERC (AVENU DE LA;;;;930
2,016E+11;16;2;18;1000;1;1;1;1;7;30;HUIT-MAI-1945 (AVENUE DU;;;;930
2,016E+11;16;2;26;1535;1;2;2;1;3;27;PALMERS (PONT);;;;930
2,016E+11;16;3;1;1900;5;2;1;2;2;27;CONVENTION (RUE DE LA);;;;930
2,016E+11;16;3;14;1305;1;2;6;1;3;27;SAINT-DENIS (RUE DE);;;;930
2,016E+11;16;3;15;1423;1;2;1;1;3;27;46, QUINET (RUE EDGAR);;;;930
2,016E+11;16;3;15;1415;1;2;2;1;3;27;1, PASTEUR (BOULEVARD) D;;;;930
2,016E+11;16;3;15;1730;1;2;1;1;3;27;4, LECLERC (AVENUE DU GE;;;;930
2,016E+11;16;3;18;1425;1;2;1;1;6;13;1, VERDUN (RUE DE);;;;930
2,016E+11;16;3;19;2015;5;2;1;1;6;13;26, JAURES (AVENUE JEAN);;;;930
2,016E+11;16;3;23;1150;1;2;1;1;6;13;26, VAILLANT (RUE EDOUAR;;;;930
2,016E+11;16;3;25;1946;5;2;1;1;6;27;140, VAILLANT-COUTURIER;;;;930
2,016E+11;16;3;26;1330;1;1;9;1;2;27;JAURES (AVENUE JEAN);;;;930
2,016E+11;16;3;27;1605;1;2;1;1;6;27;63, CONVENTION (RUE DE L;;;;930
2,016E+11;16;4;6;1850;1;2;3;2;3;13;GUYNEMER (RUE);;;;930
2,016E+11;16;4;6;2100;5;2;2;2;3;13;LECLERC (AVENU DE LA DIV;;;;930
2,016E+11;16;4;9;1405;1;2;7;8;6;27;LECLERC (PLACE DU GENERA;;;;930
2,016E+11;16;4;9;2200;5;2;1;2;3;13;79, LECLERC (AVENU DE LA;;;;930
2,016E+11;16;4;13;1115;1;2;2;1;3;27;VAILLANT-COUTURIER (AVEN;;;;930
2,016E+11;16;4;15;835;1;2;4;1;1;27;75, RATEAU (RUE);;;;930
2,016E+11;16;4;22;1;5;1;1;1;7;27;197, VAILLANT-COUTURIER;;;;930
2,016E+11;16;5;4;830;1;1;1;1;6;27;5, HUGO (AVENUE VICTOR);;;;930
2,016E+11;16;5;4;1720;1;2;3;1;3;30;CROIZAT (AVENUE AMBROISE;;;;930
2,016E+11;16;5;6;200;5;2;2;1;3;27;68, SAINT-DENIS (RUE DE);;;;930
2,016E+11;16;5;7;300;5;2;1;1;6;27;inconnu, SALENGRO (AVENU;;;;930
2,016E+11;16;5;8;630;2;2;1;1;6;27;101, PASTEUR (BOULEVARD);;;;930
2,016E+11;16;5;19;1630;1;2;1;2;6;13;JAURES (AVENUE JEAN) DE;;;;930
2,016E+11;16;5;23;805;1;2;1;3;1;13;carrefour de la comete;;;;930
2,016E+11;16;5;19;1535;1;2;8;1;6;27;CONVENTION (RUE DE LA);;;;930
2,016E+11;16;5;20;2230;5;2;1;1;6;27;FONTENAY (MAIL MAURICE D;;;;930
2,016E+11;16;5;30;1305;1;2;1;2;6;13;CAVILLON (RUE ANIZAN);;;;930
2,016E+11;16;5;30;1510;1;2;1;3;6;27;81, PASTEUR (BOULEVARD);;;;930
2,016E+11;16;6;4;750;1;2;1;1;6;27;56, JOLLOIS (RUE);;;;930
2,016E+11;16;5;3;806;1;2;6;1;6;27;HUIT-MAI-1945 (PLACE DU);;;;930
2,016E+11;16;6;6;1925;1;2;3;1;6;27;MICHEL (RUE LOUISE);;;;930
2,016E+11;16;6;9;2045;1;2;6;1;7;30;LECLERC DE HAUTECLOQUE (;;;;930
2,016E+11;16;6;9;2130;4;2;5;1;3;27;DEZOBRY (PLACE);;;;930
2,016E+11;16;6;12;650;1;2;2;1;3;27;53, CONVENTION (RUE DE L;;;;930
2,016E+11;16;6;12;1215;1;2;9;2;7;27;2, VAILLANT-COUTURIER (A;;;;930
2,016E+11;16;6;16;1035;1;2;1;1;2;27;121, JAURES (AVENUE JEAN;;;;930
2,016E+11;16;6;17;1110;1;2;1;1;2;27;JAURES (AVENUE JEAN);;;;930
2,016E+11;16;6;21;1250;1;2;1;8;6;27;66, VAILLANT-COUTURIER (;;;;930
2,016E+11;16;6;22;845;1;2;1;1;6;27;HUIT-MAI-1945 (PLACE DU);;;;930
2,016E+11;16;6;28;1430;1;2;3;1;3;30;22, LARIVIERE (RUE LOUIS;;;;930
2,016E+11;16;6;28;1650;1;2;1;1;6;27;62, VAILLANT-COUTURIER (;;;;930
2,016E+11;16;7;1;1910;1;2;2;1;3;27;CONVENTION (RUE DE LA);;;;930
2,016E+11;16;7;5;120;5;2;6;1;3;27;23, LECLERC (AVENUE DU G;;;;930
2,016E+11;16;7;7;755;1;2;1;1;4;27;ROCHET (RUE WALDECK);;;;930
2,016E+11;16;7;10;340;5;2;6;1;7;27;JAURES (AVENUE JEAN);;;;930
2,016E+11;16;7;10;1500;1;2;2;1;3;27;SAINT-DENIS (RUE DE);;;;930
2,016E+11;16;7;10;1900;1;2;1;1;3;27;PASTEUR (BOULEVARD) DE 4;;;;930
2,016E+11;16;7;14;2020;1;2;1;1;6;27;80, PASTEUR (BOULEVARD);;;;930
2,016E+11;16;7;16;1130;1;2;3;1;6;13;65, LECLERC (AVENU DE LA;;;;930
2,016E+11;16;7;18;1845;1;2;1;7;6;27;55, CONVENTION (RUE DE L;;;;930
2,016E+11;16;7;20;2059;1;2;1;7;6;13;JAURES (AVENUE JEAN) DE;;;;930
2,016E+11;16;7;20;1800;1;2;1;1;4;13;22, LECLERC (AVENU DE LA;;;;930
2,016E+11;16;7;23;1800;1;2;1;1;1;27;BARBUSSE (AVENUE HENRI);;;;930
2,016E+11;16;7;26;1745;1;2;1;1;4;30;, CROIZAT (AVENUE AMBROI;;;;930
2,016E+11;16;7;28;1830;1;2;1;1;6;27;53, CONVENTION (RUE DE L;;;;930
2,016E+11;16;7;31;1820;1;2;6;1;2;27;MERMOZ (AVENUE JEAN);;;;930
2,016E+11;16;8;2;710;1;2;2;2;5;27;2, PASTEUR (BOULEVARD) D;;;;930
2,016E+11;16;8;4;2220;5;2;1;8;6;30;LARIVIERE (RUE LOUIS);;;;930
2,016E+11;16;8;7;1205;1;2;1;1;6;27;26, LAMARTINE (RUE);;;;930
2,016E+11;16;8;9;907;1;2;1;1;6;27;4, MASSON (RUE SUZANNE);;;;930
2,016E+11;16;8;15;1245;1;2;1;1;1;30;DE GAULLE (AVENUE DU GEN;;;;930
2,016E+11;16;8;19;1625;1;2;1;2;6;13;ROLLAND (RUE DU CDT);;;;930
2,016E+11;16;8;25;1652;1;2;2;1;3;27;, JAURES (AVENUE JEAN);;;;930
2,016E+11;16;8;26;1100;1;2;4;1;6;27;CHEVALIER DE LA BARRE (R;;;;930
2,016E+11;16;8;27;1530;1;2;1;1;6;27;129, VAILLANT-COUTURIER;;;;930
2,016E+11;16;8;30;830;1;2;2;1;3;27;VAILLANT-COUTURIER (AVEN;;;;930
2,016E+11;16;9;22;2020;5;2;3;1;3;27;26, PASTEUR (BOULEVARD);;;;930
2,016E+11;16;9;28;1035;1;2;1;1;6;27;56, CONVENTION (RUE DE L;;;;930
2,016E+11;16;10;4;630;5;2;1;1;2;13;LECLERC (AVENU DE LA DIV;;;;930
2,016E+11;16;10;4;250;5;2;1;1;1;27;30, RASPAIL (RUE);;;;930
2,016E+11;16;10;5;1615;1;2;1;1;1;13;JAURES (AVENUE JEAN) DE;;;;930
2,016E+11;16;10;19;1935;5;2;1;2;3;13;81, LECLERC (AVENU DE LA;;;;930
2,016E+11;16;10;21;1249;1;2;1;2;2;13;2, LECLERC (AVENU DE LA;;;;930
2,016E+11;16;10;22;1955;5;2;1;1;6;13;DRAMARD (RUE CAMILLE);;;;930
2,016E+11;16;10;25;1535;1;1;1;1;6;27;171, VAILLANT-COUTURIER;;;;930
2,016E+11;16;10;25;1935;5;2;1;1;3;13;63, LECLERC (AVENU DE LA;;;;930
2,016E+11;16;10;28;2200;5;2;1;1;3;27;, BARBUSSE (AVENUE HENRI;;;;930
2,016E+11;16;11;15;935;1;2;9;2;3;27;BARBUSSE (AVENUE HENRI);;;;930
2,016E+11;16;11;15;2140;2;1;1;2;5;27;VAILLANT-COUTURIER (AVEN;;;;930
2,016E+11;16;11;17;1910;5;2;1;1;6;27;52, BARBUSSE (RUE HENRI);;;;930
2,016E+11;16;11;20;2000;5;2;6;2;3;27;CONVENTION (RUE DE LA);;;;930
2,016E+11;16;11;21;200;5;2;1;2;6;27;LECLERC (AVENUE DU GENER;;;;930
2,016E+11;16;11;25;1620;2;2;2;1;6;27;2, PASTEUR (BOULEVARD) D;;;;930
2,016E+11;16;11;25;2055;5;2;1;1;6;13;LECLERC (AVENU DE LA DIV;;;;930
2,016E+11;16;11;28;1315;1;2;1;1;6;27;37, JAURES (AVENUE JEAN);;;;930
2,016E+11;16;12;2;835;1;2;1;1;2;13;LECLERC (AVENU DE LA DIV;;;;930
2,016E+11;16;12;5;1710;5;2;1;1;3;27;4-6, MERMOZ (AVENUE JEAN;;;;930
2,016E+11;16;12;9;1628;1;2;3;1;2;27;SALENGRO (AVENUE ROGER);;;;930
2,016E+11;16;12;12;715;2;2;1;8;6;27;SALENGRO (AVENUE ROGER);;;;930
2,016E+11;16;12;13;950;1;2;2;2;3;13;LINDBERGH (CARREFOUR);;;;930
2,016E+11;16;12;16;1125;1;2;1;1;6;27;75, VAILLANT-COUTURIER (;;;;930
2,016E+11;16;12;16;1230;1;2;2;1;6;27;MERMOZ (AVENUE JEAN);;;;930
2,016E+11;16;12;16;1730;5;2;1;1;7;30;75, HUIT-MAI-1945 (AVENU;;;;930
2,016E+11;16;12;19;1630;2;2;1;1;6;27;2, VAILLANT-COUTURIER (A;;;;930
2,016E+11;16;12;20;30;3;2;1;1;6;27;88, VAILLANT-COUTURIER (;;;;930
2,016E+11;16;12;26;2300;5;2;1;1;2;27;RASPAIL (RUE);;;;930
2,016E+11;16;7;6;1530;1;2;1;7;6;27;32, BARBUSSE (RUE HENRI);;;;930
2,016E+11;16;1;1;2210;5;2;1;2;2;29;7, MARCEAU (AVENUE) N° 1;;;;930
2,016E+11;16;1;2;330;5;2;1;1;6;29;60, DIDEROT;;;;930
2,016E+11;16;1;3;1600;2;2;1;3;6;29;HENRI BARBUSSE (AVE) N°2;;;;930
2,016E+11;16;1;20;1506;1;2;3;1;3;29;ALSACE LORRAINE;;;;930
2,016E+11;16;1;22;2100;5;2;3;2;3;29;HENRI BARBUSSE (AVE) N°1;;;;930
2,016E+11;16;1;23;915;1;2;3;8;3;29;3, ALSACE LORRAINE;;;;930
2,016E+11;16;1;25;1150;1;2;1;1;2;29;2, DIDEROT;;;;930
2,016E+11;16;1;27;930;1;2;1;2;6;29;55, JEAN JAURES (AVENUE);;;;930
2,016E+11;16;2;4;1800;5;2;1;2;6;29;10, JEAN JAURES (AVENUE);;;;930
2,016E+11;16;2;19;900;1;2;2;1;6;29;MADELEINE (DE LA);;;;930
2,016E+11;16;2;13;2030;5;2;2;2;6;29;1, PASTEUR (AVENUE);;;;930
2,016E+11;16;3;8;250;5;2;1;1;6;29;74, ANATOLE FRANCE;;;;930
2,016E+11;16;3;14;904;1;2;6;1;3;29;FERNAND PENA;;;;930
2,016E+11;16;3;29;600;2;2;2;1;1;29;1, ARISTIDE BRIAND;;;;930
2,016E+11;16;3;31;745;2;2;2;3;6;29;141, HENRI BARBUSSE (AVE;;;;930
2,016E+11;16;4;6;1700;1;2;1;1;2;29;57-59, DOCTEUR ALBERT SC;;;;930
2,016E+11;16;4;12;1905;1;2;1;1;2;29;ANATOLE FRANCE;;;;930
2,016E+11;16;4;13;1700;1;2;1;1;6;29;52, FAIDHERBE;;;;930
2,016E+11;16;5;11;1010;1;2;3;1;3;29;138, HENRI BARBUSSE (AVE;;;;930
2,016E+11;16;5;15;2120;5;2;3;1;1;29;57, CHARLES GIDE;;;;930
2,016E+11;16;5;15;2140;5;2;1;1;3;29;, SADI CARNOT;;;;930
2,016E+11;16;5;16;2205;5;2;1;1;3;29;99, MARCEAU (AVENUE) N°;;;;930
2,016E+11;16;5;16;125;5;2;2;1;3;29;152, REPUBLIQUE (DE LA);;;;930
2,016E+11;16;5;16;1935;1;2;2;1;6;29;15, ADRIEN FROMENT;;;;930
2,016E+11;16;5;22;1930;1;2;1;8;6;29;9, JOFFRE (PLACE);;;;930
2,016E+11;16;5;23;1215;1;2;3;2;2;29;25, DIDEROT;;;;930
2,016E+11;16;5;27;1045;1;2;9;1;6;29;84, HENRI BARBUSSE (AVE);;;;930
2,016E+11;16;5;27;1530;1;2;2;1;1;29;DIX NEUF MARS 1962 (PLAC;;;;930
2,016E+11;16;5;30;2345;5;2;1;3;1;29;MARCEAU (AVENUE) N° 29-F;;;;930
2,016E+11;16;6;1;1330;1;2;1;8;3;29;1, AMBROISE CROIZAT;;;;930
2,016E+11;16;6;5;1;5;2;1;2;6;29;52bis, MARCEAU (AVENUE);;;;930
2,016E+11;16;6;5;1130;1;2;1;2;3;29;220, ANATOLE FRANCE;;;;930
2,016E+11;16;6;16;1705;1;2;1;2;6;29;LATERAL (CHEMIN);;;;930
2,016E+11;16;6;17;1820;1;2;1;2;3;29;45, SADI CARNOT;;;;930
2,016E+11;16;6;23;20;5;2;3;1;3;29;77, JEAN JAURES (AVENUE);;;;930
2,016E+11;16;6;28;1910;1;2;1;1;6;29;26, AMITIE (PLACE DE L');;;;930
2,016E+11;16;6;30;1440;1;2;4;1;6;29;20, GATEAU LAMBLIN;;;;930
2,016E+11;16;6;30;1640;1;2;3;1;3;29;70, ANATOLE FRANCE;;;;930
2,016E+11;16;7;3;2120;1;2;6;2;6;29;1, REPIQUET (ROND-POINT);;;;930
2,016E+11;16;7;6;1620;1;2;3;1;3;29;58, ROGER SALENGRO N° 01;;;;930
2,016E+11;16;7;11;45;5;2;1;1;6;29;28, HENRI BARBUSSE (AVE);;;;930
2,016E+11;16;7;13;1930;1;2;3;1;3;29;2, HENRI BARBUSSE (AVE);;;;930
2,016E+11;16;7;16;1730;1;2;1;1;3;29;180, STALINGRAD (DE);;;;930
2,016E+11;16;7;17;2130;1;2;2;1;3;29;2, BOIS DE GROSLAY (DES);;;;930
2,016E+11;16;7;15;205;5;2;3;1;3;29;169, HENRI BARBUSSE (AVE;;;;930
2,016E+11;16;7;24;1000;1;2;3;1;3;29;69, JEAN JAURES (AVENUE);;;;930
2,016E+11;16;7;29;1245;1;2;1;1;3;29;35, HENRI BARBUSSE (AVE);;;;930
2,016E+11;16;8;4;1655;1;2;1;1;3;29;73, HENRI LANGLOIS;;;;930
2,016E+11;16;8;19;1510;1;2;1;2;3;29;4, REPUBLIQUE (DE LA) N°;;;;930
2,016E+11;16;8;26;1530;1;2;2;1;6;29;1, PAUL VAILLANT COUTURI;;;;930
2,016E+11;16;8;31;945;1;2;3;1;3;29;129, ROGER SALENGRO N° 0;;;;930
2,016E+11;16;8;31;2015;2;2;1;1;6;29;7, ROGER SALENGRO N° 01-;;;;930
2,016E+11;16;9;3;1619;1;2;1;1;3;29;124, HENRI BARBUSSE (AVE;;;;930
2,016E+11;16;9;5;1842;1;2;1;2;6;29;26, STALINGRAD (DE);;;;930
2,016E+11;16;9;12;1120;1;2;3;1;3;29;74, JEAN JAURES (AVENUE);;;;930
2,016E+11;16;9;24;1310;1;2;1;1;2;29;50, SAINT-STENAY;;;;930
2,016E+11;16;9;26;1318;1;2;1;1;2;29;78, JEAN JAURES (AVENUE);;;;930
2,016E+11;16;10;2;45;5;2;3;1;7;29;5, BOIS DE GROSLAY (DES);;;;930
2,016E+11;16;10;4;1500;1;2;3;7;6;29;1, RAYMOND JUSTICE;;;;930
2,016E+11;16;10;9;1725;1;2;1;1;6;29;1, FAIDHERBE;;;;930
2,016E+11;16;10;18;900;1;2;9;1;6;29;196, ANATOLE FRANCE;;;;930
2,016E+11;16;10;18;2030;5;2;1;2;2;29;196, ANATOLE FRANCE;;;;930
2,016E+11;16;10;30;1510;1;2;2;1;3;29;130, MARTYRS DE CHATEAUB;;;;930
2,016E+11;16;11;6;1235;1;2;1;1;6;29;1, PAUL VAILLANT COUTURI;;;;930
2,016E+11;16;11;6;1810;5;2;6;1;7;29;39, FERNAND PENA;;;;930
2,016E+11;16;11;13;1515;1;2;3;2;3;29;93, MARCEAU (AVENUE) N°;;;;930
2,016E+11;16;11;18;2320;5;2;2;1;3;29;135, HENRI BARBUSSE (AVE;;;;930
2,016E+11;16;11;29;1540;1;2;1;1;6;29;206, HENRI BARBUSSE (AVE;;;;930
2,016E+11;16;11;24;1240;1;2;1;1;3;29;140, HENRI BARBUSSE (AVE;;;;930
2,016E+11;16;11;30;815;1;2;1;9;2;29;ANATOLE FRANCE;;;;930
2,016E+11;16;11;30;1700;1;2;1;1;6;29;30, MARCEAU (AVENUE) N°;;;;930
2,016E+11;16;12;1;1800;5;2;1;1;3;29;80, SAINT-STENAY;;;;930
2,016E+11;16;12;4;705;5;2;1;1;6;29;104, HENRI BARBUSSE (AVE;;;;930
2,016E+11;16;12;4;1955;5;2;3;8;3;29;49, MARCEAU (AVENUE) N°;;;;930
2,016E+11;16;12;6;840;1;2;1;1;6;29;80, FAIDHERBE;;;;930
2,016E+11;16;12;8;1950;3;1;3;1;3;29;69, ROGER SALENGRO N° 01;;;;930
2,016E+11;16;12;12;1650;2;2;1;2;6;29;2, STALINGRAD (DE);;;;930
2,016E+11;16;12;13;49;3;2;2;2;3;29;210, HENRI BARBUSSE (AVE;;;;930
2,016E+11;16;12;23;945;1;2;1;5;1;29;60, ROGER SALENGRO N° 02;;;;930
2,016E+11;16;12;23;1600;1;2;1;1;2;29;02, SADI CARNOT;;;;930
2,016E+11;16;12;24;30;5;2;3;2;3;29;256, ANATOLE FRANCE;;;;930
2,016E+11;16;12;31;1930;5;2;3;8;3;29;100, AUGUSTE BLANQUI;;;;930
2,016E+11;16;1;7;2030;5;2;2;1;3;79;SAINT LEU (ROUTE);;;;930
2,016E+11;16;1;7;2055;5;2;1;1;3;79;SAINT LEU (ROUTE);;;;930
2,016E+11;16;1;18;1000;1;2;1;1;3;79;195, SAINT LEU (ROUTE);;;;930
2,016E+11;16;1;18;1735;5;2;1;1;3;79;114, SAINT LEU (ROUTE);;;;930
2,016E+11;16;1;24;1350;1;2;9;1;1;31;0, PARIS (RUE DE);;;;930
2,016E+11;16;1;26;1615;1;2;1;1;6;79;0, JEAN ALLEMANE;;;;930
2,016E+11;16;1;31;1350;1;2;9;2;3;31;160, REPUBLIQUE (AVENUE);;;;930
2,016E+11;16;2;2;1220;1;2;1;1;6;79;0, JEAn BAPTISTE CLEMENT;;;;930
2,016E+11;16;2;11;1325;1;2;1;1;6;31;0, ALLENDE (AVENUE SALVA;;;;930
2,016E+11;16;2;13;1635;1;2;3;2;3;79;0, SAINT LEU (ROUTE);;;;930
2,016E+11;16;2;14;2245;5;2;3;1;3;31;0, CARRIERES (DES);;;;930
2,016E+11;16;2;15;855;1;2;1;1;6;31;47, REPUBLIQUE (AVENUE);;;;930
2,016E+11;16;2;16;940;1;2;1;1;6;31;LILLE (RUE DE);;;;930
2,016E+11;16;2;17;1810;5;2;1;1;6;31;DIX HUIT JUIN 1940 (AVEN;;;;930
2,016E+11;16;2;17;2030;5;2;1;1;3;31;DIX HUIT JUIN 1940 (AVEN;;;;930
2,016E+11;16;2;19;1700;1;2;1;1;6;31;35, REPUBLIQUE (AVENUE);;;;930
2,016E+11;16;2;23;1850;5;2;1;1;6;31;160, REPUBLIQUE (AVENUE);;;;930
2,016E+11;16;2;26;1323;1;2;3;1;3;79;99, JEAN BAPTISTE CLEMEN;;;;930
2,016E+11;16;2;27;1440;1;2;1;1;6;31;64, JOFFRE (AVENUE);;;;930
2,016E+11;16;3;1;1830;2;2;1;2;6;31;DUNKERQUE (DE);;;;930
2,016E+11;16;3;1;2130;5;2;1;2;6;31;MARNE (AVENUE DE LA);;;;930
2,016E+11;16;3;3;1400;1;2;1;1;3;31;113, PARIS (RUE DE);;;;930
2,016E+11;16;3;9;1940;3;2;3;1;3;31;CARRIERES (DES);;;;930
2,016E+11;16;3;11;1945;5;2;1;1;6;31;SAINT LEU (ROUTE DE) 1 à;;;;930
2,016E+11;16;3;13;2215;5;2;2;1;3;31;GENERAL LECLERC (CARREFO;;;;930
2,016E+11;16;3;16;1100;1;2;1;1;3;31;10, REPUBLIQUE (AVENUE);;;;930
2,016E+11;16;3;21;1010;1;2;1;1;5;31;EPINAY (PONT D');;;;930
2,016E+11;16;3;22;925;1;2;1;1;7;79;99, JEAN BAPTISTE CLEMEN;;;;930
2,016E+11;16;3;26;2124;3;2;1;1;6;31;110, JEAN JAURES (AVENUE;;;;930
2,016E+11;16;3;30;1800;1;2;1;2;6;31;82, GALLIENI (AVENUE);;;;930
2,016E+11;16;4;1;1600;1;2;2;1;3;31;PARIS (RUE DE);;;;930
2,016E+11;16;4;1;2000;5;2;1;1;6;31;22, FELIX MERLIN;;;;930
2,016E+11;16;4;2;2250;5;2;2;2;3;31;JOFFRE (AVENUE);;;;930
2,016E+11;16;4;5;1810;1;2;1;1;6;31;FITZELIN (DE);;;;930
2,016E+11;16;4;7;1650;1;2;1;2;6;79;3, PAUL LANGEVIN;;;;930
2,016E+11;16;4;8;2045;1;2;1;1;1;31;105, SAINT LEU (ROUTE DE;;;;930
2,016E+11;16;4;12;845;1;2;1;1;3;31;SAINT LEU (ROUTE DE) > 1;;;;930
2,016E+11;16;4;12;2140;5;2;1;1;3;79;SAINT LEU (ROUTE);;;;930
2,016E+11;16;4;18;1550;1;2;3;1;5;31;SAINT LEU (ROUTE DE) > 1;;;;930
2,016E+11;16;4;21;1105;1;2;1;1;2;31;17, DE LATTRE DE TASSIGN;;;;930
2,016E+11;16;4;22;2210;5;2;1;1;3;31;36, ENGHIEN (AV D');;;;930
2,016E+11;16;4;27;110;5;2;1;2;6;31;34, FOCH (BOULEVARD);;;;930
2,016E+11;16;5;2;1020;1;2;3;1;3;79;JEAN ALLEMANE;;;;930
2,016E+11;16;5;10;1255;1;2;1;1;6;79;0, CARNOT;;;;930
2,016E+11;16;5;13;1400;1;2;1;1;2;31;24, JEAN JAURES (AVENUE);;;;930
2,016E+11;16;5;25;1745;1;2;1;1;6;79;133, DIVISION LECLERC (A;;;;930