Num_Acc;an;mois;jour;hrmn;lum;agg;int;atm;col;com;adr;gps;lat;long;dep
2,016E+11;16;5;26;1824;1;2;9;1;6;31;122, JOFFRE (AVENUE);;;;930
2,016E+11;16;5;28;2120;2;2;1;1;7;79;JEAN BAPTISTE CLEMENT;;;;930
2,016E+11;16;6;4;750;1;2;2;1;6;31;JEAN JAURES (AVENUE);;;;930
2,016E+11;16;6;5;1800;1;2;3;1;3;31;26, SAINT LEU (ROUTE DE);;;;930
2,016E+11;16;6;15;1210;1;2;1;1;6;31;13, CDT LOUIS BOUCHET (A;;;;930
2,016E+11;16;6;17;1215;1;2;1;1;6;31;04, FOCH (bOULEVARD);;;;930
2,016E+11;16;6;19;1800;1;2;2;1;3;79;MAURICE GRANDCOING;;;;930
2,016E+11;16;6;23;1320;1;2;3;1;6;31;LEON BLUM (AVENUE);;;;930
2,016E+11;16;6;29;700;1;2;3;1;3;79;28, SAINT LEU (ROUTE);;;;930
2,016E+11;16;7;1;1900;1;2;1;1;3;31;33, DIX HUIT JUIN 1940 (;;;;930
2,016E+11;16;7;2;1055;1;2;4;1;2;31;105, DE LATTRE DE TASSIG;;;;930
2,016E+11;16;7;2;2015;1;2;3;1;3;31;DIX HUIT JUIN 1940 (AVEN;;;;930
2,016E+11;16;7;7;1845;1;2;1;1;6;31;30, LEON BLUM (AVENUE);;;;930
2,016E+11;16;7;9;1930;1;2;1;1;6;31;SAINT LEU (ROUTE DE) > 1;;;;930
2,016E+11;16;7;15;1910;1;2;9;7;6;31;61, PARIS (RUE DE);;;;930
2,016E+11;16;7;28;940;1;2;1;1;3;31;0, SAINT LEU (ROUTE DE);;;;930
2,016E+11;16;8;2;730;1;2;1;2;3;31;153, MARNE (AVENUE DE LA;;;;930
2,016E+11;16;8;2;2330;5;2;1;2;2;31;56, ENGHIEN (AV D');;;;930
2,016E+11;16;8;5;515;5;2;1;1;2;31;0, PARIS (RUE DE);;;;930
2,016E+11;16;8;8;2025;1;2;2;1;3;31;0, REPUBLIQUE (AVENUE);;;;930
2,016E+11;16;8;15;1605;1;2;2;1;3;31;0, MARSEILLE (RUE DE);;;;930
2,016E+11;16;8;19;1510;1;2;9;1;6;31;0, JEAN JAURES (AVENUE);;;;930
2,016E+11;16;8;30;930;1;2;1;1;1;79;JEAN BAPTISTE CLEMENT;;;;930
2,016E+11;16;9;1;1330;1;2;1;1;3;79;JEAN BAPTISTE CLEMENT;;;;930
2,016E+11;16;9;5;1345;1;2;1;2;3;31;61, PARIS (RUE DE);;;;930
2,016E+11;16;9;5;2000;5;2;1;2;6;31;129, JEAN JAURES (AVENUE;;;;930
2,016E+11;16;9;8;1720;1;2;1;1;3;79;0, SAINT LEU (ROUTE);;;;930
2,016E+11;16;9;9;1935;1;2;1;1;3;79;0, DIVISION LECLERC (AV);;;;930
2,016E+11;16;9;12;1315;1;2;1;1;3;79;109, SAINT LEU (ROUTE);;;;930
2,016E+11;16;9;14;1655;1;2;1;1;3;31;0, FOCH (BOULEVARD);;;;930
2,016E+11;16;9;15;1505;1;2;2;1;3;31;0, PARIS (RUE DE);;;;930
2,016E+11;16;9;16;1830;1;2;1;2;3;31;40-44, SAINT LEU (ROUTE;;;;930
2,016E+11;16;9;17;1630;1;2;1;1;4;31;56, MARNE (AVENUE DE LA);;;;930
2,016E+11;16;9;20;1450;1;2;1;1;6;31;76, JOFFRE (AVENUE);;;;930
2,016E+11;16;9;23;2150;5;2;2;1;3;31;134, JOFFRE (AVENUE);;;;930
2,016E+11;16;9;25;1200;1;2;1;2;6;31;CARRIERES (DES);;;;930
2,016E+11;16;9;26;2000;5;2;1;1;6;31;JEAN JAURES (AVENUE);;;;930
2,016E+11;16;9;27;1830;1;2;1;1;4;31;49, ARGENTEUIL (ROUTE D';;;;930
2,016E+11;16;9;29;1920;1;2;1;1;6;79;241, SAINT LEU (ROUTE);;;;930
2,016E+11;16;9;30;1855;5;2;1;2;2;31;23, PARIS (RUE DE);;;;930
2,016E+11;16;10;1;515;5;2;2;8;3;31;REPUBLIQUE (AVENUE);;;;930
2,016E+11;16;10;9;1420;1;2;3;1;6;31;113, MARNE (AVENUE DE LA;;;;930
2,016E+11;16;10;12;1900;5;2;1;1;3;79;62, SAINT LEU (ROUTE);;;;930
2,016E+11;16;10;20;2025;5;2;1;2;4;31;, REPUBLIQUE (AVENUE);;;;930
2,016E+11;16;10;23;1945;5;2;1;3;6;31;58, ARGENTEUIL (ROUTE D';;;;930
2,016E+11;16;10;25;1830;5;2;1;1;6;31;0, ANCIENS PRESIDENTS (C;;;;930
2,016E+11;16;10;25;1950;5;2;2;8;3;31;REPUBLIQUE (AVENUE);;;;930
2,016E+11;16;10;30;1;5;2;1;1;1;31;0, JEAN JAURES (AVENUE);;;;930
2,016E+11;16;10;31;1620;1;2;1;1;6;31;160, REPUBLIQUE (AVENUE);;;;930
2,016E+11;16;11;4;1235;1;2;2;2;3;31;REPUBLiQUE (AVENUE);;;;930
2,016E+11;16;11;4;1715;5;2;9;2;6;79;14, SAINT LEU (ROUTE);;;;930
2,016E+11;16;11;7;2030;5;2;1;1;1;31;133, JOFFRE (AVENUE);;;;930
2,016E+11;16;11;8;1125;1;2;1;1;3;31;15, ALLENDE (AVENUE SALV;;;;930
2,016E+11;16;11;9;720;5;2;1;2;6;31;, ALLENDE (AVENUE SALVAD;;;;930
2,016E+11;16;11;10;2250;5;2;1;2;6;31;DE LATTRE DE TASSIGNY (1;;;;930
2,016E+11;16;11;13;315;5;2;1;2;1;79;JEAN BAPTISTE CLEMENT;;;;930
2,016E+11;16;11;18;2350;5;2;1;1;6;31;3, FITZELIN (DE);;;;930
2,016E+11;16;11;23;1620;1;2;1;1;6;31;6, DE LATTRE DE TASSIGNY;;;;930
2,016E+11;16;11;26;1915;5;2;1;1;6;79;4, SAINT LEU (ROUTE);;;;930
2,016E+11;16;12;2;1340;1;2;1;1;4;31;0, JEAN JAURES (AVENUE);;;;930
2,016E+11;16;12;3;1715;3;2;1;1;3;79;0, SAINT LEU (ROUTE);;;;930
2,016E+11;16;12;4;1055;1;2;2;1;3;31;GALLIENI (AVENUE);;;;930
2,016E+11;16;12;4;1915;5;2;1;1;3;31;44, FOCH (BOULEVARD);;;;930
2,016E+11;16;12;5;2100;5;2;1;1;2;31;ENGHIEN (AV D');;;;930
2,016E+11;16;12;7;2110;5;2;1;1;6;31;31, AVENIR (RUE DE L');;;;930
2,016E+11;16;12;10;1910;5;2;3;1;3;31;ARGENTEUIL (ROUTE D');;;;930
2,016E+11;16;12;12;1840;5;2;3;2;6;31;FELIX MERLIN;;;;930
2,016E+11;16;12;15;1200;1;2;1;1;3;31;REPUBLIQUE (AVENUE);;;;930
2,016E+11;16;12;15;1518;1;2;1;1;1;31;, CDT LOUIS BOUCHET (AV);;;;930
2,016E+11;16;12;30;1400;1;2;1;1;3;31;22, PARIS (RUE DE);;;;930
2,016E+11;16;1;5;1045;1;2;3;2;6;32;LEON BRY    (RUE);;;;930
2,016E+11;16;1;9;135;5;2;1;1;6;32;15, RONSARD   (AVENUE);;;;930
2,016E+11;16;1;15;615;5;2;3;1;3;32;SAINTE CLOTHILDE  (AVENU;;;;930
2,016E+11;16;4;20;845;1;2;2;1;3;32;FRENES    (AVENUE DES);;;;930
2,016E+11;16;5;22;1645;1;2;2;2;6;32;PASSERELLE   (AVENUE DE;;;;930
2,016E+11;16;5;28;1810;1;2;2;1;1;32;GEORGES POMPIDOU    (AVE;;;;930
2,016E+11;16;6;2;2217;5;2;1;2;6;32;4, SAINT DIZIER   (BOULE;;;;930
2,016E+11;16;6;13;1240;1;2;1;1;2;32;MONTGUICHET  (CHEMIN DE);;;;930
2,016E+11;16;6;13;1520;1;2;1;1;2;32;07, PARMENTIER   (RUE);;;;930
2,016E+11;16;7;5;1845;1;2;3;1;3;32;CHARMILLES    (AVENUE DE;;;;930
2,016E+11;16;7;6;1115;1;2;1;1;6;32;7, FRANCEVILLE  (RUE DE);;;;930
2,016E+11;16;7;15;1950;1;2;1;1;3;32;165, PAUL VAILLANT COUTU;;;;930
2,016E+11;16;7;20;930;1;2;1;1;6;32;77, JEAN JAURES (AVENUE);;;;930
2,016E+11;16;7;20;1825;1;2;3;1;3;32;73, PRINTEMPS  (RUE DU);;;;930
2,016E+11;16;8;12;645;1;2;1;1;6;32;MARE   (RUE DE LA);;;;930
2,016E+11;16;8;13;1900;1;2;9;1;1;32;MEAUX  (VIEUX CHEMIN DE);;;;930
2,016E+11;16;8;28;1545;1;2;1;1;6;32;4, MOLIERE    (RUE);;;;930
2,016E+11;16;9;9;1630;1;2;1;1;6;32;15, ABBESSES  (CHEMIN D';;;;930
2,016E+11;16;9;20;2205;3;2;1;1;6;32;13, GABRIEL   (AVENUE);;;;930
2,016E+11;16;9;21;2100;5;2;3;1;3;32;ARISTIDE BRIAND (RUE);;;;930
2,016E+11;16;9;30;825;1;2;9;1;3;32;TAINTURIER  (RUE);;;;930
2,016E+11;16;9;30;1030;1;2;9;1;6;32;RENARDIERE   (CHEMIN DE;;;;930
2,016E+11;16;10;5;1941;5;2;5;1;3;32;PAUL VAILLANT COUTURIER;;;;930
2,016E+11;16;10;7;1450;1;2;1;1;2;32;CONTANT   (RUE);;;;930
2,016E+11;16;10;10;2035;5;2;3;1;4;32;MONTGUICHET  (CHEMIN DE);;;;930
2,016E+11;16;10;11;720;4;2;3;1;3;32;89, ARISTIDE BRIAND (RUE;;;;930
2,016E+11;16;11;20;1550;1;2;1;2;6;32;71, JEAN JAURES (AVENUE);;;;930
2,016E+11;16;11;24;1900;3;2;1;1;6;32;136, JULES GUESDES  (RUE;;;;930
2,016E+11;16;11;25;1350;1;2;3;1;2;32;68, ARISTIDE BRIAND (RUE;;;;930
2,016E+11;16;11;27;1930;5;2;3;1;3;32;PAUL VAILLANT COUTURIER;;;;930
2,016E+11;16;12;8;1200;1;2;1;1;6;32;TAINTURIER  (RUE);;;;930
2,016E+11;16;12;11;1435;1;2;1;1;6;32;171, PAUL VAILLANT COUTU;;;;930
2,016E+11;16;12;20;100;5;2;1;1;6;32;29, MONTGUICHET  (CHEMIN;;;;930
2,016E+11;16;12;31;1720;5;2;1;1;3;32;165, PAUL VAILLANT COUTU;;;;930
2,016E+11;16;1;7;940;1;2;1;2;5;63;BARBUSSE HENRI BOULEVARD;;;;930
2,016E+11;16;1;11;915;1;2;1;2;2;63;131, NOISY ROUTE DE;;;;930
2,016E+11;16;1;13;1115;1;2;1;1;3;45;27, JUIN AVENUE DU MAREC;;;;930
2,016E+11;16;1;14;1745;5;2;1;2;6;6;17, CAPSULERIE RUE DE LA;;;;930
2,016E+11;16;1;16;1355;1;2;1;1;6;6;173, DHUYS AV DE LA;;;;930
2,016E+11;16;1;29;2055;5;2;1;1;6;63;208, MONTREUIL ROUTE DE;;;;930
2,016E+11;16;1;30;1830;5;2;2;2;3;6;77, GAMBETTA AV.;;;;930
2,016E+11;16;2;5;1625;1;2;2;1;3;45;1, DECROS EUGENE BOULEVA;;;;930
2,016E+11;16;2;7;1240;1;2;9;1;6;6;47, MICHELET RUE;;;;930
2,016E+11;16;2;8;1520;1;2;1;2;3;45;40, JUIN AVENUE DU MAREC;;;;930
2,016E+11;16;2;15;705;2;2;3;1;3;6;53, REPUBLIQUE AVENUE DE;;;;930
2,016E+11;16;2;15;1345;1;2;5;1;1;63;BARBUSSE HENRI BOULEVARD;;;;930
2,016E+11;16;1;25;1955;5;2;1;9;3;45;91, PARIS RUE DE;;;;930
2,016E+11;16;2;9;1430;1;2;3;1;1;63;BRETAGNES AVENUE DES;;;;930
2,016E+11;16;1;30;1205;1;2;2;2;6;45;80, PARIS RUE DE;;;;930
2,016E+11;16;2;17;2020;5;2;3;1;6;45;, PASTEUR AV.;;;;930
2,016E+11;16;2;18;1510;1;2;1;8;6;6;76, GAL DE GAULLE AV. DU;;;;930
2,016E+11;16;2;13;2200;5;2;9;2;2;45;LECLERC BOULEVARD DU GEN;;;;930
2,016E+11;16;2;18;800;1;2;3;1;3;63;DORY RUE LOUISE;;;;930
2,016E+11;16;2;22;1630;1;2;1;1;6;6;STALINGRAD AV.;;;;930
2,016E+11;16;2;26;1600;1;2;1;1;3;6;130, STALINGRAD AV.;;;;930
2,016E+11;16;3;12;1230;1;2;3;1;6;63;1, LENINE AVENUE;;;;930
2,016E+11;16;3;14;1315;1;2;1;1;3;6;177, GAMBETTA AV.;;;;930
2,016E+11;16;3;8;2305;5;2;2;1;1;63;JAURES RUE JEAN;;;;930
2,016E+11;16;3;25;810;1;2;3;2;3;6;10, COLOMBIER MARIE-ANNE;;;;930
2,016E+11;16;4;1;855;1;2;3;1;6;6;160, REPUBLIQUE AVENUE D;;;;930
2,016E+11;16;4;3;745;1;2;1;1;6;63;76, BRANLY BD EDOUARD;;;;930
2,016E+11;16;4;3;1800;1;2;3;1;6;63;1, VASSOU RUE;;;;930
2,016E+11;16;4;4;1910;1;2;9;1;3;6;282, MARCEL ETIENNE RUE;;;;930
2,016E+11;16;4;9;600;5;1;1;1;6;63;METZ AVENUE DE;;;;930
2,016E+11;16;4;9;1500;1;2;2;1;4;63;BRANLY BD EDOUARD;;;;930
2,016E+11;16;4;11;1520;1;2;2;2;3;45;PARIS RUE DE;;;;930
2,016E+11;16;4;13;850;1;2;1;8;6;6;6, LOLIVE JEAN RUE;;;;930
2,016E+11;16;4;18;1430;1;2;2;1;6;63;BARBUSSE HENRI BOULEVARD;;;;930
2,016E+11;16;4;21;1130;1;2;1;1;3;63;BRANLY BD EDOUARD;;;;930
2,016E+11;16;3;19;145;5;2;2;1;6;63;130, BERLIOZ AVENUE;;;;930
2,016E+11;16;5;16;1800;1;2;1;8;3;45;20, LIBERTE BD DE LA;;;;930
2,016E+11;16;5;10;2300;5;2;2;2;3;6;1, MARCEL ETIENNE RUE;;;;930
2,016E+11;16;5;15;1130;1;2;1;1;6;6;28, GAL DE GAULLE AV. DU;;;;930
2,016E+11;16;5;27;2000;1;2;1;1;2;63;1, METZ AVENUE DE;;;;930
2,016E+11;16;5;30;1305;1;2;9;3;6;63;1, BRANLY BD EDOUARD;;;;930
2,016E+11;16;5;30;2010;1;2;1;3;6;6;151, GALLIENI  AV.;;;;930
2,016E+11;16;6;1;910;1;2;1;2;6;6;2, LENINE RUE;;;;930
2,016E+11;16;6;2;1255;1;2;1;8;1;63;2, LEMOINE RUE JEAN;;;;930
2,016E+11;16;6;4;1610;1;2;2;1;3;63;84, REPUBLIQUE RUE DE LA;;;;930
2,016E+11;16;7;2;1130;1;2;3;1;3;63;1, REPUBLIQUE RUE DE LA;;;;930
2,016E+11;16;7;6;1550;1;2;3;1;6;45;1, JUIN AVENUE DU MARECH;;;;930
2,016E+11;16;7;10;1140;1;2;1;1;3;63;14, VAILLANT-COUTURIER A;;;;930
2,016E+11;16;7;11;1020;1;2;2;1;6;61;1, PERI GABRIEL RUE;;;;930
2,016E+11;16;7;15;1850;1;2;3;1;1;63;1, VASSOU RUE;;;;930
2,016E+11;16;8;2;50;3;2;1;1;6;63;METZ AVENUE DE;;;;930
2,016E+11;16;8;2;930;1;2;3;2;3;6;FERRY JULES RUE;;;;930
2,016E+11;16;8;2;1130;1;2;1;2;6;63;2, CHEMIN VERT ALLEE DU;;;;930
2,016E+11;16;8;5;2115;3;2;6;1;2;63;0, BRANLY BD EDOUARD;;;;930
2,016E+11;16;8;6;1540;1;2;2;1;3;61;2, PERI GABRIEL RUE;;;;930
2,016E+11;16;8;9;725;1;2;5;1;2;45;0, FAIDHERBE AVENUE;;;;930
2,016E+11;16;8;12;4;5;2;1;1;6;6;197, NOISY LE SEC RUE DE;;;;930
2,016E+11;16;8;16;1430;1;2;3;1;3;6;102, GAMBETTA AV.;;;;930
2,016E+11;16;8;18;1840;1;2;2;1;3;63;27, HUSSON GABRIEL;;;;930
2,016E+11;16;8;22;1605;1;2;1;1;6;6;LEFEVRE RAYMOND;;;;930
2,016E+11;16;8;30;1330;1;2;3;1;3;63;1, BRANLY BD EDOUARD;;;;930
2,016E+11;16;8;30;1730;1;2;1;1;6;45;1, LIBERTE BD DE LA;;;;930
2,016E+11;16;8;31;1145;1;2;1;1;6;6;33, GAL DE GAULLE AV. DU;;;;930
2,016E+11;16;9;2;2120;5;2;1;1;6;63;1, BARBUSSE HENRI BOULEV;;;;930
2,016E+11;16;9;5;845;1;2;1;2;6;45;16, JUIN AVENUE DU MAREC;;;;930
2,016E+11;16;9;7;1440;1;2;4;1;3;6;GALLIENI  AV.;;;;930
2,016E+11;16;9;10;1525;1;2;1;1;6;6;26, GAL DE GAULLE AV. DU;;;;930
2,016E+11;16;9;14;907;1;2;2;1;6;45;0, DECROS EUGENE BOULEVA;;;;930
2,016E+11;16;9;17;1800;1;2;1;1;2;6;36, GALLIENI  AV.;;;;930
2,016E+11;16;9;20;1650;1;2;1;1;6;6;33-35, GAL DE GAULLE AV.;;;;930
2,016E+11;16;9;24;1600;1;2;2;1;3;61;0, FAIDHERBE AVENUE;;;;930
2,016E+11;16;9;27;2200;5;2;2;1;1;45;01, DECROS EUGENE BOULEV;;;;930
2,016E+11;16;9;28;1300;1;2;1;1;6;61;56, PERI GABRIEL RUE;;;;930
2,016E+11;16;9;28;1930;3;2;1;1;6;63;40, VERDUN AVENUE DE;;;;930
2,016E+11;16;10;5;830;1;2;1;1;6;63;7, KERAUTRET AVENUE PIER;;;;930
2,016E+11;16;10;5;10;5;2;3;1;3;6;GAMBETTA AV.;;;;930
2,016E+11;16;10;9;2200;5;2;4;1;3;6;122, PASTEUR AV.;;;;930
2,016E+11;16;10;11;1240;1;2;1;1;3;45;53 BIS, PASTEUR AV.;;;;930
2,016E+11;16;10;9;2115;5;2;1;1;2;63;10, FLOREAL RUE;;;;930
2,016E+11;16;10;19;1400;1;2;2;1;6;61;0, AUDRY COLETTE RUE;;;;930
2,016E+11;16;10;19;1655;1;2;1;2;6;6;41, MICHEL LOUISE RUE;;;;930
2,016E+11;16;10;22;1600;1;2;1;1;3;45;62, PARIS RUE DE;;;;930
2,016E+11;16;10;31;1600;1;2;1;1;6;63;5, LENINE AVENUE;;;;930
2,016E+11;16;11;4;1545;1;2;1;1;6;45;02, GUYNEMER RUE;;;;930
2,016E+11;16;11;6;1600;1;2;1;1;6;45;141, PARIS RUE DE;;;;930
2,016E+11;16;11;9;1915;5;2;1;2;6;45;114, PARIS RUE DE;;;;930
2,016E+11;16;11;10;2100;5;2;1;1;6;45;136, PARIS RUE DE;;;;930
2,016E+11;16;11;13;420;5;2;1;2;3;63;62, METZ AVENUE DE;;;;930
2,016E+11;16;11;13;1756;5;2;1;8;6;6;41, GAL LECLERC AV. DU;;;;930
2,016E+11;16;11;17;1320;1;2;1;1;6;63;151, VAILLANT AVENUE DU;;;;930
2,016E+11;16;11;20;1440;1;2;2;2;6;63;1, BARBUSSE HENRI BOULEV;;;;930
2,016E+11;16;11;21;1610;1;2;2;1;3;45;0, DECROS EUGENE BOULEVA;;;;930
2,016E+11;16;11;23;2215;5;2;3;1;6;45;05, COQ FRANCAIS RUE DU;;;;930
2,016E+11;16;11;28;2235;5;2;3;1;3;63;LENINE AVENUE;;;;930
2,016E+11;16;12;1;1201;1;2;1;1;6;6;82, GAMBETTa AV.;;;;930
2,016E+11;16;12;7;1345;1;2;3;1;6;45;220, PARIS RUE DE;;;;930
2,016E+11;16;12;7;2220;5;2;2;1;6;45;42, BRUYERES RUE DES;;;;930
2,016E+11;16;12;18;825;1;2;2;2;3;6;0, STALINGRAD AV.;;;;930
2,016E+11;16;12;23;2210;5;2;2;1;3;6;0, REPUBLIQUE AVENUE DE;;;;930
2,016E+11;16;12;28;1900;5;2;1;1;6;45;75, PARIS RUE DE;;;;930
2,016E+11;16;12;30;1630;1;1;4;5;2;63;56, BRANLY BD EDOUARD;;;;930
2,016E+11;16;1;1;722;3;1;1;1;2;74;HENRI IV RUE;;;;930
2,016E+11;16;1;1;2300;5;2;2;1;3;46;ARISTIDE BRIAND AVENUE;;;;930
2,016E+11;16;1;3;555;5;2;3;1;6;46;36, ARISTIDE BRIAND AVEN;;;;930
2,016E+11;16;1;5;810;2;2;2;2;5;46;ARISTIDE BRIAND AVENUE;;;;930
2,016E+11;16;1;5;1250;1;2;3;8;3;46;93, ARISTIDE BRIAND AVEN;;;;930
2,016E+11;16;1;11;1208;1;2;3;2;3;46;SULLY AVENUE;;;;930
2,016E+11;16;1;15;1608;1;2;1;1;6;46;31, VAUBAN AVENUE;;;;930
2,016E+11;16;1;21;730;5;2;1;5;6;46;PAUL BERT AVENUE;;;;930
2,016E+11;16;1;21;1655;1;2;1;1;6;46;Allée Jean Coulon;;;;930
2,016E+11;16;1;24;1040;1;2;2;8;3;74;MEAUX RUE DE;;;;930
2,016E+11;16;2;2;1348;1;2;1;8;1;46;ARISTIDE BRIAND AVENUE;;;;930
2,016E+11;16;2;4;1855;5;2;3;2;3;46;ROGER SALENGRO BOULEVARD;;;;930
2,016E+11;16;2;12;1445;1;2;2;2;3;46;VAUBAN AVENUE;;;;930
2,016E+11;16;2;12;2100;5;2;1;1;1;46;POSTES CHEMIN DES;;;;930
2,016E+11;16;2;15;615;5;2;1;1;6;46;13, VAUBAN AVENUE;;;;930
2,016E+11;16;2;16;2225;5;2;2;1;3;46;SALVADOR ALLENDE CARREFO;;;;930
2,016E+11;16;2;18;1605;1;2;1;2;2;46;90, ARISTIDE BRIAND AVEN;;;;930
2,016E+11;16;2;21;1615;1;2;1;8;6;46;EDOUARD HERRIOT RUE;;;;930
2,016E+11;16;2;27;1050;1;1;1;1;5;15;00, STRATEGIQUE ROUTE;;;;930
2,016E+11;16;3;1;1115;1;2;2;2;3;46;108, JEAN JAURES BOULEVA;;;;930
2,016E+11;16;3;12;600;5;2;1;1;6;46;69, ARISTIDE BRIAND AVEN;;;;930
2,016E+11;16;3;16;2020;5;2;3;1;7;46;00, ARISTIDE BRIAND AVEN;;;;930
2,016E+11;16;3;17;1740;1;2;1;1;6;46;1, LEON BLUM CITE;;;;930
2,016E+11;16;3;18;1155;1;2;9;1;6;74;GIFFARD RUE;;;;930
2,016E+11;16;3;19;1555;1;2;1;1;6;46;REPUBLIQUE AVENUE DE LA;;;;930
2,016E+11;16;3;24;1805;1;2;1;1;6;46;38, PACHOT LAINE RUE;;;;930
2,016E+11;16;3;27;1610;1;1;1;1;5;46;EUROPE BOULEVARD DE L';;;;930
2,016E+11;16;3;30;1330;1;2;1;2;6;46;POSTES CHEMIN DES;;;;930
2,016E+11;16;4;1;825;1;2;2;1;3;46;18, MARX DORMOY BOULEVAR;;;;930
2,016E+11;16;4;13;2145;5;2;9;1;1;74;MEAUX RUE DE;;;;930
2,016E+11;16;4;17;1510;1;2;1;1;2;46;ARISTIDE BRIAND AVENUE;;;;930
2,016E+11;16;4;18;1820;1;1;1;1;6;15;BOIS DE BERNOUILLE ROUTE;;;;930
2,016E+11;16;4;24;1540;1;2;2;2;1;46;LIBERATION PLACE DE LA;;;;930
2,016E+11;16;4;28;1745;1;2;1;1;6;15;JAURES RUE JEAN;;;;930
2,016E+11;16;5;4;1845;1;2;1;9;6;46;2, CHARLES VAILLANT RUE;;;;930
2,016E+11;16;5;7;1540;1;2;3;1;2;74;MEAUX RUE DE;;;;930
2,016E+11;16;5;8;1720;1;2;3;1;3;46;97, REPUBLIQUE AVENUE DE;;;;930
2,016E+11;16;5;7;1;5;2;1;1;3;46;CHARLES DE GAULLE AVENUE;;;;930
2,016E+11;16;5;15;5;5;2;2;1;3;46;ARISTIDE BRIAND AVENUE;;;;930
2,016E+11;16;5;15;2100;1;1;1;1;3;74;ex Route Nationale 3;;;;930
2,016E+11;16;5;20;753;1;2;2;2;3;46;MARX DORMOY BOULEVARD;;;;930
2,016E+11;16;5;23;1500;1;2;2;8;3;46;15, ARISTIDE BRIAND AVEN;;;;930
2,016E+11;16;6;1;1155;1;2;1;1;6;46;CESAR COLLAVERI AVENUE;;;;930
2,016E+11;16;6;7;1405;1;2;6;1;6;46;EUROPE BOULEVARD DE L';;;;930
2,016E+11;16;6;7;1626;1;2;1;1;3;46;60, JEAN JACQUES ROUSSEA;;;;930
2,016E+11;16;6;8;1735;1;2;1;1;5;46;1/3, LEON LUM AVENUE;;;;930
2,016E+11;16;6;9;740;1;2;2;1;3;46;LUCIE AUBRAC ALLEE;;;;930
2,016E+11;16;6;9;1900;1;2;5;1;6;46;ARISTIDE BRIAND AVENUE;;;;930
2,016E+11;16;6;10;845;1;2;1;1;6;46;LUCIE AUBRAC ALLEE;;;;930
2,016E+11;16;6;10;1335;1;2;1;1;3;46;ROGER SALENGRO BOULEVARD;;;;930
2,016E+11;16;6;13;855;1;2;3;1;6;46;EDOUARD HERRIOT RUE;;;;930
2,016E+11;16;6;13;2000;1;2;1;1;2;46;93, ARISTIDE BRIAND AVEN;;;;930
2,016E+11;16;6;16;2230;5;2;1;1;6;46;142, JEAN JAURES BOULEVA;;;;930
2,016E+11;16;6;16;2115;2;1;1;1;7;74;ex Route Nationale 3;;;;930
2,016E+11;16;6;23;1120;1;2;3;1;3;46;ARISTIDE BRIAND AVENUE;;;;930
2,016E+11;16;7;6;1305;1;2;2;1;3;46;5, ARISTIDE BRIAND AVENU;;;;930
2,016E+11;16;7;12;1650;1;2;5;1;3;46;ROGER SALENGRO BOULEVARD;;;;930
2,016E+11;16;7;13;1120;1;2;1;1;2;46;BENOIT MALON AVENUE;;;;930
2,016E+11;16;7;19;2150;2;2;5;1;3;46;ARISTIDE BRIAND AVENUE;;;;930
2,016E+11;16;7;21;1550;1;2;3;1;3;46;MARECHAL LECLERC AVENUE;;;;930
2,016E+11;16;7;21;2345;5;2;3;1;3;46;JEAN JACQUES ROUSSEAU AV;;;;930
2,016E+11;16;7;25;1420;1;2;1;1;6;74;AMYOT BOULEVARD JACQUES;;;;930
2,016E+11;16;7;27;1825;1;2;5;1;7;46;59, WINSTON CHURCHILL AV;;;;930
2,016E+11;16;7;30;1640;1;2;1;1;6;46;4, VAUBAN AVENUE;;;;930
2,016E+11;16;8;25;810;1;2;1;1;6;46;EUGENE MASSE RUE;;;;930
2,016E+11;16;9;1;1030;1;2;1;1;6;46;DOCTEUR HERPIN RUE DU;;;;930
2,016E+11;16;9;3;537;2;2;1;1;6;46;LEON LUM AVENUE;;;;930
2,016E+11;16;9;9;755;1;1;1;1;6;74;Route Nationale 3;;;;930
2,016E+11;16;9;9;1520;1;2;2;1;3;46;CESAR COLLAVERI AVENUE;;;;930
2,016E+11;16;9;9;1630;1;2;1;1;6;74;MEAUX RUE DE;;;;930
2,016E+11;16;9;14;835;1;2;1;1;1;46;22, LA FONTAINE ALLEE;;;;930
2,016E+11;16;9;20;1755;1;2;3;1;3;46;MARX DORMOY BOULEVARD;;;;930
2,016E+11;16;9;24;1240;1;2;5;1;3;46;MONTESQUIEU AVENUE;;;;930
2,016E+11;16;9;29;720;1;2;3;1;3;46;CAMILLE DESMOULINS AVENU;;;;930
2,016E+11;16;9;30;740;1;2;3;1;6;46;2/4, LA FONTAINE ALLEE;;;;930
2,016E+11;16;10;1;2055;5;2;1;1;6;46;51, ARISTIDE BRIAND AVEN;;;;930
2,016E+11;16;10;4;2145;3;2;9;1;6;74;DE GAULLE AVENUE DU GENE;;;;930
2,016E+11;16;10;9;1815;1;2;6;1;1;46;DOCTEUR ROUX RUE DU;;;;930
2,016E+11;16;10;11;950;1;2;2;1;3;46;JEAN ZAY AVENUE;;;;930
2,016E+11;16;10;13;1225;1;2;1;8;3;46;CAMILLE DESMOULINS AVENU;;;;930
2,016E+11;16;11;3;900;1;1;6;1;3;15;STRATEGIQUE ROUTE;;;;930
2,016E+11;16;11;3;1830;5;2;3;1;3;46;MARECHAL LECLERC AVENUE;;;;930
2,016E+11;16;9;13;1100;1;2;1;1;3;46;JEAN JAURES BOULEVARD;;;;930
2,016E+11;16;11;4;1825;5;2;1;2;6;74;138, MEAUX RUE DE;;;;930
2,016E+11;16;11;4;1840;5;2;1;2;6;74;29, MARE NEUVE RUE DE LA;;;;930
2,016E+11;16;11;6;2200;5;2;2;1;3;46;ROBERT SCHUMANN BOULEVAR;;;;930
2,016E+11;16;11;9;620;5;2;1;3;3;46;55-59, LUCIE AUBRAC ALLE;;;;930
2,016E+11;16;11;9;1715;5;2;1;2;3;46;53, JEAN JAURES BOULEVAR;;;;930
2,016E+11;16;11;16;1310;1;2;5;2;6;46;JEAN JAURES BOULEVARD;;;;930
2,016E+11;16;11;17;730;2;2;1;1;6;46;153, ARISTIDE BRIAND AVE;;;;930
2,016E+11;16;11;18;2205;5;2;1;1;6;74;29, ROLLAND RUE ROMAIN;;;;930
2,016E+11;16;11;21;1600;1;2;2;8;3;46;5, REPUBLIQUE BD DE;;;;930
2,016E+11;16;11;21;2000;5;2;1;1;6;74;20, MEAUX RUE DE;;;;930
2,016E+11;16;11;25;815;1;2;1;1;2;46;, ARISTIDE BRIAND AVENUE;;;;930
2,016E+11;16;11;28;1745;5;2;1;1;4;46;137, ARISTIDE BRIAND AVE;;;;930
2,016E+11;16;11;29;1325;1;2;1;1;6;74;00, BOUCHER RUE ALEXANDR;;;;930
2,016E+11;16;12;4;502;5;2;1;9;6;46;EUROPE BOULEVARD DE L';;;;930
2,016E+11;16;12;7;900;1;2;1;1;6;46;FERNAND BAUDOT ALLEE;;;;930
2,016E+11;16;12;13;1500;1;2;3;1;3;74;111, MEAUX RUE DE;;;;930
2,016E+11;16;12;21;1040;1;2;9;1;6;46;10, CAMILLE DESMOULINS A;;;;930
2,016E+11;16;12;22;1930;5;2;1;2;4;15;01, JAURES RUE JEAN;;;;930
2,016E+11;16;5;1;2015;1;2;2;1;3;46;MARX DORMOY BOULEVARD;;;;930
2,016E+11;16;9;5;1750;1;2;1;2;6;46;JEAN JAURES BOULEVARD;;;;930