Num_Acc;an;mois;jour;hrmn;lum;agg;int;atm;col;com;adr;gps;lat;long;dep
2,016E+11;16;11;28;1845;5;2;1;1;2;51;16, EMILE COSSONNEAU (AV;;;;930
2,016E+11;16;11;30;1500;1;2;1;1;3;51;0, VICTOR BASCH (AVENUE);;;;930
2,016E+11;16;12;9;1300;1;2;1;1;3;51;RU DE NESLE (BOULEVARD);;;;930
2,016E+11;16;12;9;1930;5;2;3;1;3;51;NEUILLY (ROUTE);;;;930
2,016E+11;16;12;14;1000;1;2;2;1;6;51;NEUILLY (ROUTE);;;;930
2,016E+11;16;12;15;950;1;2;1;1;6;51;VICTOR BASCH (AVENUE);;;;930
2,016E+11;16;1;20;1905;5;2;1;1;6;53;PARIS (RUE DE);;;;930
2,016E+11;16;1;23;2115;5;2;2;1;3;53;GAGNY (AVENUE DE);;;;930
2,016E+11;16;1;25;1315;1;2;1;1;6;53;DECOUVERTES (PLACE DES);;;;930
2,016E+11;16;1;28;1530;1;2;1;1;1;53;MONTREUIL A CLAYE (CHEMI;;;;930
2,016E+11;16;1;30;2005;5;2;1;2;6;53;124 BIS, ROSNY (AVENUE D;;;;930
2,016E+11;16;2;10;1710;1;2;4;1;3;53;ANATOLE FRANCE (RUE);;;;930
2,016E+11;16;2;16;1640;1;2;4;1;3;53;46, VAILLANT COUTURIER (;;;;930
2,016E+11;16;3;9;730;2;2;1;2;6;53;JEAN COQUELIN (PLACE);;;;930
2,016E+11;16;3;18;1640;1;2;1;1;6;53;MICHELET (BLD) N° 82 A 1;;;;930
2,016E+11;16;3;21;1350;1;2;7;1;6;53;6, GARE (RUE DE LA);;;;930
2,016E+11;16;3;28;2225;5;2;1;3;6;53;14, VAILLANT COUTURIER (;;;;930
2,016E+11;16;3;30;718;2;2;2;2;2;53;PARIS (RUE DE);;;;930
2,016E+11;16;4;11;1535;1;2;3;2;3;53;4, NEUILLY (RUE DE) N° 4;;;;930
2,016E+11;16;4;21;855;1;2;1;1;2;53;110 bis, VAILLANT COUTUR;;;;930
2,016E+11;16;5;1;1055;1;2;9;1;3;53;60, GALLIENI (AVENUE);;;;930
2,016E+11;16;5;7;1645;1;2;1;1;2;53;07, ANATOLE FRANCE (RUE);;;;930
2,016E+11;16;5;9;1237;1;2;1;1;6;53;14, PIERRE BROSSELETTE (;;;;930
2,016E+11;16;5;9;1315;1;2;3;1;3;53;ALSACE LORRAINE (AVENUE;;;;930
2,016E+11;16;5;10;1700;1;2;1;3;6;53;BREMENT (RUE DE) 1 A 83;;;;930
2,016E+11;16;5;16;1925;1;2;3;8;1;53;31, PASTEUR (AVENUE);;;;930
2,016E+11;16;5;22;445;2;2;2;2;3;53;PARC (RUE DU);;;;930
2,016E+11;16;6;4;610;2;2;7;1;1;53;ROSNY (AVENUE DE) N° 56;;;;930
2,016E+11;16;6;5;930;1;2;3;8;3;53;BREMENT (RUE DE) 109 A 2;;;;930
2,016E+11;16;6;5;1905;1;2;1;1;6;53;93, GUILLAUMMES (RUE DES;;;;930
2,016E+11;16;6;26;1503;1;2;2;1;3;53;BREMENT (RUE DE) 109 A 2;;;;930
2,016E+11;16;7;4;930;1;2;6;1;3;53;., ANATOLE FRANCE (RUE);;;;930
2,016E+11;16;7;9;2350;5;2;3;1;7;53;MICHELET (BLD) N° 82 A 1;;;;930
2,016E+11;16;7;21;1810;1;2;1;1;6;53;DIX HUIT AVRIL 1944 (RUE;;;;930
2,016E+11;16;7;22;1420;1;2;1;1;6;53;194, PARIS (RUE DE);;;;930
2,016E+11;16;7;26;905;1;2;1;1;3;53;177, PARIS (RUE DE);;;;930
2,016E+11;16;8;2;1400;1;2;1;2;6;53;JEAN JAURES (RUE);;;;930
2,016E+11;16;8;4;1615;1;2;2;1;6;53;200, PARIS (RUE DE);;;;930
2,016E+11;16;8;20;1630;1;2;1;1;6;53;276 b, GABRIEL PERI (BLD;;;;930
2,016E+11;16;9;14;1930;2;2;1;1;3;53;.., PARC (RUE DU);;;;930
2,016E+11;16;9;16;810;1;2;3;1;3;53;..., STRASBOURG (AVENUE;;;;930
2,016E+11;16;10;19;745;1;2;1;1;3;53;98, ANATOLE FRANCE (RUE);;;;930
2,016E+11;16;10;24;1900;5;2;2;2;3;53;, PARIS (RUE DE);;;;930
2,016E+11;16;10;25;700;5;2;6;1;6;53;, GARE (RUE DE LA);;;;930
2,016E+11;16;10;26;1620;1;2;1;1;6;53;., BREMENT (RUE DE) 109;;;;930
2,016E+11;16;11;14;900;1;2;1;8;3;53;09, BREMENT (RUE DE) 1 A;;;;930
2,016E+11;16;11;20;1545;1;2;1;2;3;53;83, BOISSIERE (BLD DE LA;;;;930
2,016E+11;16;11;23;1418;1;2;3;1;3;53;..., ROGER SALENGRO (BLD;;;;930
2,016E+11;16;11;24;1850;5;2;3;1;3;53;REPUBLIQUE (BLD DE LA) N;;;;930
2,016E+11;16;11;28;2355;5;2;1;1;6;53;DIX HUIT AVRIL 1944 (RUE;;;;930
2,016E+11;16;11;28;1310;1;2;1;1;3;53;, ROSNY (AVENUE DE) N° 1;;;;930
2,016E+11;16;12;4;1820;5;2;1;1;3;53;107, BREMENT (RUE DE) 85;;;;930
2,016E+11;16;12;6;940;1;2;1;1;3;53;119, GABRIEL PERI (BLD);;;;930
2,016E+11;16;12;6;1920;5;2;4;1;3;53;ANATOLE FRANCE (RUE);;;;930
2,016E+11;16;12;13;2300;5;2;3;1;3;53;42, PIERRE SEMARD (RUE);;;;930
2,016E+11;16;1;1;1840;5;2;1;1;6;55;78, JEAN JAURES (AVENUE);;;;930
2,016E+11;16;1;7;740;2;2;1;3;3;55;176, JEAN LOLIVE (AVENUE;;;;930
2,016E+11;16;1;14;1611;1;2;1;1;2;55;80, JEAN LOLIVE (AVENUE);;;;930
2,016E+11;16;1;21;1719;5;2;2;1;6;55;DIVISION LECLERC (AVE DE;;;;930
2,016E+11;16;2;2;1725;2;2;3;2;6;55;ESTIENNE D'ORVES (1 A 13;;;;930
2,016E+11;16;5;29;245;5;2;1;1;2;55;176, GENERAL LECLERC(AVE;;;;930
2,016E+11;16;7;6;825;1;2;1;1;2;55;34, DELIZY (DU 23 A FIN;;;;930
2,016E+11;16;1;14;1300;1;2;4;1;1;55;5, MEHUL (1/37. 2/24);;;;930
2,016E+11;16;2;3;930;1;2;2;1;3;55;ANATOLE FRANCE (AVENUE);;;;930
2,016E+11;16;2;7;2300;5;2;1;6;2;55;JEAN JAURES (AVENUE) (17;;;;930
2,016E+11;16;2;18;1135;1;2;2;1;3;55;83, JEAN LOLIVE (AVENUE);;;;930
2,016E+11;16;2;19;2040;5;2;1;1;2;55;136, JEAN LOLIVE (AVENUE;;;;930
2,016E+11;16;2;20;145;5;2;1;8;6;55;25, SCANDICCI;;;;930
2,016E+11;16;3;9;2320;5;2;3;1;3;55;JEAN LOLIVE (AVENUE)(107;;;;930
2,016E+11;16;3;12;1425;1;2;1;1;6;55;55, JEAN LOLIVE (AVENUE);;;;930
2,016E+11;16;3;12;1810;1;2;1;1;6;55;42, GABRIELLE JOSSERAND;;;;930
2,016E+11;16;4;9;15;5;2;1;1;3;55;88, JEAN JAURES (AVENUE);;;;930
2,016E+11;16;4;13;920;1;2;1;2;3;55;JEAN LOLIVE (AVENUE)(107;;;;930
2,016E+11;16;4;17;1320;1;2;3;2;6;55;210, GENERAL LECLERC(AVE;;;;930
2,016E+11;16;4;19;1430;1;2;1;1;6;55;30, SCANDICCI;;;;930
2,016E+11;16;4;25;1315;1;2;5;1;3;55;49, JULES AUFFRET (51/FI;;;;930
2,016E+11;16;5;7;1255;1;2;1;1;6;55;02, HOCHE;;;;930
2,016E+11;16;5;9;1715;1;2;1;1;2;55;GENERAL LECLERC(AVE DU)8;;;;930
2,016E+11;16;5;12;2048;2;2;1;2;6;55;EDOUARD VAILLANT DU 1 A;;;;930
2,016E+11;16;5;20;1925;1;2;1;1;6;55;14, SCANDICCI;;;;930
2,016E+11;16;5;21;1252;1;2;1;1;6;55;7, SAINTE MARGUERITE;;;;930
2,016E+11;16;4;10;20;5;2;1;1;6;55;200, JEAN LOLIVE (AVENUE;;;;930
2,016E+11;16;6;6;1700;1;2;1;1;6;55;172, JEAN JAURES (AVENUE;;;;930
2,016E+11;16;6;11;1630;1;2;3;1;6;55;, CANDALE;;;;930
2,016E+11;16;6;13;2135;2;2;1;1;6;55;63, CHARLES NODIER;;;;930
2,016E+11;16;6;15;1420;1;2;1;1;6;55;15, GABRIELLE JOSSERAND;;;;930
2,016E+11;16;6;18;1650;1;2;3;1;3;55;, JEAN LOLIVE (AVENUE)(7;;;;930
2,016E+11;16;6;23;1945;1;2;3;1;3;55;JULES AUFFRET (1/49 ET 2;;;;930
2,016E+11;16;6;28;2020;1;2;1;1;6;55;23, AUGER;;;;930
2,016E+11;16;8;7;2015;1;2;1;7;6;55;52, JEAN LOLIVE (AVENUE);;;;930
2,016E+11;16;12;15;1337;1;2;1;1;3;55;170, JEAN LOLIVE (AVENUE;;;;930
2,016E+11;16;7;14;1350;1;2;1;1;6;55;8, CANDALE;;;;930
2,016E+11;16;7;17;1650;1;2;1;1;2;55;195, JEAN LOLIVE (AVENUE;;;;930
2,016E+11;16;7;24;900;1;2;4;1;2;55;5, EDOUARD VAILLANT DU 2;;;;930
2,016E+11;16;8;4;1950;1;2;1;1;6;55;36, JEAN LOLIVE (AVENUE);;;;930
2,016E+11;16;8;12;1015;1;2;1;1;1;55;77, JULES AUFFRET (51/FI;;;;930
2,016E+11;16;8;30;1725;1;2;9;1;6;55;110, GENERAL LECLERC(AVE;;;;930
2,016E+11;16;9;11;210;5;2;1;1;6;55;154, GENERAL LECLERC(AVE;;;;930
2,016E+11;16;10;1;1930;5;2;1;1;2;55;44, JEAN JAURES (AVENUE);;;;930
2,016E+11;16;11;4;920;2;2;1;2;6;55;, JULES AUFFRET (1/49 ET;;;;930
2,016E+11;16;11;5;1230;1;2;1;1;3;55;205, JEAN LOLIVE (AVENUE;;;;930
2,016E+11;16;11;10;1143;1;2;2;1;3;55;226, JEAN LOLIVE (AVENUE;;;;930
2,016E+11;16;12;20;1100;1;2;1;1;2;55;175, JEAN LOLIVE (AVENUE;;;;930
2,016E+11;16;10;15;2353;5;2;1;1;6;55;JEAN JAURES (AVENUE) (17;;;;930
2,016E+11;16;1;6;745;1;2;3;2;6;62;0, COTEAUX (ALLEE DES) 1;;;;930
2,016E+11;16;1;7;1945;5;2;2;1;3;62;10, TELEGRAPHE (ALLEE DU;;;;930
2,016E+11;16;1;9;2150;5;2;1;2;3;62;9, EST (BOULEVARD DE L');;;;930
2,016E+11;16;1;9;908;1;2;1;9;6;62;37, JARDIN ANGLAIS ET DE;;;;930
2,016E+11;16;1;13;1611;1;1;1;1;7;77;137 BIS, NEUILLY (RUE DE;;;;930
2,016E+11;16;1;19;800;1;2;2;1;6;62;16, HETRES (ALLE DES);;;;930
2,016E+11;16;1;20;1735;5;2;2;1;6;62;40, THIERS (AVENUE);;;;930
2,016E+11;16;1;22;1650;2;2;2;2;3;77;19, ORANGERIE (RUE DE L';;;;930
2,016E+11;16;1;30;1150;1;2;1;2;6;77;180, GRANDE RUE;;;;930
2,016E+11;16;2;7;1715;2;2;2;1;5;77;62, FOSSE AUX BERGERS (R;;;;930
2,016E+11;16;2;10;1700;1;2;2;2;3;77;122, GRANDE RUE;;;;930
2,016E+11;16;2;11;750;1;2;1;1;2;77;4, RAINCY (AVENUE DU);;;;930
2,016E+11;16;2;11;1600;1;2;1;2;6;77;105, GRANDE RUE;;;;930
2,016E+11;16;2;13;1043;1;2;2;3;3;77;34, AIME (AVENUE);;;;930
2,016E+11;16;2;14;1640;1;2;2;1;6;62;, ERMITAGE (ALLEE DE L');;;;930
2,016E+11;16;2;16;1610;1;2;1;1;6;77;22, GRANDE RUE;;;;930
2,016E+11;16;2;18;2035;5;2;2;2;6;77;121-123, ROSNY (AVENUE D;;;;930
2,016E+11;16;2;27;1910;5;2;4;1;6;77;07, LUCIE (AVENUE);;;;930
2,016E+11;16;3;22;1820;1;2;6;1;6;62;130bis, RESISTANCE (AVEN;;;;930
2,016E+11;16;3;24;2240;5;2;1;1;5;62;07, NICOLAS CARNOT (ALLE;;;;930
2,016E+11;16;4;1;1840;1;2;1;1;6;77;2, PROCESSION (RUE DE LA;;;;930
2,016E+11;16;4;6;810;1;2;6;1;2;77;15, ADELE (RUE);;;;930
2,016E+11;16;4;6;1922;2;2;1;2;2;62;57, MIDI (BOULEVARD DU);;;;930
2,016E+11;16;4;6;1635;1;2;3;2;2;77;84 BIS, GRANDE RUE;;;;930
2,016E+11;16;4;11;1245;1;2;1;2;6;77;ROSNY (AVENUE DE);;;;930
2,016E+11;16;4;13;1000;1;2;2;1;6;62;106, MONTFERMEIL (ALLEE;;;;930
2,016E+11;16;4;17;1600;1;2;3;1;3;62;118, RESISTANCE (AVENUE;;;;930
2,016E+11;16;4;22;950;1;2;1;2;6;62;4, VERDUN (ALLEE DE);;;;930
2,016E+11;16;4;25;520;3;2;1;2;5;77;9, GRANDE RUE;;;;930
2,016E+11;16;4;28;2030;2;2;9;1;4;62;19 BIS, LIVRY (AVENUE DE;;;;930
2,016E+11;16;4;30;1140;1;2;9;1;6;77;01, VILLEBOIS MAREUIL (R;;;;930
2,016E+11;16;5;3;1715;1;2;1;1;3;77;8, OUTREBON (AVENUE);;;;930
2,016E+11;16;5;6;545;2;2;2;1;2;77;29, GRANDE RUE;;;;930
2,016E+11;16;5;6;1615;1;2;5;1;3;77;15, OSSEVILLE (AVENUE D';;;;930
2,016E+11;16;5;6;1825;1;2;6;1;7;77;14, SAINT LOUIS (RUE) JU;;;;930
2,016E+11;16;5;14;1440;1;2;1;1;3;62;75, RESISTANCE (AVENUE D;;;;930
2,016E+11;16;5;18;110;5;2;2;1;3;77;36, NOISY (ROUTE DE) JUS;;;;930
2,016E+11;16;5;19;920;1;2;1;2;6;62;114 BIS, RESISTANCE (AVE;;;;930
2,016E+11;16;5;19;1100;1;2;1;2;6;77;31, NEUILLY (RUE DE);;;;930
2,016E+11;16;5;23;1535;1;2;1;1;6;77;86, NEUILLY (RUE DE);;;;930
2,016E+11;16;5;26;820;1;2;3;1;3;77;61, GALLIENI (AVENUE DU;;;;930
2,016E+11;16;5;26;1105;1;2;2;1;3;77;MONTAGNE SAVART (RUE DE;;;;930
2,016E+11;16;5;27;915;1;2;2;1;3;77;123, BONDY (AVENUE DE) J;;;;930
2,016E+11;16;6;7;1145;1;2;2;1;3;77;, GUITLEVITCH (RUE SIMON;;;;930
2,016E+11;16;6;10;900;1;2;3;1;3;77;20, GANTE (RUE BERNARD);;;;930
2,016E+11;16;6;14;1335;1;2;2;1;3;77;128, BONDY (AVENUE DE) J;;;;930
2,016E+11;16;6;16;1751;1;2;1;2;6;77;126, ROSNY (AVENUE DE);;;;930
2,016E+11;16;6;17;1030;1;2;3;1;3;62;4, GENERAL DE GAULLE (PL;;;;930
2,016E+11;16;6;18;2230;5;2;1;1;6;77;109, GRANDE RUE;;;;930
2,016E+11;16;6;18;1310;1;2;2;1;2;77;67, GRANDE RUE;;;;930
2,016E+11;16;6;22;1815;1;2;2;1;1;77;GRANDE RUE;;;;930
2,016E+11;16;6;23;1800;1;2;1;1;4;77;59, RAINCY (AVENUE DU);;;;930
2,016E+11;16;6;24;910;1;2;6;1;3;77;GRANDE RUE;;;;930
2,016E+11;16;6;24;1725;1;2;2;1;7;62;47 BIS, MIDI (BOULEVARD;;;;930
2,016E+11;16;6;18;520;1;2;1;1;7;77;03, GRANDE RUE;;;;930
2,016E+11;16;6;27;1030;1;2;2;2;6;62;GAMBETTA (ALLEE);;;;930
2,016E+11;16;6;28;825;1;2;2;1;3;62;MIDI (BOULEVARD DU);;;;930
2,016E+11;16;6;29;1530;1;2;2;1;3;77;17, MONTAGNE SAVART (RUE;;;;930
2,016E+11;16;7;5;2135;2;2;2;1;3;77;12, SAINT CHARLES (RUE);;;;930
2,016E+11;16;7;9;110;5;2;2;1;4;77;67, GRANDE RUE;;;;930
2,016E+11;16;7;9;2014;2;2;1;1;6;77;30, AULNAY (BOULEVARD D';;;;930
2,016E+11;16;7;17;335;5;2;1;1;6;77;138 bis, GRANDE RUE;;;;930
2,016E+11;16;7;22;1350;1;2;2;1;1;62;13, COTEAUX (ALLEE DES);;;;930
2,016E+11;16;7;26;800;1;2;1;1;1;62;13 bis, OUEST (BOULEVARD;;;;930
2,016E+11;16;8;8;1410;1;2;2;1;3;77;25, MONTAGNE SAVART (RUE;;;;930
2,016E+11;16;8;9;2215;5;2;1;1;3;77;04, GRANDE RUE;;;;930
2,016E+11;16;8;17;1735;1;2;6;7;6;62;156, THIERS (AVENUE);;;;930
2,016E+11;16;8;25;1705;1;2;1;1;6;77;41, AVRON (RUE D');;;;930
2,016E+11;16;9;5;1445;1;2;1;2;3;77;66, FOSSE AUX BERGERS (R;;;;930
2,016E+11;16;9;9;750;1;2;1;1;6;77;84, FRANKLIN (AVENUE) 1-;;;;930
2,016E+11;16;9;9;1419;1;2;5;1;3;77;37, ANDRE (BOULEVARD);;;;930
2,016E+11;16;9;10;1235;1;2;2;1;3;14;22, BOIS DE LIVRY (ALLEE;;;;930
2,016E+11;16;9;10;1600;1;2;1;1;5;62;5, MIDI (BOULEVARD DU);;;;930
2,016E+11;16;9;15;7;5;2;1;2;6;62;13, THIERS (AVENUE);;;;930
2,016E+11;16;9;16;1410;1;2;1;1;6;77;18, VELLEDA (ALLEE);;;;930
2,016E+11;16;9;16;2020;5;2;2;3;3;77;50, NOISY (ROUTE DE) JUS;;;;930
2,016E+11;16;9;18;1750;1;2;1;1;2;77;0, GANTE (RUE BERNARD) J;;;;930
2,016E+11;16;9;19;1115;1;2;2;2;3;77;122, GRANDE RUE;;;;930
2,016E+11;16;9;21;1747;1;2;6;7;6;62;115, THIERS (AVENUE);;;;930
2,016E+11;16;9;24;1935;5;2;3;1;7;77;60, ROSNY (AVENUE DE);;;;930
2,016E+11;16;9;28;830;1;2;2;1;3;77;0, LONGPERRIER (AVENUE D;;;;930
2,016E+11;16;9;28;2300;5;2;9;1;3;77;32, ROSNY (AVENUE DE);;;;930
2,016E+11;16;9;29;1300;1;2;6;1;2;62;55, MIDI (BOULEVARD DU);;;;930
2,016E+11;16;10;1;635;5;2;1;9;3;77;33, LAGACHE (AVENUE);;;;930
2,016E+11;16;10;4;745;2;2;1;1;4;77;48, NOISY (ROUTE DE) JUS;;;;930
2,016E+11;16;10;5;2307;5;2;1;1;6;77;64, RAINCY (AVENUE DU);;;;930
2,016E+11;16;10;7;1650;1;2;1;8;6;77;2ter, LAENNEC (RUE) COTE;;;;930
2,016E+11;16;10;7;2350;5;2;1;1;7;77;GRANDE RUE;;;;930
2,016E+11;16;10;8;1915;1;2;2;1;3;77;15, PARC (RUE DU);;;;930
2,016E+11;16;10;13;1105;1;2;1;1;2;77;8, ESPERANCE (ALLEE DE L;;;;930
2,016E+11;16;10;13;1810;2;2;1;2;1;62;MIDI (BOULEVARD DU);;;;930
2,016E+11;16;10;16;455;5;2;1;1;2;77;44, FOSSE AUX BERGERS (R;;;;930
2,016E+11;16;10;20;2015;5;2;1;8;3;62;97, RESISTANCE (AVENUE D;;;;930
2,016E+11;16;10;22;835;2;2;1;5;7;77;56, ROSNY (AVENUE DE);;;;930
2,016E+11;16;10;25;1824;5;2;1;1;6;77;8, GALLIENI (AVENUE DU G;;;;930
2,016E+11;16;10;26;130;5;2;1;1;6;77;113, GRANDE RUE;;;;930
2,016E+11;16;10;31;1540;1;2;1;1;6;77;07, DECAUVILLE (RUE);;;;930
2,016E+11;16;11;18;1525;1;2;1;1;6;62;72, JARDIN ANGLAIS ET DE;;;;930
2,016E+11;16;11;21;750;2;2;8;2;6;77;51, AULNAY (BOULEVARD D';;;;930
2,016E+11;16;11;22;1920;5;2;2;1;3;62;3, GAGNY (ALLEE DE);;;;930
2,016E+11;16;11;27;1025;1;2;9;1;2;77;GRANDE RUE;;;;930
2,016E+11;16;11;29;1715;5;2;1;1;7;77;0, PLATEAU (RUE DU);;;;930
2,016E+11;16;12;1;740;5;2;1;1;6;62;49, MIDI (BOULEVARD DU);;;;930
2,016E+11;16;12;1;2150;5;2;1;1;6;77;9, CHARRIER (ALLEE);;;;930
2,016E+11;16;12;6;800;1;2;1;1;6;62;125, RESISTANCE (AVENUE;;;;930
2,016E+11;16;12;8;1450;1;2;2;1;6;77;58, NEUILLY (RUE DE);;;;930
2,016E+11;16;12;13;900;1;2;8;2;3;77;AULNAY (BOULEVARD D') 1-;;;;930
2,016E+11;16;12;14;1910;5;2;2;8;1;77;GRANDE RUE;;;;930
2,016E+11;16;1;5;805;5;2;5;2;6;64;2, MAUNOURY (RUE DU MARE;;;;930
2,016E+11;16;1;6;1840;5;2;2;1;6;64;FERRY (RUE JULES);;;;930
2,016E+11;16;1;12;1645;1;2;1;1;6;64;00, KENNEDY (AVENUE DU P;;;;930
2,016E+11;16;1;13;1640;2;2;1;8;6;64;00, HOFFMANN (RUE PHILIB;;;;930
2,016E+11;16;1;13;2035;5;2;1;8;6;64;00, ALSACE-LORRAINE (BOU;;;;930
2,016E+11;16;1;21;1435;1;2;1;1;6;64;152, KENNEDY (AVENUE DU;;;;930
2,016E+11;16;1;26;630;5;2;1;1;6;64;00, ALSACE-LORRAINE (BOU;;;;930
2,016E+11;16;1;30;1230;1;2;5;3;1;64;00, GUESDES (RUE JULES);;;;930
2,016E+11;16;2;1;1400;1;2;1;1;6;64;24, ROCHEBRUNE (RUE;;;;930
2,016E+11;16;2;3;1830;5;2;1;9;6;64;00, WALESA (AVENUE LECH;;;;930
2,016E+11;16;2;5;1540;1;2;1;1;2;64;99, DE GAULLE (AV DU GAL;;;;930
2,016E+11;16;2;9;1225;1;2;1;3;6;64;37, CAVARE (RUE PAUL;;;;930
2,016E+11;16;2;9;1740;5;2;1;8;6;64;00, GALLIENI (RUE DU GAL;;;;930
2,016E+11;16;2;10;1420;1;2;1;1;2;64;79, DE GAULLE (AV DU GAL;;;;930
2,016E+11;16;2;10;1745;2;2;1;1;6;64;83, HUGO (RUE VICTOR);;;;930
2,016E+11;16;2;15;1430;1;2;1;1;6;64;00, BLUM (RUE LEON;;;;930
2,016E+11;16;2;20;1720;1;2;1;1;6;64;00, PERI (BOULEVARD GABR;;;;930
2,016E+11;16;2;20;2000;4;2;1;8;6;64;190, ALSACE-LORRAINE (BO;;;;930
2,016E+11;16;3;6;1030;1;2;1;1;6;64;15BIS, GALLIENI (RUE DU;;;;930
2,016E+11;16;3;8;900;1;2;2;2;6;64;19, SUE (RUE EUGENE);;;;930
2,016E+11;16;3;9;1400;1;2;1;2;6;64;00, LISBONNE (RUE DE);;;;930
2,016E+11;16;3;16;2007;5;2;2;1;6;64;00, ALSACE-LORRAINE (BOU;;;;930
2,016E+11;16;3;19;830;1;2;3;1;6;64;00, WALESA (AVENUE LECH);;;;930
2,016E+11;16;3;20;1755;1;2;1;1;6;64;2, BASTIE (RUE MARYSE);;;;930
2,016E+11;16;3;21;1250;1;2;1;1;6;64;127, D' ORVES (RUE ESTIE;;;;930
2,016E+11;16;3;22;1418;1;2;1;1;6;64;00, LECRIVAIN (PLACE EMI;;;;930
2,016E+11;16;3;24;810;1;2;1;1;6;64;188, PERI (BOULEVARD GAB;;;;930
2,016E+11;16;4;1;1723;1;2;1;1;6;64;00, LISBONNE (RUE DE);;;;930
2,016E+11;16;4;15;1255;1;2;1;1;4;64;96, KENNEDY (AVENUE DU P;;;;930
2,016E+11;16;4;17;2200;5;2;1;1;6;64;00, DE GAULLE (AV DU GEN;;;;930
2,016E+11;16;4;23;1500;1;2;1;8;6;64;00, FAIDHERBE (ALLEE);;;;930
2,016E+11;16;5;7;1445;1;2;1;1;6;64;33, DE GAULLE (AV DU GEN;;;;930
2,016E+11;16;5;14;1440;1;2;1;1;6;64;52, ROCHEBRUNE (RUE);;;;930
2,016E+11;16;5;22;1010;1;2;1;2;6;64;39, KENNEDY (AVENUE DU P;;;;930
2,016E+11;16;5;23;2120;5;2;2;2;6;64;00, FAIDHERBE (ALLEE);;;;930
2,016E+11;16;5;27;2330;5;2;1;1;6;64;00, SUEUR (BOULEVARD THE;;;;930
2,016E+11;16;6;6;1755;1;2;1;1;6;64;00, KENNEDY (AVENUE DU P;;;;930
2,016E+11;16;6;7;2200;5;2;2;1;6;64;00, ALSACE-LORRAINE (BOU;;;;930
2,016E+11;16;6;12;2138;5;2;1;2;6;64;00, ALSACE-LORRAINE (BOU;;;;930
2,016E+11;16;6;15;1650;1;1;3;1;6;64;14, ANCIENS COMBATTANTS;;;;930
2,016E+11;16;6;17;1910;1;2;1;2;6;64;00, FERRY (RUE JULES);;;;930
2,016E+11;16;6;29;825;1;2;1;1;6;64;00, ALSACE-LORRAINE (BOU;;;;930
2,016E+11;16;7;5;1200;1;2;1;1;6;64;30, KENNEDY (AVENUE DU P;;;;930
2,016E+11;16;7;6;820;1;1;1;1;6;77;17, MONTGOLFIER (RUE J E;;;;930
2,016E+11;16;7;7;930;1;2;3;1;6;64;00, MERMOZ (RUE JEAN);;;;930
2,016E+11;16;7;19;2025;1;2;1;1;6;64;19/21, GALLIENI (RUE DU;;;;930
2,016E+11;16;7;22;1510;1;2;1;1;6;64;00, ALSACE-LORRAINE (BOU;;;;930
2,016E+11;16;7;26;940;1;2;1;1;6;64;00, FROIDURE (RUE ANTONI;;;;930
2,016E+11;16;8;3;1844;1;2;1;2;6;64;00, BLUM (RUE LEON);;;;930
2,016E+11;16;8;12;1725;1;2;1;1;6;64;00, LAENNEC (RUE);;;;930
2,016E+11;16;8;15;1600;1;2;1;1;6;64;140, PERI (BOULEVARD GAB;;;;930
2,016E+11;16;8;24;1830;1;2;2;1;6;64;00, SUE (RUE EUGENE);;;;930
2,016E+11;16;9;12;900;1;2;1;1;6;64;00, LISBONNE (RUE DE);;;;930
2,016E+11;16;9;13;1500;1;2;2;1;1;64;00, JAURES (AVENUE JEAN);;;;930
2,016E+11;16;9;19;540;5;2;1;1;6;64;00, ALSACE-LORRAINE (BOU;;;;930
2,016E+11;16;9;21;1815;1;2;1;1;6;64;46, STRASBOURG (RUE DE);;;;930
2,016E+11;16;9;22;1325;1;2;1;1;6;64;25, JAURES (AVENUE JEAN);;;;930
2,016E+11;16;9;24;1430;1;2;1;1;6;64;00, JAURES (AVENUE JEAN);;;;930
2,016E+11;16;9;27;1145;1;2;3;1;6;64;00, ALSACE-LORRAINE (BOU;;;;930
2,016E+11;16;9;27;1340;1;2;9;1;6;64;00, DE GAULLE (AV DU GEN;;;;930
2,016E+11;16;10;6;1935;5;2;3;1;6;64;00, QUATRIEME ZOUAVES (R;;;;930
2,016E+11;16;10;6;2025;5;2;1;1;6;64;97, KENNEDY (AVENUE DU P;;;;930
2,016E+11;16;10;9;55;5;2;1;1;7;64;00, QUATRIEME ZOUAVES (R;;;;930
2,016E+11;16;10;10;820;1;2;1;1;6;64;123, HUGO (RUE VICTOR);;;;930
2,016E+11;16;10;13;1630;1;2;1;2;6;64;00, ALSACE-LORRAINE (BOU;;;;930
2,016E+11;16;10;15;1740;1;2;2;1;6;64;00, LAVOISIER (RUE);;;;930
2,016E+11;16;10;18;2033;5;2;1;2;6;64;22, WALESA (AVENUE LECH);;;;930
2,016E+11;16;10;27;1240;1;2;2;1;6;64;00, JAURES (AVENUE JEAN);;;;930
2,016E+11;16;10;31;1845;5;2;1;1;6;64;107, ETANG A L'EAU (RUE;;;;930
2,016E+11;16;11;6;2330;5;2;1;1;6;64;00, ALSACE-LORRAINE (BOU;;;;930
2,016E+11;16;11;8;1825;5;2;1;1;6;64;00, HOFFMANN (RUE PHILIB;;;;930
2,016E+11;16;11;10;1725;5;2;3;2;6;64;83, HOFFMANN (RUE PHILIB;;;;930
2,016E+11;16;11;12;1830;3;2;1;2;7;64;00, MONTGOLFIER (RUE J E;;;;930
2,016E+11;16;11;14;1900;5;2;1;8;6;64;7, LISBONNE (RUE DE);;;;930
2,016E+11;16;11;18;1045;1;2;1;1;6;64;7, RAVEL (RUE MAURICE);;;;930
2,016E+11;16;11;20;1805;5;2;6;2;6;64;00, REPUBLIQUE (AVENUE D;;;;930
2,016E+11;16;11;26;1145;1;2;1;1;6;64;00, DE GAULLE (AV DU GEN;;;;930
2,016E+11;16;12;1;1745;5;2;1;5;6;64;00, ALSACE-LORRAINE (BOU;;;;930
2,016E+11;16;12;10;1745;5;2;1;5;3;64;00, ALSACE-LORRAINE (BOU;;;;930
2,016E+11;16;12;12;2130;5;2;1;2;3;64;327, BOISSIERE (BOULEVAR;;;;930
2,016E+11;16;1;3;630;3;2;3;1;3;39;PAUL MARCEL (BOULEVARD);;;;930
2,016E+11;16;1;7;845;1;2;1;2;6;66;THOREZ MAURICE NR 11 A 1;;;;930
2,016E+11;16;1;12;1830;5;2;1;2;2;66;PRESSENCE FRANCIS (AVENU;;;;930
2,016E+11;16;1;13;845;1;2;6;1;3;66;"""STRASBOURG, NR 36 ET SU";;;;930
2,016E+11;16;1;13;1400;1;2;1;1;6;66;53, GUYNEMER;;;;930
2,016E+11;16;1;17;637;5;2;4;1;3;66;34, FRANCE ANATOLE (BOUL;;;;930
2,016E+11;16;1;20;2045;5;2;6;1;6;66;VAILLANT COUTURIER PAUL;;;;930
2,016E+11;16;1;21;1545;1;2;2;1;3;66;CASANOVA DANIELLE NR 2 A;;;;930
2,016E+11;16;1;22;1600;1;2;2;2;3;66;"""LANDY RD 20, NR IMPAIRS";;;;930
2,016E+11;16;1;26;1955;5;2;1;1;6;66;83, REPUBLIQUE;;;;930