Num_Acc;an;mois;jour;hrmn;lum;agg;int;atm;col;com;adr;gps;lat;long;dep
2,016E+11;16;10;16;1435;1;2;1;1;6;69;6, SAINT MAURICE DU VALA;;;;940
2,016E+11;16;10;17;800;1;2;1;8;3;18;CARRIERES (QU DES);;;;940
2,016E+11;16;11;2;1420;1;2;2;1;5;69;REPUBLIQUE (QU DE LA);;;;940
2,016E+11;16;11;3;1005;1;2;1;1;3;18;66, CARRIERES (QU DES);;;;940
2,016E+11;16;11;7;1015;1;2;1;2;3;69;142, MARECHAL LECLERC (R;;;;940
2,016E+11;16;11;14;930;1;1;1;1;6;69;CANADIENS (AV DES);;;;940
2,016E+11;16;11;21;1400;1;2;1;2;6;69;5 bis, REPUBLIQUE (QU DE;;;;940
2,016E+11;16;12;5;1850;5;2;1;1;3;18;07, VICTOR HUGO (R);;;;940
2,016E+11;16;12;8;1935;5;2;1;1;6;18;02, JEAN PIGEON (R);;;;940
2,016E+11;16;12;15;1745;5;2;6;1;6;69;180, MARECHAL LECLERC (R;;;;940
2,016E+11;16;12;26;1730;5;2;3;1;6;18;GABRIELLE/PARIS;M;4882100;241459;940
2,016E+11;16;12;30;1630;1;2;1;1;6;18;35, MARECHAL DE LATTRE D;;;;940
2,016E+11;16;1;4;955;1;2;3;1;6;79;BERTEAUX / ECOLES;M;4882730;254000;940
2,016E+11;16;1;7;725;5;2;2;3;3;59;PIERRE / DE GAULLE;M;4880840;257754;940
2,016E+11;16;1;7;2135;5;2;2;1;3;55;CENTRE / BIRAGUE;M;4878720;253244;940
2,016E+11;16;1;9;505;3;1;3;1;6;53;QUEUE-EN-BRIE / CARNOT;M;4877680;255106;940
2,016E+11;16;1;10;1950;5;2;3;2;6;19;PLESSIS / BATTUES;M;4880090;254808;940
2,016E+11;16;1;18;1140;1;2;5;1;2;79;BERTEAUX / MENTIENNE;M;4882910;253935;940
2,016E+11;16;1;18;1820;5;2;2;1;6;79;FOSSES / NOISY;M;4882870;254106;940
2,016E+11;16;1;19;1945;5;1;1;1;2;79;06, GENERAL LECLERC;M;4882230;254078;940
2,016E+11;16;2;5;1815;5;2;3;2;6;55;CENTRE / MONTALEMBERT;M;4878610;252993;940
2,016E+11;16;2;8;1850;5;2;6;9;1;79;RODIN / BELMONDO;M;4883260;255204;940
2,016E+11;16;2;11;1000;1;2;3;1;2;19;8, PONT;M;4879250;252615;940
2,016E+11;16;2;18;1525;1;1;1;2;6;55;85, PROVINS/PARKING CC;M;4879350;255356;940
2,016E+11;16;2;19;1705;1;2;2;1;3;59;BERTEAUX / PONROY;M;4880510;257228;940
2,016E+11;16;2;22;1940;5;2;2;2;3;79;MONTRICHARD / 1945;M;4882960;255122;940
2,016E+11;16;2;29;815;1;2;3;1;2;79;ROUY / MOUSQUETAIRES;M;4882090;255598;940
2,016E+11;16;3;1;1630;1;2;4;3;6;79;31, BRY/BRIAND;M;4883120;253510;940
2,016E+11;16;3;2;1530;1;2;1;1;4;79;38, JEAN JAURES;M;4882730;252927;940
2,016E+11;16;3;6;905;1;2;1;1;6;79;37, RUE DU GENERAL GALLI;M;4882580;254036;940
2,016E+11;16;3;16;825;1;2;3;1;3;55;ORMESS / MOLIERE;M;4878090;251446;940
2,016E+11;16;3;17;1715;1;2;3;1;3;55;ORMESSON / GOLF;M;4878740;254425;940
2,016E+11;16;3;22;800;1;2;3;1;3;19;PLAINE / BRIAND;M;4879700;253357;940
2,016E+11;16;3;25;625;2;2;1;2;6;79;37, FRIEDBERG;M;4883240;254293;940
2,016E+11;16;3;25;1115;1;2;2;2;2;55;PROVINS / LAVOISIER;M;4879680;254805;940
2,016E+11;16;4;4;1200;1;2;3;1;3;19;LIBERATION / BORDES;M;4879750;254738;940
2,016E+11;16;4;5;755;1;2;3;1;1;53;MENDES / SAINT-EXUPERY;M;4877070;254388;940
2,016E+11;16;4;9;1750;1;2;4;2;1;55;VENT / CANTOUX;M;4878080;252588;940
2,016E+11;16;4;22;1745;1;2;1;1;2;55;13, PROVINS;M;4879680;254833;940
2,016E+11;16;4;29;440;5;2;6;1;3;55;PINCE VENT/PROVINS;M;4879200;255507;940
2,016E+11;16;5;1;1910;1;2;1;1;6;79;AV DE LA CHENAIE;M;4882610;256069;940
2,016E+11;16;5;12;1435;1;2;2;8;3;59;LEFEBVRE / GAMBETTA;M;4880120;258717;940
2,016E+11;16;5;14;1830;2;2;1;1;4;79;JEAN MONNET;M;4883270;253458;940
2,016E+11;16;5;18;1500;1;2;2;8;3;60;POMPIDOU / ACACIAS;M;4879270;256738;940
2,016E+11;16;5;19;845;1;2;2;2;3;55;ORMESSON / COMMUNES;M;4878090;251956;940
2,016E+11;16;5;28;1830;1;2;1;1;6;60;3, MONTAGNE;M;4878570;258369;940
2,016E+11;16;5;30;1215;1;2;1;2;2;19;RTE DU PLESSIS;M;4880120;254847;940
2,016E+11;16;6;6;1850;1;2;1;1;2;60;160, COMBAULT (RTE DE);;;;940
2,016E+11;16;6;15;1240;1;2;1;1;1;60;COMBAULT (RTE DE);;;;940
2,016E+11;16;6;16;2245;5;2;2;1;3;79;COMBAULT (RTE DE);;;;940
2,016E+11;16;6;22;1400;1;1;1;1;3;19;CHAMPLAIN (AV);;;;940
2,016E+11;16;6;23;2020;1;2;1;1;3;19;CHAMPLAIN (AV);;;;940
2,016E+11;16;6;24;615;1;2;2;1;3;55;PROVINS (RTE DE);;;;940
2,016E+11;16;6;29;1840;1;2;6;1;3;60;2, GENERAL DE GAULLE (R;;;;940
2,016E+11;16;7;4;1810;1;2;6;1;3;19;L'HIPPODROME (AV DE);;;;940
2,016E+11;16;7;10;1315;1;2;3;1;3;60;NOISEAU (RTE DE);;;;940
2,016E+11;16;7;10;2355;5;2;1;1;6;79;GENERAL DE GAULLE (R DU);;;;940
2,016E+11;16;7;15;1025;1;2;1;1;6;19;CLEMENT ADER (R);;;;940
2,016E+11;16;7;28;1420;1;2;1;1;6;19;37, LIBERATION (RTE DE L;;;;940
2,016E+11;16;8;3;2045;1;2;1;2;2;79;12, EUROPE (AV DE L);;;;940
2,016E+11;16;8;9;1030;1;2;2;1;3;79;FRIEDBERG (BD DE);;;;940
2,016E+11;16;8;11;2025;1;2;1;1;3;59;GENERAL LECLERC (AV DU);;;;940
2,016E+11;16;8;16;800;1;2;1;1;2;60;GOURNAY (CHE DE);;;;940
2,016E+11;16;8;17;1830;1;2;1;7;3;55;42, PROVINS (RTE DE);;;;940
2,016E+11;16;8;18;708;1;2;4;2;3;19;30, GENERAL DE GAULLE (R;;;;940
2,016E+11;16;8;21;1330;1;2;2;1;3;19;LIBERATION (RTE DE LA);;;;940
2,016E+11;16;8;26;805;1;2;6;7;6;79;30, ROBERT SCHUMAN (R);;;;940
2,016E+11;16;8;30;1945;1;1;2;1;3;79;15 bis, MONTRICHARD (AV);;;;940
2,016E+11;16;9;3;1510;1;2;1;1;7;79;18, GENERAL DE GAULLE (R;;;;940
2,016E+11;16;9;12;835;1;2;2;1;6;59;THERESE (AV);;;;940
2,016E+11;16;9;16;935;1;2;1;1;3;60;26, GENERAL DE GAULLE (R;;;;940
2,016E+11;16;9;19;1750;1;2;1;1;6;55;0, PINCE VENT (AV DE);;;;940
2,016E+11;16;9;19;1815;1;2;9;1;3;55;15, WLADIMIR D ORMESSON;;;;940
2,016E+11;16;9;21;1000;1;2;1;1;3;53;GRANDE RUE PIERRE MENDES;;;;940
2,016E+11;16;9;21;1710;1;2;1;1;3;60;0, CROIX SAINT NICOLAS (;;;;940
2,016E+11;16;9;24;1135;1;2;2;1;3;79;MONTRICHARD (AV);;;;940
2,016E+11;16;9;25;1900;1;2;2;1;3;79;JEAN MONNET (BD);;;;940
2,016E+11;16;10;5;1900;2;2;1;1;4;19;28, FUSILLES DE CHATEAUB;;;;940
2,016E+11;16;10;6;1845;1;2;1;1;3;79;NOISY (R DE);;;;940
2,016E+11;16;10;13;1645;1;2;2;2;3;79;FRIEDBERG (BD DE);;;;940
2,016E+11;16;10;14;2035;3;2;1;3;6;79;45, COMBAULT (RTE DE);;;;940
2,016E+11;16;10;22;1000;1;2;3;5;3;60;PONT BANNERET (RTE DU);;;;940
2,016E+11;16;10;23;20;5;2;6;1;3;79;GENERAL LECLERC (R DU);;;;940
2,016E+11;16;10;22;1840;2;2;1;1;6;59;5, THERESE (AV);;;;940
2,016E+11;16;10;23;1820;5;2;6;3;6;79;147, GENERAL DE GAULLE (;;;;940
2,016E+11;16;10;28;1430;1;2;2;1;1;60;ANDRE GIDE (AV);;;;940
2,016E+11;16;10;29;2340;5;2;1;1;7;79;PROFESSEUR ROUX (R DU);;;;940
2,016E+11;16;11;4;1609;1;2;3;3;3;60;0, GENERAL DE GAULLE (R;;;;940
2,016E+11;16;11;7;725;2;2;1;4;6;79;ROBERT SCHUMAN (R);;;;940
2,016E+11;16;11;8;1425;1;2;9;2;4;79;FRIEDBERG (BD DE);;;;940
2,016E+11;16;11;12;1255;1;2;1;8;2;19;LIBERATION (RTE DE LA);;;;940
2,016E+11;16;11;15;605;5;2;1;2;1;59;ARDOUIN (AV);;;;940
2,016E+11;16;11;15;1020;1;2;3;1;3;53;0, GRANDE RUE PIERRE MEN;;;;940
2,016E+11;16;11;15;1410;1;2;1;8;6;79;ROBERT SCHUMAN (R);;;;940
2,016E+11;16;11;15;1817;5;2;1;2;4;55;197, OLIVIER D ORMESSON;;;;940
2,016E+11;16;11;17;800;1;2;3;8;3;79;0, CHATAIGNIERS (AV DES);;;;940
2,016E+11;16;11;19;1535;1;2;1;8;6;79;AUGUSTE RODIN (AV);;;;940
2,016E+11;16;11;22;1545;1;2;1;8;6;59;17, GEORGES FOUREAU (AV);;;;940
2,016E+11;16;11;23;1755;2;2;1;9;6;79;2, GAUMONT (AV DE);;;;940
2,016E+11;16;11;26;1826;5;2;8;1;6;55;85, PROVINS (RTE DE);;;;940
2,016E+11;16;11;30;830;1;2;3;1;3;60;COMBAULT (RTE DE);;;;940
2,016E+11;16;12;5;740;2;2;1;1;6;79;COMBAULT (RTE DE);;;;940
2,016E+11;16;12;6;1650;3;2;1;1;3;55;85, PROVINS (RTE DE);;;;940
2,016E+11;16;12;10;610;5;2;2;1;3;55;CENTRE (R DU);;;;940
2,016E+11;16;12;14;2230;5;2;4;1;3;55;35, PROVINS/CASANOVA;M;4879540;255017;940
2,016E+11;16;12;16;1800;5;2;2;1;3;79;MONTRICHARD (AV);;;;940
2,016E+11;16;12;18;1240;1;2;3;1;3;55;, JEANNE (R);;;;940
2,016E+11;16;12;22;1010;1;2;3;2;2;60;COMBAULT (RTE DE);;;;940
2,016E+11;16;12;22;1335;1;2;1;2;3;19;7ter, SUCY (R DE);;;;940
2,016E+11;16;12;23;105;5;2;2;9;3;59;0, COMBAULT (AV DE);;;;940
2,016E+11;16;12;26;1300;1;1;5;2;3;60;CROIX SAINT NICOLAS (CHE;;;;940
2,016E+11;16;12;27;1105;1;2;2;7;6;53;CONDORCET (R);;;;940
2,016E+11;16;8;27;1915;1;2;2;1;6;22;ANATOLE FRANCE (AV);;;;940
2,016E+11;16;1;18;900;1;2;3;1;3;54;CACHIN / MERMOZ;M;4875070;241342;940
2,016E+11;16;4;28;1710;1;2;4;7;3;54;MARIN / CARRIERES;M;4874670;238617;940
2,016E+11;16;2;11;1220;1;2;2;1;3;22;ALLIES / FRANCHOT;M;4876690;240390;940
2,016E+11;16;8;31;1300;1;2;1;1;6;22;1, GAMBETTA (AV);;;;940
2,016E+11;16;4;15;2230;5;1;3;1;6;22;JAURES / FRANCE;M;4876540;240933;940
2,016E+11;16;9;10;1010;1;2;1;1;2;22;10BIS, STALINGRAD (BD DE;;;;940
2,016E+11;16;9;11;1915;1;2;1;1;6;54;VICTOIRE (AV DE LA);;;;940
2,016E+11;16;1;18;2055;5;2;3;1;3;22;STALINGRAD / BIGLE;M;4876940;240219;940
2,016E+11;16;7;13;1040;1;1;3;1;1;54;CHARLES TILLON (route);;;;940
2,016E+11;16;9;14;735;1;2;3;1;3;54;13, CHARLES TILLON (rout;;;;940
2,016E+11;16;1;20;1925;3;2;1;1;6;22;07, JEAN JAURES;M;4876460;240652;940
2,016E+11;16;5;14;2000;2;2;2;1;2;22;REPUBLIQUE / RONDU;M;4875760;240998;940
2,016E+11;16;1;21;1300;1;2;3;1;6;22;LECLERC / GOURDAULT;M;4876240;240668;940
2,016E+11;16;9;15;1210;1;2;3;1;3;54;ADRIEN RAYNAL (AV);;;;940
2,016E+11;16;9;18;2100;5;1;1;1;6;22;BRETELLE A86;M;4877350;240819;940
2,016E+11;16;5;20;1400;1;2;1;1;2;22;15, GENERAL LECLERC;M;4876150;240336;940
2,016E+11;16;5;20;1440;1;2;3;1;3;22;STALINGRAD / ROUX;M;4877060;240141;940
2,016E+11;16;9;8;1830;1;2;3;1;3;22;34, STALINGRAD (BD DE);;;;940
2,016E+11;16;9;10;1530;1;2;3;1;7;54;BEAUMARCHAIS (ALL);;;;940
2,016E+11;16;10;18;750;1;2;1;1;1;22;20, SAUSSAIE (R DE LA);;;;940
2,016E+11;16;1;27;2135;5;2;3;1;3;22;108, VICTOR HUGO;M;4877010;242541;940
2,016E+11;16;9;22;1255;1;2;2;1;3;22;ANATOLE FRANCE (AV);;;;940
2,016E+11;16;1;29;1515;1;2;1;8;6;22;JEAN JAURES;M;4876520;240838;940
2,016E+11;16;9;24;830;1;2;1;1;7;54;SAULES (VOI DES);;;;940
2,016E+11;16;10;22;2200;5;2;5;1;3;22;72, VICTOR HUGO (AV);;;;940
2,016E+11;16;2;2;1935;4;2;3;2;3;54;CHATEAUBRIANT / FAISANS;M;4875110;240607;940
2,016E+11;16;12;5;1850;5;2;1;1;6;22;VICTOR HUGO (AV);;;;940
2,016E+11;16;2;4;1630;1;2;2;2;3;54;VICTOIRE / COUTURIER;M;4874490;240004;940
2,016E+11;16;5;31;730;2;2;1;3;5;22;118, VILLENEUVE ST GEORG;M;4875940;242272;940
2,016E+11;16;6;1;1845;1;2;1;1;3;22;140, VILLENEUVE ST GEORG;;;;940
2,016E+11;16;6;2;850;1;2;9;2;2;54;BAS MARIN (R DU);;;;940
2,016E+11;16;10;3;1415;1;2;1;1;6;54;62, KEFIR (R DU);;;;940
2,016E+11;16;10;4;1800;1;2;3;1;3;54;ADRIEN RAYNAL (AV);;;;940
2,016E+11;16;6;3;2150;2;1;1;1;3;22;55, FOUR (R DU);;;;940
2,016E+11;16;10;5;1140;1;2;2;1;3;54;CAMILLE GUERIN;;;;940
2,016E+11;16;10;6;900;1;2;1;1;6;22;33, VICTOR HUGO (AV);;;;940
2,016E+11;16;6;5;1700;1;2;1;8;6;22;VASCO DE GAMA (R);;;;940
2,016E+11;16;2;10;1750;5;2;3;1;6;54;AMUNDSEN / COLOMB;M;4874960;241841;940
2,016E+11;16;10;6;1930;3;1;3;1;4;73;BRETELLE A86/;M;4877350;239951;940
2,016E+11;16;6;9;1415;1;2;2;1;3;22;GENERAL LECLERC (AV);;;;940
2,016E+11;16;2;15;1210;1;2;3;1;6;22;REPUBLIQUE / CARLE;M;4875960;240864;940
2,016E+11;16;10;12;1530;1;2;3;1;3;22;2, GENERAL LECLERC (AV);;;;940
2,016E+11;16;10;12;1650;1;2;3;1;1;22;2, JEAN BOUIN (AV);;;;940
2,016E+11;16;6;11;2145;2;2;1;1;2;22;31, GAMBETTA (AV);;;;940
2,016E+11;16;6;12;315;5;2;2;1;1;22;LUGO (AV DE);;;;940
2,016E+11;16;6;13;1647;1;2;1;1;6;22;62, VICTOR HUGO (AV);;;;940
2,016E+11;16;6;14;1055;1;2;4;2;3;22;RONDU (AV);;;;940
2,016E+11;16;10;4;1800;1;2;1;1;4;54;BAS MARIN (R DU);;;;940
2,016E+11;16;10;16;1320;1;2;1;1;6;22;EGLISE (R DE L);;;;940
2,016E+11;16;10;17;730;2;2;1;1;1;54;CHARLES TILLON (route);;;;940
2,016E+11;16;10;19;1945;5;2;1;1;4;54;10, VERGER (RLE DU);;;;940
2,016E+11;16;2;22;2040;5;2;1;2;6;22;14, ROBERT PEARY;M;4875470;241451;940
2,016E+11;16;6;22;1810;1;2;1;8;6;22;91, ALFORTVILLE (AV D);;;;940
2,016E+11;16;6;20;1640;1;2;1;2;6;22;ALLIES (BD DES);;;;940
2,016E+11;16;2;26;1910;5;2;3;1;3;22;REPUBLIQUE / RECLUS;M;4875800;240956;940
2,016E+11;16;10;29;350;5;2;1;1;2;54;VICTOIRE (AV DE LA);;;;940
2,016E+11;16;10;31;2215;5;2;3;1;4;22;VICTOR HUGO (AV);;;;940
2,016E+11;16;6;27;1210;1;2;1;1;6;54;ONZE NOVEMBRE 1918 (R DU;;;;940
2,016E+11;16;6;29;1615;1;2;2;1;6;22;2, GAMBETTA/ALLIES;;;;940
2,016E+11;16;11;4;1600;1;2;1;2;6;22;67 BIS, VICTOR HUGO (AV);;;;940
2,016E+11;16;11;4;1840;5;2;7;3;6;22;7, JEAN JAURES (R);;;;940
2,016E+11;16;7;1;1925;1;2;3;1;3;54;MARCEL CACHIN (AV);;;;940
2,016E+11;16;3;8;2240;5;2;3;1;3;22;ALLIES / CLEMENCEAU;M;4876640;240431;940
2,016E+11;16;11;9;1220;1;2;4;2;3;54;BAS MARIN (R DU);;;;940
2,016E+11;16;3;9;1555;1;2;2;8;6;54;CORNEILLE / CHATEAUBRIAN;M;4874940;240653;940
2,016E+11;16;9;3;1810;1;2;1;1;1;22;ALLIES (BD DES);;;;940
2,016E+11;16;11;14;1920;5;2;3;8;3;22;30, LEON GOURDAULT (AV);;;;940
2,016E+11;16;11;17;915;1;2;1;1;6;22;1, GAMBETTA (AV);;;;940
2,016E+11;16;11;17;1614;1;2;1;8;3;22;59, STALINGRAD (BD DE);;;;940
2,016E+11;16;3;15;845;1;2;1;1;2;22;AV VICTOR HUGO;M;4876950;242270;940
2,016E+11;16;3;15;1740;1;2;1;1;2;22;25, ANATOLE FRANCE;M;4876330;241051;940
2,016E+11;16;11;18;1350;1;2;1;1;6;22;57, DOCTEUR ROUX (R DU);;;;940
2,016E+11;16;11;21;515;5;2;1;2;6;54;9, ONZE NOVEMBRE 1918 (R;;;;940
2,016E+11;16;3;18;2020;5;2;2;1;6;22;HUGO / L'EPARGNE;M;4876930;242225;940
2,016E+11;16;7;14;2209;5;2;1;1;5;54;RTE CHARLES TILLON;;;;940
2,016E+11;16;3;22;1955;5;2;1;1;3;73;66, STALINGRAD;M;4877180;240064;940
2,016E+11;16;11;28;1220;1;2;3;1;6;22;LEON BLUM (R);;;;940
2,016E+11;16;11;30;710;5;2;1;1;6;22;3, PABLO PICASSO (AV);;;;940
2,016E+11;16;3;25;1905;5;2;1;1;3;22;11 AV DU 25 AOUT 1944;M;4876210;240242;940
2,016E+11;16;12;2;1220;1;2;1;1;6;22;141-145, MARECHAL DE LAT;;;;940
2,016E+11;16;12;3;1250;1;2;1;1;6;22;6, LEON GOURDAULT (AV);;;;940
2,016E+11;16;3;29;1810;1;2;3;2;6;22;LUC / MARINIERS;M;4876300;241228;940
2,016E+11;16;7;26;1615;1;2;2;1;4;22;01, JEAN JAURES (R);;;;940
2,016E+11;16;7;27;1710;1;2;2;1;3;22;DOCTEUR ROUX (R DU);;;;940
2,016E+11;16;12;11;1209;1;2;1;1;6;22;1, ANATOLE FRANCE (AV);;;;940
2,016E+11;16;12;12;2130;5;2;1;2;6;54;07, AV MARCEL CACHIN;M;4874960;241275;940
2,016E+11;16;8;2;1012;1;2;3;2;3;54;DOCTEUR CALMETTE (R DU);;;;940
2,016E+11;16;4;6;2035;5;2;5;2;3;22;JAURES / GAMBETTA;M;4876440;240546;940
2,016E+11;16;12;14;1230;1;2;3;1;3;22;185, VILLENEUVE ST GEORG;;;;940
2,016E+11;16;4;7;1925;1;2;3;2;6;22;GEORGE / MORILLON;M;4875920;242298;940
2,016E+11;16;12;16;830;1;2;1;1;3;22;126, STALINGRAD (BD DE);;;;940
2,016E+11;16;12;17;2255;5;2;9;1;1;54;JOSEPH ERHARD (R);;;;940
2,016E+11;16;4;9;1355;1;2;1;1;6;22;1, ALLIES;M;4876470;240542;940
2,016E+11;16;12;18;1600;1;2;1;1;4;22;104, VILLENEUVE ST GEORG;;;;940
2,016E+11;16;12;28;2310;5;2;1;1;2;22;JEAN JAURES (R);;;;940
2,016E+11;16;8;8;1835;1;2;1;1;6;22;48, STALINGRAD (BD DE);;;;940
2,016E+11;16;8;9;40;5;2;3;1;3;22;86, STALINGRAD (BD DE);;;;940
2,016E+11;16;8;10;2225;5;2;3;1;3;22;48, STALINGRAD (BD DE);;;;940
2,016E+11;16;12;21;2345;5;2;5;2;3;54;VICTOIRE (AV DE LA);;;;940
2,016E+11;16;12;22;1230;1;2;3;2;3;22;, HUIT MAI 1945 (AV DU);;;;940
2,016E+11;16;12;22;1810;5;2;1;2;6;22;22, VICTOR HUGO (AV);;;;940
2,016E+11;16;8;14;400;5;2;3;1;3;54;CHARLES TILLON (route);;;;940
2,016E+11;16;8;14;645;1;2;1;1;1;54;CHARLES TILLON (route);;;;940
2,016E+11;16;12;26;1530;1;2;1;1;6;22;AV VICTOR HUGO;;;;940
2,016E+11;16;12;29;1250;1;2;1;1;2;22;ALFORTVILLE (AV D);;;;940
2,016E+11;16;12;29;2100;5;2;1;5;6;22;03, PABLO PICASSO (AV);;;;940
2,016E+11;16;8;20;1900;1;2;2;1;5;54;VICTOIRE/VIGNES;M;4874480;239451;940
2,016E+11;16;8;21;2130;5;2;1;1;3;22;LEON GOURDAULT (AV);;;;940
2,016E+11;16;4;22;1715;1;2;1;2;6;54;CHRISTOPHE COLOMB;M;4875080;241862;940
2,016E+11;16;8;23;1700;1;2;3;1;3;22;02, LEON GOURDAULT (AV);;;;940
2,016E+11;16;4;24;1355;1;2;3;1;1;54;COLOMB / GAMA;M;4875250;241661;940
2,016E+11;16;8;25;605;2;2;6;1;3;22;PAUL VAILLANT COUTURIER;;;;940
2,016E+11;16;4;26;1520;1;2;3;8;6;22;HUGO / PAIX;M;4876840;241956;940
2,016E+11;16;9;21;1215;1;2;3;1;6;22;46, REPUBLIQUE/CARLE;;;;940
2,016E+11;16;1;3;1630;1;2;1;2;6;28;RTE DE CHOISY;M;4877740;244172;940
2,016E+11;16;1;3;1915;5;2;6;2;3;28;FOCH/CHOISY;M;4877460;243934;940
2,016E+11;16;1;4;700;2;2;2;1;2;28;POMPADOUR / MARAIS;M;4877320;243494;940
2,016E+11;16;1;7;900;1;2;3;2;6;28;MITTERRAND / COTEAUX;M;4876990;246307;940
2,016E+11;16;1;14;1625;1;2;1;1;5;11;R PIERRE SEMARD;M;4875840;248156;940
2,016E+11;16;1;14;1845;5;2;6;1;3;28;POMPADOUR / SULLY;M;4876690;247224;940
2,016E+11;16;1;14;135;5;2;3;1;6;28;MAGELLAN  / D'ARTIMON;M;4876870;245400;940
2,016E+11;16;1;24;20;5;2;3;1;2;28;JAURES / HAIES;M;4879390;245618;940
2,016E+11;16;1;25;815;1;2;3;1;6;28;DE GAULLE / MONTAIGUT;M;4879070;244563;940
2,016E+11;16;1;25;1235;1;2;6;1;5;11;DE GAULLE / BOISSY;M;4876890;248721;940
2,016E+11;16;1;27;750;2;2;3;1;6;28;DE LATTRE DE TASSIGNY;M;4879690;245700;940
2,016E+11;16;1;31;1530;1;2;2;2;3;28;TASSIGNY / VERDUN;M;4879740;246428;940
2,016E+11;16;1;31;115;5;2;2;2;3;28;BROSSOLETTE / D'ORVES;M;4879160;246199;940
2,016E+11;16;2;3;800;1;2;3;2;3;11;PARIS / HUGO;M;4877580;248012;940
2,016E+11;16;2;3;1625;1;2;1;2;3;28;70, AV LAFERRIERE;M;4880340;246172;940
2,016E+11;16;2;5;1420;1;1;3;1;3;28;PLUMERETTE / CAILLOTINS;M;4877510;247186;940
2,016E+11;16;2;6;1740;2;1;1;1;6;28;DE GAULLE;M;4878050;245650;940
2,016E+11;16;2;9;1655;1;2;2;1;6;28;CHOISY/MECHES;M;4879040;245300;940
2,016E+11;16;2;9;1530;1;1;1;2;6;28;RTE DE CHOISY;M;4877950;244347;940
2,016E+11;16;2;10;2105;5;2;6;1;6;28;DE GAULLE/MAURIAC;M;4878490;245142;940
2,016E+11;16;2;12;1520;1;2;1;2;4;28;RTE DE CHOISY;M;4878080;244475;940
2,016E+11;16;2;12;2350;3;2;2;1;3;28;MATISSE / UTRILLO;M;4878260;246076;940
2,016E+11;16;2;15;1900;5;1;1;1;5;28;AV BERNARD HALPERN;M;4878960;245116;940
2,016E+11;16;2;16;1000;1;2;3;1;3;28;SAVAR / CASALIS;M;4878010;246553;940
2,016E+11;16;2;18;1750;2;2;1;2;3;11;RN 406;M;4876040;248845;940
2,016E+11;16;2;19;1205;1;2;1;1;6;28;R DE L'ECHAT;M;4879980;244744;940
2,016E+11;16;2;20;1430;1;2;1;1;6;74;RN 406;M;4876620;245603;940
2,016E+11;16;2;23;805;1;2;2;1;3;28;TASSIGNY / BUTTES;M;4879530;245905;940
2,016E+11;16;2;24;1710;1;2;1;1;2;28;AV BERNARD HALPERN;M;4878610;245614;940
2,016E+11;16;2;28;1630;1;2;1;1;6;28;8, R CHARLES PEGUY;M;4878240;244507;940
2,016E+11;16;3;1;1855;1;2;2;2;3;28;TASSIGNY / THOMEREAU;M;4879640;245763;940
2,016E+11;16;3;2;1230;1;2;1;1;2;28;R SAINT-SIMON;M;4879380;244784;940
2,016E+11;16;3;11;555;5;2;1;1;7;11;AV DE BOISSY;M;4876330;249398;940
2,016E+11;16;3;11;1530;1;2;1;1;2;28;RTE DE CHOISY;M;4878110;244495;940
2,016E+11;16;3;22;820;1;2;1;1;3;28;15-33, R LE CORBUSIER;M;4876470;246968;940
2,016E+11;16;3;26;1255;1;2;2;1;2;28;FOCH/;M;4878020;243777;940
2,016E+11;16;3;24;1820;1;2;3;1;3;28;MATISSE / UTRILLO;M;4878260;246076;940
2,016E+11;16;3;29;1820;1;1;1;2;2;28;R PIERRE SEMARD;M;4876200;247353;940
2,016E+11;16;4;1;1000;1;2;6;1;3;28;FOCH/POMPADOUR;M;4877410;243957;940
2,016E+11;16;4;1;1730;1;2;1;1;3;11;AV DE BOISSY;M;4876700;248923;940
2,016E+11;16;4;1;710;1;2;3;1;3;28;CHOISY / HALPERN;M;4878870;245158;940
2,016E+11;16;4;5;1135;1;2;1;1;2;28;AV DU MARECHAL FOCH;M;4878130;243749;940
2,016E+11;16;4;6;1420;1;2;1;1;2;28;R DU GENERAL LECLERC;M;4878930;246624;940
2,016E+11;16;4;7;615;5;2;4;1;6;28;MESLY/HALPERN;M;4878340;245963;940
2,016E+11;16;4;10;1139;1;2;6;1;2;28;FOCH/CAR POMPADOUR;M;4877410;243957;940
2,016E+11;16;4;10;705;1;2;2;1;2;11;AV JEAN MONNET;M;4876270;247965;940
2,016E+11;16;4;13;1554;1;2;2;1;6;28;SAVAR / ARCOS;M;4877790;246676;940
2,016E+11;16;4;12;1554;1;2;1;1;6;28;NC, FRANCE LIBRE(AVENUE;M;4878010;245507;940
2,016E+11;16;4;14;740;1;2;1;1;6;28;AV DE VERDUN;M;4879780;246461;940
2,016E+11;16;4;16;1240;1;2;1;1;2;28;R RENE ARCOS;M;4877790;246638;940
2,016E+11;16;4;17;1615;1;2;1;1;6;28;AV DE LA POMPADOUR;M;4877300;243439;940
2,016E+11;16;4;27;1430;1;2;3;2;4;28;PERI/;M;4878880;246615;940
2,016E+11;16;4;29;1811;1;2;1;1;3;11;AV DU MARECHAL LECLERC;M;4877340;249401;940
2,016E+11;16;4;29;2015;1;2;1;1;3;28;19, PARIS;M;4879440;246018;940
2,016E+11;16;4;30;2245;3;2;1;1;7;28;BERNARD HALPERN;M;4878610;245589;940
2,016E+11;16;4;30;915;1;2;1;1;4;28;RTE DE CHOISY;M;4878180;244540;940
2,016E+11;16;5;2;1245;1;2;1;1;6;28;POMPADOUR;M;4876630;247405;940
2,016E+11;16;5;4;1800;1;2;1;1;6;28;AV DU MARECHAL FOCH;M;4877250;243922;940
2,016E+11;16;5;4;905;1;2;1;1;6;28;80, GAULLE;M;4878430;245205;940
2,016E+11;16;5;6;1640;1;2;1;1;2;28;AV DE VERDUN;M;4879690;246392;940
2,016E+11;16;5;10;2100;2;2;3;1;6;28;PLATRIERES / SAVAR;M;4877290;246956;940
2,016E+11;16;5;13;900;1;2;1;1;6;28;RTE DE CHOISY;M;4878330;244664;940