Num_Acc;an;mois;jour;hrmn;lum;agg;int;atm;col;com;adr;gps;lat;long;dep
2,016E+11;16;5;19;1500;1;2;1;1;4;28;138, LECLERC.;M;4878580;246992;940
2,016E+11;16;5;24;1345;1;2;2;1;6;28;DE GAULLE / EULER;M;4879580;244773;940
2,016E+11;16;5;3;1425;1;2;1;1;6;28;1 R PAUL DANDOIS;M;4878150;246623;940
2,016E+11;16;5;26;840;1;2;1;1;6;28;R HENRI CARDINAUD;M;4878190;246848;940
2,016E+11;16;5;26;1000;1;2;3;1;3;28;LYAUTEY / DE GAULLE;M;4879070;244579;940
2,016E+11;16;5;25;1725;1;2;1;1;2;28;R PIERRE SEMARD;M;4876220;247476;940
2,016E+11;16;6;2;1100;1;2;3;2;6;11;02, STAINS(ROUTE DE);;;;940
2,016E+11;16;6;3;655;1;2;1;1;3;11;nc, BOISSY.(AVENUE DE);;;;940
2,016E+11;16;6;4;1644;1;2;1;1;7;28;2, TIRARD.(RUE);;;;940
2,016E+11;16;6;7;1700;1;2;1;1;6;28;01, GAULLE(AVENUE DU GEN;;;;940
2,016E+11;16;6;8;805;1;2;1;1;6;28;45, MAGELLAN  (Av.);;;;940
2,016E+11;16;6;9;1425;1;2;1;1;3;28;151, LECLERC.(RUE DU GEN;;;;940
2,016E+11;16;6;10;1810;1;2;3;1;3;28;00, ARCOS.(RUE RENE);;;;940
2,016E+11;16;6;11;1655;1;2;1;1;3;28;nc, TASSIGNY(AVE DU MARE;;;;940
2,016E+11;16;6;13;1055;1;2;3;1;3;28;0, MITTERAND (Rue Franço;;;;940
2,016E+11;16;6;13;450;5;2;1;1;7;11;0, SEMARD(RUE PIERRE);;;;940
2,016E+11;16;6;14;1700;1;1;1;1;6;28;58, MITTERAND (Rue Franç;;;;940
2,016E+11;16;6;14;1600;1;2;1;1;2;28;00, POMPADOUR(ROUTE DE L;;;;940
2,016E+11;16;6;15;115;5;2;1;1;7;11;00, BOISSY.(AVENUE DE);;;;940
2,016E+11;16;6;16;1930;1;2;1;1;6;28;nc, CHOISY(ROUTE DE);;;;940
2,016E+11;16;6;17;1545;1;2;1;2;6;28;0, MATISSE(RUE HENRI);;;;940
2,016E+11;16;6;17;1845;1;2;1;3;6;11;0, COLONEL FABIEN(RUE DU;;;;940
2,016E+11;16;6;19;135;5;2;1;1;6;28;0, ECHAT(RUE DE L');;;;940
2,016E+11;16;6;23;2115;1;1;1;1;3;28;0, SAVAR.(RUE JULIETTE);;;;940
2,016E+11;16;6;16;1345;1;2;1;1;3;11;73, PARIS(AVENUE DE);;;;940
2,016E+11;16;6;24;1430;1;2;1;1;3;28;00, BROSSOLETTE(AVENUE P;;;;940
2,016E+11;16;6;24;1900;1;2;1;1;6;28;00, MITTERAND (Rue Franç;;;;940
2,016E+11;16;6;25;1630;1;2;1;1;6;28;00, GAULLE(AVENUE DU GEN;;;;940
2,016E+11;16;7;1;2205;5;1;1;1;6;44;RN 406;M;4875760;247234;940
2,016E+11;16;7;2;1135;1;2;1;1;6;28;6, PEGUY(RUE CHARLES);;;;940
2,016E+11;16;7;1;1410;1;2;1;1;3;28;17, PARIS.(RUE DE);;;;940
2,016E+11;16;7;7;1000;1;2;3;1;3;11;0, RHIN ET DANUBE(RUE DU;;;;940
2,016E+11;16;7;8;1010;1;2;1;1;6;28;AV DU MARECHAL FOCH;M;4877950;243793;940
2,016E+11;16;7;14;1010;1;2;6;1;3;11;00, GAULLE(CARREFOUR CHA;;;;940
2,016E+11;16;7;13;1655;1;2;1;1;2;28;00, MESLY.(RUE DE);;;;940
2,016E+11;16;7;10;1;5;2;2;1;2;28;FOCH/MALFOURCHES;M;4878020;243770;940
2,016E+11;16;7;9;1830;1;2;1;1;7;11;ELUARD(RUE PAUL);;;;940
2,016E+11;16;7;16;1700;1;2;3;1;3;28;0, PORT(RUE DU);;;;940
2,016E+11;16;7;18;2015;1;2;1;1;6;28;0, CASALIS.(AVE DU DR PA;;;;940
2,016E+11;16;7;18;2040;1;2;1;1;6;28;63, GAULLE(AVENUE DU GEN;;;;940
2,016E+11;16;7;18;1945;1;2;1;1;6;28;00, MITTERAND (Rue Franç;;;;940
2,016E+11;16;7;19;1900;2;2;1;1;6;28;00, FRANCE LIBRE(AVENUE;;;;940
2,016E+11;16;7;19;2200;2;2;3;1;3;28;00, CHOISY(ROUTE DE);;;;940
2,016E+11;16;7;22;1930;1;2;1;1;6;28;31, KENNEDY.(BOULEVARD J;;;;940
2,016E+11;16;7;22;2230;1;2;3;1;2;28;POMPADOUR/MARAIS;M;4877320;243494;940
2,016E+11;16;7;30;2230;4;2;1;1;7;28;00, MECHES.(RUE DES);;;;940
2,016E+11;16;8;1;1924;1;2;1;1;6;11;6, FAUX ROIS(RUE DES);;;;940
2,016E+11;16;8;2;820;1;2;1;1;3;28;nc, Duvauchelle (rue Dom;;;;940
2,016E+11;16;7;29;1620;1;2;1;1;6;28;0, CHOISY(ROUTE DE);;;;940
2,016E+11;16;8;5;2005;1;2;1;1;2;28;nc, GAULLE(AVENUE DU GEN;;;;940
2,016E+11;16;8;6;1652;1;2;9;1;6;28;NC, BERTHOLD MAHN(RUE);;;;940
2,016E+11;16;8;8;1657;1;1;2;1;2;28;FOCH/FONTAINE ST-CHRISTO;M;4878020;243777;940
2,016E+11;16;8;11;1835;1;2;1;1;1;28;NC, CASALIS.(AVE DU DR P;;;;940
2,016E+11;16;8;13;1020;1;2;1;1;6;11;NC, CATALAS.(RUE JEAN);;;;940
2,016E+11;16;8;12;1615;1;2;1;1;6;11;NC, MARRONNIERS.(AVENUE;;;;940
2,016E+11;16;8;22;1811;1;2;1;1;6;28;5, MITTERAND (Rue Franço;;;;940
2,016E+11;16;8;23;1930;1;2;1;1;1;28;0, SULLY(RUE MAXILIEN DE;;;;940
2,016E+11;16;8;23;1350;1;2;6;1;6;28;CAR POMPADOUR;M;4877430;243879;940
2,016E+11;16;8;24;2048;1;2;9;1;6;28;nc, COMPAGNONS DE LA LIB;;;;940
2,016E+11;16;8;27;1205;1;2;1;1;1;28;NC, GAULLE(AVENUE DU GEN;;;;940
2,016E+11;16;8;28;1710;1;2;1;1;6;28;40, VERDUN.(AVENUE DE);;;;940
2,016E+11;16;8;31;1620;1;2;1;1;6;28;0, GAULLE(AVENUE DU GENE;;;;940
2,016E+11;16;8;31;1930;1;2;1;1;3;11;0, PARIS(AVENUE DE);;;;940
2,016E+11;16;8;31;1906;1;2;1;1;1;28;NC, LEDOUX(RUE CLAUDE NI;;;;940
2,016E+11;16;9;3;1800;1;2;3;1;3;28;KENNEDY.(BOULEVARD JOHN);;;;940
2,016E+11;16;9;5;1630;1;2;1;1;6;28;0, POMPADOUR(ROUTE DE LA;;;;940
2,016E+11;16;9;5;1605;1;1;1;1;6;28;0, SAUSSURE(RUE HORACE B;;;;940
2,016E+11;16;9;5;2330;5;2;1;1;6;28;AV DU MARECHAL FOCH;M;4877260;243964;940
2,016E+11;16;9;7;915;1;2;1;1;3;28;AV DE LA POMPADOUR;M;4877330;243523;940
2,016E+11;16;9;7;525;5;2;1;1;6;11;NC, GRANDE ALLEE;;;;940
2,016E+11;16;9;10;1439;1;2;6;1;6;28;CAR POMPADOUR;M;4877430;243879;940
2,016E+11;16;9;12;1300;1;2;1;1;6;28;14, OUDRY.(BOULVARD JEAN;;;;940
2,016E+11;16;9;16;2030;2;2;1;2;6;28;NC, DUHAMEL(RUE GEORGES);;;;940
2,016E+11;16;9;19;1518;1;1;6;1;3;28;FOCH/CHOISY;M;4877460;243934;940
2,016E+11;16;9;21;2355;4;2;1;1;2;28;NC, TASSIGNY(AVE DU MARE;;;;940
2,016E+11;16;9;22;1330;1;2;1;1;2;28;NC, VERDUN.(AVENUE DE);;;;940
2,016E+11;16;9;20;1440;1;2;1;1;3;11;nc, PARIS(AVENUE DE);;;;940
2,016E+11;16;9;27;1440;1;2;1;1;3;11;nc, MOULIN BATEAU.(RUE D;;;;940
2,016E+11;16;9;27;1900;1;2;1;1;6;28;nc, CODOS.(RUE PAUL);;;;940
2,016E+11;16;9;28;1315;1;2;1;1;6;11;nc, ELUARD(RUE PAUL);;;;940
2,016E+11;16;9;29;1735;1;2;1;1;3;28;25, MECHES.(RUE DES);;;;940
2,016E+11;16;10;2;1030;1;1;1;1;2;11;0, SEMARD(RUE PIERRE);;;;940
2,016E+11;16;10;3;845;1;2;1;1;3;11;nc, GROSS(RUE AUGUSTE);;;;940
2,016E+11;16;10;3;1200;1;2;4;1;4;28;FOCH/BRETELLE A86;M;4878150;243743;940
2,016E+11;16;10;5;915;1;2;1;1;6;28;nc, CHOISY(ROUTE DE);;;;940
2,016E+11;16;10;5;1255;1;2;1;1;3;28;AV BERNARD HALPERN;;;;940
2,016E+11;16;10;6;900;1;1;1;1;4;11;0, ROSTAND.(RUE JEAN);;;;940
2,016E+11;16;10;8;1945;2;2;1;1;6;28;0, GAULLE(AVENUE DU GENE;;;;940
2,016E+11;16;10;8;1335;1;2;1;1;4;28;R DE L'ECHAT;;;;940
2,016E+11;16;10;8;1915;1;2;1;1;4;28;nc, SAVAR.(RUE JULIETTE);;;;940
2,016E+11;16;10;10;900;1;2;1;1;6;28;0, SAMARITAIN (rue du);;;;940
2,016E+11;16;10;10;1610;1;2;1;1;2;28;0, CHOISY(ROUTE DE);;;;940
2,016E+11;16;10;10;2029;1;2;1;1;3;28;0, CEINTURE.(AVENUE DE);;;;940
2,016E+11;16;10;11;1400;1;2;1;1;2;28;20, GAULLE(AVENUE DU GEN;;;;940
2,016E+11;16;10;14;1210;1;2;1;1;3;28;0, GAULLE(AVENUE DU GENE;;;;940
2,016E+11;16;10;18;1033;1;2;2;1;7;28;0, OUDRY.(BOULVARD JEAN;;;;940
2,016E+11;16;10;20;1710;1;2;1;2;2;28;NC, HALPERN.(AVENUE BERN;;;;940
2,016E+11;16;10;22;1740;1;2;1;1;6;28;NC, MESLY(AVENUE DU CHEM;;;;940
2,016E+11;16;10;22;1500;1;2;1;1;2;28;0, LAFERRIERE(AVENUE);;;;940
2,016E+11;16;10;24;800;2;2;1;2;6;28;29, DEMENITROUX(RUE MAUR;;;;940
2,016E+11;16;10;24;1610;1;2;1;2;2;28;0, TASSIGNY(AVE DU MAREC;;;;940
2,016E+11;16;10;28;1600;1;2;1;1;6;28;0, CHOISY(ROUTE DE);;;;940
2,016E+11;16;10;29;1440;1;1;6;1;3;28;CAR POMPADOUR;M;4877420;243968;940
2,016E+11;16;11;3;930;1;2;1;1;2;28;40, TASSIGNY(AVE DU MARE;;;;940
2,016E+11;16;11;3;820;1;2;1;1;2;28;MATISSE(RUE HENRI);;;;940
2,016E+11;16;11;4;1420;1;2;1;3;3;28;NC, MARAIS(CHEMIN DES);;;;940
2,016E+11;16;11;4;1645;1;2;1;3;6;28;19, PICASSO(BOULEVARD PA;;;;940
2,016E+11;16;11;4;1830;5;2;1;3;6;28;2, HABETTE(AVENUE ET PLA;;;;940
2,016E+11;16;11;5;740;1;2;1;1;4;11;0, SEMARD(RUE PIERRE);;;;940
2,016E+11;16;11;7;915;1;1;1;1;6;28;30, BILLOTTE.(AVE DU GAL;;;;940
2,016E+11;16;11;7;1600;1;2;1;1;6;11;AV DE BOISSY;M;4876150;249625;940
2,016E+11;16;11;7;1745;5;2;1;1;6;28;NC, PARIS.(RUE DE);;;;940
2,016E+11;16;11;9;700;2;2;2;2;5;11;0, ROSTAND.(RUE JEAN);;;;940
2,016E+11;16;11;10;715;2;2;1;1;2;28;0, COMPAGNONS DE LA LIBE;;;;940
2,016E+11;16;11;10;1845;4;1;1;2;6;28;0, COURTOIS(AVENUE);;;;940
2,016E+11;16;11;13;30;5;2;1;1;6;28;0, HALPERN.(AVENUE BERNA;;;;940
2,016E+11;16;11;13;1450;1;2;1;1;2;28;43, VERDUN.(AVENUE DE);;;;940
2,016E+11;16;11;14;1140;1;2;2;1;3;28;NC, ARCOS.(RUE RENE);;;;940
2,016E+11;16;11;14;1715;1;2;2;1;6;28;NC, ARCOS.(RUE RENE);;;;940
2,016E+11;16;11;19;1025;1;2;1;1;6;28;NC, GAULLE(AVENUE DU GEN;;;;940
2,016E+11;16;11;25;1115;1;2;1;1;6;28;54, LECLERC.(RUE DU GENE;;;;940
2,016E+11;16;11;27;530;5;2;1;1;7;11;00, GILLET(RUE ALFRED);;;;940
2,016E+11;16;11;27;1615;1;1;1;1;3;28;0, TASSIGNY(AVE DU MAREC;;;;940
2,016E+11;16;11;28;2155;3;2;1;1;2;28;0, CHOISY(ROUTE DE);;;;940
2,016E+11;16;11;28;1800;5;2;1;1;2;28;00, CHOISY(ROUTE DE);;;;940
2,016E+11;16;11;22;300;3;2;1;1;2;28;TASSIGNY(AVE DU MARECHAL;;;;940
2,016E+11;16;11;29;715;1;2;1;1;3;28;AV DU MARECHAL FOCH;M;4877030;244026;940
2,016E+11;16;11;30;1600;1;2;3;1;3;11;0, ZAY.(RUE JEAN);;;;940
2,016E+11;16;11;30;2055;5;2;3;1;3;11;ROSTAND.(RUE JEAN);;;;940
2,016E+11;16;12;2;2140;5;1;1;1;2;28;AV DU MARECHAL FOCH;M;4877200;243982;940
2,016E+11;16;12;5;915;1;2;1;1;3;28;00, VERDUN.(AVENUE DE);;;;940
2,016E+11;16;12;6;1320;1;2;2;1;6;28;NC, PORTE DINER.(RUE DU);;;;940
2,016E+11;16;12;9;1820;5;2;1;1;2;28;nc, CHOISY(ROUTE DE);;;;940
2,016E+11;16;12;14;810;1;2;1;1;3;28;0, CHOISY(ROUTE DE);;;;940
2,016E+11;16;12;14;810;1;1;1;1;2;11;0, RANCY(QUAI DU);;;;940
2,016E+11;16;12;13;920;1;2;1;2;2;28;NC, CHOISY(ROUTE DE);;;;940
2,016E+11;16;12;15;2325;5;2;1;1;7;11;00, BOISSY.(AVENUE DE);;;;940
2,016E+11;16;12;21;1910;5;2;1;1;6;28;NC, ALYSES.(PLACE DES);;;;940
2,016E+11;16;12;21;1240;1;2;1;1;3;11;nc, BICENTENAIRE.(AVENUE;;;;940
2,016E+11;16;12;22;1700;2;2;1;2;1;28;NC, JEU DE PAUME(RUE DU);;;;940
2,016E+11;16;12;22;1855;5;2;1;2;6;28;41, CASALIS.(AVE DU DR P;;;;940
2,016E+11;16;12;22;1907;5;2;1;2;6;11;8, BOISSY.(AVENUE DE);;;;940
2,016E+11;16;12;24;1100;1;2;1;1;6;28;00, ARCOS.(RUE RENE);;;;940
2,016E+11;16;12;24;1310;1;1;1;1;7;28;0, Saussaie du ban (rue;;;;940
2,016E+11;16;12;26;1820;1;2;1;1;3;28;40, MESLY.(RUE DE);;;;940
2,016E+11;16;12;27;1300;1;2;1;1;6;11;00, SEMARD(RUE PIERRE);;;;940
2,016E+11;16;12;28;835;1;2;1;1;6;28;1, BROSSOLETTE(AVENUE PI;;;;940
2,016E+11;16;12;28;930;1;1;1;1;6;28;0, HALPERN.(AVENUE BERNA;;;;940
2,016E+11;16;12;31;1400;1;2;2;1;3;28;nc, ARCOS.(RUE RENE);;;;940
2,016E+11;16;1;9;1630;1;2;2;1;6;33;JOFFRE / FRANCE;M;4885390;247115;940
2,016E+11;16;1;9;1700;1;2;2;1;2;33;LACASSAGNE / GALLIENI;M;4884870;247781;940
2,016E+11;16;1;9;2255;5;2;2;3;3;33;REPUBLIQUE / MOULINS;M;4885270;246782;940
2,016E+11;16;1;12;1845;5;2;1;8;1;33;MARECHAL JOFFRE;M;4885290;248275;940
2,016E+11;16;1;14;1700;2;2;2;8;6;33;MARTINIE / FONTAINE;M;4885830;248020;940
2,016E+11;16;1;15;930;1;2;3;1;3;33;LACASSAGNE / MONTESQUIEU;M;4884820;248386;940
2,016E+11;16;1;17;1905;5;2;2;1;3;33;REPUBLIQUE / MOULINS;M;4885270;246782;940
2,016E+11;16;1;18;930;1;2;2;1;3;33;ROUBLOT / FERRY;M;4885020;246091;940
2,016E+11;16;1;18;1310;1;2;4;1;6;33;HUGO/MOULIN;M;4885970;248068;940
2,016E+11;16;1;27;2140;5;2;1;1;6;33;28, DALAYRAC;M;4884800;246394;940
2,016E+11;16;1;31;1300;1;2;1;2;6;33;12, VINCENNES;M;4884440;246226;940
2,016E+11;16;2;8;1;5;2;3;1;1;33;PEPINIERE / CHARMES;M;4884610;245139;940
2,016E+11;16;2;9;1830;5;2;1;3;3;33;112, MARECHAL DE LATTRE;M;4885640;249221;940
2,016E+11;16;3;1;1430;1;2;3;2;2;33;TASSIGNY / CARNOT;M;4885390;249347;940
2,016E+11;16;3;9;930;1;2;2;2;3;33;ROUGE / MOCARDS;M;4884940;246499;940
2,016E+11;16;3;12;1835;1;2;3;1;3;33;PARMENTIER / BEAUMONTS;M;4885380;245317;940
2,016E+11;16;3;14;1130;1;2;1;1;3;33;38, BOIS GALON;M;4885950;249419;940
2,016E+11;16;3;22;2220;5;2;2;1;3;33;54, DUHAIL /  D'ORLEANS;M;4884360;246616;940
2,016E+11;16;3;29;1240;1;2;1;1;3;33;33, MARECHAL DE LATTRE D;M;4885370;249357;940
2,016E+11;16;3;30;1120;1;2;2;2;3;33;FOCH / JAUNE;M;4884440;245708;940
2,016E+11;16;4;7;2140;5;2;6;1;3;33;DE LATTRE / AUROUX;M;4885390;249347;940
2,016E+11;16;4;15;2230;5;2;1;8;2;33;MARECHAL DE LATTRE DE TA;M;4886000;249016;940
2,016E+11;16;4;30;1615;1;2;2;2;6;33;PEPINIERE / FOCH;M;4884530;245116;940
2,016E+11;16;5;24;915;1;2;1;1;3;33;17, LOUISON BOBET;M;4885240;248704;940
2,016E+11;16;5;28;1920;1;2;2;1;6;33;REPUBLIQUE / GAMBETTA;M;4885300;245766;940
2,016E+11;16;5;30;1640;1;2;3;3;6;33;78, JOFFRE;M;4885360;247509;940
2,016E+11;16;6;10;1815;1;2;1;1;3;33;CARNOT (R);;;;940
2,016E+11;16;6;12;20;5;2;2;1;6;33;TASSIGNY/BRETELLE A86;M;4885910;249087;940
2,016E+11;16;6;12;545;2;2;1;2;6;33;18, FERNAND LEGER (R);;;;940
2,016E+11;16;6;15;1330;1;2;9;1;6;33;VICTOR HUGO (AV);;;;940
2,016E+11;16;6;23;1215;1;2;1;1;3;33;15, CHARMES (AV DES);;;;940
2,016E+11;16;7;14;1400;1;2;2;1;6;33;VERDUN (BD DE);;;;940
2,016E+11;16;7;26;900;1;2;1;1;3;33;28, VINCENNES (BD DE);;;;940
2,016E+11;16;7;28;1630;1;2;1;1;6;33;59, STALINGRAD (AV DE);;;;940
2,016E+11;16;8;25;1500;1;2;1;7;3;33;166, VERDUN (BD DE);;;;940
2,016E+11;16;9;5;1915;1;2;1;1;6;33;7, VICTOR HUGO (AV);;;;940
2,016E+11;16;9;8;745;1;2;1;1;6;33;VERDUN (BD DE);;;;940
2,016E+11;16;9;22;915;1;2;3;1;3;33;ERNEST RENAN (AV);;;;940
2,016E+11;16;9;22;940;1;2;1;1;6;33;77, PIERRE CURIE (R);;;;940
2,016E+11;16;9;24;1100;1;2;2;1;1;33;NEUILLY (AV DE);;;;940
2,016E+11;16;9;28;925;1;2;1;1;3;33;CHARMES (AV DES);;;;940
2,016E+11;16;10;3;1725;1;2;2;1;3;33;JEAN PIERRE TIMBAUD (R);;;;940
2,016E+11;16;10;6;1000;1;2;1;1;3;33;41, PRAIRIE (CHE DE LA);;;;940
2,016E+11;16;10;6;1720;1;2;1;1;6;33;CHARLES GARCIA (AV);;;;940
2,016E+11;16;10;7;510;5;2;1;1;6;33;LOUISON BOBET (AV);;;;940
2,016E+11;16;10;9;335;5;2;4;1;6;33;DALAYRAC (R);;;;940
2,016E+11;16;10;10;1440;1;2;2;1;3;33;PEPINIERE (AV DE LA);;;;940
2,016E+11;16;10;26;830;2;2;1;8;6;33;DALAYRAC (R);;;;940
2,016E+11;16;10;28;2345;5;2;2;1;3;33;PEPINIERE (AV DE LA);;;;940
2,016E+11;16;11;10;1200;1;2;1;2;2;33;164, VERDUN (BD DE);;;;940
2,016E+11;16;11;18;1030;1;2;1;1;6;33;113, MARECHAL DE LATTRE;;;;940
2,016E+11;16;12;3;1130;1;2;2;1;3;33;PEPINIERE (AV DE LA);;;;940
2,016E+11;16;12;3;2235;5;2;2;1;3;33;DANTON (AV);;;;940
2,016E+11;16;12;13;1630;2;2;2;1;6;33;20, VERDUN (BD DE);;;;940
2,016E+11;16;12;14;1615;1;2;1;1;2;33;FONTAINE DU VAISSEAU (R;;;;940
2,016E+11;16;12;15;1705;5;2;1;1;6;33;17, STALINGRAD (AV DE);;;;940
2,016E+11;16;12;31;1835;5;2;2;1;6;33;58, ROSNY (R DE);;;;940
2,016E+11;16;1;1;710;5;2;3;1;2;3;DORMOY / BRIAND;M;4880960;232648;940
2,016E+11;16;1;2;1150;1;2;4;1;2;43;R GABRIEL PERI/A6B;M;4881550;235644;940
2,016E+11;16;1;2;2255;5;2;1;1;2;3;107, ARISTIDE BRIAND;M;4880310;232457;940
2,016E+11;16;1;3;130;5;2;1;1;6;43;43, FONTAINEBLEAU;M;4881310;236134;940
2,016E+11;16;1;4;830;1;2;3;2;6;37;ALLENDE / BENSERADE;M;4881190;234682;940
2,016E+11;16;1;9;10;5;2;1;5;1;37;47, JEAN JAURES;M;4881270;235177;940
2,016E+11;16;1;10;540;5;2;2;8;3;76;PARIS / BABEUF;M;4880700;236322;940
2,016E+11;16;1;12;1515;1;2;1;1;2;76;120, STALINGRAD;M;4878210;236702;940
2,016E+11;16;1;14;900;1;2;4;2;6;76;ARAGO / GAGARINE;M;4878770;236280;940
2,016E+11;16;1;15;1750;5;2;3;1;6;16;WILSON / IMAGE;M;4879270;232973;940
2,016E+11;16;1;15;1840;5;2;1;1;3;43;AV DE FONTAINEBLEAU;M;4881130;236177;940
2,016E+11;16;1;19;810;1;2;3;2;6;16;26, WILSON/DORMOY;M;4879450;233125;940
2,016E+11;16;1;19;1900;5;2;2;1;3;37;JAURES / RASPAIL;M;4881420;234976;940
2,016E+11;16;1;19;1958;5;2;3;1;6;76;31,TREMBLAY/PETITS ORMES;M;4878030;236981;940
2,016E+11;16;1;21;910;1;2;1;4;7;76;54, REPUBLIQUE;M;4878850;235876;940
2,016E+11;16;1;21;1030;1;2;2;1;6;76;COUTURIER / JAURES;M;4879490;236637;940
2,016E+11;16;1;23;1645;1;2;3;1;6;76;CANTINI / DUCLOS;M;4878600;236334;940
2,016E+11;16;1;25;405;5;2;2;1;3;76;ARAGON / FABIEN;M;4878860;237528;940
2,016E+11;16;1;26;100;5;2;1;1;3;76;123, BD MAXIME GORKI;M;4879170;236954;940
2,016E+11;16;1;26;1415;1;2;3;1;3;76;GORKI / SAINT-ROCH;M;4879150;236946;940
2,016E+11;16;1;29;900;1;2;1;1;6;16;61, PRESIDENT WILSON;M;4878990;232631;940
2,016E+11;16;1;30;2230;5;2;3;1;2;16;EUROPE / LECLERC;M;4878690;232957;940
2,016E+11;16;2;2;930;1;2;3;1;6;76;LURCAT / LUISETTE;M;4878460;237115;940
2,016E+11;16;2;5;800;1;2;3;1;6;16;BRIAND/LAVOISIER;M;4879450;232120;940
2,016E+11;16;2;6;1210;1;2;2;1;3;76;GORKI / SAQUET;M;4879120;236951;940
2,016E+11;16;2;10;1400;1;1;3;1;6;76;70, CHEVILLY/MOUSSINAC;M;4878330;235489;940
2,016E+11;16;2;11;2040;5;2;3;1;3;43;FONTAINEBLEAU / PASTEUR;M;4881510;236073;940
2,016E+11;16;2;11;2145;5;2;2;1;1;37;COUTURIER / DEDOUVRE;M;4881660;233512;940
2,016E+11;16;2;12;1000;1;2;1;7;6;76;12, P V COUTURIER;M;4879480;236381;940
2,016E+11;16;2;14;100;5;2;2;2;2;76;COUTURIER / VERDUN;M;4879500;235434;940
2,016E+11;16;2;14;920;1;2;3;1;6;43;LACROIX / VAILLANT;M;4881280;235704;940
2,016E+11;16;2;15;1505;1;2;1;1;5;76;102, VERDUN;M;4878910;235397;940
2,016E+11;16;2;16;800;1;2;2;1;6;76;ARAGON / FABIEN;M;4878860;237528;940
2,016E+11;16;2;17;900;1;2;1;1;6;43;1, EDMONT MICHELET;M;4881020;236281;940
2,016E+11;16;2;20;1105;1;2;2;2;6;3;DOUMER / GENERAL LECLERC;M;4880440;233814;940
2,016E+11;16;2;20;1340;1;2;1;2;6;43;96, FONTAINEBLEAU;M;4881040;236202;940
2,016E+11;16;2;20;1510;1;2;3;1;1;76;GORKI / GUYNEMER;M;4879280;236936;940
2,016E+11;16;2;21;625;5;2;2;2;3;3;COUTURIER / LECLERC;M;4880440;233814;940
2,016E+11;16;2;23;35;5;2;1;2;3;43;141, FONTAINEBLEAU;M;4880720;236304;940
2,016E+11;16;2;25;900;1;2;2;1;6;3;63, PERI/;M;4879950;234407;940
2,016E+11;16;3;3;900;1;2;1;8;3;43;40, CHARLES GIDE;M;4880730;235426;940
2,016E+11;16;2;27;2215;4;2;3;1;6;37;PER I/ BRIAND;M;4881310;235362;940
2,016E+11;16;3;3;1545;1;1;3;1;6;76;GAGARINE / LEGER;M;4878640;236111;940
2,016E+11;16;3;4;215;5;2;1;3;3;3;65, ARISTIDE BRIAND;M;4880650;232591;940
2,016E+11;16;3;5;1130;1;2;1;1;6;3;29, ARISTIDE BRIAND;M;4880880;232651;940
2,016E+11;16;3;7;2100;5;2;2;2;3;76;PARIS / DAUPHIN;M;4880560;236364;940
2,016E+11;16;3;9;915;1;2;2;3;3;16;BEL AIR / LUMIERES;M;4879640;232391;940
2,016E+11;16;3;11;900;1;2;1;1;2;43;AV EUGENE THOMAS;M;4880970;236122;940
2,016E+11;16;3;11;1015;1;2;3;1;7;3;RASPAIL / BESSON;M;4879960;233151;940
2,016E+11;16;3;16;1500;1;2;3;1;6;37;BENSERADE / PASCAL;M;4881060;234781;940
2,016E+11;16;3;17;1600;1;2;1;1;1;37;AV P VAILLANT COUTURIER;M;4881640;234077;940
2,016E+11;16;3;23;820;1;2;3;1;3;76;REPUBLIQUE / RASPAIL;M;4878850;236436;940
2,016E+11;16;3;23;1500;1;2;1;1;6;16;36, SAUSSAIES;M;4878640;234041;940
2,016E+11;16;3;25;1300;1;2;1;2;3;37;57, RASPAIL;M;4881360;234735;940
2,016E+11;16;4;3;230;5;2;1;8;3;76;AV DE PARIS;M;4880500;236382;940
2,016E+11;16;4;6;1830;1;2;1;3;6;76;124, PARIS;M;4879800;236602;940
2,016E+11;16;4;11;1825;1;1;1;1;3;3;113, ARISTIDE BRIAND;M;4880280;232442;940
2,016E+11;16;4;13;850;1;2;2;1;2;3;CARON / CONVENTION;M;4880090;233336;940
2,016E+11;16;4;13;800;1;2;3;1;3;16;BRIAND / COUTURIER;M;4879080;231990;940
2,016E+11;16;4;15;1435;1;2;1;2;3;43;80TER, FONTAINEBLEAU;M;4881190;236159;940
2,016E+11;16;4;16;1930;2;2;8;1;3;76;STALINGRAD / LECLERC;M;4878460;236709;940
2,016E+11;16;4;17;1620;1;1;1;1;2;43;R VOLTAIRE;M;4881600;236382;940
2,016E+11;16;4;19;1520;1;2;3;1;6;16;BRIAND / GARE;M;4880150;232393;940
2,016E+11;16;4;21;1425;1;2;3;1;3;3;BRIAND / GARE;M;4880150;232393;940
2,016E+11;16;4;23;1630;1;2;1;1;4;43;143, FONTAINEBLEAU;M;4880720;236318;940
2,016E+11;16;4;26;2130;5;2;2;2;5;76;REPUBLIQUE / HAMON;M;4878850;236164;940
2,016E+11;16;4;27;2330;5;2;2;1;3;76;GORKI / CLEMENT;M;4879600;236857;940
2,016E+11;16;4;28;1300;1;2;1;1;6;76;20, MOULIN DE SAQUET;M;4879110;236901;940
2,016E+11;16;4;29;1745;1;2;1;1;3;43;112, FONTAINEBLEAU;M;4880930;236238;940
2,016E+11;16;5;6;1910;1;2;3;1;3;16;SAUSSAIES / TASSIGNY;M;4878850;233257;940
2,016E+11;16;5;8;2120;5;2;1;1;2;76;157, LOUIS ARAGON;M;4878860;237411;940
2,016E+11;16;5;9;1738;1;2;3;1;1;76;REPUBLIQUE / BRUYERES;M;4878700;235258;940
2,016E+11;16;5;10;1100;1;2;3;1;1;3;BRIAND / BERTHOLLET;M;4880580;232558;940
2,016E+11;16;5;12;845;1;2;1;1;6;3;90, CONVENTION;M;4880510;233696;940
2,016E+11;16;5;15;715;1;2;1;1;3;43;162, GABRIEL PERI;M;4881100;235081;940
2,016E+11;16;5;17;1030;1;2;3;1;6;16;CAMUS / TASSIGNY;M;4878770;233253;940
2,016E+11;16;5;18;1735;1;2;3;3;3;16;BONNET / CONDORCET;M;4879580;232523;940
2,016E+11;16;5;20;1145;1;2;3;1;6;16;12 ,VATIER/SAUSSAIES;M;4878900;233174;940
2,016E+11;16;5;25;700;1;2;2;1;3;16;BLUM / SAUSSAIES;M;4878680;233735;940