Num_Acc;an;mois;jour;hrmn;lum;agg;int;atm;col;com;adr;gps;lat;long;dep
2,016E+11;16;5;25;745;1;2;1;1;3;16;68, CARNOT;M;4879970;232386;940
2,016E+11;16;5;26;1054;1;2;2;1;3;76;PARIS / DAUPHIN;M;4880560;236364;940
2,016E+11;16;5;26;1730;1;2;2;1;3;16;ALSACE / COUTURIER;M;4879000;232258;940
2,016E+11;16;5;28;1700;1;2;2;2;3;76;CHEVILLY / REPUBLIQUE;M;4878740;235420;940
2,016E+11;16;5;29;930;1;2;1;8;3;43;18, ROGER SALENGRO;M;4881480;236245;940
2,016E+11;16;6;1;1645;1;2;1;2;3;76;4, DOCTEUR ANTOMARCHI (R;;;;940
2,016E+11;16;6;5;1815;1;2;6;1;3;43;, VOLTAIRE (R);;;;940
2,016E+11;16;6;6;1620;1;2;2;1;3;43;1, VERDUN (R DE);;;;940
2,016E+11;16;6;7;1525;1;2;1;1;7;43;91, FONTAINEBLEAU (AV DE;;;;940
2,016E+11;16;6;10;2015;1;2;9;1;3;76;1, MAXIME GORKI (BD);;;;940
2,016E+11;16;6;11;1109;1;2;1;2;6;43;15, EDMONT MICHELET (R);;;;940
2,016E+11;16;6;13;22;5;2;1;2;6;76;71, PARIS (AV DE);;;;940
2,016E+11;16;6;15;1450;1;2;1;1;6;76;112, CHEVILLY (R DE);;;;940
2,016E+11;16;6;17;1620;1;2;2;1;2;76;112, MAXIME GORKI (BD);;;;940
2,016E+11;16;6;20;1525;1;2;1;3;7;3;1, PAUL DOUMER (AV);;;;940
2,016E+11;16;6;21;805;1;2;1;2;6;3;1, PAUL VAILLANT COUTURI;;;;940
2,016E+11;16;6;21;800;1;2;1;2;1;3;58, AUGUSTE BLANQUI (R);;;;940
2,016E+11;16;6;24;1405;1;2;1;1;1;43;34, BENOIT MALON (R);;;;940
2,016E+11;16;6;27;1210;1;2;3;2;3;76;108, MAXIME GORKI (BD);;;;940
2,016E+11;16;6;28;733;1;2;1;1;7;76;49, PARIS (AV DE);;;;940
2,016E+11;16;6;29;840;1;2;3;1;1;3;83, PAUL VAILLANT COUTUR;;;;940
2,016E+11;16;6;29;1000;1;2;2;1;1;76;127, REPUBLIQUE (AV DE L;;;;940
2,016E+11;16;6;30;1430;1;2;1;1;7;37;1, GALLIENI (AV);;;;940
2,016E+11;16;7;1;2055;1;2;1;2;6;43;18 BIS, QUATORZE JUILLET;;;;940
2,016E+11;16;7;3;1830;1;2;1;2;7;43;REUNION (R DE LA);;;;940
2,016E+11;16;7;12;1511;1;2;3;1;3;76;2, PARIS (AV DE);;;;940
2,016E+11;16;7;14;1445;1;2;2;1;3;76;55, MAXIME GORKI (R);;;;940
2,016E+11;16;7;15;1530;1;2;1;1;6;43;118, GABRIEL PERI (R);;;;940
2,016E+11;16;7;16;45;5;2;6;1;3;16;63, CAMILLE DESMOULINS (;;;;940
2,016E+11;16;7;21;725;1;2;1;1;3;16;, GABRIEL PERI (R);;;;940
2,016E+11;16;7;21;725;1;2;1;1;7;76;DANTON (R);;;;940
2,016E+11;16;7;22;1200;1;2;1;1;7;16;25, ARISTIDE BRIAND (AV);;;;940
2,016E+11;16;7;25;1800;1;2;2;1;1;3;1, PAUL VAILLANT COUTURI;;;;940
2,016E+11;16;7;25;1830;1;2;3;8;3;3;71, ARISTIDE BRIAND (AV);;;;940
2,016E+11;16;7;28;815;1;2;1;2;2;43;133, CHARLES GIDE (AV);;;;940
2,016E+11;16;7;29;2230;5;2;1;1;2;76;112, MAXIME GORKI (BD);;;;940
2,016E+11;16;7;30;1223;1;2;1;1;6;3;77, PAUL VAILLANT COUTUR;;;;940
2,016E+11;16;8;3;730;1;2;1;1;2;43;79, FONTAINEBLEAU (AV DE;;;;940
2,016E+11;16;8;4;1925;1;2;1;1;7;37;1, ARCUEIL (R D);;;;940
2,016E+11;16;8;5;1245;1;2;1;1;7;3;10, PAUL VAILLANT COUTUR;;;;940
2,016E+11;16;8;10;1600;1;2;6;1;3;16;192, GABRIEL PERI (R);;;;940
2,016E+11;16;8;19;1820;1;1;1;1;6;16;4, SAUSSAIES (R DES);;;;940
2,016E+11;16;8;23;1630;1;2;1;1;6;16;1, CARNOT (AV);;;;940
2,016E+11;16;8;24;845;1;2;1;1;1;76;29, VERDUN (R DE);;;;940
2,016E+11;16;8;24;1640;1;2;1;1;6;76;70, CHEVILLY (R DE);;;;940
2,016E+11;16;8;28;1545;1;2;1;1;2;76;1, SEVERINE (R);;;;940
2,016E+11;16;8;31;1355;1;2;2;1;3;76;47, REPUBLIQUE (AV DE LA;;;;940
2,016E+11;16;9;1;1015;1;2;1;1;6;76;78, PRESIDENT ALLENDE;M;4879780;234792;940
2,016E+11;16;9;1;1635;1;2;1;1;7;16;18, COUSIN DE MERICOURT;;;;940
2,016E+11;16;9;2;1723;1;2;2;1;3;3;63, DIVISION DU GENERAL;;;;940
2,016E+11;16;9;2;1756;1;2;3;1;7;76;JEAN JAURES (R);;;;940
2,016E+11;16;9;3;2100;5;2;1;1;6;37;66, GABRIEL PERI (R);;;;940
2,016E+11;16;9;3;2140;5;2;1;1;1;43;CHARLES GIDE (AV);;;;940
2,016E+11;16;9;7;1620;1;2;2;1;3;76;145, CHEVILLY (R DE);;;;940
2,016E+11;16;9;7;1650;1;2;1;1;6;76;140, CHEVILLY (R DE);;;;940
2,016E+11;16;9;9;1800;1;2;2;1;3;37;21, VAL DE MARNE (R DU);;;;940
2,016E+11;16;9;12;915;1;2;1;1;2;43;1 ter, VERDUN (R DE);;;;940
2,016E+11;16;9;13;1205;1;2;1;1;7;43;CONVENTION (R DE LA);;;;940
2,016E+11;16;9;16;925;1;2;1;1;3;3;92, JEAN JAURES (AV);;;;940
2,016E+11;16;9;22;1745;1;2;2;1;7;43;47 bis, GABRIEL PERI (R);;;;940
2,016E+11;16;9;25;1920;1;2;1;1;6;76;18, ROGER MORINET (R);;;;940
2,016E+11;16;9;28;1455;1;2;3;1;3;43;1, DOCTEUR ANTOINE LACRO;;;;940
2,016E+11;16;9;28;1610;1;2;1;1;7;76;159 BIS, JEAN JAURES (R);;;;940
2,016E+11;16;10;2;910;1;2;3;1;3;76;106, MAXIME GORKI (BD);;;;940
2,016E+11;16;10;3;1200;1;2;1;1;7;76;12, PAUL VAILLANT COUTUR;;;;940
2,016E+11;16;10;4;1100;1;2;1;1;6;3;83-85, ARISTIDE BRIAND (;;;;940
2,016E+11;16;10;6;1020;1;1;1;1;7;43;68, FONTAINEBLEAU (AV DE;;;;940
2,016E+11;16;10;6;1530;1;1;2;1;7;43;17, EUGENE THOMAS (AV);;;;940
2,016E+11;16;10;7;2120;5;2;9;1;3;3;PAUL VAILLANT COUTURIER;;;;940
2,016E+11;16;10;7;2240;5;2;1;1;3;43;51, DANTON (R);;;;940
2,016E+11;16;10;13;1430;1;2;1;2;7;3;2, CONVENTION (AV DE LA);;;;940
2,016E+11;16;10;14;1645;1;2;1;2;7;76;104, PARIS (AV DE);;;;940
2,016E+11;16;10;14;1645;1;2;1;3;7;76;7, CHASTENET DE GERY (BD;;;;940
2,016E+11;16;10;15;1610;1;2;1;1;3;3;69, ARISTIDE BRIAND (AV);;;;940
2,016E+11;16;10;17;930;1;2;1;2;6;76;95, PARIS (AV DE);;;;940
2,016E+11;16;10;17;1420;1;2;1;1;7;76;100, STALINGRAD (AV DE);;;;940
2,016E+11;16;10;19;1300;1;2;1;1;2;3;PAUL VAILLANT COUTURIER;;;;940
2,016E+11;16;10;19;1410;1;2;1;1;7;43;67, FONTAINEBLEAU (AV DE;;;;940
2,016E+11;16;10;19;1410;1;2;1;1;7;76;54, REPUBLIQUE (AV DE LA;;;;940
2,016E+11;16;10;24;2000;3;2;1;1;7;16;20, DIVISION LECLERC (AV;;;;940
2,016E+11;16;10;27;1000;1;2;1;1;7;43;47bis, GABRIEL PERI (R);;;;940
2,016E+11;16;10;28;2020;5;2;2;1;3;16;1, LEON BLUM (AV);;;;940
2,016E+11;16;10;31;1400;1;2;1;1;6;43;94 a 98bis, CHARLES GIDE;;;;940
2,016E+11;16;10;28;505;5;2;1;1;6;43;, GENERAL LECLERC (R DU);;;;940
2,016E+11;16;11;2;1645;2;2;1;1;7;16;1, ARISTIDE BRIAND (AV);;;;940
2,016E+11;16;11;4;920;1;2;1;2;6;76;7, CHARLES FOURRIER (SEN;;;;940
2,016E+11;16;11;4;1650;1;2;1;3;6;43;45, GENERAL LECLERC (R D;;;;940
2,016E+11;16;11;4;1740;5;2;4;3;6;76;66, SACCO ET VANZETTI (R;;;;940
2,016E+11;16;11;6;1555;1;2;1;1;6;76;STALINGRAD (AV DE);;;;940
2,016E+11;16;11;6;1555;1;2;1;1;6;76;174, MAXIME GORKI (BD);;;;940
2,016E+11;16;11;11;2320;5;2;2;1;3;37;162, GABRIEL PERI (R);;;;940
2,016E+11;16;11;11;2320;5;2;1;1;2;16;13, ARISTIDE BRIAND (AV);;;;940
2,016E+11;16;11;17;1310;1;2;1;1;7;3;1, ARISTIDE BRIAND (AV);;;;940
2,016E+11;16;11;18;1705;2;2;1;1;6;76;71, PARIS (AV DE);;;;940
2,016E+11;16;11;23;1900;5;2;3;2;3;3;9,COLONEL FABIEN/TRUBERT;;;;940
2,016E+11;16;11;25;1710;5;2;1;1;3;3;31, ARISTIDE BRIAND (AV);;;;940
2,016E+11;16;11;28;1715;2;2;1;1;7;16;34-36, DIVISION LECLERC;;;;940
2,016E+11;16;11;29;855;1;2;1;1;7;76;face 79/81, VERDUN (R DE;;;;940
2,016E+11;16;11;29;1343;1;2;2;1;3;16;29, ARISTIDE BRIAND (AV);;;;940
2,016E+11;16;11;30;1330;1;2;2;1;7;3;1, AQUEDUCS (AV DES);;;;940
2,016E+11;16;12;1;134;5;2;1;1;2;76;88, VERDUN (R DE);;;;940
2,016E+11;16;12;6;1200;1;2;1;1;3;16;9, EUROPE (AV DE L);;;;940
2,016E+11;16;12;7;830;1;2;8;1;7;16;EUROPE (AV DE L);;;;940
2,016E+11;16;12;7;835;1;2;4;1;1;76;70, JEAN LURCAT (R);;;;940
2,016E+11;16;12;7;1530;1;2;3;1;7;37;41, BENOIT MALON (R);;;;940
2,016E+11;16;12;7;1600;1;2;1;1;6;3;6, GABRIEL PERI (AV);;;;940
2,016E+11;16;12;9;1005;1;2;7;1;7;3;1, VACHE NOIRE (LA);;;;940
2,016E+11;16;12;10;1610;1;1;1;5;6;76;128, STALINGRAD (AV DE);;;;940
2,016E+11;16;12;16;810;2;2;1;1;3;3;11, PAUL VAILLANT COUTUR;;;;940
2,016E+11;16;12;16;1730;5;2;1;1;7;76;3, CHASTENET DE GERY (BD;;;;940
2,016E+11;16;12;17;108;5;2;2;1;3;16;EUROPE (AV DE L);;;;940
2,016E+11;16;12;24;1915;5;2;1;1;6;3;1, PRESIDENT SALVADOR AL;;;;940
2,016E+11;16;2;5;1950;5;2;1;1;6;37;AUGUSTE BLANQUI;M;4881370;234052;940
2,016E+11;16;7;19;14;5;2;2;1;3;76;47, MAXIME GORKI (BD);;;;940
2,016E+11;16;9;8;2002;5;2;3;1;2;43;29, CONVENTION (R DE LA);;;;940
2,016E+11;16;4;7;10;5;2;1;1;7;43;93, GABRIEL PERI;M;4881070;235043;940
2,016E+11;16;9;27;1604;1;2;1;1;6;76;62, PRESIDENT ALLENDE (A;;;;940
2,016E+11;16;5;19;730;1;2;2;2;6;76;27, PARIS/THIBERT;M;4880580;236360;940
2,016E+11;16;5;11;1615;1;2;3;2;2;76;DELAUNE / BLANC;M;4878270;236213;940
2,016E+11;16;5;21;2100;5;2;1;1;6;76;145, CHEVILLY;M;4878010;235530;940
2,016E+11;16;12;11;300;5;2;6;2;3;43;9, FONTAINEBLEAU (AV DE);;;;940
2,016E+11;16;12;22;200;5;2;2;2;3;76;30, YOURI GAGARINE (R);;;;940
2,016E+11;16;1;3;1420;1;1;1;2;6;73;RN 186;M;4875360;237654;940
2,016E+11;16;1;4;1245;1;2;3;1;6;65;DE GAULLE / DAME;M;4874900;235125;940
2,016E+11;16;1;10;2240;5;2;1;2;6;21;68, GENERAL DE GAULLE;M;4877200;234339;940
2,016E+11;16;1;11;1000;1;2;1;2;6;73;AV DU LUXEMBOURG;M;4875630;237429;940
2,016E+11;16;1;20;1610;1;2;1;1;2;21;02, R DE PROVENCE;M;4877250;236013;940
2,016E+11;16;1;20;1815;5;1;1;1;2;65;AV DE FONTAINEBLEAU;M;4875000;236879;940
2,016E+11;16;1;21;1505;1;2;3;1;6;73;NOVEMBRE / DUFOUR;M;4875230;239901;940
2,016E+11;16;1;24;2330;5;2;2;1;6;54;MARIN / KEFIR;M;4875230;238742;940
2,016E+11;16;1;26;540;5;2;1;1;3;21;38, TOULOUSE;M;4876120;235227;940
2,016E+11;16;1;26;1840;5;2;3;1;6;65;SOLETS / D'ARCUEIL;M;4874450;235888;940
2,016E+11;16;1;27;800;2;2;3;3;6;34;REPUBLIQUE / GLACIERES;M;4875750;232090;940
2,016E+11;16;1;28;1545;1;2;1;1;6;21;45, FRANKLIN ROOSEVELT;M;4877150;236059;940
2,016E+11;16;2;7;1400;1;2;3;1;3;34;PASTEUR / YVON;M;4875530;231340;940
2,016E+11;16;2;8;1340;1;2;1;3;6;21;48, R DU NIVERNAIS;M;4877480;235585;940
2,016E+11;16;2;9;1045;1;2;3;2;3;65;SOLETS / D'ARCUEIL;M;4874450;235888;940
2,016E+11;16;2;13;610;5;1;1;2;7;44;SEN DE LA PLANCHETTE;M;4874860;247682;940
2,016E+11;16;2;14;1730;2;2;1;1;6;73;R DU BAS MARIN;M;4875640;238419;940
2,016E+11;16;2;14;1850;5;2;1;1;3;38;GENERAL DE GAULLE;M;4878340;234541;940
2,016E+11;16;2;15;950;1;2;1;1;6;21;AV DU 11 NOVEMBRE1918;M;4876490;235841;940
2,016E+11;16;2;16;1515;1;2;3;1;3;73;FONTAINEBLEAU / PERRET;M;4875580;236883;940
2,016E+11;16;2;18;1000;1;2;1;1;3;21;AV DE LA VILLETTE;M;4876770;234860;940
2,016E+11;16;2;18;2310;5;2;1;1;6;21;16, LOUIS BLERIOT;M;4876680;233560;940
2,016E+11;16;2;20;2000;5;2;2;1;3;73;VERSAILLES / MULLER;M;4875930;239663;940
2,016E+11;16;3;1;620;5;2;2;1;3;73;FONTAINEBLEAU / LUXEMBOU;M;4876390;236824;940
2,016E+11;16;3;3;1200;1;2;3;1;3;73;ARC / PERREUX;M;4876660;239057;940
2,016E+11;16;3;4;650;5;2;4;3;6;65;CHARENTES / CIRCULAIRE;M;4875810;236065;940
2,016E+11;16;3;5;700;1;2;6;2;6;38;BICETRE / LECLERC;M;4877110;234986;940
2,016E+11;16;3;5;1630;1;2;3;1;6;38;BRIAND / COSARDE;M;4877900;233544;940
2,016E+11;16;3;6;1800;5;2;1;1;3;73;4, RESISTANCE;M;4875730;238817;940
2,016E+11;16;3;7;2015;5;2;3;1;3;73;DE GAULLE  / CERDAN;M;4876720;238050;940
2,016E+11;16;3;8;805;1;2;2;1;6;34;LINA / KARA;M;4875580;230990;940
2,016E+11;16;3;8;1215;1;1;2;1;3;21;VIADUC / MONTPELLIER;M;4876240;235275;940
2,016E+11;16;3;8;1520;1;2;1;1;6;73;54, RENE PANHARD;M;4876380;239650;940
2,016E+11;16;3;10;1250;1;2;1;1;6;65;R DE LA GROSSE PIERRE;M;4874650;235547;940
2,016E+11;16;3;11;750;1;2;3;1;2;38;BICETRE / COQUELICOTS;M;4877540;235307;940
2,016E+11;16;3;11;1130;1;2;3;1;3;34;CHEVILLY / BUTTE;M;4875930;233273;940
2,016E+11;16;3;11;1615;1;2;1;1;6;38;1, REPUBLIQUE;M;4878310;233948;940
2,016E+11;16;3;13;10;5;2;1;1;6;21;AV DE STALINGRAD;M;4877640;236730;940
2,016E+11;16;3;15;1300;1;2;1;1;3;73;CCR BELLE EPINE;M;4875630;237168;940
2,016E+11;16;3;19;1220;1;1;2;1;3;65;SOGARIS / N186;M;4875300;236011;940
2,016E+11;16;3;22;700;1;2;1;1;3;73;8, ALOUETTES;M;4875210;237022;940
2,016E+11;16;3;23;920;1;2;3;1;6;21;HUBERT /  PROUVAIRES;M;4875800;236466;940
2,016E+11;16;3;23;1610;1;2;1;1;6;73;AV DU LUXEMBOURG;M;4875610;237443;940
2,016E+11;16;3;24;1530;1;2;3;1;1;73;MARCHAND / BEL AIR;M;4876630;238733;940
2,016E+11;16;3;25;1335;1;2;3;2;2;65;LINDBERGH / SOLETS;M;4874500;236028;940
2,016E+11;16;3;25;2200;5;2;1;1;3;34;09, R HENRI BARBUSSE;M;4875690;232250;940
2,016E+11;16;3;28;1250;1;2;6;2;3;34;ROND POINT ROOSEVELT;M;4875710;232880;940
2,016E+11;16;3;30;1315;1;2;6;2;2;21;MERMOZ / LECLERC;M;4876950;233742;940
2,016E+11;16;4;1;940;1;1;1;1;3;73;RN 186;M;4875400;236930;940
2,016E+11;16;4;4;10;5;1;1;1;6;65;AV DE FONTAINEBLEAU;M;4874730;236759;940
2,016E+11;16;4;7;855;1;2;3;1;3;65;LINDBERGH / SOLETS;M;4874500;236028;940
2,016E+11;16;4;11;1215;1;2;2;2;2;73;VERSAILLES / ROBESPIERRE;M;4875830;239291;940
2,016E+11;16;4;12;810;1;1;1;1;6;21;D'ANGERS;M;4876030;235313;940
2,016E+11;16;4;16;1140;1;2;3;1;2;21;BD JEAN MERMOZ;M;4876950;233757;940
2,016E+11;16;4;16;1900;1;2;2;1;6;34;39, SPORTS/ROULE;M;4875000;232128;940
2,016E+11;16;4;27;1625;1;2;1;1;3;38;46, GENERAL DE GAULLE;M;4878230;234372;940
2,016E+11;16;4;28;2200;5;2;1;1;6;38;34, CHEVILLY;M;4877600;234254;940
2,016E+11;16;5;1;2130;2;2;3;1;4;73;FONTAINEBLEAU / PERRET;M;4876320;236825;940
2,016E+11;16;5;2;710;1;2;2;1;6;21;D'AGEN / LYONNAIS;M;4876310;234873;940
2,016E+11;16;5;3;845;1;2;1;1;6;65;AV D'AUVERGNE;M;4875940;235584;940
2,016E+11;16;5;4;1345;1;2;1;1;3;73;AV DE VERSAILLES;M;4875910;239556;940
2,016E+11;16;5;5;2350;5;2;2;1;6;34;50, BARBUSSE/DIV LECLERC;M;4875870;232427;940
2,016E+11;16;5;9;430;2;1;1;2;1;65;RN 186;M;4875390;236521;940
2,016E+11;16;5;12;1115;1;2;2;8;6;73;ESP PERRET/FONTAINEBLEAU;M;4876390;236824;940
2,016E+11;16;5;12;2100;3;2;2;2;3;38;P V COUTURIER/TOURNELLES;M;4877630;233996;940
2,016E+11;16;5;15;2230;5;1;3;1;3;34;JACINTHES / PASTEUR;M;4875540;231349;940
2,016E+11;16;5;17;1815;1;2;2;1;3;65;FONTAINEBLEAU / AVERNAIS;M;4874720;236754;940
2,016E+11;16;5;17;2210;5;2;1;1;7;38;33, HUIT MAI 1945;M;4877760;232931;940
2,016E+11;16;11;4;1200;1;2;1;1;6;38;TOURNELLES (R DES);;;;940
2,016E+11;16;5;19;1045;1;2;1;2;3;81;72, STALINGRAD;M;4877640;236730;940
2,016E+11;16;5;22;1930;1;1;1;2;6;73;8, ALOUETTES;M;4875210;237022;940
2,016E+11;16;5;25;50;5;1;1;1;4;65;RN 186;M;4875380;236279;940
2,016E+11;16;5;26;1545;1;2;2;1;3;73;FONTAINEBLEAU / PERRET;M;4876390;236824;940
2,016E+11;16;5;30;815;1;2;1;2;2;21;104, FRANKLIN ROOSEVELT;M;4877050;236327;940
2,016E+11;16;5;31;1000;1;2;1;3;3;38;LARROUMES;M;4877600;233009;940
2,016E+11;16;5;31;1240;1;1;3;3;1;65;SOLETS / VILLENEUVE;M;4874240;235360;940
2,016E+11;16;5;31;1730;1;2;3;2;6;73;ORVES / BASCH;M;4876170;239095;940
2,016E+11;16;6;2;1710;1;2;1;2;3;73;VERSAILLES (AV DE);;;;940
2,016E+11;16;6;2;1840;1;2;1;2;3;34;DEPORTATION (CAR DE LA);;;;940
2,016E+11;16;6;3;530;2;2;2;2;6;65;LINDBERGH/SOLETS;;;;940
2,016E+11;16;6;3;930;1;1;1;8;6;65;LYON (RUE DE);;;;940
2,016E+11;16;6;4;2110;1;2;1;1;6;21;RUE PAUL HOCHART;;;;940
2,016E+11;16;6;6;1650;1;2;1;1;6;34;13, PARC DES SPORTS (AV;;;;940
2,016E+11;16;6;3;1930;1;1;1;1;4;65;., AVERNAISES (CHE DES);;;;940
2,016E+11;16;6;9;800;1;2;1;1;6;34;37, HENRI BARBUSSE (R);;;;940
2,016E+11;16;6;9;1300;1;1;1;1;2;73;RN 186;M;4875400;237086;940
2,016E+11;16;6;9;1500;1;2;6;1;3;65;TROIS MARCHES (Av des);;;;940
2,016E+11;16;6;9;1550;1;2;1;1;5;73;VERSAILLES (AV DE);;;;940
2,016E+11;16;6;10;1200;1;2;2;1;3;38;PAUL VAILLANT COUTURIER;;;;940
2,016E+11;16;6;10;1745;1;1;3;1;4;65;LINDBERGH/;;;;940
2,016E+11;16;6;12;1230;1;2;1;2;2;73;RENE PANHARD (AV);;;;940
2,016E+11;16;6;14;1250;1;2;1;1;3;65;FONTAINEBLEAU - CAR BELL;;;;940
2,016E+11;16;6;14;1525;1;2;1;1;6;21;48, ADJUDANT CHEF DERICB;;;;940
2,016E+11;16;6;15;930;1;2;2;1;1;38;CHEVILLY (R DE);;;;940
2,016E+11;16;6;15;1125;1;1;6;1;3;65;TROIS MARCHES (AV) / MIN;;;;940
2,016E+11;16;6;15;1930;1;1;1;1;4;73;RN 186;M;4875360;237923;940
2,016E+11;16;6;16;900;1;2;1;1;2;38;HENRI THIRARD (R);;;;940
2,016E+11;16;6;16;1900;1;2;1;1;5;73;RN 186;M;4875390;237250;940
2,016E+11;16;6;21;1730;1;2;1;1;1;73;14, RENE PANHARD (AV);;;;940
2,016E+11;16;6;22;250;5;2;1;2;3;73;STALINGRAD - CAR DES TRO;;;;940
2,016E+11;16;6;22;1440;1;2;2;1;5;34;PARC MEDICIS (AV DU);;;;940
2,016E+11;16;6;22;1510;1;2;1;8;6;21;344, STALINGRAD (AV DE);;;;940
2,016E+11;16;6;22;2200;2;2;1;1;1;38;CHEVILLY (R DE);;;;940
2,016E+11;16;6;24;1310;1;2;9;1;2;21;., DES MARAICHERS (AVENU;;;;940
2,016E+11;16;6;25;845;1;2;2;1;6;38;PAUL VAILLANT COUTURIER;;;;940
2,016E+11;16;6;25;1840;1;2;1;1;6;38;10, GENERAL DE GAULLE (A;;;;940
2,016E+11;16;6;28;530;2;2;1;1;2;73;BAS MARIN (R DU);;;;940
2,016E+11;16;6;29;1400;1;2;1;1;3;73;7, ALOUETTES (R DES);;;;940
2,016E+11;16;6;30;10;5;2;1;1;6;73;MAXIMILIEN ROBESPIERRE (;;;;940
2,016E+11;16;7;1;1145;1;1;9;1;6;73;LUXEMBOURG (AV DU);;;;940
2,016E+11;16;7;2;1025;1;2;1;1;3;38;PAUL VAILLANT COUTURIER;;;;940
2,016E+11;16;7;4;1520;1;2;1;1;2;21;GENERAL DE GAULLE (AV DU;;;;940
2,016E+11;16;7;5;1700;1;2;1;1;2;73;face 17, DOCTEUR MARIE (;;;;940
2,016E+11;16;7;5;1720;1;2;2;1;2;38;PAUL VAILLANT COUTURIER;;;;940
2,016E+11;16;7;5;1840;1;1;1;1;3;73;BAS MARIN (R DU);;;;940
2,016E+11;16;7;8;2340;5;1;1;1;3;73;RN 186;M;4875350;237439;940
2,016E+11;16;7;10;2120;1;2;1;1;6;38;BELLEVUE (R DE);;;;940
2,016E+11;16;7;11;35;5;2;1;1;7;21;STALINGRAD (AV DE);;;;940
2,016E+11;16;7;11;1510;1;2;1;1;1;38;35, PAUL HOCHART (R);;;;940
2,016E+11;16;7;11;1915;1;2;1;1;6;34;03, PASTEUR (BD);;;;940
2,016E+11;16;7;15;545;2;2;1;1;3;65;CHARLES LINDBERGH (AV);;;;940
2,016E+11;16;7;15;1000;1;2;3;1;6;65;QUAI DE LORIENT;;;;940
2,016E+11;16;7;15;1910;1;2;1;1;3;38;26, HENRI THIRARD (R);;;;940
2,016E+11;16;7;16;1315;1;2;2;1;3;73;DOCTEUR MARIE (R DU);;;;940
2,016E+11;16;7;17;200;5;2;1;1;3;38;BICETRE (R DE);;;;940
2,016E+11;16;7;17;1830;1;1;1;1;2;21;STALINGRAD (AV DE);;;;940
2,016E+11;16;7;19;835;1;2;2;1;3;34;PASTEUR (BD);;;;940
2,016E+11;16;7;20;1900;1;2;1;1;6;34;DOCTEUR CHARCOT (R DU);;;;940
2,016E+11;16;7;21;335;5;2;6;1;3;21;JEAN MERMOZ (BD);;;;940
2,016E+11;16;7;21;950;1;2;1;1;1;21;11 novembre 1918 (Rue);;;;940
2,016E+11;16;7;23;620;1;2;1;1;6;38;29, ARISTIDE BRIAND (AV);;;;940
2,016E+11;16;7;23;1000;1;1;1;1;2;73;RN 186;M;4875360;237778;940
2,016E+11;16;7;25;2000;1;1;1;1;2;73;RN 186;M;4875370;237377;940
2,016E+11;16;7;30;1320;1;1;1;1;7;21;17, PETIT LEROY (R DU);;;;940
2,016E+11;16;8;1;1300;1;2;1;1;2;73;VERSAILLES (AV DE);;;;940
2,016E+11;16;8;1;1330;1;2;1;1;3;54;AV DU DOCTEUR MARIE;M;4874610;237183;940
2,016E+11;16;8;3;1630;1;2;1;1;2;38;97, PAUL VAILLANT COUTUR;;;;940
2,016E+11;16;8;4;150;3;2;1;1;3;73;ALOUETTES (R DES);;;;940
2,016E+11;16;8;6;900;1;2;1;1;3;73;., REPUBLIQUE (AV DE LA);;;;940
2,016E+11;16;8;8;1230;1;2;1;1;3;38;CHEVILLY (R DE);;;;940
2,016E+11;16;8;11;1715;1;2;1;1;6;34;THUYAS (ALL DES);;;;940
2,016E+11;16;8;20;30;5;2;1;1;6;73;boulevard de l'europe;;;;940
2,016E+11;16;8;20;1220;1;2;1;1;2;38;JEAN JAURES (R);;;;940
2,016E+11;16;8;21;1300;1;2;1;2;6;38;CHEVILLY (R DE);;;;940
2,016E+11;16;8;29;1118;1;2;3;1;6;34;4, STALINGRAD/BUTTE;M;4875930;233108;940
2,016E+11;16;8;29;1940;1;2;1;1;6;34;CERISAIE (AV DE LA);;;;940
2,016E+11;16;8;31;1325;1;1;9;1;3;21;GEORGES GUYNEMER (AV);;;;940
2,016E+11;16;9;2;1330;1;2;1;1;3;34;21, MAURICE TENINE (R);;;;940
2,016E+11;16;9;3;1600;1;2;1;1;3;21;STALINGRAD (AV DE);;;;940
2,016E+11;16;9;5;1320;1;2;6;2;7;38;., FLOUQUET (AV);;;;940
2,016E+11;16;9;5;1540;1;2;3;2;1;21;., FRANKLIN ROOSEVELT (A;;;;940
2,016E+11;16;9;6;1615;1;2;1;8;1;73;JEAN JAURES (R);;;;940
2,016E+11;16;9;7;1725;1;2;1;1;6;38;16, SAINTE COLOMBE (R);;;;940
2,016E+11;16;9;8;730;1;2;1;1;2;65;RN 186;M;4875540;234411;940
2,016E+11;16;9;9;845;1;2;2;1;3;21;FRANCHE COMTE (ALL DE);;;;940
2,016E+11;16;9;12;1845;1;2;1;1;2;65;REPUBLIQUE (AV DE LA);;;;940
2,016E+11;16;9;13;1430;1;2;9;1;1;21;12, PERE MAZURIE (R DU);;;;940
2,016E+11;16;9;14;1445;1;2;1;1;1;73;COUTURE DU MOULIN (R DE;;;;940
2,016E+11;16;9;14;2215;5;2;1;1;6;73;rond point d'Espagne;;;;940
2,016E+11;16;9;16;830;1;2;7;1;6;34;., DIX NEUF MARS 1962 (S;;;;940
2,016E+11;16;9;16;1655;1;2;1;2;7;38;25, SAINTE COLOMBE (R);;;;940
2,016E+11;16;9;17;845;1;2;2;9;2;38;MADELEINE (R);;;;940
2,016E+11;16;9;25;1330;1;2;1;2;2;73;., DOCTEUR MARIE (R DU);;;;940
2,016E+11;16;9;28;1000;1;2;1;1;2;38;PAUL VAILLANT COUTURIER;;;;940
2,016E+11;16;9;28;1040;1;2;1;1;7;21;STADE (R DU);;;;940
2,016E+11;16;9;28;1400;1;2;1;1;2;65;CHARENTES (AVENUE DES);;;;940
2,016E+11;16;9;29;1330;1;2;1;1;2;21;., PROVENCE (R DE);;;;940
2,016E+11;16;10;3;1755;1;2;8;1;6;73;., GENERAL LECLERC (PL D;;;;940
2,016E+11;16;10;5;1335;1;2;1;1;1;34;., PASTEUR (BD);;;;940
2,016E+11;16;10;10;940;1;2;1;1;6;73;FONTAINEBLEAU - CAR BELL;;;;940
2,016E+11;16;10;15;545;5;1;1;8;6;65;RN 186;M;4875380;235796;940
2,016E+11;16;10;15;2125;3;2;9;1;3;34;DIVISION LECLERC (AV DE;;;;940