Num_Acc;an;mois;jour;hrmn;lum;agg;int;atm;col;com;adr;gps;lat;long;dep
2,016E+11;16;1;15;845;1;2;1;1;3;582;R DE LA GARE;M;4897060;226320;950
2,016E+11;16;1;15;805;2;2;1;8;6;60;AV DE LA REPUBLIQUE;M;4904020;220940;950
2,016E+11;16;1;14;1925;5;2;1;1;6;563;R EVARISTE GALOIS;M;4900810;224850;950
2,016E+11;16;1;9;1735;1;1;1;1;1;60;CHE DE PIERRELAYE;M;4904390;218050;950
2,016E+11;16;1;19;1855;5;2;1;1;6;51;CHAUSSEE JULES CESAR;M;4900950;219710;950
2,016E+11;16;1;21;1625;1;2;1;1;6;203;RTE DE  SAINT LEU;M;4899780;226820;950
2,016E+11;16;1;15;2020;5;2;1;1;3;607;R DE  VAUCELLES;M;4902310;223290;950
2,016E+11;16;1;5;1724;5;2;1;1;3;51;AV GENERAL LECLERC;M;4901070;220130;950
2,016E+11;16;1;26;827;1;2;1;2;2;219;R JEAN JAURES;M;4898030;226180;950
2,016E+11;16;1;28;930;1;2;1;1;2;203;R STEPHANE PROUST;M;4899450;228650;950
2,016E+11;16;1;29;1900;5;2;1;2;3;51;AV GENERAL LECLERC;M;4900890;219880;950
2,016E+11;16;1;30;1837;5;2;1;1;2;252;R DE L'ORME ST EDME;M;4898720;223690;950
2,016E+11;16;1;31;1555;1;2;1;2;4;607;AV  DIVISION LECLERC;M;4901673;221883;950
2,016E+11;16;2;3;1730;1;2;3;2;6;252;R CATULLE MENDES;M;4899120;223860;950
2,016E+11;16;2;4;705;5;2;3;1;1;219;R DU SYNDICAT;M;4899430;225010;950
2,016E+11;16;2;4;845;1;2;1;1;6;426;ALL DU BEL-AIR;M;4900460;227930;950
2,016E+11;16;2;6;1615;1;2;1;1;6;574;R MAIGNAN LARIVIERE;M;4901770;226330;950
2,016E+11;16;2;13;1230;1;2;1;8;6;203;R DE SAINT PRIX;M;4899990;226940;950
2,016E+11;16;2;14;1230;1;2;6;1;3;607;R THEROIGNE DE MERICOURT;M;4901530;222110;950
2,016E+11;16;2;15;610;5;2;2;1;3;51;ALL BRUYERES;M;4901530;219420;950
2,016E+11;16;2;15;1805;5;2;1;2;6;607;R D' HERBLAY;M;4901320;220570;950
2,016E+11;16;2;17;2100;5;2;1;1;4;203;RTE DE SAINT LEU;M;4899610;227260;950
2,016E+11;16;2;18;2025;5;2;2;8;3;607;R DE BEAUCHAMP;M;4902230;220870;950
2,016E+11;16;2;25;2045;5;2;4;1;6;582;R JACQUES DESFORGES;M;4896960;223370;950
2,016E+11;16;2;26;1825;2;2;1;1;6;252;R PLESSIS-BOUCHARD;M;4899630;223260;950
2,016E+11;16;2;29;1800;1;2;2;1;3;252;BD MAURICE BERTEAUX;M;4898890;223060;950
2,016E+11;16;3;3;1110;1;2;2;1;2;607;CHAUSSEE JULES CESAR;M;4900510;220990;950
2,016E+11;16;3;14;1130;1;2;1;1;1;607;R DE BEAUCHAMP;M;4902170;220780;950
2,016E+11;16;3;14;1205;1;2;1;1;6;574;R HECTOR CARLIN;M;4899990;225960;950
2,016E+11;16;3;17;1535;1;2;3;1;3;219;R CNE GEORGES CLEMENT;M;4899390;224420;950
2,016E+11;16;3;19;1040;1;2;2;1;5;574;AV GENERAL LECLERC;M;4900620;225860;950
2,016E+11;16;3;23;1300;1;2;1;1;3;491;CHAUSSEE JULES CESAR;M;4899570;223910;950
2,016E+11;16;3;29;1650;1;2;2;1;5;252;BD MAURICE BERTEAUX;M;4898850;223030;950
2,016E+11;16;3;31;2240;5;2;1;8;6;607;AV DIVISION LECLERC;M;4900540;220990;950
2,016E+11;16;4;1;703;1;2;1;1;6;210;R DE L'ARRIVEE;M;4897360;230550;950
2,016E+11;16;4;1;750;2;2;1;1;4;203;R DU GENERAL LECLERC;M;4898850;227410;950
2,016E+11;16;4;4;815;1;2;1;1;3;607;R YVES DUMANOIR;M;4901960;221840;950
2,016E+11;16;4;7;1645;1;2;1;1;1;203;RUE MARCELIN BERTHELOT;M;4899860;227920;950
2,016E+11;16;4;14;2030;2;2;1;3;3;491;R GABRIEL PERI;M;4899870;224534;950
2,016E+11;16;4;16;1050;1;2;3;1;3;203;AV DE LA PREMIERE ARMEE;M;4899390;226830;950
2,016E+11;16;4;19;1905;1;2;1;1;2;203;RTE DE MONTLIGNON;M;4900260;228030;950
2,016E+11;16;4;21;1530;1;2;3;1;1;203;AV DE PARIS;M;4899230;228470;950
2,016E+11;16;4;24;1910;1;2;2;1;3;203;AV VOLTAIRE;M;4899477;227780;950
2,016E+11;16;4;29;1145;1;2;1;1;2;252;BD DU BEL-AIR;M;4898520;223880;950
2,016E+11;16;5;1;1630;1;2;1;1;3;60;AV DE LA REPUBLIQUE;M;4904050;220910;950
2,016E+11;16;5;12;1320;1;2;1;1;3;582;BD GABRIEL PERI;M;4896720;226220;950
2,016E+11;16;5;16;1215;1;2;3;1;6;252;R DE LA SABLIERE;M;4898190;222930;950
2,016E+11;16;5;19;820;1;2;1;2;1;203;RTE DE MONTMORENCY;M;4900420;227930;950
2,016E+11;16;5;23;1018;1;2;1;3;6;424;BD VICTOR BORDIER;M;4899280;219770;950
2,016E+11;16;5;25;1525;1;2;6;1;3;219;R DU 18 JUIN;M;4899010;225620;950
2,016E+11;16;5;26;1700;1;2;1;1;4;219;RTE DE SAINT LEU;M;4899870;225310;950
2,016E+11;16;5;27;1000;1;2;1;1;3;219;R DU STAND;M;4899770;224780;950
2,016E+11;16;5;27;845;1;2;6;1;3;219;R DE SOISY;M;4897720;227130;950
2,016E+11;16;5;27;1610;1;2;1;1;6;252;BD MAURICE BERTEAUX;M;4898570;222810;950
2,016E+11;16;5;27;1740;1;2;3;1;3;219;RTE DE SAINT LEU;M;4899940;225260;950
2,016E+11;16;5;27;1900;1;2;6;1;3;252;CH JULES CESAR;M;4900090;222280;950
2,016E+11;16;6;4;2315;5;2;1;2;3;252;BD DU BEL-AIR;M;4898420;224090;950
2,016E+11;16;6;7;1020;1;2;1;1;1;582;R DE L'ERMITAGE;M;4897410;223660;950
2,016E+11;16;6;7;1415;1;2;1;1;2;607;R DE SAINT PRIX;M;4901950;220820;950
2,016E+11;16;6;7;1820;1;2;1;1;6;252;R DE LA STATION;M;4898510;222990;950
2,016E+11;16;6;8;900;1;2;1;1;3;607;AV DES CHATAIGNIERS;M;4902540;218810;950
2,016E+11;16;6;8;1400;1;2;1;1;3;252;BD DU BEL-AIR;M;4898480;223970;950
2,016E+11;16;6;10;1135;1;2;1;1;2;424;BD VICTOR BORDIER;M;4899130;220110;950
2,016E+11;16;6;13;1830;1;2;1;1;2;426;R DE  PARIS;M;4901590;228850;950
2,016E+11;16;6;20;945;1;2;1;3;6;219;R JEAN JAURES;M;4898310;226060;950
2,016E+11;16;6;23;930;1;2;2;1;2;491;X, CESAR (CHAUSSEE JULES;M;4900189;221984;950
2,016E+11;16;6;26;1420;1;2;1;1;6;219;AV PREMIERE ARMEE FRANCA;M;4899180;226150;950
2,016E+11;16;7;6;1820;1;2;1;1;6;607;R DES PEUPLIERS;M;4901130;220640;950
2,016E+11;16;7;6;1812;1;2;1;1;6;424;AV DE LA LIBERATION;M;4900630;219460;950
2,016E+11;16;7;18;1930;1;2;2;1;3;607;R DES ALOUETTES;M;4901350;220610;950
2,016E+11;16;7;20;1900;1;2;1;1;6;252;BD RHIN ET DANUBE;M;4898940;222910;950
2,016E+11;16;7;25;1410;1;2;1;1;2;219;R DU 18 JUIN;M;4899150;225190;950
2,016E+11;16;6;27;1715;1;2;1;1;3;426;R DE PARIS;M;4901190;228570;950
2,016E+11;16;7;28;1800;1;2;1;1;3;219;R DES BLEUETS;M;4898290;225440;950
2,016E+11;16;8;1;2000;1;2;1;1;3;252;R POMMIERS SAULNIERS;M;4899780;222370;950
2,016E+11;16;8;2;700;1;2;1;2;3;491;R GABRIEL PERI;M;4899930;224370;950
2,016E+11;16;7;25;1530;1;1;1;1;6;252;CHE DES COTILLONS;M;4897989;222230;950
2,016E+11;16;8;15;205;5;2;1;1;6;219;AV  GEORGES POMPIDOU;M;4898560;224690;950
2,016E+11;16;8;16;1940;1;2;3;1;3;607;R D' HERBLAY;M;4901590;220890;950
2,016E+11;16;8;18;1755;1;2;1;1;6;574;RTE DE MONTMORENCY;M;4900910;226630;950
2,016E+11;16;8;22;1730;1;2;1;1;6;252;R DU GENERAL LECLERC;M;4898740;221330;950
2,016E+11;16;8;27;2310;5;1;2;1;6;219;R LOUIS SAVOIE;M;4899150;225840;950
2,016E+11;16;9;5;1715;1;2;1;2;6;219;RTE DE SAINT LEU;M;4899460;225640;950
2,016E+11;16;9;6;1930;1;2;1;1;1;582;AV DE LA SABERNAUDE;;;;950
2,016E+11;16;9;12;1905;1;2;1;1;6;582;MAIL DES PIRETINS;M;4897190;225430;950
2,016E+11;16;9;17;1725;1;2;2;1;6;607;RUE ROUEN DES MALLETS;M;4902640;222460;950
2,016E+11;16;9;20;1200;1;2;1;1;6;426;RUE DE  PARIS;M;4900610;228310;950
2,016E+11;16;9;24;1005;1;2;1;1;1;582;AV ANDRE LE GOAS;M;4896890;226010;950
2,016E+11;16;9;24;1125;1;2;1;1;2;219;R  LOUIS SAVOIE;M;4898920;225880;950
2,016E+11;16;9;28;2245;5;2;1;1;4;203;AV DE PARIS;M;4899330;228210;950
2,016E+11;16;9;30;650;5;2;1;1;2;424;R DE LA REPUBLIQUE;M;4900150;220360;950
2,016E+11;16;10;1;1105;1;2;1;1;3;203;RUE CONDORCET;M;4898210;227170;950
2,016E+11;16;9;19;2010;5;2;6;1;6;607;BD DU HUIT MAI 1945;M;4901120;221020;950
2,016E+11;16;10;2;1600;1;2;1;1;4;252;BD DU BEL-AIR;M;4898560;223810;950
2,016E+11;16;10;4;1530;1;2;1;1;1;607;RUE D'HERBLAY;M;4901360;220620;950
2,016E+11;16;10;4;1620;1;2;1;1;3;51;CHAUSSEE JULES CESAR;M;4901020;219440;950
2,016E+11;16;10;5;1645;1;2;1;1;2;203;RTE DE SAINT LEU;M;4899650;227130;950
2,016E+11;16;10;12;810;1;2;6;1;3;219;BD DE CERNAY;M;4898040;225310;950
2,016E+11;16;10;19;1640;1;2;2;2;3;607;R D' HERBLAY;M;4901360;220610;950
2,016E+11;16;10;23;2110;5;2;2;2;6;607;R DE PARIS;M;4902640;222460;950
2,016E+11;16;10;23;1945;5;2;2;3;3;219;R DU STAND;M;4899640;225230;950
2,016E+11;16;11;2;1815;5;2;1;1;4;203;AV DE PARIS;M;4899220;228520;950
2,016E+11;16;11;2;1715;2;2;1;1;1;51;AV EGALITE;M;4901760;218570;950
2,016E+11;16;11;5;1925;3;1;1;8;6;574;RTE DES PARQUETS;M;4902490;226840;950
2,016E+11;16;11;13;38;5;2;1;3;6;219;AV PRESIDENT G.POMPIDOU;M;4898560;224690;950
2,016E+11;16;11;17;920;1;2;1;1;6;203;RTE DE MONTLIGNON;M;4899630;227650;950
2,016E+11;16;11;19;1940;5;2;1;1;3;424;BD DE  PONTOISE;M;4898690;218180;950
2,016E+11;16;11;21;1800;5;2;1;1;3;491;RUE GABRIEL PERI;M;4899980;224260;950
2,016E+11;16;11;28;1015;1;2;1;1;6;607;PL CHARLES DE GAULLE;M;4902660;222570;950
2,016E+11;16;12;4;1935;5;2;1;1;6;607;RUE DES LILAS;M;4900870;220790;950
2,016E+11;16;12;7;1745;5;2;2;1;3;607;BD TEMPS DES CERISES;M;4902410;221560;950
2,016E+11;16;12;5;1405;1;1;4;1;5;252;BOULEVARD DU BEL-AIR;M;4898450;224070;950
2,016E+11;16;12;15;1152;1;2;1;1;6;563;RUE EVARISTE GALOIS;M;4900810;224920;950
2,016E+11;16;12;23;1215;1;2;2;1;3;252;AV DES MARAIS;M;4899910;221910;950
2,016E+11;16;12;27;2034;5;2;1;8;1;582;RUE HIPPOLYTE JAMOT;M;4896910;225150;950
2,016E+11;16;12;30;1100;1;2;1;1;1;582;BD GAMBETTA;M;4897710;224310;950
2,016E+11;16;1;5;650;5;2;1;1;6;19;AV DE LA REPUBLIQUE;M;4897960;242310;950
2,016E+11;16;1;28;1800;5;2;1;1;1;280;AV DES DEMOISELLES;M;4902580;245550;950
2,016E+11;16;4;8;2300;5;2;1;1;3;280;AV DE LA GARE;M;4901860;246660;950
2,016E+11;16;5;17;1420;1;2;1;1;1;88;CHE DE LA VOIRIE;M;4897280;242770;950
2,016E+11;16;7;6;2330;5;2;2;1;6;280;BD P VAILLANT COUTURIER;M;4903230;246990;950
2,016E+11;16;7;11;1015;1;2;1;1;6;277;R BERTHELOT;M;4898310;245760;950
2,016E+11;16;7;29;2215;5;2;2;1;2;280;BD RAYMOND LEFEVRE;M;4903780;247360;950
2,016E+11;16;8;8;1850;1;2;1;1;6;280;AV DE CHANTILLY;M;4903150;247590;950
2,016E+11;16;8;16;130;4;2;1;1;6;277;AV ROBERT SCHUMANN;M;4898530;243870;950
2,016E+11;16;10;6;210;3;1;1;1;6;277;ROUTE DE L'EUROPE;M;4896390;245180;950
2,016E+11;16;10;14;2110;5;2;1;3;6;280;AV ALBERT SARRAUT;M;4903530;245680;950
2,016E+11;16;12;26;330;5;1;1;2;7;277;ROUTE PARIS A SENLIS;M;4898760;247320;950
2,016E+11;16;1;2;1910;3;2;1;1;6;424;BD DE PONTOISE;M;4898990;218180;950
2,016E+11;16;2;25;1340;1;2;1;1;6;306;BD DU HAVRE;M;4899820;218650;950
2,016E+11;16;1;26;1440;1;2;1;1;1;257;R DE LA VILLE DE PARIS;M;4898310;217390;950
2,016E+11;16;4;11;1735;1;2;2;1;6;306;AV PHILIPPE SEGUIN;M;4900440;214610;950
2,016E+11;16;1;4;930;1;2;1;1;4;527;R DE NEW-YORK;M;4901020;255320;950
2,016E+11;16;1;11;1445;1;1;1;2;6;527;Circuit 2.0;M;4900950;253910;950
2,016E+11;16;1;7;1135;1;1;1;1;4;527;Circuit 2.0;M;4900940;253910;950
2,016E+11;16;4;8;809;1;2;1;8;2;527;Circuit 1.0;M;4900560;253590;950
2,016E+11;16;7;5;1905;1;1;1;8;2;527;RTE DES BADAUDS;M;4900880;253990;950
2,016E+11;16;2;28;1145;1;1;1;1;4;291;0, LINEAIRE 2F;M;4900500;257911;770
2,016E+11;16;1;1;1315;1;1;1;1;6;527;LINEAIRE CDG1 DEPART;M;4901120;254190;950
2,016E+11;16;9;27;1700;1;2;3;1;3;527;RTE DES ANNIVERSAIRES;M;4900980;253210;950
2,016E+11;16;10;2;1650;1;1;1;1;7;294;PERIPHERIQUE SUD/RD 84;M;4899261;261989;770
2,016E+11;16;7;29;1310;1;2;1;1;4;527;RTE DE LA COMMUNE;M;4900640;254340;950
2,016E+11;16;1;23;1102;1;1;1;1;7;527;Circuit 2.0;M;4900950;253910;950
2,016E+11;16;3;30;1051;1;2;1;8;6;527;Circuit 2.0;M;4900940;253910;950
2,016E+11;16;4;22;1415;1;1;1;8;6;527;R DE NEW-YORK;M;4901020;255320;950
2,016E+11;16;2;17;1130;2;1;1;1;7;212;PERIPHERIQUE EST;M;4902910;256310;950
2,016E+11;16;6;17;250;5;2;1;1;6;527;RTE DES PEUPLIERS;M;4900940;255090;950
2,016E+11;16;2;4;1730;5;1;2;2;2;291;R. ACACIAS X R. NEW YORK;M;4901199;257555;770
2,016E+11;16;9;28;1209;1;1;1;1;6;527;Circuit 1.0;M;4900560;253590;950
2,016E+11;16;8;24;1315;1;1;3;1;3;527;RTE DES ANNIVERSAIRES;M;4900980;253220;950
2,016E+11;16;6;29;825;1;2;1;1;4;527;Circuit 1.0;M;4900560;253590;950
2,016E+11;16;8;29;815;1;1;1;1;2;527;R DES TERRES NOIRES;M;4900310;252980;950
2,016E+11;16;8;30;1735;1;1;1;1;4;527;RTE DE L'ARPENTEUR;M;4901220;252260;950
2,016E+11;16;1;8;2237;3;1;1;1;3;539;RD 301;M;4898770;236060;950
2,016E+11;16;1;8;1845;3;2;1;1;6;585;R DE LATTRE DE TASSIGNY;M;4898040;237820;950
2,016E+11;16;1;19;217;5;2;1;1;6;268;AV DE STALINGRAD;M;4896860;241160;950
2,016E+11;16;1;15;1000;2;2;3;2;1;539;R DE MAULEON;M;4899570;235730;950
2,016E+11;16;1;25;1140;1;2;1;1;2;268;AV DU GENERAL DE GAULLE;M;4897140;240190;950
2,016E+11;16;2;5;2136;5;2;1;1;6;268;AV DE STALINGRAD;M;4896010;239950;950
2,016E+11;16;2;1;1825;5;2;1;1;6;680;AV PIERRE SEMARD;M;4900080;240890;950
2,016E+11;16;1;31;2010;5;2;1;2;6;585;R DU FOUR DEFAIT;M;4900510;237450;950
2,016E+11;16;2;11;1900;5;2;1;1;6;268;AV FRANCOIS MITTERRAND;M;4897120;239520;950
2,016E+11;16;2;11;1645;1;2;1;1;6;680;AV DU HUIT MAI 1945;M;4900810;240170;950
2,016E+11;16;2;14;1630;1;2;3;1;3;680;R SIGNAC;M;4900870;239980;950
2,016E+11;16;2;1;420;5;2;3;1;5;680;AV DU HUIT MAI 1945;M;4900990;240270;950
2,016E+11;16;2;21;2050;5;1;2;1;5;205;RD 316;M;4902290;238660;950
2,016E+11;16;2;22;2355;5;2;1;3;6;268;AV ANATOLE FRANCE;M;4897520;238910;950
2,016E+11;16;2;1;950;1;2;1;1;6;680;R GOUNOD;M;4900620;239910;950
2,016E+11;16;2;28;1725;1;2;1;1;7;268;BD DE LA MUETTE;M;4897420;241720;950
2,016E+11;16;2;28;2320;3;1;1;1;3;539;RD 301;M;4899150;236030;950
2,016E+11;16;3;1;915;1;2;1;1;6;268;AV DU GENERAL DE GAULLE;M;4897220;240090;950
2,016E+11;16;3;1;1950;1;2;1;1;6;585;R THEODORE BULLIER;M;4899180;236840;950
2,016E+11;16;3;3;1815;1;2;1;1;6;585;RTE DE GASCOGNE;M;4899010;236970;950
2,016E+11;16;3;8;1145;1;2;1;1;1;680;AV DU HUIT MAI 1945;M;4901110;240330;950
2,016E+11;16;3;17;1735;1;2;3;1;5;585;R DES BAUVES;M;4899390;238190;950
2,016E+11;16;3;22;2140;5;2;3;1;3;539;R DES DEUX PILIERS;M;4900480;235790;950
2,016E+11;16;3;24;5;5;2;1;1;6;585;ALL VALERY LARBAUD;M;4897530;237540;950
2,016E+11;16;3;4;1745;1;2;1;1;6;585;R DE LA FOSSE GUERIN;M;4898810;239130;950
2,016E+11;16;4;6;1700;1;2;1;1;6;268;R PHILIBERT DELORME;M;4896780;240270;950
2,016E+11;16;4;6;1840;1;1;1;1;4;539;AV DIVISION LECLERC;M;4899410;233760;950
2,016E+11;16;4;20;1710;1;2;1;1;6;680;BD  CARNOT;M;4900410;238640;950
2,016E+11;16;4;25;2045;1;2;1;2;6;585;BD ALBERT CAMUS;M;4897910;237160;950
2,016E+11;16;4;27;1600;1;2;1;4;2;680;AV DU HUIT MAI 1945;M;4900920;240230;950
2,016E+11;16;5;13;2025;1;2;1;1;6;680;BD SALVADOR ALLENDE;M;4900420;239210;950
2,016E+11;16;5;17;1125;1;2;1;1;6;268;AV DU GENERAL DE GAULLE;M;4897230;240090;950
2,016E+11;16;5;1;1950;1;2;3;1;6;268;AV ANATOLE FRANCE;M;4897320;239030;950
2,016E+11;16;5;13;1630;1;2;1;2;4;585;RTE DE CALAIS;M;4897710;236480;950
2,016E+11;16;5;26;1350;1;2;1;1;3;680;AV PIERRE SEMARD;M;4900160;240630;950
2,016E+11;16;5;26;2015;2;2;1;1;6;539;R DE PISCOP;M;4900380;235340;950
2,016E+11;16;6;2;215;5;2;3;2;6;585;AV PAUL VALERY;M;4898010;237420;950
2,016E+11;16;6;5;1710;1;2;1;1;6;680;R LEON BLUM;M;4900390;241310;950
2,016E+11;16;6;6;2010;1;2;1;1;3;680;ALL PIERRE CORNEILLE;M;4900040;241450;950
2,016E+11;16;3;23;1430;1;2;1;1;6;585;AV AUGUSTE PERRET;M;4897610;238040;950
2,016E+11;16;6;11;2130;2;2;2;1;1;539;BD DE LA GARE;M;4899580;236120;950
2,016E+11;16;6;16;2340;5;2;1;1;3;585;AV CHARLES  PEGUY;M;4898110;237590;950
2,016E+11;16;6;17;2150;2;2;2;3;3;268;AV DU GENERAL DE GAULLE;M;4897610;239450;950
2,016E+11;16;6;19;1725;1;2;1;1;6;585;AVENUE DIVISION LECLERC;M;4898770;238170;950
2,016E+11;16;5;24;825;1;2;1;8;2;585;R THEODORE BULLIER;M;4899240;236720;950
2,016E+11;16;6;8;1850;1;2;1;1;1;680;R DE PARIS;M;4900520;238220;950
2,016E+11;16;4;23;1300;1;2;1;1;3;680;AV DU CHAMP BACON;M;4899870;240740;950
2,016E+11;16;7;8;30;5;2;1;1;1;585;RTE DE GARGES;M;4898730;227930;950
2,016E+11;16;7;8;1630;1;2;1;1;4;585;RTE DE GARGES;M;4898790;237870;950
2,016E+11;16;7;11;1835;1;1;1;1;1;680;RTE DE BOUQUEVAL;M;4902410;241010;950
2,016E+11;16;7;13;1450;1;2;6;8;3;680;R DE LA REPUBLIQUE;M;4900190;238530;950
2,016E+11;16;7;23;2215;5;2;3;1;3;680;AV DES ENTREPRENEURS;M;4899980;238990;950
2,016E+11;16;7;23;1645;1;2;1;1;1;539;AV DIVISION LECLERC;M;4899560;235240;950
2,016E+11;16;7;28;50;5;2;5;1;1;585;R LT COLONEL QUINETTE;M;4899370;236940;950
2,016E+11;16;7;27;1740;1;1;1;1;7;539;RD 301;M;4900040;235960;950
2,016E+11;16;8;4;2355;5;2;1;1;6;268;AV AMBROISE CROIZAT;M;4896440;241140;950
2,016E+11;16;8;11;915;1;2;1;1;6;268;AV DU GENERAL DE GAULLE;M;4897140;240190;950
2,016E+11;16;8;12;205;5;2;1;1;6;680;AV PIERRE SEMARD;M;4900050;240970;950
2,016E+11;16;8;14;1732;1;2;1;1;6;585;BD CARPEAUX;M;4898040;238810;950
2,016E+11;16;8;17;1515;1;2;1;1;3;585;ALL DU MEUNIER;M;4898490;237020;950
2,016E+11;16;8;15;1455;1;2;3;1;3;585;BD HENRI BERGSON;M;4897220;237570;950
2,016E+11;16;8;17;830;1;2;1;1;2;680;AV DU HUIT MAI 1945;M;4900770;240150;950
2,016E+11;16;9;4;1600;1;2;1;1;6;585;R DES BAUVES;M;4899350;238260;950
2,016E+11;16;9;7;825;1;2;1;1;6;539;AV GENERAL DE GAULLE;M;4899410;235790;950
2,016E+11;16;9;7;1150;1;2;1;1;6;680;AV  PIERRE SEMARD;M;4900060;240950;950
2,016E+11;16;9;7;1750;1;2;1;1;6;585;AV PIERRE KOENIG;M;4898060;238660;950
2,016E+11;16;9;10;915;1;2;2;1;5;585;BD GENERAL DE GAULLE;M;4899420;236970;950
2,016E+11;16;9;10;1444;1;2;2;1;6;268;R ALPHONSE DAUDET;M;4897180;239110;950
2,016E+11;16;9;9;1420;1;2;1;1;4;585;BD FRANCOIS MITTERAND;M;4898950;237590;950
2,016E+11;16;9;18;125;5;2;1;1;2;585;AV MAX DORMOY;M;4900310;238160;950
2,016E+11;16;9;19;1525;1;2;1;1;6;268;ALL ANTOINE WATTEAU;M;4897570;239780;950
2,016E+11;16;9;18;2035;5;2;1;1;6;268;AV ANATOLE FRANCE;M;4897520;238910;950
2,016E+11;16;9;24;1900;1;2;1;1;6;680;AV PIERRE SEMARD;M;4899910;241390;950
2,016E+11;16;9;4;1220;1;2;1;1;6;585;BD ALBERT CAMUS;M;4897990;237190;950
2,016E+11;16;9;2;1955;1;2;1;1;2;539;AV ROBERT SCHUMAN;M;4900750;235160;950
2,016E+11;16;10;5;1630;1;2;1;1;6;585;AV CHARLES PEGUY;M;4898110;237630;950
2,016E+11;16;10;5;1645;1;2;1;1;6;268;RUE DU TIERS POT;M;4896720;239810;950
2,016E+11;16;10;5;2045;5;2;2;1;3;539;RD 125;M;4899150;236030;950
2,016E+11;16;10;10;1310;1;2;1;1;2;268;AV PAUL V COUTURIER;M;4897040;239430;950
2,016E+11;16;10;12;605;5;2;1;1;6;680;AV  HENRI SELLIER;M;4900790;239810;950
2,016E+11;16;10;17;835;1;2;1;1;1;585;R DES CHARDONNERETTES;M;4900530;237870;950
2,016E+11;16;10;16;1230;1;2;1;1;6;585;AV PAUL VALERY;M;4897910;238150;950
2,016E+11;16;10;13;1630;1;2;1;1;6;680;AV DU HUIT MAI 1945;M;4900790;240160;950
2,016E+11;16;10;22;1440;1;2;2;1;3;680;R DE PARIS;M;4901010;238390;950
2,016E+11;16;10;27;1419;1;2;1;1;6;585;AV DU 8 MAI 1945;M;4897780;237030;950
2,016E+11;16;11;3;550;5;2;1;1;6;680;AV DU HUIT MAI 1945;M;4900530;240030;950
2,016E+11;16;11;3;1905;5;2;1;1;6;585;RUE EMILE ZOLA;M;4898520;239590;950
2,016E+11;16;11;5;2250;5;2;3;1;3;585;RTE DES REFUZNICKS;M;4898420;238720;950
2,016E+11;16;11;6;2110;5;2;1;1;6;680;AV DES ERABLES;M;4900060;239320;950
2,016E+11;16;10;4;1240;1;2;1;1;2;585;RTE DES REFUZNICKS;M;4898230;238880;950
2,016E+11;16;11;10;1840;3;2;1;1;6;585;AV DIVISION LECLERC;M;4897960;236870;950
2,016E+11;16;11;5;1520;1;2;6;2;7;268;AV DE STALINGRAD;M;4896070;240130;950
2,016E+11;16;11;13;45;5;2;6;2;6;680;AV DES ERABLES;M;4899960;239740;950
2,016E+11;16;11;19;1422;1;2;1;1;3;680;AV  PIERRE SEMARD;M;4900190;240450;950
2,016E+11;16;11;20;1915;5;2;1;2;3;680;AV DES ERABLES;M;4900020;239470;950
2,016E+11;16;11;21;1735;1;2;1;1;4;680;AV PIERRE SEMARD;M;4900130;240690;950
2,016E+11;16;11;19;1125;1;2;1;1;5;539;RUE DE PARIS;M;4900120;235510;950
2,016E+11;16;11;13;2010;5;2;2;1;1;585;BD ALBERT CAMUS;M;4897840;237130;950
2,016E+11;16;11;29;1410;1;2;1;1;6;585;BD HENRI BERGSON;M;4897450;237630;950
2,016E+11;16;11;30;2120;5;2;2;1;3;539;AV DIVISION LECLERC;M;4899590;235070;950
2,016E+11;16;12;2;2000;3;1;1;1;2;268;AV AMBROISE CROIZAT;M;4896090;224147;950
2,016E+11;16;12;6;1155;1;2;1;1;6;585;AV AUGUSTE PERRET;M;4897590;238240;950
2,016E+11;16;12;7;2150;5;2;1;1;7;585;AV DIVISION LECLERC;M;4898760;238140;950
2,016E+11;16;12;11;1335;1;2;1;1;6;539;RUE DES ROSIERS;M;4899810;236830;950
2,016E+11;16;12;13;1720;2;2;1;1;6;585;RUE THEVENIN;M;4899410;237980;950
2,016E+11;16;12;23;1045;1;2;1;1;6;585;BD DE LATTRE TASSIGNY;M;4898901;237810;950
2,016E+11;16;12;27;1350;1;1;1;1;5;4;NATIONALE 193;M;4193856;880414;201
2,016E+11;16;1;6;1140;1;2;9;2;3;4;ASPRETTO ROUTE;M;4193326;875464;201
2,016E+11;16;12;30;1108;1;2;1;1;3;4;Av Noel FRANCHINI;M;4193839;875444;201
2,016E+11;16;1;24;430;5;2;1;1;1;4;., BONAPARTE CHARLES  BD;M;4192728;873959;201
2,016E+11;16;2;20;1500;1;2;1;1;4;4;MEZZAVIA ROUTE DE;M;0;0;201