Num_Acc;an;mois;jour;hrmn;lum;agg;int;atm;col;com;adr;gps;lat;long;dep
2,016E+11;16;6;8;1430;1;1;1;1;4;73;A86 INT;M;4876900;237920;940
2,016E+11;16;6;9;2340;5;1;1;1;2;18;A4;M;4881780;241227;940
2,016E+11;16;6;9;640;1;1;1;1;3;81;A86 INT;M;4877410;240501;940
2,016E+11;16;6;9;820;1;1;1;1;5;28;RN406.W;M;4877070;244812;940
2,016E+11;16;6;9;1020;1;1;1;1;2;83;A4.W (PROVINCE-PARIS);;;;770
2,016E+11;16;6;10;1730;1;1;1;1;2;33;A86.EXT;M;4885450;248872;940
2,016E+11;16;6;11;30;3;1;1;1;7;169;A4.Y PARIS-PROVINCE;;;;770
2,016E+11;16;6;11;1130;1;1;1;1;2;51;A4;;;;930
2,016E+11;16;6;12;2251;5;1;1;2;3;73;A86 INT;M;4876820;237873;940
2,016E+11;16;6;13;1830;1;1;1;1;3;363;A104.INT;;;;770
2,016E+11;16;6;14;1350;1;1;1;1;7;18;A4;M;4882180;239837;940
2,016E+11;16;6;15;500;2;1;1;2;6;112;A4;;;;750
2,016E+11;16;6;15;840;1;1;1;2;2;514;A104;;;;770
2,016E+11;16;6;15;1400;1;1;1;1;4;17;A4;M;4882970;249792;940
2,016E+11;16;6;16;740;1;1;1;1;2;18;A4;M;4882120;239933;940
2,016E+11;16;6;16;815;1;1;1;1;7;514;A104;;;;770
2,016E+11;16;6;16;1815;1;1;1;2;7;51;A4;M;4883550;256928;930
2,016E+11;16;6;17;645;3;1;1;1;2;112;A4;;;;750
2,016E+11;16;6;17;745;1;1;1;1;2;51;A4;M;4883634;255328;930
2,016E+11;16;6;17;2000;1;1;1;1;6;18;A4;M;4881740;241631;940
2,016E+11;16;6;17;1950;1;1;1;1;3;33;A86.EXT;M;4885170;249044;940
2,016E+11;16;6;19;100;3;1;1;1;6;169;RN104;;;;770
2,016E+11;16;6;19;415;3;1;1;2;2;363;A104;;;;770
2,016E+11;16;6;20;10;3;1;1;1;7;373;RN104;;;;770
2,016E+11;16;6;20;130;3;1;1;1;2;237;A4;;;;770
2,016E+11;16;6;20;815;1;1;1;1;1;450;RN104;;;;770
2,016E+11;16;6;20;2200;2;1;1;8;6;22;A86 EXT;M;4877620;241491;940
2,016E+11;16;6;22;1445;1;1;1;1;5;112;A4;;;;750
2,016E+11;16;6;24;15;3;1;1;1;2;17;A4;M;4882730;250686;940
2,016E+11;16;6;24;900;1;1;1;1;2;517;A104.EXT;;;;770
2,016E+11;16;6;24;2030;1;1;1;1;3;73;A86 INT;M;4877150;239216;940
2,016E+11;16;6;25;845;1;1;1;1;6;363;A104;;;;770
2,016E+11;16;6;25;1515;1;1;1;1;4;294;A104;;;;770
2,016E+11;16;6;26;150;3;1;1;1;7;372;A104;;;;770
2,016E+11;16;6;26;1945;2;1;1;1;5;33;A86.EXT;M;4885930;248649;940
2,016E+11;16;6;27;110;5;1;1;1;3;112;A4;;;;750
2,016E+11;16;6;27;840;1;1;1;2;4;51;A4;M;4883584;256274;930
2,016E+11;16;6;27;820;1;1;1;2;6;22;A86 EXT;M;4877660;241750;940
2,016E+11;16;6;27;900;1;1;1;2;2;28;A86 EXT;M;4878620;244034;940
2,016E+11;16;6;28;920;1;1;1;1;2;46;A86 EXT;M;4880430;244867;940
2,016E+11;16;6;28;945;1;1;1;1;2;17;A4;M;4882970;249791;940
2,016E+11;16;6;28;2000;1;1;1;1;7;73;A86 EXT;M;4875770;238398;940
2,016E+11;16;6;30;1000;1;1;1;1;2;73;A86 EXT;M;4875360;237921;940
2,016E+11;16;6;30;1445;1;1;1;2;3;65;A86 EXT;M;4875400;235145;940
2,016E+11;16;7;1;1615;1;1;1;1;1;294;A104;;;;770
2,016E+11;16;7;2;1840;1;1;1;1;2;249;RN104;;;;770
2,016E+11;16;7;4;1345;1;1;1;1;6;450;RN104;;;;770
2,016E+11;16;7;4;1915;1;1;1;1;1;122;RN104;;;;770
2,016E+11;16;7;5;750;1;1;1;1;3;18;A4;M;4882130;239954;940
2,016E+11;16;7;5;1650;1;1;1;1;4;18;A4;M;4882490;239322;940
2,016E+11;16;7;6;1820;1;1;1;1;4;28;A86 EXT;M;4877610;243095;940
2,016E+11;16;7;6;1930;1;1;1;1;6;175;A5b;;;;770
2,016E+11;16;7;7;730;1;1;1;1;3;28;A86 INT;M;4877620;242945;940
2,016E+11;16;7;7;800;1;1;1;1;7;169;RN104;;;;770
2,016E+11;16;7;7;900;1;1;1;1;4;73;A86 EXT;M;4875770;238398;940
2,016E+11;16;7;7;1430;1;1;1;1;3;28;A86 EXT;M;4878530;244044;940
2,016E+11;16;7;7;1720;1;1;1;1;3;69;A4;M;4881740;242782;940
2,016E+11;16;7;8;1640;1;1;1;1;2;22;A86 EXT;M;4877620;242427;940
2,016E+11;16;7;8;1720;1;1;1;1;4;121;A4;;;;770
2,016E+11;16;7;9;315;3;1;1;1;2;28;RN406.W;M;4877050;244829;940
2,016E+11;16;7;9;640;2;1;1;1;3;28;A86 EXT;M;4878880;244048;940
2,016E+11;16;7;10;2015;1;1;1;1;2;294;A104;;;;770
2,016E+11;16;7;11;1000;1;1;1;1;1;373;RN104;;;;770
2,016E+11;16;7;11;1045;1;1;1;1;6;44;RN406.W;M;4876200;246750;940
2,016E+11;16;7;11;1330;1;1;1;1;3;46;A86 EXT;M;4880430;244868;940
2,016E+11;16;7;12;1605;1;1;1;1;2;69;A4;M;4881740;243207;940
2,016E+11;16;7;13;250;5;1;1;1;6;42;A4;M;4882860;247648;940
2,016E+11;16;7;13;1000;1;1;1;1;2;18;A4;M;4881850;240986;940
2,016E+11;16;7;13;1830;1;1;1;1;3;69;A4;M;4881720;244334;940
2,016E+11;16;7;15;720;1;1;1;1;4;146;A4.Y PARIS-PROVINCE;;;;770
2,016E+11;16;7;15;2300;3;1;1;1;6;121;BRET. A104 VERS A4 EST;;;;770
2,016E+11;16;7;16;2245;5;1;1;1;2;69;A4;M;4881660;244877;940
2,016E+11;16;7;18;1840;1;1;1;1;3;46;A86 EXT;M;4880810;244896;940
2,016E+11;16;7;19;850;1;1;1;1;2;58;A4;;;;770
2,016E+11;16;7;19;840;1;1;1;1;2;17;A4;M;4882700;251136;940
2,016E+11;16;7;20;2330;5;1;1;1;4;42;A4;M;4882760;247043;940
2,016E+11;16;7;21;430;5;1;1;1;3;33;A86.EXT;M;4885990;248580;940
2,016E+11;16;7;21;745;1;1;1;1;6;51;A4;M;4883489;258002;930
2,016E+11;16;7;21;845;1;1;1;1;3;294;A104;;;;770
2,016E+11;16;7;21;1215;1;1;1;1;3;363;A104.EXT;;;;770
2,016E+11;16;7;22;35;5;1;1;1;2;69;A4;M;4881760;242140;940
2,016E+11;16;7;24;530;3;1;1;1;4;146;A4.Y PARIS-PROVINCE;;;;770
2,016E+11;16;7;24;630;2;1;1;1;6;373;RN104;;;;770
2,016E+11;16;7;25;915;1;1;1;1;4;294;A104;;;;770
2,016E+11;16;7;25;1240;1;1;1;1;1;169;RN104;;;;770
2,016E+11;16;7;25;1440;1;1;1;1;5;73;A86 EXT;M;4877020;238300;940
2,016E+11;16;7;26;700;1;1;1;1;2;15;A4;M;4883190;253179;940
2,016E+11;16;7;27;755;1;1;1;1;2;15;A4;M;4883190;253180;940
2,016E+11;16;7;27;948;1;1;1;1;5;73;A86 EXT;M;4875360;237258;940
2,016E+11;16;7;28;857;1;1;1;1;2;373;RN104;;;;770
2,016E+11;16;7;28;1000;1;1;1;1;3;22;A86 INT;M;4877670;241754;940
2,016E+11;16;7;28;1745;1;1;1;1;5;73;A86 EXT;M;4875340;237792;940
2,016E+11;16;7;29;1300;1;1;1;1;5;11;RN406.Y;M;4876330;249562;940
2,016E+11;16;7;29;2030;1;1;1;1;3;17;A4;M;4882730;250832;940
2,016E+11;16;7;30;1820;1;1;1;1;6;249;RN104;;;;770
2,016E+11;16;7;31;715;1;1;1;1;7;18;A4;;;;770
2,016E+11;16;7;31;800;1;1;1;1;6;337;A4;;;;770
2,016E+11;16;7;31;2030;1;1;1;1;5;33;A86.EXT;M;4885320;248994;940
2,016E+11;16;8;1;2120;1;1;1;1;7;51;A4;M;4883571;256523;930
2,016E+11;16;8;2;1115;1;1;1;1;7;42;A4;M;4882660;246628;940
2,016E+11;16;8;2;1850;2;1;1;1;6;51;A4;M;4883563;253985;930
2,016E+11;16;8;2;2115;5;1;1;1;7;112;A4;;;;750
2,016E+11;16;8;4;1940;1;1;1;1;7;28;A86 EXT;M;4877780;244031;940
2,016E+11;16;8;5;545;2;1;1;1;2;28;A86 INT;M;4878620;243998;940
2,016E+11;16;8;5;1300;1;1;1;1;3;46;A86 INT;M;4880400;244826;940
2,016E+11;16;8;6;730;1;1;1;1;5;17;A4;M;4882820;250293;940
2,016E+11;16;8;8;940;1;1;1;1;7;51;A4;M;4883611;254107;930
2,016E+11;16;8;9;700;1;1;1;1;5;258;A4.W (PROVINCE-PARIS);;;;770
2,016E+11;16;8;9;1130;1;1;1;1;5;51;A4;M;4887916;247633;930
2,016E+11;16;8;9;1145;1;1;1;1;2;249;RN104;;;;770
2,016E+11;16;8;10;1800;1;1;1;1;3;58;A86.EXT;M;4884510;249283;940
2,016E+11;16;8;11;20;5;1;1;1;2;73;A86 EXT;M;4876490;237989;940
2,016E+11;16;8;11;700;2;1;1;1;6;237;A4;;;;770
2,016E+11;16;8;12;200;5;1;1;1;2;33;A86.INT;M;4886070;248461;940
2,016E+11;16;8;14;1655;1;1;1;1;3;169;RN104;;;;770
2,016E+11;16;8;16;1520;1;1;1;1;5;58;A86.EXT;M;4884590;249257;940
2,016E+11;16;8;17;10;4;1;1;1;2;28;A86 EXT;M;4878880;244048;940
2,016E+11;16;8;17;200;5;1;1;1;2;18;A4;M;4881760;241364;940
2,016E+11;16;8;21;1155;1;1;1;1;2;65;A86 EXT;M;4875490;234579;940
2,016E+11;16;8;21;1250;1;1;1;1;6;175;A5b;M;4864850;262120;770
2,016E+11;16;8;21;1830;1;1;1;1;2;42;A4;M;4882730;246910;940
2,016E+11;16;8;22;1400;1;1;1;1;6;175;A5b;;;;770
2,016E+11;16;8;23;1950;1;1;1;1;2;294;A104;;;;770
2,016E+11;16;8;24;1245;1;1;1;1;6;249;RN104;;;;770
2,016E+11;16;8;24;1604;1;1;1;1;4;69;A4;M;4881730;242929;940
2,016E+11;16;8;24;1730;1;1;1;1;6;121;A104;;;;770
2,016E+11;16;8;24;1940;1;1;1;1;2;42;A4;M;4882840;247580;940
2,016E+11;16;8;25;905;1;1;1;1;5;69;A4;M;4881740;242930;940
2,016E+11;16;8;25;1500;1;1;1;1;1;46;A86 EXT;M;4880720;244891;940
2,016E+11;16;8;25;1520;1;1;1;1;4;18;A4;M;4881870;240833;940
2,016E+11;16;8;26;1430;1;1;1;1;4;373;RN104;;;;770
2,016E+11;16;8;26;1830;1;1;1;1;3;146;A4.Y PARIS-PROVINCE;;;;770
2,016E+11;16;8;27;1450;1;1;1;1;4;112;A4;;;;750
2,016E+11;16;8;28;1450;1;1;1;1;6;122;RN104;;;;770
2,016E+11;16;8;29;1130;1;1;1;2;2;373;RN104;;;;770
2,016E+11;16;8;30;120;3;1;1;1;6;468;A104;;;;770
2,016E+11;16;8;30;800;1;1;1;1;3;17;A4;M;4882710;252486;940
2,016E+11;16;8;30;1630;1;1;1;1;6;146;A4.Y PARIS-PROVINCE;;;;770
2,016E+11;16;8;30;1650;1;1;1;1;7;69;A4;M;4881740;243625;940
2,016E+11;16;8;30;1825;1;1;1;1;2;59;A104;;;;770
2,016E+11;16;8;30;1900;1;1;1;1;3;294;A104;;;;770
2,016E+11;16;8;31;900;1;1;1;1;7;2;A86 INT;M;4877650;242157;940
2,016E+11;16;8;31;1145;1;1;1;1;4;58;A86 INT;M;4884450;249229;940
2,016E+11;16;8;31;1905;1;1;1;1;2;69;A4;M;4881740;243207;940
2,016E+11;16;9;1;906;1;1;1;1;3;363;A104;;;;770
2,016E+11;16;9;1;1500;1;1;1;1;4;28;A86 EXT;M;4877600;242889;940
2,016E+11;16;9;1;1650;1;1;1;1;5;46;A86 INT;M;4880400;244826;940
2,016E+11;16;9;2;910;1;1;1;1;7;112;A4;;;;750
2,016E+11;16;9;2;1530;1;1;1;1;2;73;A86 INT;M;4875970;238333;940
2,016E+11;16;9;4;15;5;1;1;1;2;69;A4;M;4881740;243487;940
2,016E+11;16;9;4;515;3;1;1;2;2;69;A4;M;4881740;243207;940
2,016E+11;16;9;4;515;3;1;1;1;6;372;A104;;;;770
2,016E+11;16;9;5;649;1;1;1;1;1;83;A4.W (PROVINCE-PARIS);;;;770
2,016E+11;16;9;5;755;1;1;1;2;3;28;A86 INT;M;4878880;244021;940
2,016E+11;16;9;5;915;1;1;1;2;5;18;A4;M;4881750;241528;940
2,016E+11;16;9;5;930;1;1;1;2;2;79;A4;M;4882860;252718;940
2,016E+11;16;9;5;1530;1;1;1;2;6;112;A4;;;;750
2,016E+11;16;9;5;1600;1;1;1;2;4;112;A4;;;;750
2,016E+11;16;9;5;1605;1;1;1;2;5;373;RN104;;;;770
2,016E+11;16;9;5;1742;1;1;1;2;7;69;A4;M;4881730;242929;940
2,016E+11;16;9;5;1920;1;1;1;2;7;373;RN104;;;;770
2,016E+11;16;9;6;550;3;1;1;2;6;83;A4.W (PROVINCE-PARIS);;;;770
2,016E+11;16;9;7;600;2;1;1;1;2;15;A4;M;4883240;253296;940
2,016E+11;16;9;7;820;1;1;1;1;5;18;A4;M;4881770;241804;940
2,016E+11;16;9;7;840;1;1;1;1;2;122;RN104;;;;770
2,016E+11;16;9;7;1015;1;1;1;1;4;69;A4;M;4881700;244610;940
2,016E+11;16;9;7;1545;1;1;1;1;4;372;A104;;;;770
2,016E+11;16;9;7;2010;2;1;1;1;5;46;A86 EXT;M;4880550;244882;940
2,016E+11;16;9;7;2010;3;1;1;1;3;65;A86 INT;M;4875370;236302;940
2,016E+11;16;9;7;2248;3;1;1;1;3;17;A4;M;4882650;251660;940
2,016E+11;16;9;8;1034;1;1;1;1;4;22;A86 INT;M;4877670;241754;940
2,016E+11;16;9;9;715;1;1;1;1;3;33;A86.EXT;M;4885370;248977;940
2,016E+11;16;9;9;900;1;1;1;1;5;251;RN104;;;;770
2,016E+11;16;9;9;1715;1;1;1;1;6;249;RN104;;;;770
2,016E+11;16;9;10;30;4;1;1;1;7;65;A86 INT;M;4875370;236569;940
2,016E+11;16;9;12;845;1;1;1;1;4;112;A4;;;;750
2,016E+11;16;9;12;2205;3;1;1;1;4;294;A104;;;;770
2,016E+11;16;9;13;2243;5;1;1;1;6;112;A4;;;;750
2,016E+11;16;9;14;955;1;1;1;1;3;28;A86 EXT;M;4878710;244033;940
2,016E+11;16;9;14;1800;1;1;1;1;7;11;RN406.W;M;4876360;249491;940
2,016E+11;16;9;16;1700;1;1;1;1;3;450;RN104;;;;770
2,016E+11;16;9;17;1549;1;1;1;1;6;22;A86 EXT;M;4877660;241749;940
2,016E+11;16;9;17;2225;3;1;1;1;5;146;A4.Y PARIS-PROVINCE;;;;770
2,016E+11;16;9;19;1115;1;1;1;1;4;251;RN104;;;;770
2,016E+11;16;9;19;1500;1;1;1;2;4;28;A86 INT;M;4878880;244021;940
2,016E+11;16;9;19;2045;3;1;1;1;7;337;A4;;;;770
2,016E+11;16;9;20;1530;1;1;1;1;2;372;A104;;;;770
2,016E+11;16;9;20;2230;3;1;1;1;6;294;A104;;;;770
2,016E+11;16;9;21;245;3;1;1;1;6;517;A104.EXT;;;;770
2,016E+11;16;9;21;525;3;1;1;1;1;373;RN104;;;;770
2,016E+11;16;9;21;710;2;1;1;1;4;28;A86 INT;M;4878350;244043;940
2,016E+11;16;9;21;850;1;1;1;1;2;51;A4;M;4883407;258827;930
2,016E+11;16;9;22;1705;1;1;1;1;6;169;RN104;;;;770
2,016E+11;16;9;22;1825;1;1;1;1;2;258;A4.W (PROVINCE-PARIS);M;4883250;265908;770
2,016E+11;16;9;23;630;5;1;1;1;3;17;A4;M;4882700;251136;940
2,016E+11;16;9;23;830;1;1;1;1;1;363;A104;;;;770
2,016E+11;16;9;23;1650;1;1;1;1;4;15;A4;M;4883060;252981;940
2,016E+11;16;9;25;1610;1;1;1;2;6;69;A4;M;4881690;245132;940
2,016E+11;16;9;25;2000;2;1;1;1;5;372;A104;;;;770
2,016E+11;16;9;26;1740;1;1;1;1;1;258;A4.Y PARIS-PROVINCE;;;;770
2,016E+11;16;9;26;1850;1;1;1;1;2;28;A86 EXT;M;4878880;244047;940
2,016E+11;16;9;26;1900;1;1;1;1;6;237;A4;;;;770
2,016E+11;16;9;27;1800;1;1;1;1;2;69;A4;M;4881740;242226;940
2,016E+11;16;9;27;1800;1;1;1;1;1;181;A4;;;;770
2,016E+11;16;9;28;1830;1;1;1;1;4;146;A4.Y PARIS-PROVINCE;;;;770
2,016E+11;16;9;28;1950;1;1;1;1;2;22;A86 EXT;M;4877440;241014;940
2,016E+11;16;9;29;1330;1;1;1;1;2;18;A4;M;4881740;241842;940
2,016E+11;16;9;29;1450;1;1;1;1;4;169;RN104.INT;;;;770
2,016E+11;16;9;29;1625;1;1;1;1;4;53;RN104;;;;770
2,016E+11;16;9;29;1615;1;1;1;1;3;28;A86 EXT;M;4877600;242906;940
2,016E+11;16;9;29;1700;1;1;1;1;3;51;A4;M;4883497;257614;930
2,016E+11;16;9;29;1825;1;1;1;1;3;11;RN406.Y;M;4876050;248871;940
2,016E+11;16;9;30;1940;5;1;1;2;4;17;A86 INT;M;4883010;248501;940
2,016E+11;16;10;1;1725;1;1;1;1;2;73;A86 EXT;M;4875340;237539;940
2,016E+11;16;10;2;1920;1;1;1;1;3;468;A4.W (PROVINCE-PARIS);;;;770
2,016E+11;16;10;3;705;2;1;1;1;2;18;A4;M;4882180;239837;940
2,016E+11;16;10;3;920;1;1;1;1;3;22;A86 INT;M;4877430;240910;940
2,016E+11;16;10;3;2145;5;1;1;1;7;73;A86 INT;M;4876980;238043;940
2,016E+11;16;10;3;1145;1;1;1;1;4;52;A4;M;4882640;246626;940
2,016E+11;16;10;4;1055;1;1;1;1;3;22;A86 INT;M;4877400;240773;940
2,016E+11;16;10;5;715;1;1;1;1;3;69;A4;M;4881740;242930;940
2,016E+11;16;10;5;835;1;1;1;1;3;33;A86.EXT;M;4885360;248904;940
2,016E+11;16;10;5;845;1;1;1;1;3;79;A4;M;4883450;253655;940
2,016E+11;16;10;5;1030;1;1;1;1;2;517;A104.EXT;;;;770
2,016E+11;16;10;5;1630;1;1;1;1;3;28;A86 EXT;M;4878190;244101;940
2,016E+11;16;10;6;810;1;1;1;1;3;28;A86 INT;M;4878090;244082;940
2,016E+11;16;10;6;2025;3;1;1;1;2;121;A4;;;;770
2,016E+11;16;10;7;710;4;1;1;1;3;69;A86 EXT;M;4881630;245267;940
2,016E+11;16;10;7;800;2;1;1;1;3;121;A104;;;;770
2,016E+11;16;10;7;920;1;1;1;1;3;28;A86 EXT;M;4878350;244074;940
2,016E+11;16;10;8;1930;1;1;1;1;5;28;A86 EXT;M;4878340;244076;940
2,016E+11;16;10;9;1012;1;1;1;1;4;450;RN104;;;;770
2,016E+11;16;10;9;1955;1;1;1;1;5;33;A86.INT;M;4885220;248956;940
2,016E+11;16;10;9;2210;5;1;1;1;2;33;A86.INT;M;4884910;249064;940
2,016E+11;16;10;10;440;4;1;1;1;5;81;A86 INT;M;4877490;241141;940
2,016E+11;16;10;10;1825;1;1;1;1;3;22;A86 EXT;M;4877320;240053;940
2,016E+11;16;10;10;1915;4;1;1;1;2;146;A4.Y PARIS-PROVINCE;;;;770
2,016E+11;16;10;11;2215;5;1;1;1;2;69;A4;M;4881740;242147;940
2,016E+11;16;10;12;430;5;1;1;1;5;17;A4;M;4882690;251275;940
2,016E+11;16;10;12;550;4;1;1;1;2;69;A4;M;4881720;242644;940
2,016E+11;16;10;12;720;2;1;1;1;3;28;A86 INT;M;4877620;243022;940
2,016E+11;16;10;12;910;1;1;1;1;3;28;A86 EXT;M;4878090;244112;940
2,016E+11;16;10;12;1300;1;1;1;1;7;373;RN104;;;;770
2,016E+11;16;10;14;1545;1;1;1;1;4;73;A86 INT;M;4876900;237920;940
2,016E+11;16;10;14;1700;1;1;1;2;3;121;A4;;;;770
2,016E+11;16;10;14;2000;3;1;1;3;7;18;A4;M;4882130;239954;940
2,016E+11;16;10;15;900;1;1;1;2;2;373;RN104;;;;770
2,016E+11;16;10;17;745;3;1;1;1;7;18;A4;M;4882070;240054;940
2,016E+11;16;10;17;745;3;1;1;1;3;28;A86 EXT;M;4877630;243091;940
2,016E+11;16;10;17;2300;3;1;1;1;2;514;A104;;;;770
2,016E+11;16;10;18;910;1;1;1;1;3;33;A86.INT;M;4885950;248590;940
2,016E+11;16;10;18;1815;1;1;1;2;3;33;A86.EXT;M;4885720;248874;940
2,016E+11;16;10;18;2315;3;1;1;2;1;514;A104;;;;770
2,016E+11;16;10;19;2037;5;1;1;1;2;112;A4;;;;750
2,016E+11;16;10;20;935;1;1;1;1;2;28;A86 EXT;M;4878530;244044;940
2,016E+11;16;10;20;1620;1;1;1;2;3;28;A86 INT;M;4878700;244006;940
2,016E+11;16;10;20;1630;1;1;1;1;6;18;A4;;;;770
2,016E+11;16;10;20;1800;1;1;1;1;6;249;RN104;;;;770
2,016E+11;16;10;21;1740;1;1;1;1;2;15;A4;M;4883050;253003;940
2,016E+11;16;10;21;2000;3;1;1;1;3;28;A86 EXT;M;4878880;244047;940
2,016E+11;16;10;22;715;2;1;1;5;3;42;A4;M;4882790;247155;940
2,016E+11;16;10;22;1045;1;1;1;1;2;18;A4;M;4882560;239234;940
2,016E+11;16;10;22;1248;1;1;1;1;5;33;A86.EXT;M;4885570;248828;940
2,016E+11;16;10;22;1806;1;1;1;1;4;373;RN104;;;;770
2,016E+11;16;10;22;2000;3;1;1;1;2;181;A4;;;;770
2,016E+11;16;10;22;2000;3;1;1;1;2;373;RN104;;;;770
2,016E+11;16;10;23;415;3;1;1;1;6;237;A4;;;;770
2,016E+11;16;10;24;530;3;1;1;2;6;337;RN104;M;4882960;261474;770
2,016E+11;16;10;24;1110;1;1;1;2;6;18;A4;M;4881730;241733;940
2,016E+11;16;10;24;1940;3;1;1;1;3;28;A86 EXT;M;4878620;244034;940
2,016E+11;16;10;24;2140;3;1;1;2;2;363;A104;;;;770
2,016E+11;16;10;25;400;3;1;1;1;6;373;RN104;;;;770
2,016E+11;16;10;25;840;1;1;1;2;3;28;A86 EXT;M;4880000;244644;940
2,016E+11;16;10;25;1930;2;1;1;1;4;81;A86 EXT;M;4877360;240405;940
2,016E+11;16;10;27;700;2;1;1;5;3;83;A4.W (PROVINCE-PARIS);;;;770
2,016E+11;16;10;30;205;3;1;1;1;3;69;A4;M;4881710;244323;940
2,016E+11;16;10;31;915;1;1;1;1;6;122;RN104;;;;770
2,016E+11;16;10;31;1720;1;1;1;1;3;51;A4;M;4883541;256804;930
2,016E+11;16;10;31;1845;1;1;1;1;4;121;A4;;;;770
2,016E+11;16;11;1;635;5;1;1;1;5;69;A4;M;4881760;242084;940
2,016E+11;16;11;1;1835;5;1;1;1;5;17;A4;M;4882640;251811;940
2,016E+11;16;11;1;1930;3;1;1;5;2;450;RN104;;;;770
2,016E+11;16;11;2;755;1;1;1;1;4;2;A86 INT;M;4877620;242902;940
2,016E+11;16;11;2;1600;1;1;1;1;2;514;A104;;;;770
2,016E+11;16;11;2;1830;1;1;1;1;4;22;A86 EXT;M;4877660;241750;940
2,016E+11;16;11;3;730;2;1;1;1;2;46;A86 EXT;M;4880440;244870;940
2,016E+11;16;11;3;930;1;1;1;1;4;33;A86.EXT;M;4886050;248501;940
2,016E+11;16;11;3;1945;5;1;1;1;5;18;A4;M;4882000;240311;940
2,016E+11;16;11;4;630;1;1;1;1;6;294;A104;;;;770
2,016E+11;16;11;4;845;1;1;1;1;3;181;A4;;;;770
2,016E+11;16;11;4;850;1;1;1;1;3;73;A86 INT;M;4877200;239484;940
2,016E+11;16;11;4;1700;2;1;1;2;3;337;A4;;;;770
2,016E+11;16;11;4;1930;3;1;1;2;4;122;A5b;;;;770
2,016E+11;16;11;4;2200;3;1;1;3;6;337;A4;;;;770
2,016E+11;16;11;4;2230;5;1;1;2;6;112;A4;;;;750
2,016E+11;16;11;5;940;1;1;1;2;5;337;A4;;;;770
2,016E+11;16;11;5;1200;1;1;1;1;3;373;RN104;;;;770
2,016E+11;16;11;5;1540;1;1;1;1;6;294;A104;;;;770
2,016E+11;16;11;7;830;1;1;1;3;2;69;A4;M;4881650;245138;940
2,016E+11;16;11;7;825;1;1;1;3;5;73;A86 EXT;M;4877120;239090;940
2,016E+11;16;11;8;1415;1;1;1;1;5;28;A86 EXT;M;4877830;244083;940
2,016E+11;16;11;9;930;1;1;1;3;2;17;A4;M;4883050;249110;940
2,016E+11;16;11;9;940;1;1;1;3;3;33;A86.EXT;M;4885460;248948;940
2,016E+11;16;11;9;1015;1;1;1;2;7;42;A4;M;4882860;247634;940
2,016E+11;16;11;9;1450;1;1;1;1;2;28;A86 EXT;M;4880040;244678;940
2,016E+11;16;11;9;1530;1;1;1;2;1;121;A4;;;;770
2,016E+11;16;11;9;1510;1;1;1;1;5;22;A86 EXT;M;4877620;241491;940
2,016E+11;16;11;10;150;3;1;1;2;2;258;A4.Y PARIS-PROVINCE;;;;770
2,016E+11;16;11;10;550;5;1;1;1;3;28;A86 EXT;M;4878350;244074;940
2,016E+11;16;11;10;1325;1;1;1;1;3;22;A86 EXT;M;4877320;240028;940
2,016E+11;16;11;11;110;5;1;1;2;7;112;A4;;;;750
2,016E+11;16;11;11;140;5;1;1;2;3;69;A4;M;4881760;243629;940
2,016E+11;16;11;11;1710;1;1;1;1;7;514;A104;;;;770
2,016E+11;16;11;11;2300;4;1;1;1;2;22;A86 EXT;M;4877340;240910;940
2,016E+11;16;11;12;535;3;1;1;1;5;28;A86 INT;M;4879530;244235;940
2,016E+11;16;11;12;2100;5;1;1;2;6;73;A86 INT;M;4876820;237873;940
2,016E+11;16;11;13;2215;5;1;1;1;2;17;A4;M;4882650;252227;940
2,016E+11;16;11;14;900;1;1;1;1;3;17;A4;M;4882720;252449;940
2,016E+11;16;11;14;745;1;1;1;1;2;294;A104;;;;770
2,016E+11;16;11;15;915;1;1;1;1;2;17;A4;M;4883030;249529;940
2,016E+11;16;11;15;1830;1;1;1;1;4;59;A104;;;;770
2,016E+11;16;11;15;1950;3;1;1;1;3;337;A4;;;;770
2,016E+11;16;11;16;830;1;1;1;2;6;51;A4;;;;930
2,016E+11;16;11;16;915;1;1;1;1;5;73;A86 EXT;M;4877070;238642;940
2,016E+11;16;11;17;1745;2;1;1;1;2;17;A4;M;4883050;249110;940
2,016E+11;16;11;18;820;1;1;1;1;3;33;A86.EXT;M;4885120;249066;940
2,016E+11;16;11;18;1855;2;1;1;1;2;146;A4.Y PARIS-PROVINCE;;;;770
2,016E+11;16;11;18;1859;2;1;1;1;3;65;A86 INT;M;4875370;236435;940
2,016E+11;16;11;20;1940;5;1;1;1;6;42;A4;M;4882860;247610;940
2,016E+11;16;11;21;900;1;1;1;2;5;46;A86 EXT;M;4880510;244881;940
2,016E+11;16;11;21;1015;1;1;1;2;2;46;A86 EXT;M;4880390;244860;940
2,016E+11;16;11;21;1240;1;1;1;1;7;438;A104;;;;770
2,016E+11;16;11;21;1515;1;1;1;1;4;294;A104;;;;770
2,016E+11;16;11;22;1750;3;1;1;1;4;450;RN104;;;;770
2,016E+11;16;11;23;840;1;1;1;2;4;83;A4.W (PROVINCE-PARIS);;;;770
2,016E+11;16;11;23;925;1;1;1;1;5;69;A4;M;4881670;244888;940
2,016E+11;16;11;23;900;1;1;1;1;3;17;A4;M;4882730;252464;940
2,016E+11;16;11;23;2230;5;1;1;1;2;69;A4;M;4881740;243824;940
2,016E+11;16;11;27;1730;1;1;1;1;5;112;A4;;;;750
2,016E+11;16;11;28;1150;1;1;1;1;2;28;A86 EXT;M;4878880;244048;940
2,016E+11;16;11;28;1950;5;1;9;1;4;294;A104;;;;770
2,016E+11;16;11;28;2030;3;1;1;1;7;251;RN104;;;;770
2,016E+11;16;11;29;815;1;1;1;1;4;42;A4;M;4882850;247565;940