Num_Acc;an;mois;jour;hrmn;lum;agg;int;atm;col;com;adr;gps;lat;long;dep
2,016E+11;16;2;14;1130;1;1;1;1;6;277;AUTOROUTE A104;M;4897350;248590;950
2,016E+11;16;1;3;850;3;1;1;1;1;27;AUTOROUTE A86;M;4892842;241517;930
2,016E+11;16;1;27;840;1;1;1;2;2;66;AUTOROUTE A1;M;4892933;236095;930
2,016E+11;16;1;31;150;3;1;1;1;2;582;AUTOROUTE A15;;;;950
2,016E+11;16;1;1;320;3;1;1;1;6;61;RN 104;;;;950
2,016E+11;16;3;13;140;3;1;1;1;6;500;AUTOROUTE A15;;;;950
2,016E+11;16;1;25;1545;1;1;1;1;6;13;AUTOROUTE A1;M;4894023;242355;930
2,016E+11;16;1;18;1840;1;1;1;1;6;5;AUTOROUTE A3;M;4895533;247353;930
2,016E+11;16;3;12;2010;3;1;1;1;7;78;AUTOROUTE A104;M;4896153;254480;930
2,016E+11;16;3;13;1805;1;1;1;1;2;36;AUTOROUTE A86;;;;920
2,016E+11;16;3;12;1410;1;1;1;1;4;18;AUTOROUTE A15;;;;950
2,016E+11;16;3;13;2345;3;1;1;1;4;10;AUTOROUTE A3;M;4888893;247375;930
2,016E+11;16;3;13;2153;3;1;1;1;7;73;AUTOROUTE A104;M;4896691;256073;930
2,016E+11;16;3;14;900;1;1;1;1;2;527;AUTOROUTE A1;;;;950
2,016E+11;16;3;13;1700;1;1;1;1;4;5;AUTOROUTE A1;M;4896118;246897;930
2,016E+11;16;3;15;2100;3;1;1;1;3;64;AUTOROUTE A3;M;4888379;246812;930
2,016E+11;16;3;16;1845;1;1;1;1;6;6;AUTOROUTE A3;M;4886529;241895;930
2,016E+11;16;3;17;715;1;1;1;1;2;277;AUTOROUTE A104;M;4897350;248590;950
2,016E+11;16;3;17;650;1;1;1;1;2;5;AUTOROUTE A3;M;4892595;248127;930
2,016E+11;16;3;17;815;1;1;1;1;4;394;ROUTE NATIONALE 184;;;;950
2,016E+11;16;3;17;1310;1;1;1;1;4;8;AUTOROUTE A86;M;4891191;243924;930
2,016E+11;16;3;12;1400;1;1;1;1;3;64;AUTOROUTE A3;M;4888377;246796;930
2,016E+11;16;3;18;2055;3;1;1;1;2;582;AUTOROUTE A15;;;;950
2,016E+11;16;3;9;900;1;1;1;3;3;5;AUTOROUTE A1;M;4895947;246576;930
2,016E+11;16;3;19;2205;3;1;1;1;6;678;ROUTE NATIONALE 184;;;;950
2,016E+11;16;3;20;2235;3;1;1;1;2;277;AUTOROUTE A1;;;;950
2,016E+11;16;3;20;2200;3;1;1;1;7;27;AUTOROUTE A86;M;4892827;241224;930
2,016E+11;16;3;21;810;1;1;1;1;5;500;AUTOROUTE A15;;;;950
2,016E+11;16;3;22;945;1;1;1;1;2;5;AUTOROUTE A3;M;4894574;247673;930
2,016E+11;16;3;22;1610;1;1;1;1;6;66;AUTOROUTE A1;M;4891936;235754;930
2,016E+11;16;3;23;100;3;1;1;1;3;252;AUTOROUTE A15;;;;950
2,016E+11;16;3;23;1000;1;1;1;1;2;36;AUTOROUTE A15;;;;920
2,016E+11;16;3;22;730;2;1;1;1;3;252;AUTOROUTE A15;;;;950
2,016E+11;16;3;23;915;1;1;1;1;4;582;AUTOROUTE A15;;;;950
2,016E+11;16;3;21;815;1;1;1;1;2;500;AUTOROUTE A15;;;;950
2,016E+11;16;1;16;510;5;1;1;1;2;8;AUTOROUTE A86;M;4890892;244906;930
2,016E+11;16;3;25;1150;1;1;1;1;6;53;AUTOROUTE A103;M;4890970;235826;930
2,016E+11;16;3;26;330;3;1;1;1;6;527;AUTOROUTE A1;;;;950
2,016E+11;16;3;26;420;3;1;1;1;6;28;RN 104;;;;950
2,016E+11;16;3;25;1325;1;1;1;2;6;53;AUTOROUTE A103;M;4890341;235875;930
2,016E+11;16;3;25;1610;1;1;1;1;4;78;AUTOROUTE A104;M;4889069;247319;930
2,016E+11;16;3;25;1610;1;1;1;1;3;53;AUTOROUTE A3;M;4896351;255094;930
2,016E+11;16;3;27;815;2;1;1;1;6;36;AUTOROUTE A86;;;;920
2,016E+11;16;3;28;1215;1;1;1;8;6;5;AUTOROUTE A104;M;4897260;248493;930
2,016E+11;16;3;28;1830;1;1;1;3;7;572;AUTOROUTE A15;;;;950
2,016E+11;16;3;28;2000;2;1;1;3;3;78;AUTOROUTE A104;M;4896362;252128;930
2,016E+11;16;3;28;1120;1;1;1;2;7;27;AUTOROUTE A86;M;4892816;241159;930
2,016E+11;16;3;29;500;3;1;1;1;2;1;AUTOROUTE A86;M;4892094;237170;930
2,016E+11;16;3;28;1250;1;1;1;2;4;5;AUTOROUTE A104;M;4896797;250964;930
2,016E+11;16;3;23;900;1;1;1;1;4;500;AUTOROUTE A15;;;;950
2,016E+11;16;3;29;1725;1;1;1;1;3;6;AUTOROUTE A3;M;4886589;242118;930
2,016E+11;16;3;29;1830;1;1;1;1;4;27;AUTOROUTE A1;M;4893780;241237;930
2,016E+11;16;3;30;725;1;1;1;2;3;27;AUTOROUTE A1;M;4893814;241448;930
2,016E+11;16;3;30;840;1;1;1;1;4;5;AUTOROUTE A3;M;4893304;248071;930
2,016E+11;16;3;27;1015;1;1;1;1;4;582;AUTOROUTE A15;;;;950
2,016E+11;16;3;30;1745;1;1;1;2;3;6;AUTOROUTE A3;M;4886996;243019;930
2,016E+11;16;3;30;1939;1;1;1;2;3;10;AUTOROUTE A3;M;4889699;247000;930
2,016E+11;16;3;30;1400;1;1;1;2;4;66;AUTOROUTE A1;M;4893237;237256;930
2,016E+11;16;3;30;2000;3;1;1;1;2;491;AUTOROUTE A115;;;;950
2,016E+11;16;3;31;2330;3;1;1;1;5;527;AUTOROUTE A3;;;;950
2,016E+11;16;4;1;245;3;1;1;1;6;582;AUTOROUTE A15;;;;950
2,016E+11;16;3;29;1240;1;1;1;1;1;64;AUTOROUTE A86;M;4888130;247421;930
2,016E+11;16;4;1;1300;1;1;1;1;3;1;AUTOROUTE A86;M;4892143;237571;930
2,016E+11;16;4;1;1435;1;1;1;1;1;66;AUTOROUTE A1;M;4891034;235825;930
2,016E+11;16;4;3;400;3;1;1;2;2;64;AUTOROUTE A86;M;4886675;248163;930
2,016E+11;16;4;3;720;2;1;1;2;6;394;ROUTE NATIONALE 184;;;;950
2,016E+11;16;4;3;805;1;1;1;1;3;1;AUTOROUTE A86;M;4892181;236544;930
2,016E+11;16;4;3;900;1;1;1;1;6;36;AUTOROUTE A15;;;;920
2,016E+11;16;4;4;730;1;1;1;8;7;582;AUTOROUTE A15;;;;950
2,016E+11;16;4;4;830;1;1;1;8;6;78;AUTOROUTE A104;M;4895842;253351;930
2,016E+11;16;4;4;1600;1;1;1;1;6;13;AUTOROUTE A1;M;4894080;242537;930
2,016E+11;16;4;5;800;1;1;1;1;7;424;AUTOROUTE A15;;;;950
2,016E+11;16;4;6;930;1;1;1;1;2;5;AUTOROUTE A3;M;4896021;247343;930
2,016E+11;16;4;6;830;1;1;1;1;3;10;AUTOROUTE A3;M;4890403;247153;930
2,016E+11;16;4;5;940;1;1;1;1;2;36;AUTOROUTE A86;;;;920
2,016E+11;16;4;6;830;1;1;1;1;3;18;AUTOROUTE A15;;;;950
2,016E+11;16;4;6;1215;1;1;1;1;4;66;AUTOROUTE A1;M;4891390;235780;930
2,016E+11;16;4;6;2115;3;1;1;1;5;612;AUTOROUTE A1;M;4918179;260470;600
2,016E+11;16;4;6;1930;1;1;1;2;2;27;AUTOROUTE A86;M;4892475;239130;930
2,016E+11;16;4;6;1905;1;1;1;2;4;18;AUTOROUTE A15;;;;950
2,016E+11;16;4;7;845;1;1;1;1;3;582;AUTOROUTE A15;;;;950
2,016E+11;16;4;7;1500;1;1;1;2;4;73;AUTOROUTE A104;M;4896612;255828;930
2,016E+11;16;4;7;1646;1;1;1;2;4;5;AUTOROUTE A3;M;4892698;248156;930
2,016E+11;16;3;31;1940;1;1;1;1;6;256;AUTOROUTE A115;;;;950
2,016E+11;16;3;31;2030;3;1;1;2;6;256;AUTOROUTE A115;;;;950
2,016E+11;16;4;7;655;1;1;1;1;3;10;AUTOROUTE A3;M;4888893;247375;930
2,016E+11;16;4;8;625;3;1;1;1;2;572;AUTOROUTE A15;;;;950
2,016E+11;16;4;8;1015;1;1;1;1;3;48;AUTOROUTE A86;M;4885861;248751;930
2,016E+11;16;4;8;1600;1;1;1;1;2;678;ROUTE NATIONALE 184;;;;950
2,016E+11;16;4;8;1605;1;1;1;1;6;563;AUTOROUTE A115;;;;950
2,016E+11;16;4;9;345;4;1;1;1;2;53;AUTOROUTE A3;M;4889613;247042;930
2,016E+11;16;4;9;2245;3;1;1;1;6;5;AUTOROUTE A1;M;4896072;246789;930
2,016E+11;16;4;10;810;1;1;1;1;2;78;AUTOROUTE A104;M;4895899;252759;930
2,016E+11;16;4;11;1230;1;1;1;2;6;36;AUTOROUTE A15;;;;920
2,016E+11;16;4;11;1100;1;1;1;2;6;27;AUTOROUTE A86;M;4892827;241224;930
2,016E+11;16;4;11;1520;1;1;1;1;6;7;AUTOROUTE A3;M;4893141;248115;930
2,016E+11;16;4;12;1238;1;1;1;1;6;5;AUTOROUTE A3;M;4895177;247432;930
2,016E+11;16;4;8;900;1;1;1;1;2;612;AUTOROUTE A1;M;4917798;260453;600
2,016E+11;16;4;11;1600;1;1;1;2;2;6;AUTOROUTE A3;M;4886638;241320;930
2,016E+11;16;4;13;930;1;1;1;2;4;7;AUTOROUTE A1;M;4894926;244675;930
2,016E+11;16;4;13;2000;1;1;1;1;1;6;AUTOROUTE A3;M;4886567;241990;930
2,016E+11;16;4;13;1340;1;1;1;1;2;7;AUTOROUTE A1;M;4894235;243179;930
2,016E+11;16;4;14;1830;1;1;1;2;6;36;AUTOROUTE A86;;;;920
2,016E+11;16;4;15;835;1;1;1;1;7;582;AUTOROUTE A15;;;;950
2,016E+11;16;4;15;1735;1;1;1;1;4;572;AUTOROUTE A15;;;;950
2,016E+11;16;4;15;1830;1;1;1;1;4;36;AUTOROUTE A15;;;;920
2,016E+11;16;4;15;2255;3;1;1;1;3;1;AUTOROUTE A86;M;4892087;237174;930
2,016E+11;16;4;16;130;3;1;1;1;4;604;AUTOROUTE A1;;;;950
2,016E+11;16;4;16;2048;3;1;1;1;3;5;AUTOROUTE A3;M;4892070;247931;930
2,016E+11;16;4;16;1600;1;1;1;1;5;78;AUTOROUTE A104;;;;930
2,016E+11;16;4;12;1835;1;1;1;1;7;66;AUTOROUTE A1;M;4890385;235850;930
2,016E+11;16;4;11;1830;1;1;1;2;4;27;AUTOROUTE A86;M;4892468;238982;930
2,016E+11;16;4;17;2345;3;1;1;1;2;252;AUTOROUTE A15;;;;950
2,016E+11;16;4;18;1230;1;1;1;1;2;5;AUTOROUTE A3;;;;930
2,016E+11;16;4;18;1710;1;1;1;1;6;39;AUTOROUTE A86;M;4892731;233419;930
2,016E+11;16;4;18;1800;1;1;1;1;4;572;ROUTE NATIONALE 184;;;;950
2,016E+11;16;4;18;1900;1;1;1;1;2;18;AUTOROUTE A15;;;;950
2,016E+11;16;4;19;1500;1;1;1;1;6;6;AUTOROUTE A3;M;4886690;242530;930
2,016E+11;16;4;19;1700;1;1;1;1;4;5;AUTOROUTE A3;M;4893795;248004;930
2,016E+11;16;4;7;1100;1;1;1;1;3;277;AUTOROUTE A3;;;;950
2,016E+11;16;4;7;1020;1;1;1;1;3;18;AUTOROUTE A15;;;;950
2,016E+11;16;4;18;1410;1;1;1;1;3;7;AUTOROUTE A3;M;4893146;248109;930
2,016E+11;16;4;20;715;1;1;1;1;4;48;AUTOROUTE A3;M;4887244;243413;930
2,016E+11;16;4;18;2050;2;1;1;1;2;66;AUTOROUTE A86;M;4892279;234501;930
2,016E+11;16;4;20;1800;1;1;1;1;3;563;AUTOROUTE A115;;;;950
2,016E+11;16;4;21;1640;1;1;1;1;6;78;AUTOROUTE A104;;;;930
2,016E+11;16;4;21;1950;2;1;1;1;5;582;AUTOROUTE A15;;;;950
2,016E+11;16;4;22;45;3;1;1;1;5;64;AUTOROUTE A3;M;4888392;246628;930
2,016E+11;16;4;2;1445;1;1;1;1;2;572;AUTOROUTE A15;;;;950
2,016E+11;16;4;22;1500;1;1;1;1;2;66;AUTOROUTE A1;M;4890970;235810;930
2,016E+11;16;4;22;1820;1;1;1;1;6;252;AUTOROUTE A15;;;;950
2,016E+11;16;4;22;1805;1;1;1;1;7;631;AUTOROUTE A1;M;4914216;257363;600
2,016E+11;16;4;22;2120;3;1;1;1;3;10;AUTOROUTE A3;M;4889158;247300;930
2,016E+11;16;4;22;330;3;1;1;1;6;218;AUTOROUTE A15;;;;950
2,016E+11;16;4;24;1700;1;1;1;2;2;53;AUTOROUTE A3;M;4888561;247267;930
2,016E+11;16;4;24;1915;1;1;1;1;2;27;AUTOROUTE A1;M;4893720;240978;930
2,016E+11;16;4;25;2030;1;1;1;1;3;351;RN 104;;;;950
2,016E+11;16;4;26;1430;1;1;1;1;6;66;AUTOROUTE A86;M;4892232;235858;930
2,016E+11;16;4;26;2015;1;1;1;2;6;582;BD INTERCOMMUNAL PARISIS;M;4896240;226390;950
2,016E+11;16;4;27;1000;1;1;1;1;6;582;AUTOROUTE A115;;;;950
2,016E+11;16;4;27;1015;1;1;1;1;3;48;AUTOROUTE A3;M;4887124;243205;930
2,016E+11;16;4;27;1640;1;1;1;1;4;10;AUTOROUTE A3;M;4888936;247383;930
2,016E+11;16;4;27;1700;1;1;1;1;3;53;AUTOROUTE A3;M;4888196;245508;930
2,016E+11;16;4;28;530;2;1;1;1;2;28;RN 104;;;;950
2,016E+11;16;4;27;1230;1;1;1;1;4;678;ROUTE NATIONALE 184;;;;950
2,016E+11;16;4;28;940;1;1;1;1;7;494;AUTOROUTE A1;M;4912622;255766;600
2,016E+11;16;4;28;1815;1;1;1;1;3;256;ROUTE NATIONALE 184;;;;950
2,016E+11;16;4;28;1915;1;1;1;1;5;36;AUTOROUTE A86;;;;920
2,016E+11;16;4;28;2350;3;1;1;1;7;631;AUTOROUTE A1;M;4915160;258513;600
2,016E+11;16;4;26;900;1;1;1;2;2;66;AUTOROUTE A1;M;4892349;235701;930
2,016E+11;16;4;26;1255;1;1;1;1;7;36;AUTOROUTE A86;;;;920
2,016E+11;16;4;30;440;3;1;1;3;3;10;AUTOROUTE A86;M;4889348;247222;930
2,016E+11;16;4;30;630;2;1;1;2;7;612;AUTOROUTE A1;M;4918628;260504;600
2,016E+11;16;4;26;830;1;1;1;1;4;241;RN 104;;;;950
2,016E+11;16;5;1;2305;3;1;1;1;3;27;AUTOROUTE A86;M;4892707;240570;930
2,016E+11;16;5;2;5;3;1;1;1;2;277;AUTOROUTE A1;;;;950
2,016E+11;16;5;2;1735;1;1;1;1;4;66;AUTOROUTE A1;M;4891936;235754;930
2,016E+11;16;5;2;1810;1;1;1;1;4;53;AUTOROUTE A3;M;4888893;247975;930
2,016E+11;16;5;3;1500;1;1;1;1;6;36;AUTOROUTE A15;;;;920
2,016E+11;16;5;3;1000;1;1;1;1;5;27;AUTOROUTE A86;M;4892682;240440;930
2,016E+11;16;5;3;1950;1;1;1;1;4;203;BD INTERCOMMUNAL PARISIS;M;4897760;228930;950
2,016E+11;16;5;4;1430;1;1;1;1;6;5;AUTOROUTE A3;M;4894656;247639;930
2,016E+11;16;5;4;1521;1;1;1;1;5;30;AUTOROUTE A1;M;4893936;241962;930
2,016E+11;16;5;4;1440;1;1;1;1;3;675;AUTOROUTE A1;;;;950
2,016E+11;16;5;4;1742;1;1;1;1;2;631;AUTOROUTE A1;M;4915699;259234;600
2,016E+11;16;5;6;1005;1;1;1;1;3;66;AUTOROUTE A1;M;4891210;235790;930
2,016E+11;16;5;4;1815;1;1;1;1;4;42;RN 104;;;;950
2,016E+11;16;5;7;215;3;1;1;1;6;66;AUTOROUTE A86;M;4892630;233722;930
2,016E+11;16;5;6;1330;1;1;1;1;4;66;AUTOROUTE A1;M;4891660;235756;930
2,016E+11;16;5;6;1700;1;1;1;1;2;5;AUTOROUTE A3;M;4894568;247669;930
2,016E+11;16;5;7;1945;1;1;1;1;4;78;AUTOROUTE A86;;;;920
2,016E+11;16;5;7;1500;1;1;1;1;4;63;AUTOROUTE A3;M;4887835;244648;930
2,016E+11;16;5;8;2145;3;1;1;1;6;13;AUTOROUTE A1;M;4894504;243881;930
2,016E+11;16;5;8;2005;1;1;1;1;7;18;AUTOROUTE A15;;;;950
2,016E+11;16;5;9;930;1;1;1;1;4;78;AUTOROUTE A104;M;4896526;255566;930
2,016E+11;16;5;10;500;3;1;1;8;2;66;AUTOROUTE A1;M;4892812;235798;930
2,016E+11;16;5;10;730;1;1;1;1;3;10;AUTOROUTE A3;M;4890404;247135;930
2,016E+11;16;5;10;1115;1;1;1;1;3;64;AUTOROUTE A86;M;4886674;248163;930
2,016E+11;16;5;7;2320;3;1;1;1;2;277;BD INTERCOMMUNAL PARISIS;M;4897610;248120;950
2,016E+11;16;5;11;150;3;1;1;2;6;582;AUTOROUTE A115;;;;950
2,016E+11;16;5;3;1915;1;1;1;1;4;6;AUTOROUTE A3;M;4886723;242675;930
2,016E+11;16;5;11;1118;1;1;1;1;6;572;ROUTE NATIONALE 184;;;;950
2,016E+11;16;5;11;2255;3;1;1;1;5;572;AUTOROUTE A15;;;;950
2,016E+11;16;5;12;840;1;1;1;1;4;29;AUTOROUTE A86;M;4891914;242851;930
2,016E+11;16;5;12;645;1;1;1;1;3;252;AUTOROUTE A115;;;;950
2,016E+11;16;5;12;800;1;1;1;1;1;66;AUTOROUTE A86;M;4892221;235995;930
2,016E+11;16;5;5;1400;1;1;1;1;4;36;AUTOROUTE A15;;;;920
2,016E+11;16;5;1;900;1;1;1;1;6;365;RN 104;;;;950
2,016E+11;16;5;13;5;3;1;1;1;6;27;AUTOROUTE A86;M;4892847;241358;930
2,016E+11;16;5;11;1940;1;1;1;1;3;8;AUTOROUTE A86;M;4891099;244141;930
2,016E+11;16;5;11;1800;1;1;1;2;6;682;RN104;;;;950
2,016E+11;16;5;11;1600;1;1;1;2;2;63;AUTOROUTE A3;M;4888080;245221;930
2,016E+11;16;5;1;700;2;1;1;1;7;36;AUTOROUTE A15;;;;920
2,016E+11;16;5;11;1330;1;1;1;2;2;53;AUTOROUTE A3;M;4888335;245795;930
2,016E+11;16;4;30;1630;1;1;1;2;2;176;AUTOROUTE A15;;;;950
2,016E+11;16;5;13;1830;1;1;1;1;5;48;AUTOROUTE A3;M;4887301;243528;930
2,016E+11;16;5;2;645;2;1;1;1;3;582;AUTOROUTE A15;;;;950
2,016E+11;16;5;14;1525;1;1;1;1;7;5;AUTOROUTE A3;M;4896803;247786;930
2,016E+11;16;5;15;40;3;1;1;1;4;64;AUTOROUTE A86;M;4887336;248005;930
2,016E+11;16;5;14;2045;1;1;1;1;3;488;AUTOROUTE A15;;;;950
2,016E+11;16;5;15;1440;1;1;1;1;6;351;RN 104;;;;950
2,016E+11;16;5;15;1455;1;1;1;1;2;7;AUTOROUTE A1;M;4895432;245647;930
2,016E+11;16;5;15;1715;1;1;1;1;3;572;ROUTE NATIONALE 184;;;;950
2,016E+11;16;5;15;1940;1;1;1;1;1;64;AUTOROUTE A86;M;4887906;247610;930
2,016E+11;16;5;15;125;3;1;1;1;1;13;AUTOROUTE A1;M;4893997;242221;930
2,016E+11;16;5;16;1500;1;1;1;1;3;78;AUTOROUTE A86;;;;920
2,016E+11;16;5;16;1820;1;1;1;1;4;36;ROUTE NATIONALE 315;;;;920
2,016E+11;16;5;17;840;1;1;1;1;6;607;AUTOROUTE A115;;;;950
2,016E+11;16;5;17;1500;1;1;1;1;2;563;AUTOROUTE A115;;;;950
2,016E+11;16;5;14;550;2;1;1;1;2;66;AUTOROUTE A1;M;4890296;235879;930
2,016E+11;16;5;14;1130;1;1;1;1;5;7;AUTOROUTE A1;M;4894673;244201;930
2,016E+11;16;5;4;900;1;1;1;1;5;5;AUTOROUTE A3;M;4893497;247754;930
2,016E+11;16;5;18;1020;1;1;1;1;7;78;AUTOROUTE A104;M;4896392;255217;930
2,016E+11;16;4;29;1805;1;1;1;1;5;66;AUTOROUTE A1;M;4891031;235797;930
2,016E+11;16;5;11;1515;1;1;1;1;2;63;AUTOROUTE A3;M;4887618;244190;930
2,016E+11;16;5;19;1900;1;1;1;1;6;151;RN 104;;;;950
2,016E+11;16;5;19;745;1;1;1;2;5;66;AUTOROUTE A1;M;4891899;235729;930
2,016E+11;16;5;19;1610;1;1;1;1;4;66;AUTOROUTE A1;M;4891390;235780;930
2,016E+11;16;5;20;2030;1;1;1;1;6;73;AUTOROUTE A104;M;4896724;256211;930
2,016E+11;16;5;22;630;1;1;1;8;2;66;AUTOROUTE A1;M;4892994;236415;930
2,016E+11;16;5;22;710;1;1;1;1;6;582;AUTOROUTE A115;;;;950
2,016E+11;16;5;22;945;1;1;1;2;7;5;AUTOROUTE A1;M;4896695;247769;930
2,016E+11;16;5;22;1320;1;1;1;2;7;491;AUTOROUTE A115;;;;950
2,016E+11;16;5;22;1340;1;1;1;3;6;64;AUTOROUTE A103;M;4888627;248464;930
2,016E+11;16;5;11;747;1;1;1;1;6;252;AUTOROUTE A15;;;;950
2,016E+11;16;5;22;1600;1;1;1;3;6;527;AUTOROUTE A1;;;;950
2,016E+11;16;5;22;1800;1;1;1;2;6;527;AUTOROUTE A1;;;;950
2,016E+11;16;5;22;2130;3;1;1;2;6;64;AUTOROUTE A3;M;4888392;246628;930
2,016E+11;16;5;22;345;3;1;1;3;6;527;AUTOROUTE A1;;;;950
2,016E+11;16;5;23;130;3;1;1;2;2;6;AUTOROUTE A3;M;4886992;243034;930
2,016E+11;16;5;23;710;1;1;1;3;5;252;AUTOROUTE A15;;;;950
2,016E+11;16;5;23;1200;1;1;1;2;6;491;AUTOROUTE A115;;;;950
2,016E+11;16;5;23;1250;1;1;1;2;6;582;AUTOROUTE A15;;;;950
2,016E+11;16;5;23;1330;1;1;1;2;2;6;AUTOROUTE A3;M;4886690;242530;930
2,016E+11;16;5;23;1400;1;1;1;2;7;27;AUTOROUTE A86;M;4892817;241758;930
2,016E+11;16;5;23;1350;1;1;1;2;3;78;AUTOROUTE A104;M;4896309;252225;930
2,016E+11;16;5;23;1905;1;1;1;1;3;395;RN 104;;;;950
2,016E+11;16;5;24;830;1;1;1;1;4;582;BD INTERCOMMUNAL PARISIS;M;4896250;226330;950
2,016E+11;16;5;23;2050;1;1;1;1;6;64;AUTOROUTE A86;M;4887258;248072;930
2,016E+11;16;5;19;1135;1;1;1;1;3;8;AUTOROUTE A86;M;4890827;245161;930
2,016E+11;16;5;23;1908;1;1;1;2;6;78;AUTOROUTE A104;M;4896418;252023;930
2,016E+11;16;5;23;1800;1;1;1;2;5;527;AUTOROUTE A1;;;;950
2,016E+11;16;5;23;1640;1;1;1;2;2;64;AUTOROUTE A86;M;4886426;248225;930
2,016E+11;16;5;23;1830;1;1;1;1;5;66;AUTOROUTE A86;M;4892093;237379;930
2,016E+11;16;5;18;2000;1;1;1;1;6;10;AUTOROUTE A3;M;4889707;246963;930
2,016E+11;16;5;18;1600;1;1;1;3;4;527;AUTOROUTE A1;;;;950
2,016E+11;16;5;18;1900;1;1;1;2;4;53;AUTOROUTE A3;M;4888335;245795;930
2,016E+11;16;5;25;650;1;1;1;1;4;7;AUTOROUTE A3;M;4894214;247816;930
2,016E+11;16;5;25;1000;1;1;1;1;2;582;AUTOROUTE A15;;;;950
2,016E+11;16;5;22;1240;1;1;1;1;3;27;AUTOROUTE A86;M;4892786;240958;930
2,016E+11;16;5;20;945;1;1;1;1;2;675;AUTOROUTE A1;;;;950
2,016E+11;16;5;26;1930;1;1;1;1;6;572;AUTOROUTE A15;;;;950
2,016E+11;16;2;27;1744;1;1;1;1;3;78;AUTOROUTE A104;M;4897101;249971;930
2,016E+11;16;5;27;1415;1;1;1;1;5;491;AUTOROUTE A115;;;;950
2,016E+11;16;5;27;1640;1;1;1;1;5;500;AUTOROUTE A15;;;;950
2,016E+11;16;5;28;430;3;1;1;1;7;582;AUTOROUTE A15;;;;950
2,016E+11;16;5;28;1110;1;1;1;1;2;351;RN 104;;;;950
2,016E+11;16;5;28;1500;1;1;1;3;6;18;AUTOROUTE A15;;;;950
2,016E+11;16;5;28;1600;1;1;1;2;2;53;AUTOROUTE A3;M;4889112;247331;930
2,016E+11;16;5;28;1815;1;1;1;2;4;78;AUTOROUTE A86;;;;920
2,016E+11;16;5;28;430;3;1;1;8;4;424;AUTOROUTE A15;;;;950
2,016E+11;16;5;29;210;5;1;1;1;6;8;AUTOROUTE A86;M;4891123;244085;930
2,016E+11;16;5;29;30;5;1;1;1;2;66;AUTOROUTE A1;M;4892115;235741;930
2,016E+11;16;5;28;2030;1;1;1;2;5;582;AUTOROUTE A15;;;;950
2,016E+11;16;5;29;1100;1;1;1;1;6;27;AUTOROUTE A86;M;4892337;238337;930
2,016E+11;16;5;30;840;1;1;1;3;6;582;AUTOROUTE A15;;;;950
2,016E+11;16;5;30;1130;1;1;1;3;6;18;AUTOROUTE A15;;;;950
2,016E+11;16;5;30;2120;3;1;1;2;7;27;AUTOROUTE A86;M;4892846;241633;930
2,016E+11;16;5;30;2355;3;1;1;2;2;252;AUTOROUTE A115;;;;950
2,016E+11;16;5;30;2320;3;1;1;3;3;582;AUTOROUTE A15;;;;950
2,016E+11;16;5;31;550;2;1;1;3;6;27;AUTOROUTE A86;M;4892856;241493;930
2,016E+11;16;5;2;920;1;1;1;1;4;8;AUTOROUTE A86;M;4890826;245161;930
2,016E+11;16;5;24;1650;1;1;1;1;2;7;AUTOROUTE A1;M;4894628;244190;930
2,016E+11;16;5;29;1905;1;1;1;1;4;63;AUTOROUTE A3;M;4887806;244575;930
2,016E+11;16;5;31;2200;3;1;1;2;7;277;AUTOROUTE A104;M;4897350;248590;950
2,016E+11;16;5;31;2140;3;1;1;2;6;27;AUTOROUTE A86;M;4892774;240983;930
2,016E+11;16;5;31;2315;3;1;1;2;6;66;AUTOROUTE A1;M;4893447;239765;930
2,016E+11;16;5;11;1915;1;1;1;1;7;36;AUTOROUTE A86;;;;920
2,016E+11;16;5;31;1830;1;1;1;2;3;582;AUTOROUTE A15;;;;950
2,016E+11;16;5;31;2040;1;1;1;2;7;64;AUTOROUTE A103;M;4888458;249093;930
2,016E+11;16;6;1;1415;1;1;1;1;7;612;AUTOROUTE A1;M;4918842;260415;600
2,016E+11;16;6;1;50;3;1;1;2;6;607;AUTOROUTE A115;;;;950
2,016E+11;16;6;1;1800;1;1;1;3;5;612;AUTOROUTE A1;M;4919538;260397;600
2,016E+11;16;6;1;1900;1;1;1;2;2;63;AUTOROUTE A3;M;4887780;244519;930
2,016E+11;16;6;2;1635;1;1;1;1;1;78;AUTOROUTE A104;M;4896357;255094;930
2,016E+11;16;6;2;1700;1;1;1;2;5;10;AUTOROUTE A3;M;4888903;247392;930
2,016E+11;16;6;3;915;1;1;1;1;3;18;AUTOROUTE A15;;;;950
2,016E+11;16;6;3;1015;1;1;1;2;1;66;AUTOROUTE A1;M;4891899;235729;930
2,016E+11;16;4;30;600;2;1;1;1;6;5;AUTOROUTE A3;M;4893780;247988;930
2,016E+11;16;6;3;1515;1;1;1;1;6;394;ROUTE NATIONALE 184;;;;950
2,016E+11;16;6;3;1715;1;1;1;1;2;572;AUTOROUTE A15;;;;950
2,016E+11;16;6;3;1450;1;1;1;1;2;63;AUTOROUTE A3;M;4887835;244648;930
2,016E+11;16;6;3;2230;3;1;1;1;4;53;AUTOROUTE A3;M;4889491;247105;930
2,016E+11;16;6;3;1945;1;1;1;1;7;78;AUTOROUTE A104;M;4896342;252122;930
2,016E+11;16;6;4;1045;1;1;1;1;2;5;AUTOROUTE A3;M;4895009;247483;930
2,016E+11;16;4;24;2045;1;1;1;1;6;582;AUTOROUTE A15;;;;950
2,016E+11;16;3;9;930;1;1;1;1;3;36;AUTOROUTE A86;;;;920
2,016E+11;16;6;1;840;1;1;1;2;5;252;AUTOROUTE A15;;;;950
2,016E+11;16;6;5;300;3;1;1;2;6;27;AUTOROUTE A86;M;4892817;241761;930
2,016E+11;16;6;5;855;1;1;1;2;6;582;AUTOROUTE A15;;;;950
2,016E+11;16;6;5;645;1;1;1;2;6;27;AUTOROUTE A86;M;4892911;255004;930
2,016E+11;16;6;5;655;1;1;1;2;1;27;AUTOROUTE A86;M;4892829;241227;930
2,016E+11;16;6;5;1100;1;1;1;1;1;27;AUTOROUTE A86;M;4892774;240983;930
2,016E+11;16;6;1;545;1;1;1;3;5;277;AUTOROUTE A104;M;4897280;248720;950
2,016E+11;16;6;5;1155;1;1;1;1;1;48;AUTOROUTE A3;M;4887179;243337;930
2,016E+11;16;6;1;1015;1;1;1;1;6;18;AUTOROUTE A15;;;;950