Num_Acc;an;mois;jour;hrmn;lum;agg;int;atm;col;com;adr;gps;lat;long;dep
2,016E+11;16;11;20;2135;3;1;1;3;5;27;AUTOROUTE A86;;;;930
2,016E+11;16;11;20;2200;3;1;1;2;6;18;AUTOROUTE A15;;;;950
2,016E+11;16;11;20;2130;3;1;1;3;6;27;AUTOROUTE A86;;;;930
2,016E+11;16;11;21;1;3;1;1;2;7;36;AUTOROUTE A15;;;;920
2,016E+11;16;11;19;1645;1;1;1;1;2;36;AUTOROUTE A15;;;;920
2,016E+11;16;11;20;2030;5;1;1;2;6;212;AUTOROUTE A1;;;;950
2,016E+11;16;11;19;1915;2;1;1;1;2;13;AUTOROUTE A1;;;;930
2,016E+11;16;11;20;1630;2;1;1;3;6;572;AUTOROUTE A15;;;;950
2,016E+11;16;11;20;1900;2;1;1;3;6;66;AUTOROUTE A86;;;;930
2,016E+11;16;11;19;1300;1;1;1;1;2;500;AUTOROUTE A15;;;;950
2,016E+11;16;11;20;1955;5;1;1;1;6;66;AUTOROUTE A1;;;;930
2,016E+11;16;11;15;935;1;1;1;1;4;18;AUTOROUTE A15;;;;950
2,016E+11;16;11;15;950;1;1;1;1;6;64;AUTOROUTE A86;;;;930
2,016E+11;16;11;18;930;1;1;1;1;5;252;AUTOROUTE A15;;;;950
2,016E+11;16;11;21;1415;1;1;1;1;6;64;AUTOROUTE A103;;;;930
2,016E+11;16;11;21;1900;3;1;1;1;2;10;AUTOROUTE A3;;;;930
2,016E+11;16;11;22;700;3;1;1;1;3;7;AUTOROUTE A3;;;;930
2,016E+11;16;11;10;1100;1;1;1;2;6;18;AUTOROUTE A15;;;;950
2,016E+11;16;11;19;1450;1;1;1;1;2;66;AUTOROUTE A1;;;;930
2,016E+11;16;11;21;1900;2;1;1;1;4;53;AUTOROUTE A86;;;;930
2,016E+11;16;11;23;156;3;1;1;3;6;582;BD INERCOMMUNAL PARISIS;M;4896240;226280;950
2,016E+11;16;11;23;610;5;1;1;3;6;10;AUTOROUTE A3;;;;930
2,016E+11;16;11;23;655;3;1;1;3;3;572;AUTOROUTE A15;;;;950
2,016E+11;16;11;23;810;1;1;1;2;3;66;AUTOROUTE A1;;;;930
2,016E+11;16;11;23;1630;1;1;1;1;6;64;AUTOROUTE A86;;;;930
2,016E+11;16;11;23;1915;5;1;1;1;6;66;AUTOROUTE A1;;;;930
2,016E+11;16;11;12;1920;3;1;1;2;7;36;AUTOROUTE A15;;;;920
2,016E+11;16;11;24;530;3;1;1;1;6;78;AUTOROUTE A104;;;;930
2,016E+11;16;11;18;2020;3;1;1;1;4;36;AUTOROUTE A15;;;;920
2,016E+11;16;11;24;1750;3;1;1;1;2;488;AUTOROUTE A15;;;;950
2,016E+11;16;11;24;1715;3;1;1;1;6;218;AUTOROUTE A15;;;;950
2,016E+11;16;11;24;1935;3;1;1;1;4;66;AUTOROUTE A1;;;;930
2,016E+11;16;11;7;1425;1;1;1;1;4;66;AUTOROUTE A86;;;;930
2,016E+11;16;11;26;19;3;1;1;1;6;394;ROUTE NATIONALE 184;;;;950
2,016E+11;16;11;26;850;1;1;1;1;6;8;AUTOROUTE A86;;;;930
2,016E+11;16;11;25;1820;2;1;1;1;4;572;AUTOROUTE A15;;;;950
2,016E+11;16;11;27;1525;1;1;1;8;2;78;AUTOROUTE A104;;;;930
2,016E+11;16;11;26;2010;2;1;1;1;7;641;AUTOROUTE A1;;;;950
2,016E+11;16;11;28;745;3;1;1;1;7;494;AUTOROUTE A1;M;4913897;256912;600
2,016E+11;16;11;28;1845;3;1;1;1;5;572;ROUTE NATIONALE 184;;;;950
2,016E+11;16;11;29;1035;1;1;1;1;2;572;ROUTE NATIONALE 184;;;;950
2,016E+11;16;11;29;1420;1;1;1;1;6;7;AUTOROUTE A1;;;;930
2,016E+11;16;11;29;1455;1;1;1;1;2;78;AUTOROUTE A104;;;;930
2,016E+11;16;11;29;1430;1;1;1;1;3;27;AUTOROUTE A1;;;;930
2,016E+11;16;11;30;1740;5;1;1;1;1;10;AUTOROUTE A3;;;;930
2,016E+11;16;11;30;1430;1;1;1;1;4;5;AUTOROUTE A3;;;;930
2,016E+11;16;11;30;1920;5;1;1;1;2;582;BD INTERCOMMUNAL PARISIS;M;4896410;226790;950
2,016E+11;16;12;1;1130;1;1;1;1;4;18;AUTOROUTE A15;;;;950
2,016E+11;16;12;1;1140;1;1;1;1;3;48;AUTOROUTE A3;;;;930
2,016E+11;16;12;1;2330;3;1;1;1;3;365;RN 104;;;;950
2,016E+11;16;8;26;1810;1;1;4;1;3;48;AUTOROUTE A3;M;4886992;243039;930
2,016E+11;16;12;3;240;3;1;1;1;6;6;AUTOROUTE A3;;;;930
2,016E+11;16;12;3;405;3;1;1;1;6;582;BD INTERCOMMUNAL DU PARI;M;4896770;227410;950
2,016E+11;16;12;3;1430;1;1;1;1;2;277;AUTOROUTE A104;M;4897350;248590;950
2,016E+11;16;12;3;1330;1;1;1;1;4;66;AUTOROUTE A1;;;;930
2,016E+11;16;12;3;1715;3;1;1;1;2;252;AUTOROUTE A15;;;;950
2,016E+11;16;12;3;2150;3;1;1;1;6;572;AUTOROUTE A15;;;;950
2,016E+11;16;12;3;2250;3;1;1;1;2;73;AUTOROUTE A104;;;;930
2,016E+11;16;12;2;1835;1;1;1;1;4;78;AUTOROUTE A104;;;;930
2,016E+11;16;12;4;1320;1;1;1;1;4;66;AUTOROUTE A1;;;;930
2,016E+11;16;12;4;1830;3;1;1;1;6;27;AUTOROUTE A86;;;;930
2,016E+11;16;12;4;315;3;1;1;1;2;13;AUTOROUTE A1;;;;930
2,016E+11;16;12;4;340;3;1;1;1;6;64;AUTOROUTE A86;;;;930
2,016E+11;16;12;5;915;1;1;1;1;2;66;AUTOROUTE A1;;;;930
2,016E+11;16;12;5;1630;1;1;1;1;6;63;AUTOROUTE A3;;;;930
2,016E+11;16;12;5;1730;1;1;1;1;6;252;AUTOROUTE A15;;;;950
2,016E+11;16;12;5;1830;3;1;1;1;3;27;AUTOROUTE A86;;;;930
2,016E+11;16;12;6;830;1;1;1;1;2;66;AUTOROUTE A1;;;;930
2,016E+11;16;12;6;1400;1;1;1;1;2;582;AUTOROUTE A15;;;;950
2,016E+11;16;12;6;1500;1;1;1;1;2;572;ROUTE NATIONALE 184;;;;950
2,016E+11;16;12;6;1830;3;1;1;1;7;48;AUTOROUTE A3;;;;930
2,016E+11;16;12;6;2030;2;1;1;1;6;28;RN 104;;;;950
2,016E+11;16;12;7;800;1;1;1;1;2;582;AUTOROUTE A15;;;;950
2,016E+11;16;11;16;900;1;1;1;1;4;48;AUTOROUTE A3;;;;930
2,016E+11;16;12;4;830;1;1;1;1;3;78;AUTOROUTE A104;;;;930
2,016E+11;16;12;7;1410;1;1;1;1;2;5;AUTOROUTE A3;;;;930
2,016E+11;16;12;1;1400;1;1;1;1;4;66;AUTOROUTE A1;;;;930
2,016E+11;16;12;8;700;3;1;1;1;4;66;AUTOROUTE A1;;;;930
2,016E+11;16;12;10;110;3;1;1;1;6;241;AUTOROUTE A1;M;4915844;259303;600
2,016E+11;16;12;10;155;4;1;1;1;2;7;AUTOROUTE A1;;;;930
2,016E+11;16;12;10;1420;1;1;1;1;3;64;AUTOROUTE A86;;;;930
2,016E+11;16;12;9;210;5;1;1;1;4;66;AUTOROUTE A1;;;;930
2,016E+11;16;12;10;2300;3;1;1;1;2;73;AUTOROUTE A104;;;;930
2,016E+11;16;12;11;550;3;1;1;1;6;66;AUTOROUTE A1;;;;930
2,016E+11;16;12;11;615;3;1;1;9;6;306;AUTOROUTE A15;;;;950
2,016E+11;16;12;11;745;2;1;1;1;3;36;AUTOROUTE A15;;;;920
2,016E+11;16;12;11;1700;2;1;1;5;3;241;RN 104;;;;950
2,016E+11;16;12;11;1545;1;1;1;1;3;10;AUTOROUTE A3;;;;930
2,016E+11;16;12;11;1830;3;1;1;1;5;13;AUTOROUTE A1;;;;930
2,016E+11;16;12;11;1215;1;1;1;1;4;572;AUTOROUTE A15;;;;950
2,016E+11;16;12;12;935;1;1;1;1;3;582;AUTOROUTE A115;;;;950
2,016E+11;16;12;12;1030;1;1;1;1;2;66;AUTOROUTE A1;;;;930
2,016E+11;16;12;10;1940;1;1;1;1;2;500;AUTOROUTE A15;;;;950
2,016E+11;16;12;12;1840;5;1;1;2;2;555;BD INTERCOMMUNAL PARISIS;M;4897510;227830;950
2,016E+11;16;12;13;815;1;1;1;1;6;394;AUTOROUTE A115;;;;950
2,016E+11;16;12;13;855;1;1;1;2;6;582;AUTOROUTE A15;;;;950
2,016E+11;16;12;13;850;1;1;1;2;2;64;AUTOROUTE A86;;;;930
2,016E+11;16;12;10;1045;1;1;1;5;3;5;AUTOROUTE A3;;;;930
2,016E+11;16;12;10;710;3;1;1;1;6;394;AUTOROUTE A115;;;;950
2,016E+11;16;12;13;1715;3;1;1;1;2;78;AUTOROUTE A104;;;;930
2,016E+11;16;12;14;720;1;1;1;1;3;66;AUTOROUTE A86;;;;930
2,016E+11;16;12;14;800;1;1;1;1;2;527;AUTOROUTE A1;;;;950
2,016E+11;16;12;13;1540;1;1;1;1;3;7;AUTOROUTE A1;;;;930
2,016E+11;16;12;4;1000;1;1;1;1;6;36;AUTOROUTE A15;;;;920
2,016E+11;16;12;14;2215;3;1;1;1;6;572;ROUTE NATIONALE 184;;;;950
2,016E+11;16;12;15;1610;1;1;1;1;7;572;AUTOROUTE A15;;;;950
2,016E+11;16;12;15;915;2;1;1;1;2;36;AUTOROUTE A15;;;;920
2,016E+11;16;12;14;1350;1;1;1;1;6;5;AUTOROUTE A3;;;;930
2,016E+11;16;12;14;1920;3;1;1;1;5;8;AUTOROUTE A86;;;;930
2,016E+11;16;12;15;835;1;1;1;1;4;500;AUTOROUTE A15;;;;950
2,016E+11;16;12;16;600;1;1;1;1;3;28;RN 104;;;;950
2,016E+11;16;12;16;720;3;1;1;1;7;36;AUTOROUTE A86;;;;920
2,016E+11;16;12;16;800;1;1;1;1;2;5;AUTOROUTE A1;;;;930
2,016E+11;16;12;16;830;1;1;1;1;3;6;AUTOROUTE A3;;;;930
2,016E+11;16;12;16;1845;3;1;1;1;2;28;RN 104;;;;950
2,016E+11;16;12;17;340;5;1;1;1;2;219;AUTOROUTE A115;;;;950
2,016E+11;16;12;16;1640;1;1;1;1;6;48;AUTOROUTE A3;;;;930
2,016E+11;16;12;17;1530;1;1;1;1;2;64;AUTOROUTE A86;;;;930
2,016E+11;16;12;17;308;3;1;1;1;2;66;AUTOROUTE A1;;;;930
2,016E+11;16;12;18;1830;1;1;1;1;1;5;AUTOROUTE A3;;;;930
2,016E+11;16;12;19;2130;3;1;1;2;2;572;ROUTE NATIONALE 184;;;;950
2,016E+11;16;12;19;2225;3;1;1;1;6;78;AUTOROUTE A86;;;;920
2,016E+11;16;12;6;1730;3;1;1;1;2;78;AUTOROUTE A104;;;;930
2,016E+11;16;12;20;1700;2;1;1;1;3;5;AUTOROUTE A104;;;;930
2,016E+11;16;12;19;1350;1;1;1;1;3;5;AUTOROUTE A3;;;;930
2,016E+11;16;12;21;2330;3;1;1;3;2;18;AUTOROUTE A15;;;;950
2,016E+11;16;12;22;115;3;1;1;3;6;277;AUTOROUTE A104;M;4897350;248590;950
2,016E+11;16;12;22;1130;1;1;1;2;3;6;AUTOROUTE A3;;;;930
2,016E+11;16;12;22;1645;1;1;1;8;6;53;AUTOROUTE A103;;;;930
2,016E+11;16;12;22;1310;1;1;1;1;6;53;AUTOROUTE A103;;;;930
2,016E+11;16;12;21;2050;5;1;1;1;6;66;AUTOROUTE A1;;;;930
2,016E+11;16;12;22;1615;1;1;1;1;3;154;AUTOROUTE A1;;;;950
2,016E+11;16;12;23;520;3;1;1;5;2;277;AUTOROUTE A1;;;;950
2,016E+11;16;12;21;2050;3;1;1;2;5;6;AUTOROUTE A3;;;;930
2,016E+11;16;12;22;1600;1;1;1;1;7;365;RN 104;;;;950
2,016E+11;16;12;24;720;3;1;1;1;2;5;AUTOROUTE A104;;;;930
2,016E+11;16;12;24;1000;1;1;1;1;7;5;AUTOROUTE A3;;;;930
2,016E+11;16;12;24;1040;1;1;1;1;6;27;AUTOROUTE A86;;;;930
2,016E+11;16;12;22;845;1;1;1;2;3;582;AUTOROUTE A15;;;;950
2,016E+11;16;12;24;2000;4;1;1;1;4;5;AUTOROUTE A3;;;;930
2,016E+11;16;12;26;1335;1;1;1;1;6;203;BD INTERCOMMUNAL PARISIS;M;4897740;228720;950
2,016E+11;16;12;26;1530;1;1;1;1;4;27;AUTOROUTE A1;;;;930
2,016E+11;16;12;26;1730;4;1;1;1;3;66;AUTOROUTE A1;;;;930
2,016E+11;16;12;26;1300;1;1;1;1;6;64;AUTOROUTE A103;;;;930
2,016E+11;16;12;27;1435;1;1;1;1;2;18;AUTOROUTE A15;;;;950
2,016E+11;16;12;27;930;1;1;1;1;2;8;AUTOROUTE A86;;;;930
2,016E+11;16;12;28;1910;3;1;1;1;6;212;RN 104;;;;950
2,016E+11;16;12;29;1020;1;1;1;1;7;151;RN 104;;;;950
2,016E+11;16;12;30;1045;1;1;1;5;3;277;AUTOROUTE 104;M;4897280;248720;950
2,016E+11;16;12;30;2338;3;1;1;5;5;5;AUTOROUTE A3;;;;930
2,016E+11;16;12;31;220;4;1;1;1;5;39;AUTOROUTE A86;;;;930
2,016E+11;16;12;31;1445;1;1;1;2;6;27;AUTOROUTE A86;;;;930
2,016E+11;16;12;26;1756;3;1;1;1;2;78;AUTOROUTE A86;;;;920
2,016E+11;16;12;31;2100;3;1;1;1;7;1;AUTOROUTE A86;;;;930
2,016E+11;16;12;31;2156;4;1;1;1;6;29;AUTOROUTE A86;;;;930
2,016E+11;16;12;31;2215;3;1;1;9;6;27;AUTOROUTE A86;;;;930
2,016E+11;16;1;1;2105;5;1;1;8;3;63;A86;;;;920
2,016E+11;16;1;2;1522;1;1;1;2;2;498;A13;;;;780
2,016E+11;16;1;2;1810;1;1;1;1;6;43;A12 W;;;;780
2,016E+11;16;1;2;2305;3;1;1;2;2;466;A13;;;;780
2,016E+11;16;1;3;1840;3;1;1;2;2;43;A13W;;;;780
2,016E+11;16;1;3;2032;3;1;1;2;6;50;A86;;;;920
2,016E+11;16;1;3;2055;3;1;1;2;5;50;A86;;;;920
2,016E+11;16;1;3;2105;3;1;1;2;7;63;A86;;;;920
2,016E+11;16;1;4;600;3;1;1;1;3;140;A13;;;;780
2,016E+11;16;1;4;1742;2;1;1;1;4;73;A12 Y;;;;780
2,016E+11;16;1;5;1115;1;1;1;1;3;118;A13;;;;780
2,016E+11;16;1;6;1555;1;1;1;1;5;29;A13Y;;;;780
2,016E+11;16;1;6;1743;5;1;1;8;2;50;A86;;;;920
2,016E+11;16;1;7;801;3;1;1;2;1;402;A13;;;;780
2,016E+11;16;1;8;1133;1;1;1;1;2;64;A13;;;;920
2,016E+11;16;1;8;1808;2;1;1;1;1;117;RN12;;;;780
2,016E+11;16;1;8;2005;3;1;1;1;3;25;A86;;;;920
2,016E+11;16;1;9;1250;1;1;1;1;6;140;A13;;;;780
2,016E+11;16;1;9;1810;5;1;1;1;2;50;A14;;;;920
2,016E+11;16;1;9;2137;4;1;1;3;6;291;A13;;;;780
2,016E+11;16;1;10;2239;3;1;1;8;3;423;A12 W;;;;780
2,016E+11;16;1;10;2305;3;1;1;1;2;455;A13;;;;780
2,016E+11;16;1;12;855;1;1;1;2;7;47;A13;;;;920
2,016E+11;16;1;12;945;1;1;1;2;6;73;N12Y;;;;780
2,016E+11;16;1;12;1658;4;1;1;1;5;50;A86;;;;920
2,016E+11;16;1;12;1930;3;1;1;1;2;640;N118;;;;780
2,016E+11;16;1;13;630;3;1;1;1;6;297;RN12;;;;780
2,016E+11;16;1;13;927;1;1;1;1;4;64;A13;;;;920
2,016E+11;16;1;14;725;3;1;1;2;6;291;A13;;;;780
2,016E+11;16;1;14;926;1;1;1;2;6;72;N118;;;;920
2,016E+11;16;1;14;1005;1;1;1;2;6;48;N118;;;;920
2,016E+11;16;1;14;1650;1;1;1;4;7;490;RN12 EXT;;;;780
2,016E+11;16;1;15;752;5;1;1;2;5;242;A12 W;;;;780
2,016E+11;16;1;15;1820;3;1;1;1;3;423;RN12;;;;780
2,016E+11;16;1;15;1950;5;1;1;1;5;23;RN385;;;;920
2,016E+11;16;1;15;2000;3;1;1;1;6;126;A13;;;;780
2,016E+11;16;1;16;640;3;1;1;1;7;646;RN12;;;;780
2,016E+11;16;1;16;836;1;1;1;1;6;423;RN12;;;;780
2,016E+11;16;1;17;732;2;1;1;1;6;64;A13;;;;920
2,016E+11;16;1;17;2100;3;1;1;1;2;206;A13;;;;780
2,016E+11;16;1;17;2300;5;1;1;1;1;60;RN385;;;;920
2,016E+11;16;1;18;55;3;1;1;1;6;321;RN12 INT;;;;780
2,016E+11;16;1;18;940;1;1;1;1;4;50;A86;;;;920
2,016E+11;16;1;20;1012;1;1;1;1;2;51;RN13;;;;920
2,016E+11;16;1;20;1530;1;1;1;1;5;242;A12 Y;;;;780
2,016E+11;16;1;21;1355;1;1;1;1;2;50;A86;;;;920
2,016E+11;16;1;22;902;1;1;1;1;3;36;A86;;;;920
2,016E+11;16;1;22;1525;1;1;1;2;2;50;A86;;;;920
2,016E+11;16;1;22;1630;2;1;1;2;2;50;A86;;;;920
2,016E+11;16;1;23;1220;1;1;1;1;6;640;RN12 INT;;;;780
2,016E+11;16;1;24;400;5;1;1;2;3;12;A13;;;;920
2,016E+11;16;1;24;1050;1;1;1;8;6;36;A86;;;;920
2,016E+11;16;1;24;1913;2;1;1;1;2;238;A13;;;;780
2,016E+11;16;1;25;807;1;1;1;1;2;43;A12 W;;;;780
2,016E+11;16;1;25;850;2;1;1;1;2;498;A13;;;;780
2,016E+11;16;1;24;917;1;1;1;1;2;423;RN12;;;;780
2,016E+11;16;1;27;1000;1;1;1;2;7;50;A14;;;;920
2,016E+11;16;1;28;756;1;1;1;1;2;217;A13;;;;780
2,016E+11;16;1;28;2210;3;1;1;1;7;90;A13;;;;780
2,016E+11;16;1;30;220;5;1;1;2;3;50;A86;;;;920
2,016E+11;16;1;31;41;3;1;1;2;2;322;RN12 EXT;;;;780
2,016E+11;16;2;1;715;3;1;1;1;2;524;A13;;;;780
2,016E+11;16;2;2;1355;1;1;1;1;7;48;N118;;;;920
2,016E+11;16;2;3;910;1;1;1;1;2;62;RN1014 W;;;;920
2,016E+11;16;2;3;1040;1;1;1;1;2;48;N118;;;;920
2,016E+11;16;2;4;900;1;1;1;1;4;7;A13W;;;;780
2,016E+11;16;2;4;1800;3;1;1;2;5;640;A86 EXT;;;;780
2,016E+11;16;2;6;256;3;1;1;1;7;63;A86;;;;920
2,016E+11;16;2;7;330;3;1;1;2;6;29;A13Y;;;;780
2,016E+11;16;2;7;530;3;1;1;1;5;466;A13;;;;780
2,016E+11;16;2;7;810;1;1;1;8;6;36;A86;;;;920
2,016E+11;16;2;7;1545;1;1;1;1;3;90;A13;;;;780
2,016E+11;16;2;8;28;3;1;1;6;3;640;A86 INT;;;;780
2,016E+11;16;2;8;318;3;1;1;6;7;29;A13Y;;;;780
2,016E+11;16;2;8;850;1;1;1;1;6;242;A12 W;;;;780
2,016E+11;16;2;8;908;1;1;1;8;4;545;A12 Y;;;;780
2,016E+11;16;2;8;938;1;1;1;1;1;25;A86;;;;920
2,016E+11;16;2;8;1615;1;1;1;2;6;25;A86;;;;920
2,016E+11;16;2;8;2025;3;1;1;1;3;640;N118;;;;780
2,016E+11;16;2;8;2027;3;1;1;2;3;291;A13;;;;780
2,016E+11;16;2;9;915;1;2;1;1;2;51;RN13;;;;920
2,016E+11;16;2;9;943;1;1;1;2;6;423;RN12;;;;780
2,016E+11;16;2;10;205;5;1;1;1;6;50;A86;;;;920
2,016E+11;16;2;10;803;1;1;1;1;6;43;A12 W;;;;780
2,016E+11;16;2;10;857;1;1;1;1;5;25;A86;;;;920
2,016E+11;16;2;10;1850;3;1;1;1;3;640;A86 EXT;;;;780
2,016E+11;16;2;11;727;1;1;1;2;6;47;A13;;;;920
2,016E+11;16;2;11;900;1;1;1;1;2;48;N118;;;;920
2,016E+11;16;2;12;250;3;1;1;1;6;90;A13;;;;780
2,016E+11;16;2;12;1520;1;1;1;2;7;50;A86;;;;920
2,016E+11;16;2;14;5;3;1;1;1;2;7;A13W;;;;780
2,016E+11;16;2;16;825;1;1;1;1;2;545;A12 W;;;;780
2,016E+11;16;2;16;1450;1;1;1;1;6;545;A12 Y;;;;780
2,016E+11;16;2;17;720;5;1;1;1;1;63;A86;;;;920
2,016E+11;16;2;17;1700;1;1;1;1;4;64;A13;;;;920
2,016E+11;16;2;18;945;1;1;1;1;2;25;A86;;;;920
2,016E+11;16;2;18;910;1;1;1;8;5;640;A86 EXT;;;;780
2,016E+11;16;2;18;1850;5;1;1;1;7;60;RN385;;;;920
2,016E+11;16;2;18;2228;3;1;1;2;6;423;RN12;;;;780
2,016E+11;16;2;19;1637;1;1;1;1;1;50;A14;;;;920
2,016E+11;16;2;22;850;1;1;1;1;1;50;A86;;;;920
2,016E+11;16;2;22;953;1;1;1;1;2;640;A86 INT;;;;780
2,016E+11;16;2;22;1237;1;1;1;1;6;646;RN12;;;;780
2,016E+11;16;2;23;907;1;1;1;2;3;36;A86;;;;920
2,016E+11;16;2;24;946;1;1;1;1;3;322;RN12;;;;780
2,016E+11;16;2;24;1748;1;1;1;2;5;73;N12Y;;;;780
2,016E+11;16;2;24;1850;5;1;1;1;2;242;A12 W;;;;780
2,016E+11;16;2;24;2310;3;1;1;1;6;206;A13;;;;780
2,016E+11;16;2;25;1509;1;1;1;1;6;43;A12 W;;;;780
2,016E+11;16;2;27;1315;1;1;1;1;2;47;A13;;;;920
2,016E+11;16;2;28;2335;3;1;1;1;6;322;RN12 EXT;;;;780
2,016E+11;16;2;29;920;1;1;1;1;4;362;A13;;;;780
2,016E+11;16;3;1;1146;1;1;1;1;6;646;RN12;;;;780
2,016E+11;16;3;2;2235;3;1;1;2;3;158;A13;;;;780
2,016E+11;16;3;4;720;2;1;1;2;3;47;A13;;;;920
2,016E+11;16;3;4;910;1;1;1;1;1;47;A13;;;;920
2,016E+11;16;3;4;2110;3;1;1;3;2;640;N118;;;;780
2,016E+11;16;3;5;1120;1;1;1;8;6;490;RN12 INT;;;;780
2,016E+11;16;3;5;1700;1;1;1;1;4;571;A13;;;;780
2,016E+11;16;3;6;1350;1;1;1;1;6;36;A86;;;;920
2,016E+11;16;3;6;1630;1;1;1;1;2;291;A13;;;;780
2,016E+11;16;3;7;1015;1;1;1;2;5;43;A12 W;;;;780
2,016E+11;16;3;8;2030;5;1;1;1;6;73;A12 W;;;;780
2,016E+11;16;3;9;755;1;1;1;2;5;36;A86;;;;920
2,016E+11;16;3;9;1125;1;1;1;2;6;423;N12W;;;;780
2,016E+11;16;3;10;1949;3;1;1;1;1;640;A86 INT;;;;780
2,016E+11;16;3;11;855;1;1;1;1;1;490;RN12 EXT;;;;780
2,016E+11;16;3;11;835;1;1;1;1;2;36;A86;;;;920
2,016E+11;16;3;12;1627;1;1;1;1;5;25;A86;;;;920
2,016E+11;16;3;13;525;5;1;1;1;2;50;A14;;;;920
2,016E+11;16;3;14;729;1;1;1;1;1;423;N12W;;;;780
2,016E+11;16;3;14;800;1;1;1;1;2;48;N118;;;;920
2,016E+11;16;3;15;1653;1;1;1;1;5;63;A86;;;;920
2,016E+11;16;3;16;1110;1;1;1;1;2;118;A13;;;;780
2,016E+11;16;3;16;1635;1;1;1;1;2;25;A86;;;;920
2,016E+11;16;3;16;1820;5;1;1;1;2;50;A14;;;;920
2,016E+11;16;3;16;1821;1;1;1;1;3;48;N118;;;;920
2,016E+11;16;3;18;636;1;1;1;1;6;291;A13;;;;780
2,016E+11;16;3;18;2110;3;1;1;1;2;133;A13;;;;780
2,016E+11;16;3;20;644;1;1;1;1;1;47;A13;;;;920
2,016E+11;16;3;21;900;1;1;1;1;4;571;A13;;;;780
2,016E+11;16;3;23;810;1;1;1;1;1;640;RN12 INT;;;;780
2,016E+11;16;3;23;1610;1;1;1;1;2;238;A13;;;;780
2,016E+11;16;3;24;641;1;1;1;1;1;47;A13;;;;920
2,016E+11;16;3;24;842;1;1;1;1;3;63;A86;;;;920
2,016E+11;16;3;24;830;1;1;1;1;5;423;RN12 EXT;;;;780
2,016E+11;16;3;24;900;1;1;1;1;1;25;A86;;;;920
2,016E+11;16;3;25;905;1;1;1;2;2;50;A14;;;;920
2,016E+11;16;3;25;1036;1;1;1;2;3;25;A86;;;;920
2,016E+11;16;3;25;930;1;1;1;2;7;51;RN13;;;;920
2,016E+11;16;3;25;1339;1;1;1;1;2;36;A86;;;;920
2,016E+11;16;3;25;1926;3;1;1;1;3;73;N12Y;;;;780
2,016E+11;16;3;26;1119;1;1;1;1;5;43;A12 W;;;;780
2,016E+11;16;3;26;1100;1;1;1;1;5;362;A13;;;;780
2,016E+11;16;3;27;2100;3;1;1;1;2;47;A13;;;;920
2,016E+11;16;3;27;2337;3;1;1;2;6;545;RN12;;;;780
2,016E+11;16;3;29;718;2;1;1;1;6;524;A13;;;;780
2,016E+11;16;3;30;735;1;1;1;1;1;62;A14;;;;920
2,016E+11;16;3;30;800;1;1;1;1;1;490;RN12 INT;;;;780
2,016E+11;16;3;30;840;1;1;1;1;1;50;A86;;;;920
2,016E+11;16;3;30;1930;2;1;1;2;2;36;A86;;;;920
2,016E+11;16;3;30;2000;3;1;1;2;3;25;A86;;;;920
2,016E+11;16;3;30;2150;3;1;1;2;2;466;A13;;;;780
2,016E+11;16;3;30;2250;1;1;1;1;2;47;A13;;;;920
2,016E+11;16;3;31;945;1;1;1;2;2;133;A13;;;;780
2,016E+11;16;4;1;1221;1;1;1;1;6;47;A13;;;;920
2,016E+11;16;3;31;1437;1;1;1;1;6;640;A86 EXT;;;;780
2,016E+11;16;3;31;1752;1;1;1;2;6;51;N13;;;;920
2,016E+11;16;3;31;1847;2;1;1;2;6;423;RN12;;;;780
2,016E+11;16;3;21;900;1;1;1;1;6;362;A13;;;;780
2,016E+11;16;3;21;900;1;1;1;1;4;291;A13;;;;780
2,016E+11;16;4;4;914;1;1;1;1;4;47;A13;;;;920
2,016E+11;16;4;1;1706;1;1;1;1;7;43;A13W;;;;780
2,016E+11;16;4;2;155;3;1;1;1;1;36;A86;;;;920
2,016E+11;16;4;3;515;4;1;1;1;6;206;A13;;;;780
2,016E+11;16;4;3;1840;1;1;1;1;6;158;A13;;;;780
2,016E+11;16;4;4;830;1;1;1;1;4;466;A13;;;;780
2,016E+11;16;4;4;1625;1;1;1;1;4;126;A86 DUPLEX;;;;780
2,016E+11;16;4;6;848;1;1;1;1;2;47;A13;;;;920
2,016E+11;16;4;6;950;1;1;1;1;5;48;N118;;;;920
2,016E+11;16;4;6;1733;1;1;1;2;4;48;N118;;;;920
2,016E+11;16;4;7;812;1;1;1;1;6;48;N118;;;;920
2,016E+11;16;4;7;918;1;1;1;1;1;490;RN12 INT;;;;780
2,016E+11;16;4;7;1325;1;1;1;2;4;640;N118;;;;780
2,016E+11;16;4;8;1515;1;1;1;1;3;238;A13;;;;780
2,016E+11;16;4;9;320;4;1;1;1;6;640;A86 EXT;;;;780
2,016E+11;16;4;9;645;2;1;1;1;4;466;A13;;;;780
2,016E+11;16;4;9;2250;4;1;1;1;2;640;A86 EXT;;;;780
2,016E+11;16;4;10;2230;3;1;1;1;6;73;RN12 INT;;;;780
2,016E+11;16;4;11;1800;1;1;1;2;6;217;A13;;;;780
2,016E+11;16;4;11;1814;1;1;1;1;2;640;A86 EXT;;;;780
2,016E+11;16;4;13;910;1;1;1;1;6;36;A86;;;;920
2,016E+11;16;4;13;610;1;1;1;1;2;25;A86;;;;920
2,016E+11;16;4;13;1125;1;1;1;1;1;640;N118;;;;780
2,016E+11;16;4;13;1830;1;1;1;1;6;64;A13;;;;920
2,016E+11;16;4;14;755;1;1;1;1;4;545;A12 W;;;;780
2,016E+11;16;4;15;928;1;1;1;1;2;62;A14;;;;920
2,016E+11;16;4;14;904;1;1;1;1;3;43;A12 Y;;;;780
2,016E+11;16;4;14;1304;1;1;1;1;3;25;A86;;;;920
2,016E+11;16;4;15;940;1;1;1;1;2;47;A13;;;;920
2,016E+11;16;4;16;922;1;1;1;1;4;47;A13;;;;920
2,016E+11;16;4;16;1620;1;1;1;1;1;50;A86;;;;920
2,016E+11;16;4;16;1628;1;1;1;8;6;571;A13;;;;780
2,016E+11;16;4;19;812;1;1;1;1;1;64;A13;;;;920
2,016E+11;16;4;21;1750;1;1;1;1;6;72;N118;;;;920
2,016E+11;16;4;22;758;1;1;1;1;6;47;A13;;;;920
2,016E+11;16;4;22;1715;1;1;1;1;1;455;A13;;;;780
2,016E+11;16;4;22;1833;1;1;1;1;4;64;A13;;;;920
2,016E+11;16;4;23;638;1;1;1;1;1;50;A86;;;;920
2,016E+11;16;4;23;1001;1;1;1;1;1;490;RN12 INT;;;;780
2,016E+11;16;4;24;238;3;1;1;1;3;48;N118;;;;920
2,016E+11;16;4;24;343;3;1;1;1;6;36;A86;;;;920
2,016E+11;16;4;24;1603;1;1;1;1;2;291;A13;;;;780
2,016E+11;16;4;25;1250;1;1;1;1;5;206;A13;;;;780
2,016E+11;16;4;26;1510;1;1;1;8;6;73;A12 Y;;;;780
2,016E+11;16;4;29;115;3;1;1;1;2;29;A13Y;;;;780
2,016E+11;16;4;29;1757;1;1;1;1;6;72;N118;;;;920
2,016E+11;16;4;30;1042;1;1;1;2;6;72;N118;;;;920
2,016E+11;16;5;3;607;5;1;1;1;2;50;A14;;;;920
2,016E+11;16;5;3;744;1;1;1;1;6;206;A13;;;;780
2,016E+11;16;5;3;844;1;1;1;1;1;64;A13;;;;920
2,016E+11;16;5;3;1156;1;1;1;1;5;455;A13;;;;780