Num_Acc;an;mois;jour;hrmn;lum;agg;int;atm;col;com;adr;gps;lat;long;dep
2,016E+11;16;5;3;1145;1;1;1;1;6;43;A13W;;;;780
2,016E+11;16;5;3;1920;1;1;1;1;6;50;A14;;;;920
2,016E+11;16;5;4;825;1;1;1;1;5;64;A13;;;;920
2,016E+11;16;5;4;838;1;1;1;1;1;47;A13;;;;920
2,016E+11;16;5;4;2330;3;1;1;1;7;117;RN12;;;;780
2,016E+11;16;5;5;530;5;1;1;1;6;50;A14;;;;920
2,016E+11;16;5;7;1822;1;1;1;1;6;646;RN12;;;;780
2,016E+11;16;5;8;844;1;1;1;1;7;455;A13;;;;780
2,016E+11;16;5;9;834;1;1;1;1;1;640;N118;;;;780
2,016E+11;16;5;9;1946;1;1;1;1;1;158;A13;;;;780
2,016E+11;16;5;9;2030;2;1;1;1;3;362;A13;;;;780
2,016E+11;16;5;11;1455;1;1;1;3;7;72;N118;;;;920
2,016E+11;16;5;13;50;5;1;1;2;6;64;N118;;;;920
2,016E+11;16;5;13;725;1;1;1;5;6;640;A86 EXT;;;;780
2,016E+11;16;5;13;1656;1;1;1;1;6;63;A86;;;;920
2,016E+11;16;5;14;10;3;1;1;1;6;25;A86;;;;920
2,016E+11;16;5;17;657;1;1;1;1;1;242;A12 W;;;;780
2,016E+11;16;5;17;819;1;1;1;1;3;455;A13;;;;780
2,016E+11;16;5;17;948;1;1;1;1;4;50;A86;;;;920
2,016E+11;16;5;19;1034;1;1;1;2;4;47;A13;;;;920
2,016E+11;16;5;20;739;1;1;1;1;3;23;RN385;;;;920
2,016E+11;16;5;21;1240;1;1;1;1;2;25;A86;;;;920
2,016E+11;16;5;21;1820;1;1;1;1;2;64;A13;;;;920
2,016E+11;16;5;22;525;3;1;1;8;6;545;A12 W;;;;780
2,016E+11;16;5;22;2115;1;1;1;1;7;423;RN12;;;;780
2,016E+11;16;5;25;1503;1;1;1;1;2;165;RN12 INT;;;;780
2,016E+11;16;5;27;35;5;1;1;1;6;50;A14;;;;920
2,016E+11;16;5;27;620;1;1;1;1;5;50;A86;;;;920
2,016E+11;16;5;27;2240;3;1;1;1;2;48;N118;;;;920
2,016E+11;16;5;28;2346;3;2;1;1;6;25;A86;;;;920
2,016E+11;16;5;29;635;1;1;1;2;7;7;A13 Y;;;;780
2,016E+11;16;5;29;820;1;1;1;1;6;242;A12 Y;;;;780
2,016E+11;16;5;29;1732;1;1;1;2;5;25;A86;;;;920
2,016E+11;16;6;1;810;1;1;1;2;6;26;RN1014 Y;;;;920
2,016E+11;16;5;31;1718;1;1;1;3;7;165;RN12 INT;;;;780
2,016E+11;16;5;31;2003;1;1;1;1;6;50;A14;;;;920
2,016E+11;16;5;31;2022;1;1;1;3;3;423;A12 Y;;;;780
2,016E+11;16;6;1;155;5;1;1;1;7;62;RN1013;;;;920
2,016E+11;16;6;1;740;1;1;1;2;1;50;A86;;;;920
2,016E+11;16;6;1;810;1;1;1;2;4;51;N13;;;;920
2,016E+11;16;6;1;2108;3;1;1;2;6;158;A13;;;;780
2,016E+11;16;6;2;2250;3;1;1;2;2;206;A13;;;;780
2,016E+11;16;6;3;1731;1;1;1;1;5;640;A86 EXT;;;;780
2,016E+11;16;6;3;2033;1;1;1;1;1;12;A13;;;;920
2,016E+11;16;6;4;4;3;1;1;2;6;640;RN12 INT;;;;780
2,016E+11;16;6;4;953;1;1;1;2;7;72;N118;;;;920
2,016E+11;16;6;6;2225;3;1;1;1;7;545;A12 Y;;;;780
2,016E+11;16;6;7;800;1;1;1;1;1;72;N118;;;;920
2,016E+11;16;6;7;920;1;1;1;1;5;63;A86;;;;920
2,016E+11;16;6;8;1027;1;1;1;1;2;498;A13;;;;780
2,016E+11;16;6;8;1650;1;1;1;1;2;117;RN12;;;;780
2,016E+11;16;6;8;1830;1;1;1;1;2;64;N118;;;;920
2,016E+11;16;6;8;1911;1;1;1;1;1;50;A86;;;;920
2,016E+11;16;6;8;1930;1;1;1;1;4;36;A86;;;;920
2,016E+11;16;6;8;2100;3;1;1;1;4;50;A14;;;;920
2,016E+11;16;6;9;1500;1;1;1;1;2;73;A12 W;;;;780
2,016E+11;16;6;9;1705;1;1;1;1;2;64;A13;;;;920
2,016E+11;16;6;9;1637;1;1;1;1;2;640;RN12 INT;;;;780
2,016E+11;16;6;9;2000;1;1;1;1;6;23;RN385;;;;920
2,016E+11;16;6;10;852;1;1;1;1;5;640;A86 EXT;;;;780
2,016E+11;16;6;10;1105;1;1;1;1;3;4;RN315 Y;;;;920
2,016E+11;16;6;11;1010;1;1;1;1;1;640;N118;;;;780
2,016E+11;16;6;11;1903;1;1;1;1;6;140;A13;;;;780
2,016E+11;16;6;12;2020;1;1;1;1;7;62;RN1014 W;;;;920
2,016E+11;16;6;13;350;5;1;1;1;6;498;A14;;;;780
2,016E+11;16;6;13;2035;1;1;1;1;6;291;A13;;;;780
2,016E+11;16;6;14;1223;1;1;1;1;5;646;RN12;;;;780
2,016E+11;16;6;14;1655;1;1;1;1;6;455;A13;;;;780
2,016E+11;16;6;15;609;2;1;1;2;6;646;RN12;;;;780
2,016E+11;16;6;16;730;1;1;1;1;6;466;A13;;;;780
2,016E+11;16;6;16;1705;1;1;1;8;3;362;A13;;;;780
2,016E+11;16;6;16;1820;1;1;1;1;7;72;N118;;;;920
2,016E+11;16;6;17;906;1;1;1;1;6;50;A14;;;;920
2,016E+11;16;6;17;1330;1;1;1;2;5;47;A13;;;;920
2,016E+11;16;6;17;1605;1;1;1;2;4;117;RN12;;;;780
2,016E+11;16;6;17;2130;3;1;1;2;1;233;A13;;;;780
2,016E+11;16;6;20;615;2;1;1;2;6;640;A86 EXT;;;;780
2,016E+11;16;6;20;1110;1;1;1;1;2;47;A13;;;;920
2,016E+11;16;6;20;1902;1;1;1;2;4;43;A13Y;;;;780
2,016E+11;16;6;21;743;1;1;1;1;1;47;A13;;;;920
2,016E+11;16;6;21;934;1;1;1;2;1;117;RN12;;;;780
2,016E+11;16;6;21;1700;1;1;1;1;2;640;RN12 INT;;;;780
2,016E+11;16;6;21;2045;1;1;1;1;7;50;A14;;;;920
2,016E+11;16;6;21;905;1;1;1;1;5;322;RN12 EXT;;;;780
2,016E+11;16;6;22;950;1;1;1;1;4;36;A86;;;;920
2,016E+11;16;6;22;2055;1;1;1;2;7;36;RN315 W;;;;920
2,016E+11;16;6;23;857;1;1;1;1;1;640;N118;;;;780
2,016E+11;16;6;23;911;1;1;1;1;5;48;N118;;;;920
2,016E+11;16;6;24;200;5;1;1;1;1;524;A13;;;;780
2,016E+11;16;6;24;1700;1;1;1;1;4;206;A13;;;;780
2,016E+11;16;6;24;1803;1;1;1;1;1;322;RN12 EXT;;;;780
2,016E+11;16;6;25;1725;1;1;1;1;4;25;A86;;;;920
2,016E+11;16;6;26;210;3;1;1;1;5;490;RN12 EXT;;;;780
2,016E+11;16;6;26;2040;1;1;1;1;7;206;A13;;;;780
2,016E+11;16;6;27;914;1;1;1;1;1;322;RN12 EXT;;;;780
2,016E+11;16;6;27;1014;1;1;1;1;2;48;N118;;;;920
2,016E+11;16;6;28;500;1;1;1;1;6;490;RN12 EXT;;;;780
2,016E+11;16;6;28;740;1;1;1;1;6;50;A86;;;;920
2,016E+11;16;6;28;1045;1;1;1;1;6;116;A13W;;;;750
2,016E+11;16;6;29;839;1;1;1;1;1;47;A13;;;;920
2,016E+11;16;6;29;950;1;1;1;1;6;133;A13;;;;780
2,016E+11;16;6;28;1432;1;1;1;1;3;158;A13;;;;780
2,016E+11;16;6;30;1634;1;1;1;1;3;63;A86;;;;920
2,016E+11;16;7;1;951;1;1;1;1;3;36;RN315 W;;;;920
2,016E+11;16;7;3;1;5;1;1;1;3;126;A13;;;;780
2,016E+11;16;7;3;535;1;1;1;1;6;455;A13;;;;780
2,016E+11;16;7;5;2032;1;1;1;1;1;116;A13W;;;;750
2,016E+11;16;7;6;719;1;1;1;1;1;571;A13;;;;780
2,016E+11;16;7;6;950;1;1;1;1;2;36;A86;;;;920
2,016E+11;16;7;6;1022;1;1;1;1;2;43;A12 W;;;;780
2,016E+11;16;7;6;1529;1;1;1;1;4;36;A86;;;;920
2,016E+11;16;7;6;1646;1;1;1;1;6;50;A14;;;;920
2,016E+11;16;7;6;1800;1;1;1;1;3;26;RN1014 Y;;;;920
2,016E+11;16;7;7;1740;1;1;1;1;2;72;N118;;;;920
2,016E+11;16;7;7;1745;1;1;1;1;2;47;A13;;;;920
2,016E+11;16;7;7;2100;1;1;1;1;3;640;N118;;;;780
2,016E+11;16;7;8;125;3;1;1;1;2;217;A13;;;;780
2,016E+11;16;7;8;935;1;1;1;1;2;64;A13;;;;920
2,016E+11;16;7;8;1245;1;1;1;1;6;322;RN12 EXT;;;;780
2,016E+11;16;7;9;1935;1;1;1;1;5;25;A86;;;;920
2,016E+11;16;7;9;2130;1;1;1;1;6;47;A13;;;;920
2,016E+11;16;7;10;35;3;1;1;1;7;206;A13;;;;780
2,016E+11;16;7;10;1819;1;1;1;1;6;36;A86;;;;920
2,016E+11;16;7;12;714;1;1;1;1;1;321;RN12 INT;;;;780
2,016E+11;16;7;12;1017;1;1;1;1;1;646;A86 INT;;;;780
2,016E+11;16;7;12;1518;1;1;1;1;6;640;A86 EXT;;;;780
2,016E+11;16;7;12;1850;1;1;1;1;4;50;A86;;;;920
2,016E+11;16;7;12;1950;1;1;1;1;3;43;A12 Y;;;;780
2,016E+11;16;7;15;1510;1;1;1;1;3;206;A13;;;;780
2,016E+11;16;7;17;2025;2;1;1;1;6;297;RN12;;;;780
2,016E+11;16;7;19;730;1;1;1;1;1;43;A13W;;;;780
2,016E+11;16;7;20;932;1;1;1;1;4;158;A13;;;;780
2,016E+11;16;7;21;700;1;1;1;1;7;50;A86;;;;920
2,016E+11;16;7;21;812;1;1;1;1;1;321;RN12 INT;;;;780
2,016E+11;16;7;21;2100;1;1;1;1;7;50;A86;;;;920
2,016E+11;16;7;22;1621;1;1;1;1;1;133;A13;;;;780
2,016E+11;16;7;22;1732;1;1;1;1;1;43;A13Y;;;;780
2,016E+11;16;7;23;245;3;1;1;1;2;423;RN12;;;;780
2,016E+11;16;7;23;840;1;1;1;1;6;640;A86 EXT;;;;780
2,016E+11;16;7;23;2040;1;1;1;1;6;64;A13;;;;920
2,016E+11;16;7;24;5;3;1;1;1;6;291;A13;;;;780
2,016E+11;16;7;24;11;3;1;1;1;1;362;A13;;;;780
2,016E+11;16;7;25;1046;1;1;1;1;6;238;A13;;;;780
2,016E+11;16;7;26;1758;1;1;1;1;5;50;A86;;;;920
2,016E+11;16;7;27;1910;1;1;1;1;2;47;A13;;;;920
2,016E+11;16;7;27;1950;1;1;1;1;4;47;A13;;;;920
2,016E+11;16;7;28;550;1;1;1;2;4;291;A13;;;;780
2,016E+11;16;7;28;915;1;1;1;1;6;72;N118;;;;920
2,016E+11;16;7;29;1400;1;1;1;1;2;50;A86;;;;920
2,016E+11;16;7;30;650;1;1;1;1;6;322;A86 EXT;;;;780
2,016E+11;16;7;30;1645;1;1;1;1;6;47;A13;;;;920
2,016E+11;16;8;2;738;1;1;1;2;6;73;A12 W;;;;780
2,016E+11;16;8;2;2310;3;1;1;2;2;466;A13;;;;780
2,016E+11;16;8;5;920;1;1;1;1;3;640;RN12 INT;;;;780
2,016E+11;16;8;5;1840;1;1;1;1;7;466;A13;;;;780
2,016E+11;16;8;6;1427;1;2;1;1;6;50;A14;;;;920
2,016E+11;16;8;11;1218;1;1;1;1;7;62;RN1014 W;;;;920
2,016E+11;16;8;13;1712;1;1;1;1;2;322;A86 DUPLEX - A86 EXT;;;;780
2,016E+11;16;8;16;942;1;1;1;1;6;646;RN12;;;;780
2,016E+11;16;8;16;940;1;1;1;1;1;29;A13Y;;;;780
2,016E+11;16;8;17;739;1;1;1;1;6;29;A13Y;;;;780
2,016E+11;16;8;18;1300;1;1;1;2;7;47;A13;;;;920
2,016E+11;16;8;18;1800;1;1;1;2;6;640;N118;;;;780
2,016E+11;16;8;19;430;3;1;1;1;2;402;A13;;;;780
2,016E+11;16;8;19;1225;1;1;1;1;2;64;A13;;;;920
2,016E+11;16;8;19;1600;1;1;1;1;7;50;A14;;;;920
2,016E+11;16;8;23;1805;1;1;1;1;3;242;A12 Y;;;;780
2,016E+11;16;8;24;825;1;1;1;1;1;63;A86;;;;920
2,016E+11;16;8;24;855;1;1;1;1;3;524;A13;;;;780
2,016E+11;16;8;25;1745;1;1;1;1;5;238;A13;;;;780
2,016E+11;16;8;26;1838;1;1;1;1;2;571;A13;;;;780
2,016E+11;16;8;26;2000;1;1;1;1;6;63;A86 DUPLEX;;;;920
2,016E+11;16;8;26;2125;5;1;1;1;6;64;A13;;;;920
2,016E+11;16;8;29;15;5;1;1;1;2;362;A13;;;;780
2,016E+11;16;8;29;1320;1;1;1;2;1;206;A13;;;;780
2,016E+11;16;8;29;1704;1;1;1;1;6;206;A13;;;;780
2,016E+11;16;8;29;1734;1;1;1;1;7;50;A86;;;;920
2,016E+11;16;8;29;1804;1;2;1;1;4;50;A14;;;;920
2,016E+11;16;8;29;2230;3;2;1;1;7;36;RN315;;;;920
2,016E+11;16;8;30;643;2;1;1;1;6;455;A13;;;;780
2,016E+11;16;8;31;1651;1;1;1;1;2;90;A13;;;;780
2,016E+11;16;8;31;1817;1;1;1;1;2;238;A13;;;;780
2,016E+11;16;9;1;900;1;1;1;1;6;64;A13;;;;920
2,016E+11;16;9;1;942;1;1;1;1;1;72;N118;;;;920
2,016E+11;16;9;1;1700;1;1;1;1;6;72;N118;;;;920
2,016E+11;16;9;2;710;1;1;1;1;5;423;A12 Y;;;;780
2,016E+11;16;9;2;1200;1;1;1;1;6;36;A86;;;;920
2,016E+11;16;9;4;149;3;1;1;1;6;25;A86;;;;920
2,016E+11;16;9;4;1800;1;1;1;1;2;498;A14;;;;780
2,016E+11;16;9;5;910;1;1;1;2;4;206;A13;;;;780
2,016E+11;16;9;5;915;1;1;1;3;1;297;RN12;;;;780
2,016E+11;16;9;5;945;1;1;1;2;6;64;N118;;;;920
2,016E+11;16;9;5;1140;1;1;1;2;6;48;N118;;;;920
2,016E+11;16;9;6;2236;3;1;1;1;6;362;A13;;;;780
2,016E+11;16;9;7;750;1;1;1;1;6;50;A86;;;;920
2,016E+11;16;9;7;832;1;1;1;1;3;47;A13;;;;920
2,016E+11;16;9;7;1150;1;1;1;1;1;640;RN12 INT;;;;780
2,016E+11;16;9;7;1433;1;1;1;1;2;43;A12 Y;;;;780
2,016E+11;16;9;7;1809;1;1;1;1;2;64;A13;;;;920
2,016E+11;16;9;7;1848;1;1;1;1;2;26;RN1014 Y;;;;920
2,016E+11;16;9;8;900;1;1;1;1;6;25;A86;;;;920
2,016E+11;16;9;9;15;3;1;1;1;6;322;RN12 EXT;;;;780
2,016E+11;16;9;9;1539;1;1;1;1;5;640;A86 EXT;;;;780
2,016E+11;16;9;9;1609;1;1;1;1;4;640;A86 EXT;;;;780
2,016E+11;16;9;11;907;1;1;1;2;6;48;N118;;;;920
2,016E+11;16;9;11;1550;1;1;1;1;4;76;A13;;;;920
2,016E+11;16;9;11;1633;1;1;1;1;5;90;A13;;;;780
2,016E+11;16;9;11;1828;1;1;1;1;5;158;A13;;;;780
2,016E+11;16;9;12;640;1;1;1;1;2;47;A13;;;;920
2,016E+11;16;9;12;932;1;1;1;1;3;640;A86 INT;;;;780
2,016E+11;16;9;12;1840;1;1;1;1;1;50;A86;;;;920
2,016E+11;16;9;12;1850;1;1;1;1;2;50;A86;;;;920
2,016E+11;16;9;13;759;1;1;1;1;1;640;A86 EXT;;;;780
2,016E+11;16;9;13;800;1;1;1;1;3;217;A13;;;;780
2,016E+11;16;9;13;825;1;1;1;1;4;47;A13;;;;920
2,016E+11;16;9;12;1907;1;1;1;1;2;60;RN385;;;;920
2,016E+11;16;9;13;1800;1;1;1;1;6;25;A86;;;;920
2,016E+11;16;9;14;1045;1;1;1;1;6;73;A12 Y;;;;780
2,016E+11;16;9;15;645;5;1;1;2;5;63;A86;;;;920
2,016E+11;16;9;15;1148;1;1;1;2;6;63;A86;;;;920
2,016E+11;16;9;16;908;1;1;1;1;2;640;A86 EXT;;;;780
2,016E+11;16;9;16;1415;1;1;1;1;6;48;N118;;;;920
2,016E+11;16;9;16;1901;1;1;1;3;7;431;A13;;;;780
2,016E+11;16;9;16;2100;3;1;1;2;2;48;N118;;;;920
2,016E+11;16;9;17;15;3;1;1;2;6;571;A13;;;;780
2,016E+11;16;9;17;1731;1;1;1;1;4;64;A13;;;;920
2,016E+11;16;9;18;708;1;1;1;1;6;50;A14;;;;920
2,016E+11;16;9;19;1427;1;1;1;8;6;646;RN12;;;;780
2,016E+11;16;9;19;2220;3;1;1;1;5;126;A13;;;;780
2,016E+11;16;9;20;1725;1;1;1;1;1;640;A86 EXT;;;;780
2,016E+11;16;9;21;1735;1;1;1;1;6;36;A86;;;;920
2,016E+11;16;9;21;2010;3;1;1;1;5;62;RN1014 W;;;;920
2,016E+11;16;9;22;840;1;1;1;1;3;640;A86 EXT;;;;780
2,016E+11;16;9;22;935;1;1;1;1;1;50;A14;;;;920
2,016E+11;16;9;23;1849;1;1;1;1;2;64;A13;;;;920
2,016E+11;16;9;23;2342;3;1;1;1;6;90;A13;;;;780
2,016E+11;16;9;24;427;4;1;1;1;6;47;A13;;;;920
2,016E+11;16;9;24;1148;1;1;1;1;2;206;A13;;;;780
2,016E+11;16;9;24;1238;1;1;1;1;5;64;A13;;;;920
2,016E+11;16;9;24;1310;1;1;1;1;2;466;A13;;;;780
2,016E+11;16;9;24;2250;5;1;1;1;1;124;SE A14;;;;780
2,016E+11;16;9;25;740;1;1;1;1;2;140;A13;;;;780
2,016E+11;16;9;25;807;1;1;1;1;6;321;RN12 INT;;;;780
2,016E+11;16;9;25;2005;5;1;1;1;6;362;A13;;;;780
2,016E+11;16;9;25;308;5;1;1;1;6;26;RN192;;;;920
2,016E+11;16;9;26;730;1;1;1;1;3;640;A86 EXT;;;;780
2,016E+11;16;9;26;900;1;1;1;1;1;116;A13W;;;;750
2,016E+11;16;9;26;1313;1;1;1;1;6;117;RN12;;;;780
2,016E+11;16;9;26;1745;1;1;1;1;4;640;A86 EXT;;;;780
2,016E+11;16;9;27;810;1;1;1;1;2;140;A13;;;;780
2,016E+11;16;9;27;815;1;1;1;1;5;498;A13;;;;780
2,016E+11;16;9;27;1330;1;1;1;1;4;217;A13;;;;780
2,016E+11;16;9;27;1850;1;1;1;1;6;50;A86;;;;920
2,016E+11;16;9;27;1855;1;1;1;1;1;48;N118;;;;920
2,016E+11;16;9;28;809;1;1;1;1;3;48;N118;;;;920
2,016E+11;16;9;28;940;1;1;1;1;3;43;A12 Y;;;;780
2,016E+11;16;9;29;1735;1;1;1;1;1;43;A12 W;;;;780
2,016E+11;16;9;29;1744;1;1;1;1;3;322;RN12;;;;780
2,016E+11;16;9;29;1829;1;1;1;1;1;50;A14;;;;920
2,016E+11;16;9;30;828;1;1;1;1;3;50;A14;;;;920
2,016E+11;16;9;30;906;1;1;1;1;5;297;RN12;;;;780
2,016E+11;16;9;30;1950;3;1;1;2;1;158;A13;;;;780
2,016E+11;16;9;30;2102;3;1;1;2;2;25;A86;;;;920
2,016E+11;16;10;1;117;3;1;1;2;7;640;N118;;;;780
2,016E+11;16;10;1;847;1;1;1;2;2;402;A13;;;;780
2,016E+11;16;10;1;1740;1;1;1;1;6;362;A13;;;;780
2,016E+11;16;10;1;2049;5;1;1;1;4;26;RN1014 Y;;;;920
2,016E+11;16;10;3;740;1;1;1;1;3;238;A13;;;;780
2,016E+11;16;10;3;823;1;1;1;1;6;490;RN12 EXT;;;;780
2,016E+11;16;10;4;2015;2;1;1;1;4;64;A13;;;;920
2,016E+11;16;10;5;730;1;1;1;1;3;208;RN12 EXT;;;;780
2,016E+11;16;10;5;805;1;1;1;1;3;36;A86;;;;920
2,016E+11;16;10;5;954;1;1;1;1;3;26;RN1014 Y;;;;920
2,016E+11;16;10;5;1244;1;1;1;1;2;206;A13;;;;780
2,016E+11;16;10;5;1905;1;1;1;1;3;640;A86 EXT;;;;780
2,016E+11;16;10;7;2025;4;1;1;1;3;25;A86;;;;920
2,016E+11;16;10;7;2202;5;1;1;1;7;50;A86;;;;920
2,016E+11;16;10;8;204;4;1;1;1;6;25;A86;;;;920
2,016E+11;16;10;8;1341;1;1;1;1;6;50;A14;;;;920
2,016E+11;16;10;9;1639;1;1;1;1;2;62;A14;;;;920
2,016E+11;16;10;10;900;1;1;1;1;3;72;N118;;;;920
2,016E+11;16;10;10;1830;1;1;1;1;2;64;A13;;;;920
2,016E+11;16;10;11;1757;1;1;1;1;5;25;A86;;;;920
2,016E+11;16;10;12;728;2;1;1;1;3;640;A86 EXT;;;;780
2,016E+11;16;10;12;1335;1;1;1;1;2;25;A86;;;;920
2,016E+11;16;10;12;1518;1;1;1;1;2;640;A86 EXT;;;;780
2,016E+11;16;10;12;2002;5;1;1;1;5;12;A13;;;;920
2,016E+11;16;10;12;2154;5;1;1;1;4;118;A13;;;;780
2,016E+11;16;10;13;908;1;1;1;1;2;50;A14;;;;920
2,016E+11;16;10;13;915;1;1;1;1;7;48;N118;;;;920
2,016E+11;16;10;13;1143;1;1;1;1;3;50;A86;;;;920
2,016E+11;16;10;13;1740;1;1;1;1;4;50;A14;;;;920
2,016E+11;16;10;13;1950;2;1;1;1;4;423;;;;;780
2,016E+11;16;10;14;1722;1;1;1;8;1;646;RN12;;;;780
2,016E+11;16;10;14;1947;3;1;1;1;2;36;A86;;;;920
2,016E+11;16;10;14;2200;5;1;1;2;6;63;A86;;;;920
2,016E+11;16;10;17;925;1;1;1;2;4;640;A86 DUPLEX - A86 INT;;;;780
2,016E+11;16;10;18;700;3;1;1;1;4;90;A13;;;;780
2,016E+11;16;10;18;825;1;1;1;1;3;208;RN12 EXT;;;;780
2,016E+11;16;10;18;839;1;1;1;1;2;362;A13;;;;780
2,016E+11;16;10;18;850;1;1;1;1;2;124;SE A14;;;;780
2,016E+11;16;10;18;1040;1;1;1;1;2;50;A14;;;;920
2,016E+11;16;10;18;1100;1;1;1;1;1;36;A86;;;;920
2,016E+11;16;10;19;908;1;1;1;1;4;36;A86;;;;920
2,016E+11;16;10;19;1418;1;1;1;1;1;402;A13;;;;780
2,016E+11;16;10;19;1640;1;1;1;1;6;551;SE A14;;;;780
2,016E+11;16;10;19;1905;5;1;1;8;3;25;A86;;;;920
2,016E+11;16;10;20;940;1;1;1;1;5;25;A86;;;;920
2,016E+11;16;10;21;1052;1;1;1;1;2;36;RN315 W;;;;920
2,016E+11;16;10;21;1816;1;1;1;1;1;423;RN12;;;;780
2,016E+11;16;10;21;2007;3;1;1;8;7;640;N118;;;;780
2,016E+11;16;10;23;2020;3;1;1;2;1;297;RN12;;;;780
2,016E+11;16;10;25;621;3;1;1;1;4;466;A13;;;;780
2,016E+11;16;10;25;1022;1;1;1;1;2;50;A14;;;;920
2,016E+11;16;10;26;1949;5;1;1;1;5;25;A86;;;;920
2,016E+11;16;10;27;710;2;1;1;5;5;64;A13;;;;920
2,016E+11;16;10;27;1625;1;1;1;1;3;36;A86;;;;920
2,016E+11;16;10;28;1930;3;1;1;1;3;25;A86;;;;920
2,016E+11;16;10;30;629;3;1;1;1;6;158;A13;;;;780
2,016E+11;16;10;30;1603;1;1;1;1;4;25;A86;;;;920
2,016E+11;16;11;1;500;3;1;1;1;2;571;A13;;;;780
2,016E+11;16;11;1;840;1;1;1;1;2;291;A13;;;;780
2,016E+11;16;11;1;1435;1;1;1;1;4;50;A86;;;;920
2,016E+11;16;11;4;1450;1;1;1;2;3;50;A86;;;;920
2,016E+11;16;11;4;1730;2;1;1;2;4;362;A13;;;;780
2,016E+11;16;11;4;2325;3;1;1;2;2;48;N118;;;;920
2,016E+11;16;11;5;1230;1;1;1;1;2;64;A13;;;;920
2,016E+11;16;11;6;1735;3;1;1;1;2;423;A12 W;;;;780
2,016E+11;16;11;7;219;3;1;1;1;2;238;A13;;;;780
2,016E+11;16;11;7;735;2;1;1;2;6;7;A13W;;;;780
2,016E+11;16;11;7;1013;1;1;1;2;5;498;A13;;;;780
2,016E+11;16;11;7;1115;1;1;1;1;7;51;RN13;;;;920
2,016E+11;16;11;7;1733;2;1;1;2;4;25;A86;;;;920
2,016E+11;16;11;7;1835;2;1;1;2;2;362;A13;;;;780
2,016E+11;16;11;7;1855;1;1;1;1;4;362;A13;;;;780
2,016E+11;16;11;7;1942;5;1;1;2;5;640;A86 EXT;;;;780
2,016E+11;16;11;7;2120;4;1;1;1;2;646;RN12;;;;780
2,016E+11;16;11;8;1832;2;1;1;1;1;50;A86;;;;920
2,016E+11;16;11;9;815;1;1;1;2;5;362;A13;;;;780
2,016E+11;16;11;9;830;1;1;1;3;4;206;A13;;;;780
2,016E+11;16;11;9;1145;1;1;1;2;7;51;RN13;;;;920
2,016E+11;16;11;9;1150;1;1;1;1;6;51;RN13;;;;920
2,016E+11;16;11;9;1745;3;1;1;2;7;640;A86 INT;;;;780
2,016E+11;16;11;10;1520;1;1;1;8;4;133;A13;;;;780
2,016E+11;16;11;10;1625;3;1;1;3;5;48;N118;;;;920
2,016E+11;16;11;10;1812;5;1;1;2;6;362;A13;;;;780
2,016E+11;16;11;11;818;1;1;1;1;6;73;A12 W;;;;780
2,016E+11;16;11;11;437;3;1;1;2;6;36;A86;;;;920
2,016E+11;16;11;12;14;3;1;1;1;2;498;A13;;;;780
2,016E+11;16;11;12;1715;3;1;1;2;1;571;A13;;;;780
2,016E+11;16;11;12;2113;5;1;1;2;5;140;A13;;;;780
2,016E+11;16;11;12;2200;5;1;1;2;7;12;A13;;;;920
2,016E+11;16;11;13;1210;1;1;1;2;6;63;A86;;;;920
2,016E+11;16;11;13;1300;1;1;1;8;3;423;RN12 EXT;;;;780
2,016E+11;16;11;13;1340;1;1;1;2;6;64;N118;;;;920
2,016E+11;16;11;13;1435;1;1;1;2;6;72;N118;;;;920
2,016E+11;16;11;13;1952;3;1;1;1;1;571;A13;;;;780
2,016E+11;16;11;15;810;1;1;1;9;6;62;A14;;;;920
2,016E+11;16;11;15;905;1;1;1;2;5;640;A86 EXT;;;;780
2,016E+11;16;11;15;1406;1;1;9;2;5;73;N12Y;;;;780
2,016E+11;16;11;16;830;1;1;1;2;3;48;N118;;;;920
2,016E+11;16;11;16;946;1;1;1;1;5;640;A86 EXT;;;;780
2,016E+11;16;11;16;1500;1;1;1;2;7;73;A12 W;;;;780
2,016E+11;16;11;17;728;1;1;1;1;2;50;A86;;;;920
2,016E+11;16;11;17;1300;1;1;1;1;1;72;N118;;;;920
2,016E+11;16;11;17;1345;1;1;1;1;1;297;RN12;;;;780
2,016E+11;16;11;18;1540;1;1;1;1;4;551;SE A14;;;;780
2,016E+11;16;11;19;55;3;1;1;8;7;646;RN12;;;;780
2,016E+11;16;11;20;800;1;1;1;2;6;50;A86;;;;920
2,016E+11;16;11;20;2205;3;1;1;2;2;165;RN12 INT;;;;780
2,016E+11;16;11;21;803;1;1;1;1;2;402;A13;;;;780
2,016E+11;16;11;21;944;1;1;1;2;7;50;A14;;;;920
2,016E+11;16;11;21;1824;4;1;1;1;3;64;A13;;;;920
2,016E+11;16;11;23;1111;1;1;1;2;7;51;N13;;;;920
2,016E+11;16;11;23;1310;1;1;1;8;2;43;A12 W;;;;780
2,016E+11;16;11;23;1545;1;1;1;1;6;402;A13;;;;780
2,016E+11;16;11;24;1444;1;1;1;8;7;423;RN12;;;;780
2,016E+11;16;11;25;1743;3;1;1;1;4;64;A13;;;;920
2,016E+11;16;11;25;1740;1;1;1;1;4;206;A13;;;;780
2,016E+11;16;11;25;1942;5;1;1;1;2;133;A14;;;;780
2,016E+11;16;11;26;5;3;1;1;1;2;206;A13;;;;780
2,016E+11;16;11;26;55;3;1;1;1;6;291;A13;;;;780
2,016E+11;16;11;26;710;2;1;1;1;2;50;A86;;;;920
2,016E+11;16;11;26;1513;1;1;1;1;2;50;A86;;;;920
2,016E+11;16;11;27;520;1;1;1;1;3;25;A86;;;;920
2,016E+11;16;11;28;725;1;1;1;1;1;25;A86;;;;920
2,016E+11;16;11;28;1450;1;1;1;1;2;50;A86;;;;920
2,016E+11;16;11;28;1716;5;1;1;1;2;133;A14;;;;780
2,016E+11;16;11;28;1742;2;1;1;1;4;362;A13;;;;780
2,016E+11;16;11;30;1610;1;1;1;1;4;25;A86;;;;920
2,016E+11;16;12;1;1100;1;1;1;1;4;48;N118;;;;920
2,016E+11;16;12;1;1100;1;1;1;1;4;48;N118;;;;920
2,016E+11;16;12;2;640;5;1;1;5;2;126;A13;;;;780
2,016E+11;16;12;2;810;1;1;1;1;2;43;A12 W;;;;780
2,016E+11;16;12;2;1140;1;1;1;1;6;524;A13;;;;780
2,016E+11;16;12;2;1945;4;1;1;1;5;423;RN12;;;;780
2,016E+11;16;12;3;1050;1;1;1;1;4;322;RN12 EXT;;;;780
2,016E+11;16;12;4;613;3;1;1;1;1;431;A13;;;;780
2,016E+11;16;12;4;650;4;1;1;1;2;117;RN12;;;;780
2,016E+11;16;12;4;714;3;1;1;1;5;431;A13;;;;780
2,016E+11;16;12;4;2132;3;1;1;1;1;646;RN12;;;;780
2,016E+11;16;12;5;835;1;1;1;1;1;36;A86;;;;920
2,016E+11;16;12;6;845;1;1;1;1;3;640;A86 INT;;;;780
2,016E+11;16;12;6;942;1;1;1;1;5;36;A86;;;;920
2,016E+11;16;12;6;1500;1;1;1;1;6;242;A12 Y;;;;780
2,016E+11;16;12;6;1720;3;1;1;1;1;423;RN12;;;;780
2,016E+11;16;12;6;1740;5;1;1;1;3;36;A86;;;;920
2,016E+11;16;12;7;1427;1;1;1;1;5;545;A12 Y;;;;780
2,016E+11;16;12;8;1655;3;1;1;1;4;133;A13;;;;780
2,016E+11;16;12;9;1600;1;1;1;1;3;36;A86;;;;920