Num_Acc;an;mois;jour;hrmn;lum;agg;int;atm;col;com;adr;gps;lat;long;dep
2,016E+11;16;5;10;1300;1;1;1;1;7;471;RN 118;M;4869718;219227;910
2,016E+11;16;5;10;1455;1;1;1;2;6;521;RN 104;M;4862776;239970;910
2,016E+11;16;5;10;1610;1;1;1;2;2;161;AUTOROUTE A6;M;4870557;230597;910
2,016E+11;16;5;10;2310;5;1;1;1;6;21;AUTOROUTE A6B;M;4876720;234273;940
2,016E+11;16;5;10;2155;3;1;1;2;6;521;RN 449;M;4863520;240475;910
2,016E+11;16;5;11;930;1;1;1;8;4;43;AUTOROUTE A6B;M;4881230;235259;940
2,016E+11;16;5;11;1820;1;1;1;8;2;377;AUTOROUTE A10;M;4871940;229314;910
2,016E+11;16;5;12;1050;1;1;1;1;5;689;AUTOROUTE A6B;M;4871940;229314;910
2,016E+11;16;5;12;1744;1;1;1;3;4;161;AUTOROUTE A6;M;4869679;231571;910
2,016E+11;16;5;12;1821;1;1;1;3;5;659;AUTOROUTE A6;M;4858108;245925;910
2,016E+11;16;5;12;1930;1;1;1;3;5;182;RN 104;M;4861715;242782;910
2,016E+11;16;5;13;1610;1;1;1;1;3;589;AUTOROUTE A6;M;4867008;234848;910
2,016E+11;16;5;13;1800;1;1;1;2;2;65;AUTOROUTE A106;M;4874830;235762;940
2,016E+11;16;5;14;752;1;1;1;1;6;65;AUTOROUTE A106;M;4874830;235762;940
2,016E+11;16;5;14;1209;1;1;1;1;2;43;AUTOROUTE A6B;M;4881490;235583;940
2,016E+11;16;5;15;1200;1;1;1;1;7;286;RD 310;M;4866092;240106;910
2,016E+11;16;5;17;615;2;1;1;1;3;286;AUTOROUTE A6;M;4865764;237626;910
2,016E+11;16;5;18;745;1;1;1;1;3;3;AUTOROUTE A6A;M;4880970;233905;940
2,016E+11;16;5;19;833;1;1;1;1;2;19;RN 385 ExtŠrieure;;;;920
2,016E+11;16;5;19;1010;1;1;1;1;3;76;AUTOROUTE A6A;M;4879390;234501;940
2,016E+11;16;5;19;1430;1;1;1;1;2;434;AUTOROUTE A6;M;4866817;235422;910
2,016E+11;16;5;20;955;1;1;1;2;4;2;AUTOROUTE A86;;;;920
2,016E+11;16;5;20;1345;1;1;1;1;2;659;AUTOROUTE A6;M;4858589;245236;910
2,016E+11;16;5;21;310;5;1;1;1;6;161;AUTOROUTE A6;M;4870407;230636;910
2,016E+11;16;5;21;535;2;1;1;1;3;65;AUTOROUTE A86;M;4875540;234415;940
2,016E+11;16;5;22;1945;2;1;1;2;3;34;AUTOROUTE A86;M;4875630;233940;940
2,016E+11;16;5;22;2145;3;1;1;2;6;64;RD 533;M;4876563;222847;910
2,016E+11;16;5;23;40;3;1;1;3;6;521;RN 104;M;4862655;239841;910
2,016E+11;16;5;23;630;1;1;1;3;2;43;AUTOROUTE A6B;M;4881510;235595;940
2,016E+11;16;5;24;600;2;1;1;1;3;76;AUTOROUTE A6B;M;4879150;234460;940
2,016E+11;16;5;25;907;1;1;1;1;3;659;AUTOROUTE A6;M;4858737;245031;910
2,016E+11;16;5;25;805;1;1;1;1;4;689;AUTOROUTE A6;M;4872725;231354;910
2,016E+11;16;5;25;1137;1;1;1;1;4;477;AUTOROUTE A126;M;4871773;226172;910
2,016E+11;16;5;26;200;5;1;1;1;6;37;AUTOROUTE A6B;M;4881330;235417;940
2,016E+11;16;5;27;655;1;1;1;2;2;534;RN 118;M;4872707;216585;910
2,016E+11;16;5;27;800;1;1;1;2;2;471;RN 118;M;4870284;219300;910
2,016E+11;16;5;27;840;1;1;1;1;4;434;AUTOROUTE A6;M;4866773;235655;910
2,016E+11;16;5;28;440;3;1;1;1;2;38;AUTOROUTE A6B;M;4878850;234525;940
2,016E+11;16;5;28;1825;1;1;1;1;3;19;RN 385 ExtŠrieure;;;;920
2,016E+11;16;5;28;1957;1;1;1;1;2;534;RN 118;M;4873938;218078;910
2,016E+11;16;5;29;1620;1;1;1;1;3;19;RN 385 ExtŠrieure;;;;920
2,016E+11;16;5;30;1;3;1;1;1;6;161;AUTOROUTE A6;M;4870752;230638;910
2,016E+11;16;5;30;1220;1;1;1;3;2;65;AUTOROUTE A106;M;4875650;234942;940
2,016E+11;16;5;30;1832;1;1;1;3;7;34;AUTOROUTE A86;M;4876020;232048;940
2,016E+11;16;5;31;534;2;1;1;3;3;64;RN 118;M;4876475;222958;910
2,016E+11;16;5;31;929;1;1;1;3;4;521;AUTOROUTE A6;M;4863980;239482;910
2,016E+11;16;5;31;838;1;1;1;3;3;521;RN 449;M;4863518;240474;910
2,016E+11;16;5;31;1023;1;1;1;3;2;43;AUTOROUTE A6B;M;4881230;235262;940
2,016E+11;16;5;31;1214;1;1;1;2;5;589;AUTOROUTE A6;M;4867426;234235;910
2,016E+11;16;6;1;900;1;1;1;1;6;38;AUTOROUTE A6A;M;4877930;234658;940
2,016E+11;16;6;1;1345;1;1;1;1;4;65;AUTOROUTE A86;M;4875470;234711;940
2,016E+11;16;6;1;1615;1;1;1;1;3;161;AUTOROUTE A6;M;4870752;230638;910
2,016E+11;16;6;1;1750;1;1;1;1;2;340;AUTOROUTE A6;M;4860365;243704;910
2,016E+11;16;6;1;2145;2;1;1;3;3;161;AUTOROUTE A6;M;4870691;230616;910
2,016E+11;16;6;3;930;1;1;1;1;6;659;AUTOROUTE A6;M;4858602;245235;910
2,016E+11;16;6;4;1538;1;1;1;1;2;251;AUTOROUTE A5A;;;;770
2,016E+11;16;6;5;221;3;1;1;1;2;521;AUTOROUTE A6;M;4863509;240180;910
2,016E+11;16;6;6;1750;1;1;1;1;2;65;AUTOROUTE A86;M;4875490;234572;940
2,016E+11;16;6;7;826;1;1;1;1;5;161;AUTOROUTE A6;M;4870315;230691;910
2,016E+11;16;6;7;1630;1;1;1;1;4;689;AUTOROUTE A6;M;4872699;231347;910
2,016E+11;16;6;9;110;5;1;1;1;5;689;AUTOROUTE A6B;M;4874201;232187;910
2,016E+11;16;6;9;15;3;1;1;1;3;34;AUTOROUTE A6B;M;4875340;233194;940
2,016E+11;16;6;9;900;1;1;1;1;2;659;AUTOROUTE A6;M;4858454;245419;910
2,016E+11;16;6;9;905;1;1;1;1;3;2;AUTOROUTE A10;;;;920
2,016E+11;16;6;9;1655;1;1;1;1;4;534;RN 118;M;4872052;216907;910
2,016E+11;16;6;9;1540;1;1;1;1;2;38;AUTOROUTE A6B;M;4878260;234699;940
2,016E+11;16;6;9;1920;1;1;1;1;5;432;AUTOROUTE A6;M;4869196;232164;910
2,016E+11;16;6;10;1930;1;1;1;1;3;534;RN 118;M;4872761;216553;910
2,016E+11;16;6;10;2015;1;1;1;1;3;2;AUTOROUTE A10;;;;920
2,016E+11;16;6;11;1505;1;1;1;1;4;161;AUTOROUTE A6;M;4869924;231220;910
2,016E+11;16;6;11;1829;1;1;1;2;2;521;AUTOROUTE A6;M;4862679;241381;910
2,016E+11;16;6;12;543;3;1;1;1;2;38;AUTOROUTE A6B;M;4877670;234649;940
2,016E+11;16;6;12;1420;1;1;1;2;7;179;AUTOROUTE A6;M;4855429;249277;910
2,016E+11;16;6;12;2155;2;1;1;3;6;570;RN 104;M;4862517;231432;910
2,016E+11;16;6;12;2234;3;1;1;3;7;477;AUTOROUTE A10;M;4871725;226311;910
2,016E+11;16;6;13;925;1;1;1;1;2;377;AUTOROUTE A10;M;4872348;229779;910
2,016E+11;16;6;14;2000;1;1;1;1;7;3;AUTOROUTE A6B;M;4880180;234366;940
2,016E+11;16;6;15;800;1;1;1;2;5;65;AUTOROUTE A86;M;4875520;234341;940
2,016E+11;16;6;15;845;1;1;1;2;3;377;AUTOROUTE A10;M;4871911;229306;910
2,016E+11;16;6;15;1420;1;1;1;1;6;286;AUTOROUTE A6;M;4864794;238623;910
2,016E+11;16;6;15;1755;1;1;1;1;2;38;AUTOROUTE A6B;M;4877800;234607;940
2,016E+11;16;6;16;1713;1;1;1;1;7;363;RN 104;M;4863323;222331;910
2,016E+11;16;6;17;1726;1;1;1;2;3;182;RN 104;M;4861395;243060;910
2,016E+11;16;6;17;1834;1;1;1;1;2;179;AUTOROUTE A6;M;4856992;247027;910
2,016E+11;16;6;18;1350;1;1;1;1;3;617;RN 104;M;4863162;249883;910
2,016E+11;16;6;18;1900;1;1;1;2;6;37;AUTOROUTE A6;M;4853799;249918;910
2,016E+11;16;6;18;2222;3;1;1;2;6;340;RN 104;M;4860809;243440;910
2,016E+11;16;6;19;1239;1;1;1;1;2;161;AUTOROUTE A6;M;4870571;230593;910
2,016E+11;16;6;20;610;2;1;1;2;3;589;AUTOROUTE A6;M;4868216;232966;910
2,016E+11;16;6;20;1400;1;1;1;3;4;468;AUTOROUTE A6;M;4857201;246828;910
2,016E+11;16;6;20;1845;1;1;1;2;3;21;AUTOROUTE A6A;M;4876430;234239;940
2,016E+11;16;6;21;830;1;1;1;8;3;477;RD 444;M;4872868;224381;910
2,016E+11;16;6;21;851;1;1;1;2;3;286;AUTOROUTE A6;M;4864727;238663;910
2,016E+11;16;6;21;930;1;1;1;1;5;161;AUTOROUTE A6;M;4870207;230805;910
2,016E+11;16;6;22;730;1;1;1;1;2;174;RN 104;M;4861175;244776;910
2,016E+11;16;6;22;930;1;1;1;1;3;21;AUTOROUTE A6B;M;4876430;234312;940
2,016E+11;16;6;22;900;1;1;1;1;5;549;RN 104;M;4862314;229230;910
2,016E+11;16;6;22;1221;1;1;1;1;5;64;RN 118;M;4874938;221032;910
2,016E+11;16;6;23;1415;1;1;1;1;2;659;AUTOROUTE A6;M;4858481;245371;910
2,016E+11;16;6;23;1812;1;1;1;1;2;136;AUTOROUTE A10;M;4871464;228942;910
2,016E+11;16;6;24;844;1;1;1;1;3;687;AUTOROUTE A6;M;4865727;237686;910
2,016E+11;16;6;24;1900;1;1;1;1;7;617;RN 104;M;4863147;250647;910
2,016E+11;16;6;25;1257;1;1;1;1;2;689;AUTOROUTE A6B;M;4873866;231950;910
2,016E+11;16;6;25;1234;1;1;1;1;3;340;AUTOROUTE A6;M;4860133;243846;910
2,016E+11;16;6;25;1540;1;1;1;1;2;689;AUTOROUTE A6;M;4872988;231449;910
2,016E+11;16;6;26;2040;1;1;1;1;3;434;AUTOROUTE A6;M;4866847;235301;910
2,016E+11;16;6;27;1100;1;1;1;1;3;38;AUTOROUTE A6B;M;4877340;234610;940
2,016E+11;16;6;27;1640;1;1;1;1;2;617;RN 104;M;4863143;251373;910
2,016E+11;16;6;27;1720;1;1;1;1;2;235;RN 104;M;4862461;237123;910
2,016E+11;16;6;27;1950;1;1;1;1;7;161;AUTOROUTE A6;M;4870607;230606;910
2,016E+11;16;6;28;1523;1;1;1;1;2;377;AUTOROUTE A10;M;4871940;229314;910
2,016E+11;16;6;28;1800;1;1;1;1;4;235;RN 104;M;4862489;236644;910
2,016E+11;16;6;29;850;1;1;1;1;2;76;AUTOROUTE A6A;M;4879160;234443;940
2,016E+11;16;6;29;1727;1;1;1;1;3;34;AUTOROUTE A86;M;4875570;233979;940
2,016E+11;16;6;29;1331;1;1;1;1;5;182;AUTOROUTE A6;M;4862278;242139;910
2,016E+11;16;6;30;1137;1;1;1;1;5;21;AUTOROUTE A6A;M;4877110;234551;940
2,016E+11;16;5;25;1350;1;1;1;1;3;251;AUTOROUTE A5A;M;4862990;253648;770
2,016E+11;16;6;30;1530;1;1;1;1;3;86;RN 104;M;4862538;239557;910
2,016E+11;16;6;30;1900;1;1;1;1;5;65;AUTOROUTE A106;M;4874910;235688;940
2,016E+11;16;6;30;1815;1;1;1;1;2;377;AUTOROUTE A10;M;4871715;229134;910
2,016E+11;16;7;1;1900;1;1;1;1;2;182;RN 104;M;4861250;243163;910
2,016E+11;16;7;3;1350;1;1;1;1;7;34;A86 INT BRETELLE A6B;M;4875890;233778;940
2,016E+11;16;7;3;1845;1;1;1;2;7;617;RN 104;M;4863302;253420;910
2,016E+11;16;7;4;30;3;1;1;1;2;471;RN 118;M;4871341;217823;910
2,016E+11;16;7;4;1735;1;1;1;1;3;340;RN 104;M;4860842;243687;910
2,016E+11;16;7;5;20;5;1;1;1;3;161;AUTOROUTE A6;M;4870922;230702;910
2,016E+11;16;7;6;925;1;1;1;1;2;689;AUTOROUTE A6;M;4873355;231586;910
2,016E+11;16;7;6;930;1;1;1;1;2;468;AUTOROUTE A6;M;4857532;246558;910
2,016E+11;16;7;6;1930;1;1;1;1;2;43;AUTOROUTE A6B;M;4881510;235595;940
2,016E+11;16;7;7;210;3;1;1;1;2;251;AUTOROUTE A5A;M;4862940;253674;770
2,016E+11;16;7;7;215;3;1;1;1;2;38;AUTOROUTE A6B;M;4877530;234576;940
2,016E+11;16;7;7;905;1;1;1;1;3;65;AUTOROUTE A106;M;4875810;234813;940
2,016E+11;16;7;7;1445;1;1;1;1;3;37;AUTOROUTE A6;M;4853961;249868;910
2,016E+11;16;7;7;1630;1;1;1;1;3;645;RN 385 Extérieure;M;4876046;225372;910
2,016E+11;16;7;7;1535;1;1;1;1;3;174;RN 104;M;4862449;246965;910
2,016E+11;16;7;8;1600;1;1;1;1;3;689;AUTOROUTE A6;M;4872456;231270;910
2,016E+11;16;7;8;1530;1;1;1;1;4;235;RN 104;M;4862506;236533;910
2,016E+11;16;7;8;1740;1;1;1;1;5;64;RN 118;M;4876433;222941;910
2,016E+11;16;7;9;845;1;1;1;1;7;689;AUTOROUTE A10;M;4873436;231389;910
2,016E+11;16;7;9;1300;1;1;1;1;7;617;RN 104;M;4864313;253620;910
2,016E+11;16;7;10;706;2;1;1;1;5;312;RD 444;M;4873165;223769;910
2,016E+11;16;7;10;1440;1;1;1;1;7;64;RN 118;M;4876541;222984;910
2,016E+11;16;7;10;2015;1;1;1;1;2;363;RN 104;M;4864649;219073;910
2,016E+11;16;7;11;100;3;1;1;1;3;689;AUTOROUTE A6;M;4873168;231526;910
2,016E+11;16;7;11;805;1;1;1;1;4;3;AUTOROUTE A6A;M;4880810;234045;940
2,016E+11;16;7;11;820;1;1;1;1;3;617;AUTOROUTE A5A;M;4862719;253818;910
2,016E+11;16;7;11;1330;1;1;1;1;4;689;AUTOROUTE A6B;M;4874158;232150;910
2,016E+11;16;7;12;1500;1;1;1;2;6;471;AUTOROUTE A10;M;4869082;222364;910
2,016E+11;16;7;12;1615;1;1;1;1;2;521;RN 449;M;4863503;240698;910
2,016E+11;16;7;13;20;3;1;1;1;6;43;AUTOROUTE A6B;M;4881290;235352;940
2,016E+11;16;7;14;817;1;1;1;1;6;286;AUTOROUTE A6;M;4864361;239089;910
2,016E+11;16;7;15;20;3;1;1;1;6;179;AUTOROUTE A6;M;4856972;247057;910
2,016E+11;16;7;15;1355;1;1;1;1;2;228;AUTOROUTE A6;M;4861659;242873;910
2,016E+11;16;7;15;2000;1;1;1;1;3;161;AUTOROUTE A6;M;4871964;231146;910
2,016E+11;16;7;17;221;3;1;1;1;6;235;RN 104;M;4862510;236482;910
2,016E+11;16;7;16;1;4;1;1;1;3;434;AUTOROUTE A6;M;4866806;235504;910
2,016E+11;16;7;18;1225;1;1;1;1;2;286;AUTOROUTE A6;M;4865027;238400;910
2,016E+11;16;7;19;1227;1;1;1;1;2;347;RN 104;M;4862193;227760;910
2,016E+11;16;7;19;1635;1;1;1;1;6;377;RD 188;M;4872973;229783;910
2,016E+11;16;7;19;1800;1;1;1;1;7;21;AUTOROUTE A106;M;4876730;234528;940
2,016E+11;16;7;20;40;5;1;1;1;3;3;AUTOROUTE A6A;M;4880810;234045;940
2,016E+11;16;7;21;535;3;1;1;1;2;534;RN 118;M;4872949;216594;910
2,016E+11;16;7;21;900;1;1;1;1;2;468;AUTOROUTE A6;M;4857358;246727;910
2,016E+11;16;7;21;855;1;1;1;1;4;64;RN 118;M;4875585;222365;910
2,016E+11;16;7;21;850;1;1;1;1;5;161;AUTOROUTE A6;M;4869649;231661;910
2,016E+11;16;7;21;2300;5;1;1;1;6;689;AUTOROUTE A6B;M;4874334;232314;910
2,016E+11;16;7;22;900;1;1;1;1;2;434;AUTOROUTE A6;M;4866985;234915;910
2,016E+11;16;7;24;1720;1;1;1;1;2;689;AUTOROUTE A6;M;4873287;231559;910
2,016E+11;16;7;24;1905;1;1;1;1;7;661;AUTOROUTE A10;M;4869193;222554;910
2,016E+11;16;7;23;400;3;1;1;1;3;689;AUTOROUTE A6;M;4873327;231572;910
2,016E+11;16;7;25;957;1;1;1;1;5;286;AUTOROUTE A6;M;4865758;237644;910
2,016E+11;16;7;25;940;1;1;1;1;2;692;RN 118;M;4867349;219371;910
2,016E+11;16;7;25;1810;1;1;1;1;3;38;AUTOROUTE A6B;M;4878170;234702;940
2,016E+11;16;7;25;1715;1;1;1;1;3;182;RN 104;M;4861659;242872;910
2,016E+11;16;7;25;1830;1;1;1;1;4;182;AUTOROUTE A6;M;4862107;242395;910
2,016E+11;16;7;27;1315;1;1;1;1;2;21;AUTOROUTE A6B;M;4876540;234402;940
2,016E+11;16;7;27;1425;1;1;1;1;3;339;RN 104;M;4862739;225837;910
2,016E+11;16;7;29;1240;1;1;1;1;2;689;AUTOROUTE A6B;M;4874193;232189;910
2,016E+11;16;8;1;415;3;1;1;1;6;339;RN 104;M;4863096;224853;910
2,016E+11;16;8;1;1735;1;1;1;1;5;377;AUTOROUTE A10;M;4871576;229037;910
2,016E+11;16;8;4;1250;1;1;1;2;5;21;AUTOROUTE A6B;M;4875990;233845;940
2,016E+11;16;8;4;1622;1;1;1;1;7;37;AUTOROUTE A6;M;4854564;249627;910
2,016E+11;16;8;4;2114;2;1;1;1;2;34;AUTOROUTE A86;M;4875970;232167;940
2,016E+11;16;8;5;1821;1;1;1;1;3;161;AUTOROUTE A6;M;4869921;231215;910
2,016E+11;16;8;6;215;3;1;1;1;2;659;AUTOROUTE A6;M;4858228;245746;910
2,016E+11;16;8;6;1650;1;1;1;1;2;377;AUTOROUTE A10;M;4872847;230544;910
2,016E+11;16;8;6;1600;1;1;1;1;3;549;RN 104;M;4862655;234533;910
2,016E+11;16;8;11;805;1;1;1;1;6;340;RN 104;M;4860842;243687;910
2,016E+11;16;8;11;837;1;1;1;1;7;2;RN 385 ExtŠrieure;;;;920
2,016E+11;16;8;13;1840;1;1;1;1;2;38;AUTOROUTE A6A;M;4877570;234602;940
2,016E+11;16;8;16;1450;1;1;1;1;4;377;AUTOROUTE A10;M;4872829;230502;910
2,016E+11;16;8;16;1552;1;1;1;1;7;495;RN 105;M;4856860;264199;770
2,016E+11;16;8;16;1700;1;1;1;1;2;549;RN 104;M;4862541;233622;910
2,016E+11;16;8;17;1550;1;1;1;1;4;659;AUTOROUTE A6;M;4857682;246440;910
2,016E+11;16;8;17;1407;1;1;1;1;2;251;AUTOROUTE A5A;;;;770
2,016E+11;16;8;18;845;1;1;1;8;6;21;AUTOROUTE A6B;M;4876020;233885;940
2,016E+11;16;8;18;1350;1;1;1;3;7;174;RN 104;M;4861091;244655;910
2,016E+11;16;8;18;1820;1;1;1;2;6;1;RN 385 ExtŠrieure;;;;920
2,016E+11;16;8;21;730;1;1;1;1;6;471;RD 188 CHEVREUSE;M;4869344;219178;910
2,016E+11;16;8;23;555;3;1;1;1;6;521;RN 104;M;4863241;240062;910
2,016E+11;16;8;25;720;1;1;1;1;6;340;AUTOROUTE A6;M;4860170;243840;910
2,016E+11;16;8;26;26;3;1;1;1;3;363;AUTOROUTE A10;M;4865810;218296;910
2,016E+11;16;8;26;1700;1;1;1;1;2;340;AUTOROUTE A6;M;4859874;244013;910
2,016E+11;16;8;26;2012;1;1;1;1;3;617;AUTOROUTE A5A;M;4863244;253583;910
2,016E+11;16;8;27;2207;5;1;1;1;7;553;RN 104;M;4863106;249012;910
2,016E+11;16;8;28;545;3;1;1;1;6;286;AUTOROUTE A6;M;4865683;237735;910
2,016E+11;16;8;28;600;3;1;1;1;2;286;AUTOROUTE A6;M;4865758;237591;910
2,016E+11;16;8;26;2310;4;1;1;1;3;384;AUTOROUTE A5A;;;;770
2,016E+11;16;8;29;1910;1;1;1;1;3;34;AUTOROUTE A6A;M;4875070;232925;940
2,016E+11;16;8;30;1920;1;1;1;1;3;689;AUTOROUTE A6B;M;4874238;232222;910
2,016E+11;16;8;30;2200;5;1;1;1;2;21;AUTOROUTE A6B;M;4876830;234331;940
2,016E+11;16;8;31;705;1;1;1;1;6;468;AUTOROUTE A6;M;4857510;246577;910
2,016E+11;16;9;1;302;3;1;1;1;2;377;AUTOROUTE A10;M;4871940;229314;910
2,016E+11;16;9;2;1245;1;1;1;1;4;659;AUTOROUTE A6;M;4857870;246246;910
2,016E+11;16;9;2;1540;1;1;1;1;4;549;RN 104;M;4862571;233917;910
2,016E+11;16;9;3;1445;1;1;1;1;4;161;AUTOROUTE A6;M;4871227;230798;910
2,016E+11;16;9;3;1905;1;1;1;1;2;2;AUTOROUTE A10;;;;920
2,016E+11;16;9;3;2109;3;1;1;1;3;161;AUTOROUTE A6;M;4870533;230596;910
2,016E+11;16;9;4;811;1;1;1;1;2;377;AUTOROUTE A10;M;4872132;229511;910
2,016E+11;16;9;4;1900;1;1;1;8;2;37;AUTOROUTE A6;M;4854144;249776;910
2,016E+11;16;9;5;1025;1;1;1;2;3;477;AUTOROUTE A10;M;4871837;225982;910
2,016E+11;16;9;5;803;1;1;1;2;3;363;RN 118;M;4866833;219231;910
2,016E+11;16;9;5;1200;1;1;1;2;6;136;RN20;M;4870564;228777;910
2,016E+11;16;9;5;1349;1;1;1;2;6;174;RN 104;M;4862209;246348;910
2,016E+11;16;9;5;1400;1;1;1;2;3;235;RN 104;M;4862458;237091;910
2,016E+11;16;9;5;1500;1;1;1;2;4;589;AUTOROUTE A6;M;4867391;234265;910
2,016E+11;16;9;5;1620;1;1;1;8;2;286;AUTOROUTE A6;M;4865027;238400;910
2,016E+11;16;9;5;1500;1;1;1;2;3;21;AUTOROUTE A6B;M;4876060;233925;940
2,016E+11;16;9;5;1932;1;1;1;2;2;38;AUTOROUTE A6B;M;4877980;234689;940
2,016E+11;16;9;6;1645;1;1;1;1;3;174;RN 104;M;4861136;244702;910
2,016E+11;16;9;7;920;1;1;1;1;4;43;AUTOROUTE A6B;M;4880570;234539;940
2,016E+11;16;9;7;915;1;1;1;1;3;345;AUTOROUTE A6;M;4868836;232455;910
2,016E+11;16;9;7;1302;1;1;1;1;3;174;RN 104;M;4861854;245794;910
2,016E+11;16;9;7;1350;1;1;1;1;4;286;RD 310;M;4865135;239430;910
2,016E+11;16;9;8;1315;1;1;1;1;2;216;AUTOROUTE A6;M;4868110;233123;910
2,016E+11;16;9;8;25;3;1;1;1;7;21;A86;M;4875970;233853;940
2,016E+11;16;9;8;1935;2;1;1;1;2;34;AUTOROUTE A86;M;4875630;233270;940
2,016E+11;16;9;9;815;1;1;1;1;3;38;AUTOROUTE A6A;M;4878890;234449;940
2,016E+11;16;9;9;1932;1;1;1;1;3;553;RN 104;M;4863034;248553;910
2,016E+11;16;9;9;1834;1;1;1;1;6;136;AUTOROUTE A126;M;4871177;229067;910
2,016E+11;16;9;9;1730;1;1;1;1;2;174;RN 104;M;4862035;246053;910
2,016E+11;16;9;10;1040;1;1;1;1;2;65;AUTOROUTE A86;M;4875530;234454;940
2,016E+11;16;9;11;652;4;1;1;1;1;477;AUTOROUTE A126;M;4872027;225504;910
2,016E+11;16;9;11;1745;1;1;1;8;2;64;RN 118;M;4874865;221542;910
2,016E+11;16;9;12;700;3;1;1;1;5;16;AUTOROUTE A6A;M;4879250;234467;940
2,016E+11;16;9;12;1050;1;1;1;1;3;37;AUTOROUTE A6A;M;4881470;233618;940
2,016E+11;16;9;13;1345;1;1;1;1;4;340;AUTOROUTE A6;M;4860339;243713;910
2,016E+11;16;9;13;1535;1;1;1;1;2;161;AUTOROUTE A6;M;4870752;230638;910
2,016E+11;16;9;14;1556;1;1;1;1;2;689;AUTOROUTE A6B;M;4874201;232187;910
2,016E+11;16;9;14;1815;1;1;1;1;2;689;AUTOROUTE A6;M;4872877;231409;910
2,016E+11;16;9;14;1918;1;1;1;1;6;179;AUTOROUTE A6;M;4856288;247978;910
2,016E+11;16;9;14;2055;5;2;1;2;2;377;RN20;M;4872978;230038;910
2,016E+11;16;9;15;900;1;1;1;2;2;377;AUTOROUTE A10;M;4871722;229130;910
2,016E+11;16;9;16;822;1;1;1;1;3;434;AUTOROUTE A6;M;4866670;236056;910
2,016E+11;16;9;15;2220;3;1;1;1;2;64;RN 118;M;4874943;220909;910
2,016E+11;16;9;16;1625;1;1;1;1;4;113;AUTOROUTE A6B;;;;750
2,016E+11;16;9;16;1940;2;1;1;2;2;3;AUTOROUTE A6A;M;4880810;234045;940
2,016E+11;16;9;16;2100;5;1;1;3;2;174;RN 104;M;4862053;246086;910
2,016E+11;16;9;16;2325;3;1;1;2;2;64;RN 118;M;4875161;222285;910
2,016E+11;16;9;17;1020;1;1;1;8;6;179;RN 337;M;4855680;249363;910
2,016E+11;16;9;17;1130;1;1;1;8;2;363;RN 104;M;4866235;218734;910
2,016E+11;16;9;17;1400;1;1;1;8;6;19;RN 385 INT;;;;920
2,016E+11;16;9;18;1845;1;1;1;2;6;235;RN 104;M;4862615;235268;910
2,016E+11;16;9;18;2050;5;1;1;2;7;3;AUTOROUTE A6A;M;4881210;233695;940
2,016E+11;16;9;19;1025;1;1;1;8;3;38;AUTOROUTE A6A;M;4877180;234564;940
2,016E+11;16;9;21;1853;1;1;1;1;3;689;AUTOROUTE A6;M;4872609;231312;910
2,016E+11;16;9;22;940;1;1;1;1;3;179;AUTOROUTE A6;M;4856412;247761;910
2,016E+11;16;9;23;900;1;1;1;1;5;38;AUTOROUTE A6B;M;4877440;234621;940
2,016E+11;16;9;23;1225;1;1;1;1;2;161;AUTOROUTE A126;M;4871045;230166;910
2,016E+11;16;9;24;700;3;1;1;1;3;2;AUTOROUTE A86;;;;920
2,016E+11;16;9;24;2050;3;1;1;1;6;312;RD 444;M;4873320;223331;910
2,016E+11;16;9;25;945;1;1;1;1;6;38;AUTOROUTE A6B;M;4878070;234631;940
2,016E+11;16;9;25;1230;1;1;1;2;5;570;RN 104;M;4862522;230880;910
2,016E+11;16;9;25;1410;1;1;1;2;7;521;RN 104;M;4863097;240010;910
2,016E+11;16;9;25;1450;1;1;1;2;6;521;RN 449;M;4863508;240621;910
2,016E+11;16;9;25;1830;1;1;1;1;4;34;AUTOROUTE A86;M;4876060;231928;940
2,016E+11;16;9;26;1015;1;1;1;1;5;34;AUTOROUTE A86;M;4875660;233277;940
2,016E+11;16;9;26;1250;1;1;1;1;4;687;AUTOROUTE A6;M;4866570;236258;910
2,016E+11;16;9;26;1400;1;1;1;1;2;521;AUTOROUTE A6;M;4863798;239719;910
2,016E+11;16;9;26;1940;2;1;1;1;2;38;AUTOROUTE A6B;M;4879080;234392;940
2,016E+11;16;9;27;1035;1;1;1;1;3;521;RN 104;M;4863602;240220;910
2,016E+11;16;9;27;1442;1;1;1;1;5;363;RN 104;M;4864935;218573;910
2,016E+11;16;9;27;1807;1;1;1;1;2;286;AUTOROUTE A6;M;4864694;238747;910
2,016E+11;16;9;28;1600;1;1;1;1;6;661;AUTOROUTE A10;M;4869483;223240;910
2,016E+11;16;9;28;1818;1;1;1;1;7;495;AUTOROUTE A5A;;;;770
2,016E+11;16;9;30;645;3;1;1;2;2;692;AUTOROUTE A10;M;4867453;219998;910
2,016E+11;16;9;30;954;1;1;1;1;7;521;RN 449;M;4863503;240658;910
2,016E+11;16;9;30;1840;2;1;1;2;2;377;AUTOROUTE A10;M;4871919;229312;910
2,016E+11;16;9;30;2045;3;1;1;2;3;477;AUTOROUTE A10;M;4871520;225394;910
2,016E+11;16;10;1;1800;1;1;1;2;2;34;AUTOROUTE A86;M;4875580;233919;940