Num_Acc;an;mois;jour;hrmn;lum;agg;int;atm;col;com;adr;gps;lat;long;dep
2,016E+11;16;10;10;1105;1;2;1;1;1;381;TERME;M;4578830;483193;690
2,016E+11;16;10;10;1205;1;2;1;1;3;385;25, ROMAIN ROLLAND;M;4576060;482845;690
2,016E+11;16;10;14;1530;1;2;1;3;1;385;82, CHOULANS (DE);M;4575452;481799;690
2,016E+11;16;10;14;1604;1;2;1;2;3;385;58 bis, POINT DU JOUR (D;M;4575653;479845;690
2,016E+11;16;10;14;1955;5;2;2;8;6;382;25, CARNOT;M;4545066;449383;690
2,016E+11;16;10;14;1800;1;2;1;2;2;389;207, 25EME REGIMENT DE T;;;;690
2,016E+11;16;10;15;730;2;2;1;1;6;381;JEAN MOULIN;M;;;690
2,016E+11;16;10;15;1640;1;2;2;1;6;382;PLAT (DU);;;;690
2,016E+11;16;10;15;1440;1;1;1;1;1;286;0, ROUTE DE STRASBOURG;;;;690
2,016E+11;16;10;16;600;5;2;1;1;6;381;12, ST VINCENT;M;4576768;481938;690
2,016E+11;16;10;16;915;1;2;3;1;1;389;DOCTEURS CORDIER (DES);;;;690
2,016E+11;16;10;16;1620;1;2;1;1;2;389;PORT MOUTON (DU);M;;;690
2,016E+11;16;10;17;1745;1;2;1;1;6;389;10, CORDERIE (DE LA);M;4577699;480536;690
2,016E+11;16;10;18;730;2;2;1;1;3;34;27, GEORGES CLEMENCEAU;;;;690
2,016E+11;16;10;18;830;1;1;1;1;3;389;17, COMMERCE (DU);M;4578178;481015;690
2,016E+11;16;10;18;1635;1;2;1;1;6;149;109, EMILE ZOLA;M;4571974;480029;690
2,016E+11;16;10;19;1230;1;2;3;1;3;34;GENERAL DE GAULLE;M;4580829;485636;690
2,016E+11;16;10;18;1655;1;1;1;1;7;286;ROUTE DE FONTAINE;;;;690
2,016E+11;16;10;21;145;5;2;1;1;3;384;BIRMINGHAM (DE);M;4577000;481130;690
2,016E+11;16;10;21;640;5;2;1;1;6;202;13, CLAUDE JUSSEAUD;M;4574000;480000;690
2,016E+11;16;10;14;2015;5;2;3;2;3;385;31, POINT DU JOUR (DU);M;4575564;480422;690
2,016E+11;16;10;22;245;5;2;1;1;1;382;GUILLOTIERE (DE LA);;;;690
2,016E+11;16;10;5;1600;1;2;1;1;6;381;05, MARIE ANNE LEROUDIER;M;4577223;482098;690
2,016E+11;16;10;25;1000;1;2;1;3;3;389;29, SIDOINE APPOLINAIRE;M;4577280;479570;690
2,016E+11;16;10;25;1840;5;2;1;2;6;385;5, FAVORITE (DE LA );M;4575784;481204;690
2,016E+11;16;10;25;2310;5;2;3;2;3;389;MARIETTON;M;4577642;479676;690
2,016E+11;16;10;26;1215;1;2;1;2;1;202;44, RAZES (DES);M;4573520;478201;690
2,016E+11;16;10;26;1401;1;2;1;1;2;385;18, BELISSEN (DE);M;4574795;477604;690
2,016E+11;16;10;26;1750;1;2;1;1;6;389;PAUL SEDAILLIAN;;;;690
2,016E+11;16;10;27;1235;1;2;1;1;2;34;85, ST CLAIR (DE);M;4578000;485000;690
2,016E+11;16;10;27;2030;5;2;1;1;6;384;GEORGES CLEMENCEAU;;;;690
2,016E+11;16;10;30;1500;1;2;1;1;3;382;JULES COURMONT;;;;690
2,016E+11;16;10;30;1335;1;2;1;1;3;385;36, FULCHIRON;M;4575291;482275;690
2,016E+11;16;10;31;1530;1;1;3;1;3;382;11, CELESTINS (DES);M;4575982;483037;690
2,016E+11;16;11;1;1115;1;2;4;1;3;385;DOCTEUR ALBERIC PONT (DU;M;4575392;479812;690
2,016E+11;16;11;2;1325;1;2;1;1;2;384;95, CROIX-ROUSSE (GRANDE;;;;690
2,016E+11;16;11;3;1130;1;2;1;1;3;389;8, JAYR;;;;690
2,016E+11;16;11;4;1430;1;2;1;8;6;381;30, JEAN BAPTISTE SAY;M;4577292;483211;690
2,016E+11;16;11;5;1905;5;2;3;3;6;385;59, TRION (DE);M;4575724;481530;690
2,016E+11;16;11;5;2030;5;2;3;3;3;149;111, JEAN JAURES;M;4571156;481999;690
2,016E+11;16;11;7;210;5;2;1;2;1;142;93, STEPHANE DECHANT;;;;690
2,016E+11;16;11;8;950;1;2;3;1;3;389;DAVID BEN GOURION;;;;690
2,016E+11;16;11;8;1205;1;2;1;1;6;382;44, PRESIDENT EDOUARD HE;M;4576483;483429;690
2,016E+11;16;11;10;1000;1;2;2;2;3;81;29, DOCTEUR TERVER (DU);;;;690
2,016E+11;16;11;8;914;1;2;1;1;7;34;PIERRE DREVET;M;4580769;487197;690
2,016E+11;16;11;13;1320;1;2;2;2;3;385;JOLIOT CURIE;M;4575468;478847;690
2,016E+11;16;11;13;1400;1;2;1;8;3;34;15, GENERAL DE GAULLE;M;4580000;485000;690
2,016E+11;16;11;12;1840;2;2;1;1;7;34;4, GEORGES CLEMENCEAU;M;4578976;482061;690
2,016E+11;16;11;15;2030;5;1;2;1;3;382;JULES COURMONT;;;;690
2,016E+11;16;11;9;1915;5;2;1;2;3;152;MURIERS (DES);M;4569514;482517;690
2,016E+11;16;11;16;1750;1;2;1;1;6;34;FRANCOIS PEISSEL;;;;690
2,016E+11;16;11;16;1940;5;2;1;2;3;382;27, DOCTEUR GAILLETON (D;M;4575290;483341;690
2,016E+11;16;11;17;1740;5;2;1;1;1;385;10, MENIVAL (DE);M;4575683;478002;690
2,016E+11;16;11;12;1200;1;2;1;1;5;381;30, ST VINCENT;M;4576839;482408;690
2,016E+11;16;11;18;445;5;2;1;1;6;381;21, ROMARIN;;;;690
2,016E+11;16;11;18;900;1;2;1;2;6;389;41, SIDOINE APPOLINAIRE;M;4577200;479617;690
2,016E+11;16;11;18;1030;1;2;1;2;7;389;3, TANNEURS (DES);M;4577494;480579;690
2,016E+11;16;11;18;1715;2;2;1;1;6;286;ROUTE DE STRASBOURG D 48;M;4581652;489059;690
2,016E+11;16;11;19;1140;1;2;1;1;6;286;MAURICE RAVEL;;;;690
2,016E+11;16;11;20;2105;5;2;1;1;7;385;22, PAUL DUQUAIRE;M;4576183;482864;690
2,016E+11;16;11;11;1045;1;2;3;1;3;34;GEORGES CLEMENCEAU;;;;690
2,016E+11;16;11;21;1740;5;2;1;1;6;384;120, CROIX-ROUSSE (DE LA;;;;690
2,016E+11;16;11;22;1015;1;2;1;2;3;286;1-3, GENERAL LECLERC;M;4581736;490380;690
2,016E+11;16;11;5;2040;5;2;1;3;2;382;JULES COURMONT;;;;690
2,016E+11;16;11;22;2000;5;2;1;1;7;286;23, EUROPE (DE L');;;;690
2,016E+11;16;11;24;825;1;2;9;2;6;384;LOUIS THEVENET;;;;690
2,016E+11;16;11;24;1710;5;2;2;8;3;385;120, PIERRE VALDO;M;4574974;478339;690
2,016E+11;16;11;25;1610;1;2;1;1;6;81;17 bis, CERISIERS (DES);M;4578491;479000;690
2,016E+11;16;11;25;1730;4;2;1;1;6;381;30, CROIX ROUSSE (DE LA);M;4577282;482121;690
2,016E+11;16;11;25;1930;5;2;1;1;6;385;101, BARTHELEMY BUYER;M;4576160;480341;690
2,016E+11;16;11;26;1010;1;2;1;1;3;381;10, JEAN MOULIN;M;4576623;483807;690
2,016E+11;16;10;16;450;5;2;1;1;6;152;, HENRI MOISSAN;M;4570660;482510;690
2,016E+11;16;11;28;1646;2;2;1;1;5;381;TUNNEL ROUTIER DE LA CRO;;;;690
2,016E+11;16;11;28;1730;3;2;1;1;3;286;26, VICTOR HUGO;M;4581909;489347;690
2,016E+11;16;11;28;1945;5;2;1;1;4;389;4, PAUL SEDAILLIAN;M;4579717;482880;690
2,016E+11;16;11;29;1600;1;2;1;1;6;382;19, BICHAT;;;;690
2,016E+11;16;11;29;1900;5;2;3;1;6;389;LAURE DIEBOLD;M;4577901;479657;690
2,016E+11;16;12;1;1300;1;2;1;1;6;382;REPUBLIQUE (DE LA);;;;690
2,016E+11;16;12;2;820;1;2;1;1;2;389;3, ROQUETTE;M;4577580;480580;690
2,016E+11;16;11;30;1510;1;2;1;1;1;34;93, STRASBOURG (DE);M;4579786;487588;690
2,016E+11;16;12;2;1850;5;2;1;1;4;286;2855, ROUTE DE STRASBOUR;;;;690
2,016E+11;16;12;5;1905;5;2;1;1;7;286;CASTELLANE;;;;690
2,016E+11;16;12;6;750;2;2;3;1;6;149;, PRESIDENT EDOUARD HERR;M;4571793;481004;690
2,016E+11;16;12;8;1025;1;2;2;1;6;385;16, FRANCOIS GENIN;M;4575437;479614;690
2,016E+11;16;12;9;1055;1;2;1;1;2;382;18, TILSITT;M;4545240;449363;690
2,016E+11;16;12;10;950;1;2;1;1;6;389;34, DOCTEUR HORAND (DU);;;;690
2,016E+11;16;12;10;1420;1;2;7;1;6;385;5, TRION (DE);M;4575810;481250;690
2,016E+11;16;12;11;940;1;1;1;1;2;34;PERIPHERIQUE NORD;;;;690
2,016E+11;16;12;12;1720;5;2;1;1;3;81;56, PROFESSEUR PAUL SANT;M;4577011;476995;690
2,016E+11;16;12;12;1825;5;2;1;1;2;382;7, CORDELIERS (DES);M;4545484;450124;690
2,016E+11;16;12;11;1320;1;2;9;1;3;381;JEAN MOULIN;;;;690
2,016E+11;16;12;13;640;3;2;1;1;2;202;36, AQUEDUC DE BEAUNANT;M;4572186;478862;690
2,016E+11;16;12;13;940;1;2;3;1;1;34;COSTE;;;;690
2,016E+11;16;12;13;1430;1;2;6;1;3;286;SERMENAZ (DE);M;4582350;491610;690
2,016E+11;16;12;13;1720;5;2;3;1;6;389;40, BALMONT (DE);;;;690
2,016E+11;16;12;14;1320;1;2;1;5;6;34;10, JEAN PETIT;;;;690
2,016E+11;16;12;14;1540;1;2;1;1;4;389;44, JOANNES CARRET;;;;690
2,016E+11;16;12;15;740;2;1;1;1;7;385;32, CASTORS (DES);M;4575300;480000;690
2,016E+11;16;12;16;1220;1;2;1;1;6;389;90, BARTHELEMY BUYER;M;4576381;479574;690
2,016E+11;16;12;17;130;5;2;1;5;1;381;DE LATTRE DE TASSIGNY;;;;690
2,016E+11;16;12;17;1930;5;2;1;5;2;286;3097, ROUTE DE STRASBOUR;;;;690
2,016E+11;16;12;19;730;5;2;1;2;6;149;11, EMILE ZOLA;;;;690
2,016E+11;16;12;21;1445;1;2;3;1;3;389;109, MARIETTON;M;4546320;447400;690
2,016E+11;16;12;23;835;1;2;1;1;2;389;2, PARIS (DE);;;;690
2,016E+11;16;12;23;715;5;2;3;1;1;385;153, BARTHELEMY BUYER;M;4576361;479540;690
2,016E+11;16;12;22;1930;5;2;3;1;3;286;8 MAI 1945 (DU);M;4581373;487966;690
2,016E+11;16;12;22;1933;5;2;1;1;6;286;28, EUROPE (DE L');;;;690
2,016E+11;16;12;24;2100;5;2;1;1;6;381;JEAN MOULIN;;;;690
2,016E+11;16;12;25;1300;1;2;1;1;3;34;87, PASTEUR;M;4579278;484470;690
2,016E+11;16;12;23;340;5;2;1;2;2;382;41, DOCTEUR GAILLETON (D;M;4575055;483179;690
2,016E+11;16;12;28;1940;5;2;1;8;6;286;3255, ROUTE DE STRASBOUR;;;;690
2,016E+11;16;12;19;2050;5;2;1;1;6;149;9, PIERRE SEMARD;M;4571735;481061;690
2,016E+11;16;12;30;2130;4;2;1;1;6;34;ST CLAIR (DE);;;;690
2,016E+11;16;12;29;1350;1;2;1;1;3;286;BOTTET (DU);;;;690
2,016E+11;16;12;14;5;3;1;1;1;6;603;AUTOROUTE A2;M;5034021;346916;590
2,016E+11;16;12;16;835;1;1;1;1;2;458;AUTOROUTE A23;M;5056411;316476;590
2,016E+11;16;12;25;745;3;1;1;1;6;350;AUTOROUTE A25;M;5062230;302396;590
2,016E+11;16;12;28;1945;3;1;1;5;6;43;AUTOROUTE A25;M;5073063;270510;590
2,016E+11;16;6;9;1150;1;1;1;1;7;202;AUTOROUTE A25;M;5068065;285001;590
2,016E+11;16;11;24;1750;5;1;1;1;7;196;ROUTE DEPARTEMENTALE 652;M;5063206;296332;590
2,016E+11;16;1;4;1300;1;1;1;1;7;346;ROUTE NATIONALE 227;M;5060310;313110;590
2,016E+11;16;1;7;1330;1;1;1;1;7;9;ROUTE NATIONALE 227;M;5064813;314552;590
2,016E+11;16;1;1;425;3;1;1;1;6;508;AUTOROUTE A22;M;5045021;308433;590
2,016E+11;16;1;14;920;1;1;1;2;4;196;AUTOROUTE A25;M;5063638;294352;590
2,016E+11;16;1;14;2000;1;1;1;5;5;491;AUTOROUTE A23;M;5038841;345700;590
2,016E+11;16;1;21;705;3;1;1;6;6;196;AUTOROUTE A25;;;;590
2,016E+11;16;1;18;400;3;1;1;1;5;427;AUTOROUTE A1;M;0;0;620
2,016E+11;16;1;15;1825;3;1;1;2;5;580;AUTOROUTE A25;;;;590
2,016E+11;16;1;24;1245;1;1;1;1;7;646;AUTOROUTE A22;M;5068293;308329;590
2,016E+11;16;1;27;1805;3;1;1;2;2;523;AUTOROUTE A27;M;5059855;314917;590
2,016E+11;16;1;29;405;4;1;1;1;7;9;ROUTE NATIONALE 227;M;5064844;314500;590
2,016E+11;16;2;15;2120;3;1;1;1;6;378;AUTOROUTE A22;M;5068516;311122;590
2,016E+11;16;2;12;2005;3;1;1;1;4;475;AUTOROUTE A2;M;5019322;325582;590
2,016E+11;16;2;16;1850;3;1;1;1;7;410;ROUTE NATIONALE 356;M;5038202;305278;590
2,016E+11;16;1;31;1430;1;1;1;2;7;646;ROUTE DEPARTEMENTALE 652;M;5067905;312530;590
2,016E+11;16;2;1;10;5;1;1;2;7;498;AUTOROUTE A211;M;5042405;283055;620
2,016E+11;16;2;4;1610;1;1;1;2;2;94;AUTOROUTE A16;M;5095863;217480;590
2,016E+11;16;2;15;1730;2;1;1;1;3;274;AUTOROUTE A21;M;5042919;297972;620
2,016E+11;16;2;9;2250;3;1;1;1;5;360;AUTOROUTE A25;M;5062136;301983;590
2,016E+11;16;2;6;2015;3;1;1;1;4;343;AUTOROUTE A1;M;5060058;311941;590
2,016E+11;16;2;6;2207;3;1;1;1;1;431;AUTOROUTE A25;M;5069008;282063;590
2,016E+11;16;2;7;620;5;1;1;2;5;350;AUTOROUTE A25;M;5061611;307477;590
2,016E+11;16;2;19;1520;1;1;1;1;5;507;AUTOROUTE A1;M;5061116;309058;590
2,016E+11;16;3;5;1500;1;1;1;8;7;350;ROUTE NATIONALE 356;M;5062122;308247;590
2,016E+11;16;3;6;220;5;1;1;2;7;350;AUTOROUTE A1;M;5062013;308180;590
2,016E+11;16;3;12;1615;1;1;1;1;2;274;AUTOROUTE A21;M;5043023;296350;620
2,016E+11;16;2;28;730;1;1;1;1;2;350;ROUTE NATIONALE 356;M;5062124;308260;590
2,016E+11;16;2;29;1240;1;1;1;1;5;569;AUTOROUTE A21;M;5038393;313221;590
2,016E+11;16;2;29;2320;5;1;1;1;7;462;AUTOROUTE A1;M;5051433;333685;590
2,016E+11;16;3;4;145;5;1;1;1;6;646;ROUTE DEPARTEMENTALE 652;M;5067324;311431;590
2,016E+11;16;3;10;2130;5;1;1;1;7;350;ROUTE NATIONALE 356;M;5063744;308967;590
2,016E+11;16;3;11;1730;1;1;1;1;6;360;AUTOROUTE A25;M;5037150;301570;590
2,016E+11;16;3;19;2220;3;1;1;1;2;90;AUTOROUTE A22;M;5070755;312169;590
2,016E+11;16;3;20;1620;1;1;1;1;2;249;AUTOROUTE A21;M;0;0;620
2,016E+11;16;3;20;1700;1;1;1;1;7;143;AUTOROUTE A25;M;5067716;285802;590
2,016E+11;16;3;20;1845;1;1;1;1;7;196;AUTOROUTE A25;M;5063722;294136;590
2,016E+11;16;4;5;815;1;1;1;1;7;646;ROUTE DEPARTEMENTALE 656;M;5067983;312741;590
2,016E+11;16;4;5;1420;1;1;1;1;7;274;AUTOROUTE A1;M;0;0;620
2,016E+11;16;4;10;1635;1;1;1;1;4;343;AUTOROUTE A1;M;5058163;308911;590
2,016E+11;16;3;25;1745;1;1;1;1;4;274;AUTOROUTE A21;M;0;0;620
2,016E+11;16;3;28;1115;1;1;1;2;6;195;ROUTE DEPARTEMENTALE 652;M;5062933;295856;590
2,016E+11;16;3;31;510;5;1;1;1;7;193;AUTOROUTE A16;M;0;0;620
2,016E+11;16;4;13;1110;1;1;1;2;4;128;ROUTE DEPARTEMENTALE 652;M;5064061;296841;590
2,016E+11;16;4;6;1020;1;1;1;1;2;271;AUTOROUTE A16;M;5100294;230113;590
2,016E+11;16;4;10;1045;1;1;1;1;7;528;AUTOROUTE A21;M;0;0;620
2,016E+11;16;4;23;915;1;1;1;1;7;459;AUTOROUTE A23;M;5037908;346894;590
2,016E+11;16;4;27;2057;1;1;1;1;7;852;AUTOROUTE A16;M;0;0;620
2,016E+11;16;4;30;1245;1;1;1;1;7;123;AUTOROUTE A1;M;5049741;300261;590
2,016E+11;16;4;22;920;1;1;1;1;5;350;AUTOROUTE A25;M;5061602;307086;590
2,016E+11;16;5;4;2340;3;1;1;1;7;234;AUTOROUTE A21;M;5040224;306116;590
2,016E+11;16;5;15;1845;1;1;1;1;7;195;ROUTE DEPARTEMENTALE 652;M;5062661;295894;590
2,016E+11;16;5;18;2055;1;1;1;8;7;195;AUTOROUTE A25;M;5037172;258173;590
2,016E+11;16;5;26;750;1;1;1;1;6;637;AUTOROUTE A1;M;5046916;297713;620
2,016E+11;16;5;30;905;1;1;1;1;7;9;ROUTE NATIONALE 227;M;5062085;313465;590
2,016E+11;16;5;30;905;1;1;1;1;2;523;AUTOROUTE A27;M;5059811;314413;590
2,016E+11;16;5;31;1220;1;1;1;1;6;449;AUTOROUTE A23;M;5047128;322686;590
2,016E+11;16;5;1;1400;1;1;1;1;6;507;AUTOROUTE A1;M;5060765;309597;590
2,016E+11;16;5;8;20;3;1;1;1;7;274;AUTOROUTE A21;M;5042952;297193;620
2,016E+11;16;5;10;2210;5;1;1;2;7;360;AUTOROUTE A25;M;5061696;299442;590
2,016E+11;16;5;11;2330;5;1;1;2;7;9;ROUTE NATIONALE 227;M;5064761;314642;590
2,016E+11;16;5;28;455;5;1;1;1;7;193;AUTOROUTE A16;M;5093625;191510;620
2,016E+11;16;5;7;520;5;1;1;1;7;9;Rte Nationale RN227;M;5064728;314651;590
2,016E+11;16;5;5;630;1;1;1;1;2;155;AUTOROUTE A16;M;5101304;238151;590
2,016E+11;16;5;28;1110;1;1;1;1;6;383;AUTOROUTE A2;M;5033674;354545;590
2,016E+11;16;5;3;1400;1;1;1;1;2;350;AUTOROUTE A25;;;;590
2,016E+11;16;5;5;830;1;1;1;1;2;260;AUTOROUTE A16;M;5104480;252879;590
2,016E+11;16;7;1;505;3;1;1;2;6;43;AUTOROUTE A25;M;5072519;272869;590
2,016E+11;16;7;1;740;1;1;1;8;6;346;ROUTE NATIONALE 227;M;5060572;312986;590
2,016E+11;16;7;1;2030;1;1;1;3;6;479;AUTOROUTE A2;M;5038826;361223;590
2,016E+11;16;7;4;750;1;1;1;1;6;80;AUTOROUTE A23;M;5045600;328608;590
2,016E+11;16;7;4;1700;1;1;1;8;4;603;AUTOROUTE A2;M;5034007;349353;590
2,016E+11;16;7;9;1800;1;1;1;7;6;274;AUTOROUTE A1;M;0;0;620
2,016E+11;16;7;10;1245;1;1;1;1;6;143;AUTOROUTE A25;M;5066549;288362;590
2,016E+11;16;7;13;330;4;1;1;1;7;560;AUTOROUTE A1;M;5054734;305802;590
2,016E+11;16;7;19;1145;1;1;1;1;4;146;AUTOROUTE A27;M;5060180;320425;590
2,016E+11;16;7;20;2030;1;1;1;1;6;343;ROUTE NATIONALE 227;M;5060317;312989;590
2,016E+11;16;6;1;2225;3;1;1;1;1;479;AUTOROUTE A2;M;5039329;361381;590
2,016E+11;16;6;1;1745;1;1;1;1;4;523;AUTOROUTE A27;M;5059862;315002;590
2,016E+11;16;6;6;830;1;1;1;1;7;462;AUTOROUTE A1;M;5050833;302510;590
2,016E+11;16;6;6;830;1;1;1;1;2;586;AUTOROUTE A23;M;5053992;319667;590
2,016E+11;16;6;8;740;1;1;1;1;2;271;AUTOROUTE A16;M;5100319;233238;590
2,016E+11;16;6;12;35;3;1;1;2;7;327;AUTOROUTE A 21;M;5037836;317710;590
2,016E+11;16;6;28;1620;1;1;1;1;4;288;AUTOROUTE A2;M;5032273;342790;590
2,016E+11;16;6;17;1715;1;1;1;1;2;288;AUTOROUTE A2;M;5031783;341666;590
2,016E+11;16;6;19;1945;1;1;1;1;6;479;AUTOROUTE A2;M;5037835;360798;590
2,016E+11;16;6;22;315;3;1;1;1;6;510;AUTOROUTE A21;M;5043780;275634;620
2,016E+11;16;6;23;800;1;1;1;2;2;378;ROUTE NATIONALE 356;M;5065494;310775;590
2,016E+11;16;6;25;110;3;1;1;1;7;479;AUTOROUTE A2;M;5037835;360798;590
2,016E+11;16;6;25;430;3;1;1;1;6;548;AUTOROUTE A16;M;5093701;195413;620
2,016E+11;16;7;20;845;1;1;1;1;6;606;AUTOROUTE A2;M;5033942;349691;590
2,016E+11;16;7;24;950;1;1;1;1;7;350;AUTOROUTE A25;M;5061592;307145;590
2,016E+11;16;7;20;1350;1;1;1;1;4;588;AUTOROUTE A16;M;5102853;242814;590
2,016E+11;16;7;23;1635;1;1;1;1;5;340;AUTOROUTE A16;M;5103716;244027;590
2,016E+11;16;7;24;1615;1;1;1;1;4;588;AUTOROUTE A16;M;5102884;242875;590
2,016E+11;16;7;29;5;3;1;1;2;7;179;AUTOROUTE A2;M;5030771;338363;590
2,016E+11;16;8;2;900;1;1;1;1;2;274;AUTOROUTE A1;M;5043312;297851;620
2,016E+11;16;8;6;655;1;1;1;1;4;378;ROUTE DEPARTEMENTALE 652;M;5068475;309553;590
2,016E+11;16;8;7;200;3;1;1;1;7;205;AUTOROUTE A 21;M;5032761;333569;590
2,016E+11;16;7;13;1000;1;1;1;2;2;523;AUTOROUTE A23;M;5059433;314706;590
2,016E+11;16;7;11;120;3;1;1;1;1;634;AUTOROUTE A16;M;0;0;620
2,016E+11;16;7;16;700;2;1;1;1;6;143;AUTOROUTE A25;M;5065909;289618;590
2,016E+11;16;8;13;250;3;1;1;1;6;159;AUTOROUTE A16;M;5097264;222215;590
2,016E+11;16;8;9;1840;1;1;1;1;6;43;AUTOROUTE A25;M;5072683;272049;590
2,016E+11;16;8;16;1415;1;1;1;1;7;351;AUTOROUTE A21;M;5043218;290249;620
2,016E+11;16;8;18;1720;1;1;1;1;7;569;AUTOROUTE A21;M;5039081;312509;590
2,016E+11;16;8;21;1610;1;1;1;1;7;343;ROUTE NATIONALE 227;M;5062422;312355;590
2,016E+11;16;8;23;125;5;1;1;1;6;350;AUTOROUTE A25;M;5061924;308063;590
2,016E+11;16;8;24;945;1;1;1;1;2;196;AUTOROUTE A25;M;5063619;294403;590
2,016E+11;16;8;26;900;1;1;1;1;7;350;AUTOROUTE A1;M;5064268;800000;590
2,016E+11;16;8;26;1755;1;1;1;1;7;205;AUTOROUTE A 21;M;5032730;333658;590
2,016E+11;16;8;25;1820;1;1;1;1;4;431;AUTOROUTE A25;;;;590
2,016E+11;16;8;28;2030;1;1;1;1;6;507;AUTOROUTE A1;M;5060821;309488;590
2,016E+11;16;8;29;2215;3;1;1;1;2;305;AUTOROUTE A25;M;5088153;251878;590
2,016E+11;16;8;29;1230;1;1;1;1;2;195;AUTOROUTE A25;M;5062080;297260;590
2,016E+11;16;9;1;1600;1;1;1;1;2;410;ROUTE NATIONALE 356;M;5064827;309368;590
2,016E+11;16;9;9;855;1;1;1;1;7;143;AUTOROUTE A25;M;5066880;287790;590
2,016E+11;16;9;9;1745;1;1;1;1;2;624;AUTOROUTE A21;M;0;0;620
2,016E+11;16;9;10;400;3;1;1;1;2;350;ROUTE NATIONALE 356;M;5062373;308454;590
2,016E+11;16;9;15;1430;1;1;1;1;3;378;AUTOROUTE A22;M;5067070;311479;590
2,016E+11;16;9;16;720;2;1;1;1;2;202;AUTOROUTE A25;M;5068300;284395;590
2,016E+11;16;9;16;915;1;1;1;1;4;566;AUTOROUTE A25;M;5061561;298102;590
2,016E+11;16;9;19;2250;3;1;1;1;5;350;AUTOROUTE A1;M;5061788;307960;590
2,016E+11;16;9;23;1755;1;1;1;1;3;603;AUTOROUTE A23;M;5034077;349004;590
2,016E+11;16;9;23;1915;2;1;1;1;7;350;ROUTE NATIONALE 356;M;5064554;306381;590
2,016E+11;16;9;28;400;5;1;1;1;2;386;ROUTE DEPARTEMENTALE 652;M;5067983;305432;590
2,016E+11;16;9;30;745;2;1;1;1;3;560;AUTOROUTE A1;M;5054188;305351;590
2,016E+11;16;10;1;750;2;1;1;1;2;646;ROUTE NATIONALE 356;M;5067482;311964;590
2,016E+11;16;10;1;2120;3;1;1;2;2;665;AUTOROUTE A25;M;5090989;248527;590
2,016E+11;16;10;6;900;1;1;1;1;3;378;ROUTE NATIONALE 356;M;5066721;311320;590
2,016E+11;16;10;6;1715;1;1;1;1;5;646;ROUTE DEPARTEMENTALE 652;M;5068294;311616;590
2,016E+11;16;10;7;900;1;1;1;1;3;386;ROUTE DEPARTEMENTALE 652;M;5068051;305617;590
2,016E+11;16;10;7;945;1;1;1;1;2;350;ROUTE NATIONALE 356;M;5061892;305265;590
2,016E+11;16;9;27;800;1;1;1;1;1;646;ROUTE DEPARTEMENTALE 652;M;5068060;312016;590
2,016E+11;16;10;9;2045;3;1;1;1;6;193;AUTOROUTE A16;M;0;0;620
2,016E+11;16;10;16;2215;5;1;1;2;6;346;ROUTE NATIONALE 227;M;5060610;312990;590
2,016E+11;16;10;20;1740;1;1;1;1;6;343;ROUTE NATIONALE 227;M;5060016;312825;590
2,016E+11;16;10;30;1600;1;1;1;1;2;426;AUTOROUTE A22;M;5076077;315599;590
2,016E+11;16;11;26;2230;3;1;9;1;6;498;AUTOROUTE A211;M;0;0;620
2,016E+11;16;10;29;115;5;1;1;1;6;350;AUTOROUTE A25;M;5061587;307342;590
2,016E+11;16;11;3;1830;2;1;1;1;7;507;AUTOROUTE A22;M;5059750;310230;590
2,016E+11;16;10;18;1900;1;1;1;2;4;646;ROUTE DEPARTEMENTALE 656;M;5067930;312490;590
2,016E+11;16;11;6;315;3;1;1;8;7;350;AUTOROUTE A25;M;5061680;304110;590
2,016E+11;16;11;10;415;3;1;1;1;2;427;AUTOROUTE A1;M;0;0;620
2,016E+11;16;10;24;1130;1;1;1;1;2;459;AUTOROUTE A23;M;5036699;348368;590
2,016E+11;16;11;10;945;1;1;1;1;3;278;ROUTE NATIONALE 41;M;5061990;295900;590
2,016E+11;16;11;10;2350;5;1;1;2;6;350;AUTOROUTE A25;M;5061630;307030;590
2,016E+11;16;11;11;1015;1;1;1;2;7;343;ROUTE NATIONALE 227;M;5060121;313197;590
2,016E+11;16;11;11;700;2;1;1;8;2;286;AUTOROUTE A25;M;5061990;300800;590
2,016E+11;16;11;12;1500;1;1;1;2;6;193;AUTOROUTE A16;M;0;0;620
2,016E+11;16;11;14;2110;3;1;1;2;6;414;AUTOROUTE A 21;M;5037870;317920;590
2,016E+11;16;11;15;15;3;1;1;2;2;215;AUTOROUTE A1;M;0;0;620
2,016E+11;16;11;15;850;1;1;1;1;7;143;AUTOROUTE A25;M;5066010;289310;590
2,016E+11;16;11;15;1900;3;1;1;1;2;462;AUTOROUTE A1;M;5051170;303110;590
2,016E+11;16;11;17;1800;2;1;1;1;6;498;AUTOROUTE A21;M;0;0;620
2,016E+11;16;11;19;430;3;1;1;1;6;350;ROUTE NATIONALE 356;M;5063540;308340;590
2,016E+11;16;11;19;645;5;1;1;2;1;278;ROUTE NATIONALE 41;M;5061990;295900;590
2,016E+11;16;11;22;800;2;1;1;1;3;350;ROUTE NATIONALE 356;M;5063500;308710;590