Num_Acc;an;mois;jour;hrmn;lum;agg;int;atm;col;com;adr;gps;lat;long;dep
2,016E+11;16;11;22;1700;2;1;1;1;6;350;AUTOROUTE A25;M;5061686;304533;590
2,016E+11;16;11;29;1340;1;1;1;1;2;585;AUTOROUTE A1;M;5056083;306864;590
2,016E+11;16;11;30;2330;3;1;1;1;6;587;AUTOROUTE A21;M;0;0;620
2,016E+11;16;11;29;1925;3;1;1;1;5;178;AUTOROUTE A21;M;5039640;311650;590
2,016E+11;16;12;5;1315;1;1;1;1;2;350;ROUTE NATIONALE 356;M;5063540;308750;590
2,016E+11;16;12;7;1100;1;1;1;1;4;350;AUTOROUTE A25;M;5061688;308036;590
2,016E+11;16;12;9;1600;1;1;1;1;2;28;AUTOROUTE A21;M;5041275;303325;590
2,016E+11;16;12;4;245;3;1;1;1;6;343;AUTOROUTE A22;M;5060065;311807;590
2,016E+11;16;12;12;2245;3;1;1;2;6;360;AUTOROUTE A25;M;5061950;300660;590
2,016E+11;16;1;1;1910;2;2;1;1;6;388;46, HENRI BARBUSSE;M;4572760;484799;690
2,016E+11;16;1;2;1445;1;2;1;2;6;387;186, BERTHELOT;M;4544286;451134;690
2,016E+11;16;12;9;540;5;2;7;1;3;387;MATHIEU VARILLE;;;;690
2,016E+11;16;1;4;1145;1;2;3;1;3;388;77, GENERAL FRERE (DU);;;;690
2,016E+11;16;1;4;1730;5;2;1;1;3;259;12, INDUSTRIE (DE L');;;;690
2,016E+11;16;1;4;1910;5;2;9;2;6;386;BROTTEAUX (DES);;;;690
2,016E+11;16;1;4;1920;5;2;1;2;6;386;76, VITTON;;;;690
2,016E+11;16;1;5;645;5;2;2;1;3;387;MONTESQUIEU;M;4545090;450345;690
2,016E+11;16;1;5;1230;1;2;1;1;1;388;MARIUS BERLIET;;;;690
2,016E+11;16;1;2;1205;1;2;2;1;3;386;CUVIER;;;;690
2,016E+11;16;1;6;800;1;2;1;1;2;387;46, VIENNE (DE);M;4544319;451029;690
2,016E+11;16;1;4;1915;5;2;1;2;6;388;7RUE, ANTOINE LUMIERE;M;4544361;452127;690
2,016E+11;16;1;6;920;1;2;2;1;3;388;43, AMBROISE PARE;M;4544089;452598;690
2,016E+11;16;1;6;1746;5;2;3;2;3;259;LEO LAGRANGE;;;;690
2,016E+11;16;1;6;1800;2;2;2;2;1;383;BELLECOMBE (DE);;;;690
2,016E+11;16;1;6;2215;5;2;1;1;3;259;91, IRENE JOLIOT CURIE;;;;690
2,016E+11;16;1;7;745;3;2;1;3;6;388;PAUL CAZENEUVE;M;4544000;451442;690
2,016E+11;16;1;8;840;1;2;1;2;6;383;67, LACASSAGNE;;;;690
2,016E+11;16;1;8;1315;1;2;9;1;6;259;PRESIDENT EDOUARD HERRIO;;;;690
2,016E+11;16;1;9;1315;1;2;3;1;3;387;TONY GARNIER;M;4543476;449266;690
2,016E+11;16;12;24;130;5;2;2;1;3;386;17, NOTRE DAME;;;;690
2,016E+11;16;1;10;1510;1;2;1;2;6;383;., GEORGES POMPIDOU;;;;690
2,016E+11;16;1;10;2240;5;2;1;2;6;383;134, LAFAYETTE;;;;690
2,016E+11;16;1;11;740;1;2;3;1;5;387;60, LECLERC;M;4544040;449255;690
2,016E+11;16;1;11;1700;1;2;1;1;6;259;56, ERNEST RENAN;;;;690
2,016E+11;16;1;12;1245;1;2;2;1;3;386;GENEVE (DE);;;;690
2,016E+11;16;1;12;2039;5;2;2;1;6;388;26, ALOUETTES (DES);;;;690
2,016E+11;16;1;13;810;1;2;1;1;1;259;FRANCIS DE PRESSENSE;;;;690
2,016E+11;16;1;14;320;5;2;2;1;6;386;VERGUIN;M;4577239;485413;690
2,016E+11;16;1;9;1140;1;2;3;1;3;387;MADELEINE (DE LA);M;4544557;450526;690
2,016E+11;16;1;15;825;1;2;2;1;6;386;SEZE (DE);;;;690
2,016E+11;16;1;8;1930;5;2;2;1;3;388;ETATS UNIS (DES);M;4544050;451478;690
2,016E+11;16;1;15;750;1;2;2;1;1;383;VILLETTE (DE LA);;;;690
2,016E+11;16;1;15;1630;1;2;3;2;3;387;363, GARIBALDI;;;;690
2,016E+11;16;1;15;1420;1;2;1;1;3;259;67, MARTYRS DE LA RESIST;M;4569100;487061;690
2,016E+11;16;1;18;417;5;2;2;1;3;259;FRANCISCO FERRER;;;;690
2,016E+11;16;1;18;1400;1;2;2;1;3;383;21, PART DIEU      (DE L;;;;690
2,016E+11;16;1;18;1625;1;2;1;2;6;388;170, PAUL SANTY;M;4543351;452461;690
2,016E+11;16;1;20;830;1;2;2;1;6;388;238, VIENNE (DE);;;;690
2,016E+11;16;1;21;650;5;2;3;1;6;388;VIVIANI;;;;690
2,016E+11;16;1;22;845;1;2;2;1;3;387;38, PERE CHEVRIER (DU);M;4544537;450418;690
2,016E+11;16;1;22;1537;1;2;3;1;3;387;ETIENNE ROGNON;M;4544480;503070;690
2,016E+11;16;1;22;1806;5;2;1;1;3;383;VICTOR AUGAGNEUR;;;;690
2,016E+11;16;1;22;2154;5;2;1;3;6;383;GENERAL MOUTON DUVERNET;;;;690
2,016E+11;16;1;23;1840;5;2;1;1;6;259;CHARLES DE GAULLE;;;;690
2,016E+11;16;1;24;1050;1;2;3;1;5;383;21, VICTOR AUGAGNEUR;;;;690
2,016E+11;16;1;25;1010;1;2;1;1;6;388;, ETATS UNIS (DES);M;4543000;452000;690
2,016E+11;16;1;25;1220;1;2;1;1;6;387;4, GUILLOTIERE (DE LA);M;4545171;450356;690
2,016E+11;16;1;26;1055;1;2;1;1;3;383;184, LAFAYETTE;M;4545491;451303;690
2,016E+11;16;1;26;1140;1;2;1;1;3;386;21, BELGES (DES);;;;690
2,016E+11;16;1;27;825;1;2;2;1;3;386;face 136, LAFAYETTE;;;;690
2,016E+11;16;1;27;820;1;2;3;1;6;388;EPARGNE (DE L');;;;690
2,016E+11;16;1;27;2340;5;2;1;1;3;383;128, ALBERT THOMAS;;;;690
2,016E+11;16;1;26;1440;1;2;2;1;3;386;57, BELLECOMBE (DE);;;;690
2,016E+11;16;1;28;1250;1;2;9;1;6;386;LAFAYETTE;;;;690
2,016E+11;16;1;28;1550;1;2;9;1;3;199;MARCEL SEMBAT;;;;690
2,016E+11;16;1;29;1305;1;2;1;1;7;259;44, FELIX BRUN;;;;690
2,016E+11;16;1;29;1115;1;2;1;1;6;388;123, PROFESSEUR BEAUVISA;M;4543469;452073;690
2,016E+11;16;1;29;1920;1;2;2;1;3;387;FELIX FAURE;;;;690
2,016E+11;16;1;31;410;5;2;1;2;3;383;2, VICTOR AUGAGNEUR;M;4575634;484041;690
2,016E+11;16;1;31;550;5;2;9;1;2;383;105, GAMBETTA;;;;690
2,016E+11;16;1;31;1250;1;1;1;1;2;387;PASTEUR;;;;690
2,016E+11;16;2;1;1540;1;2;1;1;6;386;170, THIERS;;;;690
2,016E+11;16;2;2;1635;1;2;1;1;1;199;JEAN JAURES;;;;690
2,016E+11;16;2;2;1700;2;2;3;1;3;276;MARRONNIERS (DES);;;;690
2,016E+11;16;2;3;1625;1;2;1;2;3;259;MARCEL HOUEL;;;;690
2,016E+11;16;2;3;2330;5;2;2;1;1;383;FELIX FAURE;;;;690
2,016E+11;16;12;13;1930;2;2;1;1;2;387;73, TONY GARNIER;;;;690
2,016E+11;16;2;4;755;1;2;1;1;3;259;VIENNE (DE);;;;690
2,016E+11;16;2;4;1020;1;2;2;1;3;387;60, LECLERC;M;4544031;443925;690
2,016E+11;16;2;5;800;1;2;1;8;6;259;10/12, FRERES LAFRANCHI;M;4571691;487338;690
2,016E+11;16;2;8;1850;5;2;1;1;3;259;19, JEAN CAGNE;M;4569613;487191;690
2,016E+11;16;2;10;1250;1;2;1;1;6;383;LACASSAGNE;;;;690
2,016E+11;16;2;11;2130;5;2;1;8;2;387;276, CREQUI (DE);;;;690
2,016E+11;16;2;12;1825;5;2;2;8;6;383;, BONNEL (DE);;;;690
2,016E+11;16;2;13;230;5;2;2;1;3;387;SALOMON REINACH;;;;690
2,016E+11;16;2;13;1545;1;2;1;1;6;383;01, CHARLES BERAUDIER;;;;690
2,016E+11;16;2;14;1700;1;2;3;1;3;199;DEUX FERMES (DES);;;;690
2,016E+11;16;2;15;1130;1;2;1;1;6;388;47, PAUL SANTY;;;;690
2,016E+11;16;2;13;1110;1;2;1;1;2;388;20, AMBROISE PARE;M;4544006;452465;690
2,016E+11;16;12;2;1730;5;2;1;1;4;383;3, SERVIENT;;;;690
2,016E+11;16;2;16;2210;5;2;1;1;6;386;13, PUVIS DE CHAVANNES;;;;690
2,016E+11;16;2;17;1830;5;2;1;1;6;259;MARX DORMOY;;;;690
2,016E+11;16;2;20;1040;1;2;1;1;2;383;11, VILLETTE (DE LA);;;;690
2,016E+11;16;12;17;310;5;2;1;1;6;387;1, RAOUL SERVANT;;;;690
2,016E+11;16;2;21;2000;5;2;1;1;5;259;PRESIDENT EDOUARD HERRIO;;;;690
2,016E+11;16;2;22;1435;1;2;2;2;6;386;45, SULLY;;;;690
2,016E+11;16;2;23;700;2;2;2;2;6;388;MARIUS BERLIET;M;4544210;451590;690
2,016E+11;16;2;25;600;5;2;1;2;7;259;FRERES LOUIS ET EMILE BE;;;;690
2,016E+11;16;2;25;855;1;2;2;1;2;383;MARIUS VIVIER MERLE;M;4545483;128500;690
2,016E+11;16;2;27;1625;1;1;1;1;3;383;FELIX FAURE;;;;690
2,016E+11;16;2;27;1845;2;2;1;1;6;199;33, CARNOT;;;;690
2,016E+11;16;2;28;1940;5;2;1;1;6;388;01, BRACHET;M;;;690
2,016E+11;16;3;1;2340;5;2;2;1;3;383;VICTOR AUGAGNEUR;;;;690
2,016E+11;16;3;2;830;1;2;1;2;2;259;CHARLES DE GAULLE;;;;690
2,016E+11;16;3;3;740;1;2;3;1;3;388;JEAN MERMOZ;;;;690
2,016E+11;16;3;3;1500;1;1;2;1;3;259;JEAN CAGNE;;;;690
2,016E+11;16;3;4;525;5;2;1;1;6;386;18, GENERAL SARRAIL (DU);;;;690
2,016E+11;16;3;5;940;1;2;3;1;1;388;VILLON (DE);M;4544391;451566;690
2,016E+11;16;3;5;910;1;2;3;1;3;383;DOCTEUR LONG (DU);;;;690
2,016E+11;16;3;6;1145;1;2;1;1;6;388;ETATS UNIS (DES);M;4543452;452035;690
2,016E+11;16;3;6;2055;5;2;1;1;3;387;196, GUILLOTIERE (DE LA);M;4544549;451153;690
2,016E+11;16;3;6;2050;5;2;1;1;5;259;67, AMBROISE CROIZAT;;;;690
2,016E+11;16;3;7;600;5;2;1;1;5;387;8/12, CROIX BARRET (DE L;;;;690
2,016E+11;16;3;7;1650;1;2;1;2;5;259;, FRANCIS DE PRESSENSE;;;;690
2,016E+11;16;3;8;1200;1;2;2;1;6;199;JEAN JAURES;;;;690
2,016E+11;16;3;9;935;1;2;1;1;3;383;DOCTEUR REBATEL (DU);;;;690
2,016E+11;16;3;9;1545;1;2;2;3;3;386;, BUGEAUD;;;;690
2,016E+11;16;3;8;1650;1;2;1;8;6;387;190, JEAN JAURES;;;;690
2,016E+11;16;3;10;2350;5;2;2;1;3;387;GARIBALDI;;;;690
2,016E+11;16;3;11;1705;1;2;1;1;3;386;JULES FAVRE;;;;690
2,016E+11;16;3;12;1400;1;2;3;1;6;383;MARIUS VIVIER MERLE;;;;690
2,016E+11;16;3;12;1415;1;1;2;1;5;276;DAUPHINE (DU);;;;690
2,016E+11;16;3;12;1505;1;2;1;1;2;387;37, REPOS (DU);;;;690
2,016E+11;16;3;13;2130;5;2;2;1;3;383;ALBERT THOMAS;M;4544400;452285;690
2,016E+11;16;3;14;1600;1;2;1;1;3;387;MAURICE BOUCHOR;;;;690
2,016E+11;16;3;15;1150;1;2;2;1;3;386;VIABERT (DE LA);;;;690
2,016E+11;16;3;16;920;1;2;1;1;3;259;20, FRANCIS DE PRESSENSE;;;;690
2,016E+11;16;3;16;1330;1;2;1;3;3;259;11, MAURICE THOREZ;;;;690
2,016E+11;16;3;16;1310;1;2;6;2;3;259;ETHEL ET JULIUS ROSENBER;;;;690
2,016E+11;16;3;16;1620;1;2;1;2;2;259;PIERRE SEMARD;;;;690
2,016E+11;16;3;16;2045;5;2;2;2;6;388;61, FRERES LUMIERE (DES);M;4544200;451585;690
2,016E+11;16;3;17;128;3;2;1;2;6;259;2, HONORE DE BALZAC;;;;690
2,016E+11;16;3;17;928;1;2;1;1;6;388;39, ETATS UNIS (DES);M;4544124;451464;690
2,016E+11;16;3;17;1550;1;2;1;1;6;388;194, VIENNE (DE);;;;690
2,016E+11;16;3;17;1150;1;2;9;1;3;388;12, ROSES (DES);M;4543439;452409;690
2,016E+11;16;3;18;930;1;1;3;1;1;387;ST JEAN DE DIEU;M;4500000;450440;690
2,016E+11;16;3;14;1045;1;2;1;1;6;388;ETATS UNIS (DES);;;;690
2,016E+11;16;3;20;2020;5;2;1;1;7;199;ROCHETTE (DE LA);M;;;690
2,016E+11;16;3;22;1400;1;2;1;1;3;259;ANDRE SENTUC;;;;690
2,016E+11;16;3;22;1610;1;2;2;1;6;386;BOILEAU;;;;690
2,016E+11;16;3;22;1930;3;2;1;1;6;388;ALBERT THOMAS;M;4544525;451511;690
2,016E+11;16;3;23;925;1;2;1;1;1;383;PAUL BERT;;;;690
2,016E+11;16;3;23;1346;1;1;1;1;1;383;164, PAUL BERT;;;;690
2,016E+11;16;3;23;1635;1;2;1;1;2;386;STALINGRAD (DE);;;;690
2,016E+11;16;3;23;1400;1;2;2;1;3;383;LAFAYETTE;;;;690
2,016E+11;16;3;24;1145;1;2;1;1;6;259;FRANCIS DE PRESSENSE;M;4571150;487497;690
2,016E+11;16;3;24;1700;1;2;1;1;6;259;VIVIANI;;;;690
2,016E+11;16;3;25;930;1;2;2;1;3;388;PAUL SANTY;;;;690
2,016E+11;16;3;25;1235;1;2;1;8;6;383;196, FELIX FAURE;;;;690
2,016E+11;16;3;25;1450;1;2;7;1;3;388;JEAN MERMOZ;;;;690
2,016E+11;16;3;25;2215;5;2;2;2;3;387;224, GUILLOTIERE (DE LA);;;;690
2,016E+11;16;3;26;200;5;2;2;1;3;388;BOCAGE (DU);;;;690
2,016E+11;16;3;25;1200;1;2;9;2;6;259;AMBROISE CROIZAT;;;;690
2,016E+11;16;3;26;455;5;2;1;1;6;388;GENERAL FRERE (DU);;;;690
2,016E+11;16;3;28;2005;5;2;2;1;1;383;DANTON;;;;690
2,016E+11;16;3;30;740;1;2;1;1;6;387;12, CAPITAINE ROBERT CLU;M;4545012;528200;690
2,016E+11;16;3;30;930;1;2;1;1;6;199;68, JEAN JAURES;;;;690
2,016E+11;16;3;30;1440;1;2;1;1;6;259;20, JEAN CAGNE;;;;690
2,016E+11;16;3;31;640;2;2;1;1;2;388;246, VIENNE (DE);M;4500000;400000;690
2,016E+11;16;3;31;2020;5;2;2;1;3;259;AMBROISE CROIZAT;;;;690
2,016E+11;16;3;31;1940;1;2;2;1;3;383;LACASSAGNE;;;;690
2,016E+11;16;4;1;1705;1;2;2;1;3;387;UNIVERSITE (DE L');M;4544591;450280;690
2,016E+11;16;4;2;1740;1;2;9;1;6;276;01, VERCORS (DU);;;;690
2,016E+11;16;4;2;1830;1;2;1;1;6;388;23, GENERAL GOURAUD (DU);M;4544049;451083;690
2,016E+11;16;4;3;1940;1;2;1;1;3;388;MARIUS BERLIET;M;4244202;451595;690
2,016E+11;16;4;4;1750;1;2;1;1;7;199;37, FRERES PERRET;;;;690
2,016E+11;16;4;5;1320;1;2;1;2;6;386;76, VITTON;;;;690
2,016E+11;16;4;4;1930;1;2;1;1;6;388;102, ALBERT THOMAS;M;4544424;452195;690
2,016E+11;16;4;5;1650;1;2;1;3;4;259;FRANCIS DE PRESSENSE;;;;690
2,016E+11;16;4;5;2248;5;2;2;3;3;259;JODINO (DE);;;;690
2,016E+11;16;4;6;835;1;2;1;1;1;383;48, BARABAN;;;;690
2,016E+11;16;4;7;710;1;2;3;1;3;383;GUILLOTIERE (DE LA);M;4545220;450254;690
2,016E+11;16;4;6;1245;1;2;1;1;6;386;BERGES DU RHONE (SECT. L;;;;690
2,016E+11;16;4;7;1515;1;2;1;1;1;383;29, VICTOR AUGAGNEUR;;;;690
2,016E+11;16;4;7;1525;1;2;2;1;3;387;13, CREPET;M;4544234;449593;690
2,016E+11;16;4;8;955;1;2;3;1;6;387;4, MADELEINE (DE LA);;;;690
2,016E+11;16;4;8;1550;1;2;1;1;6;383;16, LACASSAGNE;;;;690
2,016E+11;16;4;8;1530;1;2;1;1;3;383;2BIS, FEUILLAT;;;;690
2,016E+11;16;4;9;2050;2;2;1;1;6;387;6, CLAUDE BERNARD;M;;;690
2,016E+11;16;4;10;1415;1;2;2;1;3;388;ETATS UNIS (DES);M;4573530;486799;690
2,016E+11;16;4;11;1200;1;2;1;1;3;387;176, GERLAND (DE);;;;690
2,016E+11;16;4;11;1720;1;2;1;1;3;199;CARNOT;;;;690
2,016E+11;16;4;11;2145;5;2;2;1;4;388;VILLON (DE);M;4544263;451501;690
2,016E+11;16;4;12;1425;1;2;1;1;1;388;79, CROIX BARRET (DE LA);;;;690
2,016E+11;16;4;14;800;1;2;3;1;3;383;VILLETTE (DE LA);;;;690
2,016E+11;16;4;16;1023;1;1;1;1;3;386;NOTRE DAME;;;;690
2,016E+11;16;4;16;1920;1;2;1;1;6;388;150, VIENNE (DE);M;4573400;485300;690
2,016E+11;16;4;16;1520;1;2;1;1;2;386;30, VERGUIN;;;;690
2,016E+11;16;4;19;1320;1;2;3;1;3;388;PROFESSEUR BEAUVISAGE (D;;;;690
2,016E+11;16;4;19;1800;1;2;2;1;6;276;VIENNE (DE);M;4567840;486098;690
2,016E+11;16;4;21;1310;1;2;1;1;6;387;ABBE BOISARD (DE L');M;4545013;451243;690
2,016E+11;16;4;21;1730;1;2;2;1;3;383;VICTOR AUGAGNEUR;M;4577080;483722;690
2,016E+11;16;4;21;1935;1;2;1;1;6;387;YVES FARGES;M;4544438;450089;690
2,016E+11;16;4;22;1205;1;2;1;1;2;259;136, IRENE JOLIOT CURIE;;;;690
2,016E+11;16;4;23;1130;1;1;1;1;3;386;CUVIER;;;;690
2,016E+11;16;4;23;1750;1;2;2;2;6;387;54, GEORGES GOUY;M;4300000;0;690
2,016E+11;16;4;25;900;1;2;2;1;3;387;ST MICHEL;;;;690
2,016E+11;16;4;24;2000;1;2;2;1;1;386;234, LAFAYETTE;M;4576990;483390;690
2,016E+11;16;4;25;1450;1;2;1;1;6;386;2, GENERAL BROSSET (DU);;;;690
2,016E+11;16;4;25;1600;1;2;1;1;6;388;50, ETATS UNIS (DES);;;;690
2,016E+11;16;4;25;1830;1;2;1;1;6;383;150, ALBERT THOMAS;;;;690
2,016E+11;16;4;25;1845;1;2;7;1;3;387;8, DOMER;M;4574600;484500;690
2,016E+11;16;4;25;1930;1;2;4;1;3;388;ALBERT THOMAS;;;;690
2,016E+11;16;4;26;1030;1;2;2;1;3;383;88, MARECHAL DE SAXE;M;4545373;450436;690
2,016E+11;16;4;20;1204;1;2;2;1;3;383;LAFAYETTE;;;;690
2,016E+11;16;4;26;1545;1;2;1;8;3;383;FEUILLAT;;;;690
2,016E+11;16;4;26;2040;2;2;1;2;6;387;CHAMBAUD DE LA BRUYERE;M;4543185;450325;690
2,016E+11;16;3;23;1440;1;2;2;1;3;386;CUVIER;M;;;690
2,016E+11;16;4;27;1750;1;2;1;1;6;388;104, FRERES LUMIERE (DES;M;4544402;452069;690
2,016E+11;16;4;28;1030;1;1;1;1;6;383;DAUPHINE (DU);;;;690
2,016E+11;16;4;28;1400;1;2;4;1;3;383;27, TRARIEUX;;;;690
2,016E+11;16;4;28;1710;1;2;2;1;6;386;VIABERT (DE LA);;;;690
2,016E+11;16;4;29;940;1;2;2;1;3;386;VENDOME;;;;690
2,016E+11;16;4;29;955;1;2;1;1;6;388;90 BIS, CROIX BARRET (DE;M;4544135;451036;690
2,016E+11;16;4;28;1952;1;2;1;1;3;388;FRERES LUMIERE (DES);M;4544350;452164;690
2,016E+11;16;4;28;1815;1;2;1;1;6;388;167, ETATS UNIS (DES);;;;690
2,016E+11;16;4;29;1500;1;2;1;1;6;387;22, MARSEILLE (DE);;;;690
2,016E+11;16;5;2;845;1;1;1;1;3;388;10, AMBROISE PARE;;;;690
2,016E+11;16;5;2;1025;1;2;3;1;4;387;CHAMBAUD DE LA BRUYERE;M;4543149;450325;690
2,016E+11;16;5;2;1100;1;2;1;1;6;387;66, CHALLEMEL LACOUR;;;;690
2,016E+11;16;5;3;745;1;2;1;1;2;383;110, PAUL BERT;;;;690
2,016E+11;16;5;3;1140;1;2;1;1;6;383;VICTOR AUGAGNEUR;;;;690
2,016E+11;16;4;29;1100;1;2;3;1;3;387;PROFESSEUR GRIGNARD (DU);M;4544528;450109;690
2,016E+11;16;5;2;1325;1;2;2;1;3;388;ETATS UNIS (DES);M;4573860;486508;690
2,016E+11;16;5;5;1233;1;2;2;1;3;259;112, VIVIANI;M;4321600;238500;690
2,016E+11;16;5;7;510;1;1;1;1;7;276;312;M;4567520;484789;690
2,016E+11;16;5;7;1550;1;2;1;1;3;386;10, SERBIE (DE);M;4577380;484207;690
2,016E+11;16;5;8;45;5;2;1;1;6;383;GAMBETTA;;;;690
2,016E+11;16;5;8;1245;1;2;1;1;6;383;1-3, GEORGES POMPIDOU;;;;690
2,016E+11;16;5;8;2310;4;2;3;2;3;199;43, CARNOT;;;;690
2,016E+11;16;5;9;920;1;2;1;1;1;383;59, PINEL;;;;690
2,016E+11;16;5;9;1515;1;2;1;2;7;383;DUGUESCLIN;;;;690
2,016E+11;16;5;9;1524;1;2;2;1;3;388;AMBROISE PARE;M;4544141;453027;690
2,016E+11;16;5;10;615;2;2;3;2;3;199;43, CARNOT;;;;690
2,016E+11;16;5;10;1000;1;2;2;2;3;259;MARCEL HOUEL;M;4569500;488312;690
2,016E+11;16;5;10;1200;1;2;1;1;4;386;2, JULES FERRY;;;;690
2,016E+11;16;5;11;1030;1;2;1;3;6;383;20, JULES VERNE;;;;690
2,016E+11;16;5;11;850;1;2;1;2;6;387;CLEMENT MAROT;;;;690
2,016E+11;16;5;10;1710;1;2;1;1;3;387;11, LECLERC;;;;690
2,016E+11;16;5;12;745;1;2;3;1;6;383;BALTHAZAR;;;;690
2,016E+11;16;5;12;945;1;2;1;1;3;388;JEAN MERMOZ;M;4543480;453285;690
2,016E+11;16;5;12;2005;1;2;3;1;3;388;ALBERT THOMAS;;;;690
2,016E+11;16;5;12;2245;5;2;2;1;3;259;DOCTEUR COBLOD (DU);;;;690
2,016E+11;16;5;13;830;1;2;2;3;3;388;LONGEFER;;;;690
2,016E+11;16;5;13;1005;1;2;2;3;3;386;46, PIERRE CORNEILLE;M;4545533;450370;690
2,016E+11;16;5;13;1000;1;2;1;2;3;259;45, CARNOT;;;;690
2,016E+11;16;5;13;1820;1;2;2;1;6;387;FELIX BRUN;M;4544236;449592;690
2,016E+11;16;5;13;1700;1;2;1;1;6;387;57, UNIVERSITE (DE L');;;;690
2,016E+11;16;5;13;1700;1;2;2;1;3;387;UNIVERSITE (DE L');M;;;690
2,016E+11;16;5;15;1515;1;2;1;1;6;259;2, HONORE DE BALZAC;;;;690
2,016E+11;16;5;17;1005;1;2;1;1;6;387;13, JEAN MACE;M;4544441;450292;690
2,016E+11;16;5;17;1910;1;2;1;1;6;386;56, MONTGOLFIER;;;;690
2,016E+11;16;5;17;2040;1;2;2;1;3;386;BOSSUET;M;4576804;485264;690
2,016E+11;16;5;18;1810;1;2;1;1;6;276;, LOUISE MICHEL;;;;690
2,016E+11;16;5;19;1320;1;2;2;2;3;383;62, SERVIENT;;;;690
2,016E+11;16;5;20;800;1;2;1;1;6;383;GUICHARD;;;;690
2,016E+11;16;5;17;840;1;2;3;1;1;387;09, EFFORT (DE L');M;4544003;15700;690
2,016E+11;16;5;20;1720;1;2;3;1;4;387;21, FELIX BRUN;M;4544230;449591;690
2,016E+11;16;5;20;2230;5;2;1;1;2;387;1, GERLAND (DE);;;;690
2,016E+11;16;5;20;1025;1;2;1;1;2;388;63, ETATS UNIS (DES);;;;690
2,016E+11;16;5;20;1115;1;2;2;1;1;387;JEAN JAURES;;;;690
2,016E+11;16;5;21;500;2;2;2;1;6;259;, CORBAS (DE);;;;690
2,016E+11;16;5;20;1440;1;2;2;1;3;388;9, FRERES LUMIERE (DES);M;4544469;451440;690
2,016E+11;16;5;21;1220;1;2;1;1;3;387;52, REPOS (DU);M;4544405;451060;690
2,016E+11;16;5;21;310;5;2;2;1;1;387;40, GAMBETTA;M;4575434;484536;690
2,016E+11;16;5;24;555;2;2;2;1;6;259;AMBROISE CROIZAT;;;;690
2,016E+11;16;5;24;910;1;2;2;1;3;259;AMBROISE CROIZAT;;;;690
2,016E+11;16;5;24;1025;1;2;1;1;6;259;136, IRENE JOLIOT CURIE;;;;690
2,016E+11;16;5;25;800;1;2;1;1;6;259;63, FRANCIS DE PRESSENSE;;;;690
2,016E+11;16;5;23;2035;2;2;3;2;3;387;CHALLEMEL LACOUR;;;;690
2,016E+11;16;5;25;1140;1;2;1;1;5;259;19, JEAN CAGNE;;;;690
2,016E+11;16;5;23;1215;1;2;2;2;3;383;RANCY (DES);;;;690
2,016E+11;16;5;25;2320;5;2;2;1;3;387;33, CAPITAINE ROBERT CLU;M;;;690
2,016E+11;16;5;26;1345;1;2;1;1;6;388;ST MAURICE;M;4544167;451531;690
2,016E+11;16;5;26;1830;1;1;1;1;6;387;110, BERTHELOT;M;4544366;49700;690
2,016E+11;16;5;26;510;5;2;2;1;3;387;GUILLOTIERE (DE LA);;;;690
2,016E+11;16;5;26;1200;1;2;1;1;6;383;FELIX FAURE;;;;690
2,016E+11;16;5;27;1230;1;2;1;1;6;259;VIENNE (DE);M;4543062;451157;690
2,016E+11;16;5;27;2050;1;2;1;1;6;387;65, JEAN JAURES;M;4544540;450373;690
2,016E+11;16;5;28;1830;1;2;1;2;3;383;177, FELIX FAURE;;;;690
2,016E+11;16;5;29;1400;1;2;1;1;6;387;CHALLEMEL LACOUR;;;;690
2,016E+11;16;5;30;1325;1;2;6;1;3;276;LOUISE MICHEL;;;;690
2,016E+11;16;5;31;645;2;2;2;2;6;383;GEORGES POMPIDOU;M;4545327;451423;690
2,016E+11;16;5;31;855;1;2;1;2;3;383;FELIX FAURE;;;;690
2,016E+11;16;5;31;1515;1;2;1;1;2;386;STALINGRAD (DE);;;;690
2,016E+11;16;6;2;1730;1;2;1;2;6;383;47, ETIENNE RICHERAND;;;;690
2,016E+11;16;6;3;810;1;1;2;1;3;387;19, DEBOURG;M;4543530;449476;690
2,016E+11;16;6;3;1135;1;2;1;1;4;259;PIERRE SEMARD;;;;690
2,016E+11;16;6;3;1150;1;1;1;1;3;199;ALBERT RAMBOZ;;;;690
2,016E+11;16;6;3;1740;1;2;1;1;6;383;BARABAN;;;;690
2,016E+11;16;6;3;1805;1;2;1;1;3;259;78, FRANCIS DE PRESSENSE;;;;690
2,016E+11;16;6;6;900;1;2;1;1;6;386;MARECHAL DE SAXE;;;;690
2,016E+11;16;6;6;1800;1;2;1;1;2;386;23, GENERAL SARRAIL (DU);;;;690
2,016E+11;16;6;7;730;1;2;2;1;3;383;BONNEFOI;;;;690
2,016E+11;16;6;7;745;1;2;1;1;1;387;33, LIEUTENANT COLONEL G;;;;690
2,016E+11;16;6;8;720;1;2;1;1;3;388;2, ST NESTOR;M;4544377;451445;690
2,016E+11;16;6;8;830;1;2;1;1;5;386;CHARLES DE GAULLE;;;;690
2,016E+11;16;6;8;2040;1;2;1;1;2;199;ARISTIDE BRIAND;;;;690
2,016E+11;16;6;8;2300;5;2;2;2;3;388;ROCHAMBEAU;M;4543537;452015;690
2,016E+11;16;6;9;740;1;1;1;1;1;387;CHALLEMEL LACOUR;M;4543472;31700;690
2,016E+11;16;6;9;1155;1;2;1;1;1;387;, DEBOURG;;;;690
2,016E+11;16;6;10;715;1;2;1;1;3;388;JEAN MERMOZ;M;4543553;452585;690
2,016E+11;16;6;10;1045;1;2;3;7;3;199;CARNOT;M;4570802;485977;690
2,016E+11;16;6;10;1900;1;2;1;1;7;387;178, YVES FARGES;M;4573314;482527;690
2,016E+11;16;6;10;1900;1;2;3;1;3;259;CHARBONNIER (DU);;;;690
2,016E+11;16;6;11;1730;1;2;1;1;6;388;54, HENRI BARBUSSE;;;;690
2,016E+11;16;6;11;1620;1;2;2;1;6;386;FRANKLIN ROOSEVELT;;;;690