Num_Acc;an;mois;jour;hrmn;lum;agg;int;atm;col;com;adr;gps;lat;long;dep
2,016E+11;16;9;29;1715;1;1;1;1;4;3;AUTOROUTE A 10;M;4492659;-47158;330
2,016E+11;16;9;29;1818;1;1;1;1;4;63;ROCADE A 630;;;;330
2,016E+11;16;10;1;1940;1;1;1;1;2;550;ROCADE A 630;M;4477819;-55551;330
2,016E+11;16;10;1;2330;3;1;1;1;5;143;AUTOROUTE A 10;M;4497274;-43378;330
2,016E+11;16;10;3;1005;1;1;1;1;3;119;ROUTE NATIONALE 230;M;4486022;-50431;330
2,016E+11;16;10;6;710;2;1;1;1;2;397;AUTOROUTE A 10;M;4492332;-47369;330
2,016E+11;16;10;7;445;5;1;1;1;2;249;ROCADE A 630;M;4487918;-52733;330
2,016E+11;16;10;8;1316;1;1;1;1;7;75;ROCADE A 630;M;4489018;-61403;330
2,016E+11;16;10;10;500;5;1;1;1;6;249;ROUTE NATIONALE 230;M;4487784;-50899;330
2,016E+11;16;10;9;2105;5;1;1;1;6;550;ROCADE A 630;M;4477766;-55902;330
2,016E+11;16;10;10;1530;1;1;1;1;3;39;ROCADE A 630;M;4479547;-53916;330
2,016E+11;16;10;10;1447;1;1;1;1;7;39;ROCADE A 630;M;4479866;-53700;330
2,016E+11;16;10;12;850;1;1;1;1;3;162;ROCADE A 630;M;4486839;-64731;330
2,016E+11;16;10;12;1710;1;1;1;1;2;13;ROUTE NATIONALE 230;M;4486202;-50412;330
2,016E+11;16;10;14;435;5;1;1;1;2;550;ROCADE A 630;M;4478489;-54203;330
2,016E+11;16;10;15;1945;5;1;1;1;2;63;ROCADE A 630;M;4488277;-55185;330
2,016E+11;16;10;16;45;3;1;1;1;6;281;ROCADE A 630;M;4484755;-66959;330
2,016E+11;16;10;17;45;5;1;1;1;2;192;ROCADE A 630;M;4478544;-59402;330
2,016E+11;16;10;17;810;2;1;1;1;6;80;AUTOROUTE A 62;M;0;0;330
2,016E+11;16;10;17;830;1;1;1;2;2;550;ROCADE A 630;M;4478560;-54179;330
2,016E+11;16;10;17;1120;1;1;1;1;6;249;AUTOROUTE A 10;M;4488510;-50946;330
2,016E+11;16;10;17;1120;1;1;1;2;3;249;A630;M;4488504;-50939;330
2,016E+11;16;10;17;1725;1;1;1;1;5;65;ROUTE NATIONALE 230;M;4480925;-52434;330
2,016E+11;16;10;17;1845;1;1;1;1;2;318;ROCADE A 630;M;4478971;-64585;330
2,016E+11;16;10;17;1850;2;1;1;1;2;13;ROUTE NATIONALE 230;M;4484309;-50155;330
2,016E+11;16;10;18;920;1;1;1;1;3;96;AUTOROUTE A 10;M;4489395;-49904;330
2,016E+11;16;10;20;750;3;1;1;1;3;162;ROCADE A 630;M;4487363;-63892;330
2,016E+11;16;10;20;1335;1;1;1;1;3;550;ROCADE A 630;M;4477821;-55536;330
2,016E+11;16;10;20;1750;1;1;1;1;3;39;ROUTE NATIONALE 230;M;4480587;-52950;330
2,016E+11;16;10;21;855;1;1;1;1;4;63;ROCADE A 630;M;4488739;-57360;330
2,016E+11;16;10;21;1225;1;1;1;1;2;318;ROCADE A 630;M;4480638;-66570;330
2,016E+11;16;10;24;800;2;1;1;1;2;550;ROCADE A 630;M;4477901;-55143;330
2,016E+11;16;10;27;2235;5;1;1;1;6;13;ROUTE NATIONALE 230.;M;4485989;-50434;330
2,016E+11;16;10;28;1700;1;1;1;1;4;39;ROCADE A 630;M;4479591;-53896;330
2,016E+11;16;10;28;1940;3;1;1;1;4;448;AUTOROUTE A 62;M;0;0;330
2,016E+11;16;10;28;2040;5;1;1;1;4;249;ROUTE NATIONALE 230;M;4487432;-50727;330
2,016E+11;16;10;29;1803;1;1;1;1;6;63;ROCADE A 630;M;4488176;-54646;330
2,016E+11;16;10;31;1049;1;1;1;1;2;249;ROUTE NATIONALE 230;M;4487432;-50727;330
2,016E+11;16;11;1;445;3;1;1;1;6;122;AUTOROUTE A 63;M;4474001;-71201;330
2,016E+11;16;11;1;515;3;1;1;1;2;122;AUTOROUTE A 63;M;4474001;-71201;330
2,016E+11;16;11;1;1840;2;1;1;1;3;366;AUTOROUTE A 10;M;4497949;-43044;330
2,016E+11;16;11;3;455;3;1;1;1;6;366;AUTOROUTE A 10;M;4500869;-42826;330
2,016E+11;16;11;3;725;1;1;1;1;4;249;ROUTE NATIONALE 230;M;4487212;-50644;330
2,016E+11;16;11;3;740;1;1;1;1;3;80;AUTOROUTE A 62;M;4476010;-54699;330
2,016E+11;16;11;3;850;1;1;1;1;6;397;AUTOROUTE A 10;M;4490585;-49211;330
2,016E+11;16;11;3;930;1;1;1;1;2;448;AUTOROUTE A 62;M;4442476;31000;330
2,016E+11;16;11;3;1445;1;1;1;1;3;39;ROCADE A 630;M;4479673;-53841;330
2,016E+11;16;11;3;1940;5;1;1;1;5;550;ROCADE A 630;M;4477748;-56170;330
2,016E+11;16;11;4;810;2;1;1;5;3;162;ROCADE A 630;M;4486949;-64542;330
2,016E+11;16;11;6;1830;3;1;1;2;6;550;ROCADE A 630;M;4478240;-58555;330
2,016E+11;16;11;8;1955;4;1;1;2;6;249;ROCADE A 630;M;4488197;-52264;330
2,016E+11;16;11;8;2345;3;1;1;2;6;122;AUTOROUTE A 63;M;4475870;-68205;330
2,016E+11;16;11;9;2100;5;1;1;2;6;397;AUTOROUTE A 10;M;4490750;-49111;330
2,016E+11;16;11;10;1640;1;1;1;2;4;13;ROUTE NATIONALE 230;M;4486438;-50394;330
2,016E+11;16;11;10;2030;5;1;1;2;6;23;AUTOROUTE A 62;M;4469858;-50000;330
2,016E+11;16;11;11;935;1;1;1;1;6;167;ROUTE NATIONALE 230;M;4484218;-50148;330
2,016E+11;16;11;12;1745;5;1;1;2;4;13;ROUTE NATIONALE 230;M;4485089;-50438;330
2,016E+11;16;11;14;800;1;1;1;8;6;143;AUTOROUTE A 10;M;4496568;-43923;330
2,016E+11;16;11;14;2225;3;1;1;1;6;122;AUTOROUTE A 63;M;4474415;-70489;330
2,016E+11;16;11;17;710;4;1;1;1;4;550;AUTOROUTE A 62;M;4476317;-54818;330
2,016E+11;16;11;17;740;5;1;1;1;2;249;ROUTE NATIONALE 230;M;4487432;-50727;330
2,016E+11;16;11;17;845;1;1;1;1;6;162;ROCADE A 630;M;4487870;-62939;330
2,016E+11;16;11;18;715;5;1;1;1;3;249;ROCADE A 630;M;4488035;-52504;330
2,016E+11;16;11;18;835;1;1;1;2;3;65;ROUTE NATIONALE 230;M;4480739;-52717;330
2,016E+11;16;11;20;635;5;1;1;1;2;249;ROUTE NATIONALE 230;M;4488136;-51069;330
2,016E+11;16;11;20;1750;2;1;1;2;6;63;ROCADE A 630;M;4488270;-55149;330
2,016E+11;16;11;20;1900;4;1;1;1;6;39;ROUTE NATIONALE 230;M;4480685;-52800;330
2,016E+11;16;11;21;815;1;1;1;1;2;122;AUTOROUTE A 63;M;4474830;-69787;330
2,016E+11;16;11;21;845;2;1;1;2;3;90;AUTOROUTE A 63;M;4476972;-66335;330
2,016E+11;16;11;22;905;1;1;1;2;5;75;ROCADE A 630;M;4488089;-62561;330
2,016E+11;16;11;23;1115;1;1;1;1;6;63;ROCADE A 630;M;4488601;-56544;330
2,016E+11;16;11;24;1845;5;1;1;1;3;550;ROCADE A 630;M;4477986;-57534;330
2,016E+11;16;11;25;740;3;1;1;1;5;143;AUTOROUTE A 10;M;4496790;-43705;330
2,016E+11;16;11;26;1635;1;1;1;1;4;162;ROCADE A 630;M;4487440;-63694;330
2,016E+11;16;11;28;947;1;1;1;1;6;80;AUTOROUTE A 62;M;4472885;-52871;330
2,016E+11;16;11;29;930;1;1;1;1;2;122;AUTOROUTE A 63;M;4475280;-69104;330
2,016E+11;16;11;29;1850;5;1;1;1;4;90;AUTOROUTE A 63;M;4477825;-64318;330
2,016E+11;16;11;30;1745;5;1;1;1;2;281;ROCADE A 630;M;4484035;-67493;330
2,016E+11;16;12;1;1830;3;1;1;1;4;318;ROCADE A 630;M;4478778;-63644;330
2,016E+11;16;12;2;1637;1;1;1;1;2;90;AUTOROUTE A 63;M;4476919;-66451;330
2,016E+11;16;12;2;1938;3;1;1;1;4;90;AUTOROUTE A 63;M;4477460;-65186;330
2,016E+11;16;12;5;720;3;1;1;1;4;143;AUTOROUTE A 10;M;4496568;-43923;330
2,016E+11;16;12;5;1000;1;1;1;1;2;80;AUTOROUTE A 62;M;4473096;-53014;330
2,016E+11;16;12;5;1050;1;1;1;1;2;39;RN230;M;4480382;-53255;330
2,016E+11;16;12;5;1955;1;1;1;1;2;162;ROCADE A 630;M;4487600;-63413;330
2,016E+11;16;12;5;2200;3;1;1;1;2;122;AUTOROUTE A 63.;M;4474767;-69883;330
2,016E+11;16;12;6;655;5;1;1;1;7;397;AUTOROUTE A 10;;;;330
2,016E+11;16;12;6;1835;3;1;1;1;2;192;ROCADE A 630;M;4478885;-62299;330
2,016E+11;16;12;7;823;1;1;1;1;5;162;ROCADE A 630;M;4487282;-63971;330
2,016E+11;16;12;7;1900;5;1;1;1;2;13;ROUTE NATIONALE 230;M;4486438;-50390;330
2,016E+11;16;12;9;1800;2;1;1;1;2;535;ROUTE NATIONALE 230;;;;330
2,016E+11;16;12;9;1800;5;1;1;1;6;366;AUTOROUTE A 10;M;4501384;-43046;330
2,016E+11;16;12;10;1400;1;1;1;1;5;63;ROCADE A 630;M;4488058;-54024;330
2,016E+11;16;12;10;1400;1;1;1;1;5;63;ROCADE A 630;M;4488013;-53798;330
2,016E+11;16;12;12;750;3;1;1;1;4;281;ROCADE A 630;M;4484142;-67425;330
2,016E+11;16;12;12;1830;5;1;1;1;2;39;ROCADE A 630;M;4479504;-53934;330
2,016E+11;16;12;13;600;3;1;1;5;2;122;AUTOROUTE A 63;M;4474532;-70291;330
2,016E+11;16;12;15;1135;1;1;1;1;4;39;ROCADE A 630;M;4479416;-53969;330
2,016E+11;16;12;16;745;3;1;1;1;3;162;ROCADE A 630;M;4487115;-64258;330
2,016E+11;16;12;17;745;2;1;1;1;5;143;AUTOROUTE A 10;M;4495590;-45201;330
2,016E+11;16;12;17;1830;5;1;1;1;4;550;ROCADE A 630;M;4477935;-54961;330
2,016E+11;16;12;19;1750;1;1;1;1;6;63;ROCADE A 630;;;;330
2,016E+11;16;12;21;1315;1;1;1;1;6;192;AUTOROUTE A 63;M;4478258;-63311;330
2,016E+11;16;12;22;145;5;1;1;2;6;63;ROCADE A 630;M;4488739;-57355;330
2,016E+11;16;12;22;1200;1;1;1;1;2;318;ROCADE A 630;M;4478776;-63732;330
2,016E+11;16;12;25;1215;1;1;1;2;7;80;AUTOROUTE A 62;;;;330
2,016E+11;16;1;26;1436;1;1;1;1;5;309;Autoroute A.4;M;;;670
2,016E+11;16;2;8;100;3;1;1;1;6;482;Autoroute A.35;;;;670
2,016E+11;16;2;9;935;1;1;1;8;6;152;Route Nationale 83;M;4853042;769339;670
2,016E+11;16;3;3;1400;1;1;1;2;5;482;Autoroute A.35;;;;670
2,016E+11;16;3;16;1400;1;1;1;1;2;482;Autoroute A.351;;;;670
2,016E+11;16;3;12;1745;1;1;1;1;7;152;Route Nationale 83;;;;670
2,016E+11;16;3;26;1503;1;1;1;1;4;482;Autoroute A.35;M;4858805;772913;670
2,016E+11;16;3;26;1605;1;1;1;1;2;482;Autoroute A.351;M;4858605;772072;670
2,016E+11;16;3;24;1125;1;1;1;1;3;482;Autoroute A.35;;;;670
2,016E+11;16;3;28;2315;3;1;1;2;2;482;Autoroute A.35;;;;670
2,016E+11;16;4;5;1500;1;1;1;1;4;482;SPV, Autoroute A.35;;;;670
2,016E+11;16;4;26;925;1;1;1;1;2;218;Autoroute A.35;;;;670
2,016E+11;16;5;4;1935;1;1;1;1;4;482;Autoroute A.35;;;;670
2,016E+11;16;5;10;1830;1;1;1;1;4;365;Autoroute A.35;;;;670
2,016E+11;16;5;14;2050;2;1;1;1;7;49;Autoroute A.35;;;;670
2,016E+11;16;5;23;1500;1;1;1;2;4;482;Autoroute A.35;;;;670
2,016E+11;16;5;30;900;1;1;1;2;4;482;Autoroute A.351;;;;670
2,016E+11;16;6;9;1710;1;1;1;1;4;43;Autoroute A.4;;;;670
2,016E+11;16;6;30;650;2;1;1;1;6;551;Autoroute A.351;;;;670
2,016E+11;16;7;4;815;1;1;1;1;2;482;Autoroute A.351;;;;670
2,016E+11;16;6;28;1110;1;1;1;1;3;365;Autoroute A.35;;;;670
2,016E+11;16;7;7;1800;1;1;1;1;2;218;R.N. 353;M;;;670
2,016E+11;16;7;7;1120;1;1;1;1;5;482;Autoroute A.35;;;;670
2,016E+11;16;7;7;925;1;1;1;1;4;49;Autoroute A.35;;;;670
2,016E+11;16;7;20;1510;1;1;1;1;7;471;Autoroute A4;;;;670
2,016E+11;16;7;20;1905;1;1;1;1;7;447;Autoroute A.4;;;;670
2,016E+11;16;7;19;1140;1;1;1;1;2;482;N.4 Contournement Sud;;;;670
2,016E+11;16;7;26;735;1;1;1;1;7;482;Autoroute A.35;M;;;670
2,016E+11;16;8;19;1410;1;1;1;1;3;482;Autoroute A.35;;;;670
2,016E+11;16;8;20;1815;1;1;1;2;6;152;Route Nationale 83;;;;670
2,016E+11;16;8;13;950;1;1;1;1;7;389;Autoroute A.4;M;4864642;773324;670
2,016E+11;16;8;23;2145;4;1;1;1;7;482;Autoroute A.35;;;;670
2,016E+11;16;9;6;1655;1;1;1;1;4;218;Autoroute A.35;;;;670
2,016E+11;16;9;5;820;1;1;1;1;7;218;R.N. 353;M;4849972;773333;670
2,016E+11;16;9;8;1525;1;1;1;1;3;309;Autoroute A.4;;;;670
2,016E+11;16;9;7;1840;1;1;1;1;4;152;Autoroute A.35;;;;670
2,016E+11;16;9;6;830;1;1;1;1;2;218;Autoroute A.35;;;;670
2,016E+11;16;9;12;1750;1;1;1;1;5;482;Autoroute A.35;M;4856657;773231;670
2,016E+11;16;9;17;440;3;1;1;1;2;218;Autoroute A.35;;;;670
2,016E+11;16;9;13;830;1;1;1;1;4;482;Autoroute A.35;M;;;670
2,016E+11;16;9;19;2000;3;1;1;1;2;218;Autoroute A.35;;;;670
2,016E+11;16;9;27;1810;1;1;1;1;4;365;Autoroute A.35;;;;670
2,016E+11;16;9;30;1235;1;1;1;1;2;482;Autoroute A.35;M;4857262;773058;670
2,016E+11;16;10;2;15;3;1;1;8;7;482;Autoroute A.35;;;;670
2,016E+11;16;9;30;1825;2;1;1;1;3;471;Autoroute A.4;M;4864272;773162;670
2,016E+11;16;10;24;1315;1;1;1;1;7;482;N.4 CONTOURNEMENT-SUD;M;4857062;772981;670
2,016E+11;16;10;25;2015;3;1;1;1;4;482;Autoroute A.35;;;;670
2,016E+11;16;10;28;1855;3;1;1;1;2;482;Autoroute A.351;M;4858321;772018;670
2,016E+11;16;11;10;905;1;1;1;1;6;152;Route Nationale 83;;;;670
2,016E+11;16;11;15;925;1;1;1;2;2;152;Route Nationale 83;;;;670
2,016E+11;16;11;15;1630;1;1;1;8;6;152;Autoroute A.35;M;4852922;769219;670
2,016E+11;16;11;18;1845;3;1;1;1;4;482;Autoroute A.351;M;4858585;772227;670
2,016E+11;16;11;18;1815;3;1;1;1;4;43;Autoroute A.4;;;;670
2,016E+11;16;11;28;1400;1;1;1;1;2;482;Autoroute A.351;M;4859832;768934;670
2,016E+11;16;12;4;800;1;1;1;1;2;365;Autoroute A.35;;;;670
2,016E+11;16;12;5;730;2;1;1;8;4;365;Autoroute A.35;M;4853680;771439;670
2,016E+11;16;12;9;1930;3;1;1;1;4;218;Autoroute A.35;M;4853280;769770;670
2,016E+11;16;12;13;215;3;1;1;5;1;389;Autoroute A.4;;;;670
2,016E+11;16;12;10;1400;1;1;1;1;4;152;Route Nationale 83;M;;;670
2,016E+11;16;1;1;1220;1;1;1;5;2;547;Autoroute A 33;M;4864805;613611;540
2,016E+11;16;12;25;1840;3;1;1;1;6;123;Autoroute A 31;M;4877854;614472;540
2,016E+11;16;1;2;1740;2;1;1;1;2;328;Autoroute A 33;M;4862392;618632;540
2,016E+11;16;1;3;1510;1;1;1;1;4;232;Autoroute A 31;M;4868868;599456;540
2,016E+11;16;1;4;845;1;1;1;1;4;232;Autoroute A 31;M;4868750;596236;540
2,016E+11;16;1;5;820;2;1;1;2;2;150;Autoroute A 31;M;4877020;614404;540
2,016E+11;16;1;14;1810;3;1;1;4;6;547;Autoroute A 33;M;4864920;613416;540
2,016E+11;16;1;28;800;1;1;1;3;5;483;Autoroute A 33;M;4861777;630944;540
2,016E+11;16;1;27;1755;3;1;1;1;3;357;Autoroute A 31;M;4871995;616680;540
2,016E+11;16;3;3;1618;1;1;1;2;4;304;Autoroute A 33;M;4869532;611663;540
2,016E+11;16;4;15;1200;1;1;1;8;3;90;Autoroute A 31;M;4875094;615738;540
2,016E+11;16;4;25;840;1;1;1;1;4;357;Autoroute A 31;M;4870928;614360;540
2,016E+11;16;6;14;1815;1;1;1;1;4;328;Autoroute A 330;M;4861780;617956;540
2,016E+11;16;6;22;30;3;1;1;1;2;31;Autoroute A 31;M;4883599;609152;540
2,016E+11;16;7;12;1420;1;1;1;1;4;320;Autoroute A 31;M;4887767;609636;540
2,016E+11;16;7;14;1725;1;1;1;3;6;197;Autoroute A 33;M;4861822;621481;540
2,016E+11;16;7;18;1340;1;1;1;1;6;167;Autoroute A 31;M;4866933;591678;540
2,016E+11;16;8;15;1655;1;1;1;1;6;197;Autoroute A 33;M;4861871;621054;540
2,016E+11;16;8;29;1015;1;1;1;1;4;197;Autoroute A 330;M;4863312;618235;540
2,016E+11;16;8;29;935;1;1;9;1;4;257;Autoroute A 330;M;4865064;618168;540
2,016E+11;16;9;8;1800;1;1;1;1;2;304;Autoroute A 33;M;4869110;611580;540
2,016E+11;16;9;14;840;1;1;1;1;4;123;Autoroute A 31;M;4879126;612899;540
2,016E+11;16;9;13;2140;3;1;1;1;6;90;Autoroute A 31;M;4874970;615651;540
2,016E+11;16;9;25;555;3;1;1;1;6;304;Autoroute A 33;M;4868989;611661;540
2,016E+11;16;9;19;845;1;1;1;1;2;328;Autoroute A 330;M;4861720;617998;540
2,016E+11;16;11;10;1925;3;1;1;2;4;304;Autoroute A 33;M;4867780;612004;540
2,016E+11;16;10;26;1415;1;1;1;1;7;232;Autoroute A 31;M;4868813;598064;540
2,016E+11;16;11;1;345;3;1;1;1;6;557;Autoroute A 31;M;4869254;606490;540
2,016E+11;16;11;10;1300;1;1;1;2;1;547;Autoroute A 33;M;4864729;613832;540
2,016E+11;16;11;8;1107;1;1;1;1;3;150;Autoroute A 31;M;4878486;614362;540
2,016E+11;16;11;8;1830;3;1;1;1;2;357;Autoroute A 31;M;4870625;613955;540
2,016E+11;16;11;28;120;3;1;1;1;3;90;Autoroute A 31;M;4874981;615680;540
2,016E+11;16;12;28;1120;1;1;1;1;3;115;Autoroute A 31;M;4869453;610652;540
2,016E+11;16;1;20;605;3;1;1;4;2;463;RN 431;;;;570
2,016E+11;16;1;21;2016;3;1;1;1;6;283;Autoroute A31;M;4923656;618045;570
2,016E+11;16;1;26;1745;3;1;1;1;3;480;Autoroute A31;M;4910916;615236;570
2,016E+11;16;2;12;615;3;1;1;1;6;356;Autoroute A31;M;4944645;611928;570
2,016E+11;16;2;24;1125;1;1;1;1;3;463;Autoroute A31;M;4912511;615986;570
2,016E+11;16;2;25;1250;1;1;1;1;6;343;Autoroute A31;M;4933330;618520;570
2,016E+11;16;3;8;900;1;1;1;1;2;206;Autoroute A30;M;4930861;611800;570
2,016E+11;16;3;14;2118;3;1;1;1;3;663;Autoroute A31;M;0;0;570
2,016E+11;16;3;24;1820;1;1;1;1;4;666;Autoroute A31;M;4935093;614149;570
2,016E+11;16;3;24;2015;3;1;1;1;6;498;Autoroute A30;M;4932947;602107;570
2,016E+11;16;3;30;1425;1;1;1;1;6;666;Autoroute A31;M;4935138;614380;570
2,016E+11;16;4;9;1335;1;1;1;1;2;672;A31  49.345 6.117;M;0;0;570
2,016E+11;16;4;12;615;3;1;1;1;6;487;Autoroute A31;M;4909416;611308;570
2,016E+11;16;4;15;610;3;1;1;1;2;303;Autoroute A31;M;4920897;617491;570
2,016E+11;16;4;18;745;3;1;1;1;2;463;Autoroute A31;M;4911953;616011;570
2,016E+11;16;4;26;1812;1;2;1;2;4;412;Autoroute A31;M;4911335;616452;570
2,016E+11;16;4;26;1735;1;1;1;3;2;666;Autoroute A31;M;4934436;611428;570
2,016E+11;16;5;5;1905;1;1;1;1;3;194;Autoroute A31;M;4942157;611074;570
2,016E+11;16;5;8;535;3;1;1;1;7;433;Autoroute A31;M;4919388;617530;570
2,016E+11;16;5;13;1900;1;1;1;1;5;343;Autoroute A31;M;4932111;618355;570
2,016E+11;16;5;11;810;1;1;1;1;4;463;RN 431;;;;570
2,016E+11;16;5;25;725;1;1;1;1;6;306;Autoroute A30;M;4933086;604752;570
2,016E+11;16;5;30;1740;1;1;1;2;2;672;Autoroute A31;M;4937148;610632;570
2,016E+11;16;5;26;1740;1;1;1;8;3;480;Autoroute A31;M;4910353;613922;570
2,016E+11;16;6;1;1800;1;1;1;1;4;39;RN  431;;;;570
2,016E+11;16;6;1;1600;1;2;1;1;6;306;RUE DE LA MARNE;M;4933522;605480;570
2,016E+11;16;6;9;820;1;1;1;1;3;764;Autoroute A31;M;4946840;612240;570
2,016E+11;16;6;15;510;2;1;1;1;3;666;Autoroute A31;M;4934894;612731;570
2,016E+11;16;6;21;820;1;1;1;1;3;356;Autoroute A31;M;4944568;611908;570
2,016E+11;16;7;5;1832;1;1;1;1;3;751;Autoroute A31;M;4917770;617819;570
2,016E+11;16;7;5;1940;1;1;1;1;3;343;A31 (49.2021 6.1058FAUX);M;0;0;570
2,016E+11;16;7;8;1625;1;1;1;1;6;194;Autoroute A31;M;0;0;570
2,016E+11;16;7;25;815;1;1;1;1;3;582;Autoroute A31;M;4928011;617277;570
2,016E+11;16;7;27;1520;1;1;1;1;2;221;Autoroute A31;M;4934713;611111;570
2,016E+11;16;8;5;435;3;1;1;1;3;433;Autoroute A31;M;4919786;617525;570
2,016E+11;16;8;14;430;3;1;1;1;2;306;Autoroute A30;M;4933155;605000;570
2,016E+11;16;9;2;815;1;1;1;1;4;474;Autoroute A31;;;;570
2,016E+11;16;9;1;245;3;1;1;1;6;343;Autoroute A31;M;4933400;618536;570
2,016E+11;16;9;9;1845;1;1;1;1;5;206;Autoroute A30;M;4930826;611935;570
2,016E+11;16;9;16;1555;1;1;1;1;4;487;Autoroute A31;M;4909875;612571;570
2,016E+11;16;9;21;1645;1;1;1;1;2;672;Autoroute A31;M;0;0;570
2,016E+11;16;9;22;735;2;1;1;1;4;356;Autoroute A31;M;4943240;611509;570
2,016E+11;16;9;26;1755;1;1;1;1;7;498;Autoroute A30;M;4933911;599699;570
2,016E+11;16;10;12;600;3;1;1;1;3;764;Autoroute A 31;M;4945342;612057;570
2,016E+11;16;10;16;2047;3;1;1;1;2;212;Autoroute A31;;;;570
2,016E+11;16;10;21;1650;1;1;1;1;1;67;Autoroute A31;M;4931037;618251;570
2,016E+11;16;11;12;148;3;1;1;1;2;582;Autoroute A31;M;4927655;617346;570
2,016E+11;16;11;13;1325;1;1;1;1;7;39;RN 431;M;4903869;613076;570
2,016E+11;16;11;14;1100;1;1;1;1;6;764;Autoroute A31;;;;570
2,016E+11;16;12;9;1755;3;1;1;1;4;39;RN 431;M;4903690;611580;570
2,016E+11;16;12;15;240;3;1;1;1;5;663;Autoroute A31;M;4923368;617970;570
2,016E+11;16;12;22;1710;2;1;1;1;3;534;RN 431;M;4907389;620641;570
2,016E+11;16;11;27;725;1;1;1;1;6;218;RN88;M;4540809;438924;420
2,016E+11;16;1;2;2230;3;1;1;8;6;228;A47;M;4554082;464617;690
2,016E+11;16;1;12;1800;1;1;1;1;4;218;RN88;M;4543271;441712;420
2,016E+11;16;1;7;1800;3;1;1;1;4;218;A72;M;4544302;442972;420
2,016E+11;16;2;9;2255;3;1;1;2;2;95;RN88;M;4539221;429335;420
2,016E+11;16;2;9;2300;3;1;1;2;2;95;RN88;M;4539223;429368;420
2,016E+11;16;2;19;845;1;1;1;1;2;218;A72;M;4545900;440607;420
2,016E+11;16;2;21;1715;1;1;1;1;7;110;RD288;M;4548692;453767;420
2,016E+11;16;3;1;1252;1;1;1;1;2;218;RN88;M;4541129;439977;420
2,016E+11;16;3;29;2210;3;1;1;1;2;218;A72;M;4545146;441826;420
2,016E+11;16;3;30;1115;1;1;1;1;6;218;RN88;M;4541955;440938;420
2,016E+11;16;3;26;1345;1;1;1;1;2;44;RN88;M;4539518;433497;420
2,016E+11;16;4;11;547;5;1;1;1;2;218;A72;M;4545581;441141;420
2,016E+11;16;4;17;1010;1;1;1;1;6;218;A72;M;4545843;440766;420
2,016E+11;16;4;10;1145;1;1;1;1;7;207;RN88 CROISSANT;M;4546007;448665;420
2,016E+11;16;4;29;415;3;1;1;1;7;97;A72;M;4548669;432558;420
2,016E+11;16;5;4;1615;1;1;1;1;4;91;A47;M;;;690
2,016E+11;16;5;11;1555;1;1;1;3;4;95;RN88;M;4538906;430064;420
2,016E+11;16;5;6;1910;1;1;1;1;2;95;RN88;M;4539088;428518;420
2,016E+11;16;4;22;800;1;1;1;1;2;97;A72;M;4550023;431138;420
2,016E+11;16;5;11;1720;1;1;1;3;3;97;A72;M;4548553;432969;420
2,016E+11;16;5;29;1845;1;1;1;1;2;95;RN88;M;4538833;427751;420
2,016E+11;16;5;31;1140;1;1;1;1;6;237;RN88;M;4544367;446482;420
2,016E+11;16;6;8;1740;1;1;1;1;4;213;A47;M;4554866;467493;690
2,016E+11;16;6;13;1900;1;1;1;2;3;237;RN88;M;4544141;446080;420
2,016E+11;16;6;22;830;1;1;1;1;4;218;RN88;M;4542601;441508;420
2,016E+11;16;6;30;940;1;1;1;1;3;207;A47;M;4547802;449642;420
2,016E+11;16;6;29;2115;2;1;1;3;7;242;A47;M;4553769;463694;420
2,016E+11;16;7;7;830;1;1;1;1;3;110;A47;M;4549431;454308;420
2,016E+11;16;7;5;1900;1;1;1;1;1;307;A47;M;4555377;468276;420
2,016E+11;16;7;24;620;2;1;1;1;3;228;A47;M;;;690
2,016E+11;16;8;6;1200;1;1;1;1;3;183;RN88;M;4540032;436708;420
2,016E+11;16;8;14;1800;1;1;1;1;5;44;RN88;M;4539530;433639;420
2,016E+11;16;9;4;455;5;1;1;1;3;218;RN88;M;4541586;440504;420
2,016E+11;16;9;8;1110;1;1;1;1;2;97;A72;M;4548453;433224;420
2,016E+11;16;9;3;430;3;1;1;1;7;186;A47;M;4552556;460212;420
2,016E+11;16;9;22;1215;1;1;1;1;6;237;A72;M;4544500;442743;420
2,016E+11;16;9;16;530;4;1;1;2;2;218;A72;M;4546377;439925;420
2,016E+11;16;9;26;2340;3;1;1;1;5;207;A47;M;4549165;451816;420
2,016E+11;16;10;1;35;3;1;1;1;2;207;A47;M;4546895;449891;420