Num_Acc;an;mois;jour;hrmn;lum;agg;int;atm;col;com;adr;gps;lat;long;dep
2,016E+11;16;10;10;830;1;1;1;1;5;97;A72;M;4550420;430584;420
2,016E+11;16;10;8;250;5;1;1;1;2;218;RN88;M;4542699;441574;420
2,016E+11;16;10;20;1545;1;1;1;1;5;183;RN88;M;4540364;437343;420
2,016E+11;16;10;21;1750;1;1;9;1;4;218;RN88;M;4543319;442779;420
2,016E+11;16;10;31;1010;1;1;1;1;3;275;A72;M;4546858;437507;420
2,016E+11;16;9;22;1640;1;1;1;1;4;330;A72;M;4547999;434708;420
2,016E+11;16;10;28;1810;1;1;1;1;3;186;A47;M;4552626;460467;420
2,016E+11;16;11;12;1445;1;1;1;1;7;218;A72;M;4546328;439990;420
2,016E+11;16;11;8;1715;2;1;1;1;2;218;A72;M;4544354;442908;420
2,016E+11;16;10;27;1500;1;1;1;1;6;97;A72;M;4550899;430189;420
2,016E+11;16;12;18;1100;1;1;1;1;6;218;RN88;M;4541085;439761;420
2,016E+11;16;2;14;1235;1;1;1;1;3;237;RN88;M;4546283;449279;420
2,016E+11;16;1;2;545;3;1;1;2;6;296;A7   10.992 A 13.970;;;;690
2,016E+11;16;1;6;2215;5;1;1;1;2;382;A7   0.000 A 2.278;;;;690
2,016E+11;16;1;9;1350;1;1;1;1;7;544;A7   25.770 A 27.460;;;;380
2,016E+11;16;1;10;550;5;1;1;2;7;81;A6   448.490 A 449.450;;;;690
2,016E+11;16;1;11;1930;3;1;1;1;3;382;A7   0.000 A 2.278;;;;690
2,016E+11;16;1;15;1050;1;1;1;1;3;297;A47   0.000  A 1.657;;;;690
2,016E+11;16;1;19;850;2;1;1;1;4;385;A6   453.400 A 455.000;;;;690
2,016E+11;16;1;13;2330;4;1;1;8;6;271;RN346   38.000 A 38.960;;;;690
2,016E+11;16;1;22;500;3;1;1;1;7;281;A46S   49.160 A 53.980;;;;690
2,016E+11;16;1;23;1500;1;1;1;1;2;72;A6   445.323 A 447.390;;;;690
2,016E+11;16;1;15;840;1;1;1;1;2;290;A43   3.865 A 9.894;;;;690
2,016E+11;16;1;23;836;2;1;9;1;7;29;A43   0.550 A 3.353;;;;690
2,016E+11;16;1;16;1615;1;1;1;1;4;290;RN346   38.960 A 40.883;;;;690
2,016E+11;16;1;24;500;5;2;1;1;3;544;N407   0.000 A 2.331;M;4553513;487145;380
2,016E+11;16;1;31;1900;3;1;6;2;7;5;RD302   5.000 A 6.350;;;;690
2,016E+11;16;1;30;2025;5;1;1;1;3;266;RD383   3.750 A 7.640;;;;690
2,016E+11;16;2;7;130;5;1;1;1;2;388;RD383   0.000 A 1.165;;;;690
2,016E+11;16;2;9;925;1;1;1;1;3;199;RD383   14.250 A 18.000;;;;690
2,016E+11;16;2;9;2240;5;1;1;2;2;382;A6   455.000 A 455.875;;;;690
2,016E+11;16;2;14;2345;3;1;1;1;1;259;RD383   11.0044 A 11.460;;;;690
2,016E+11;16;2;15;2240;5;1;1;1;3;199;RD383   14.250 A 18.000;;;;690
2,016E+11;16;2;14;640;5;1;1;1;3;266;RD383   3.750 A 7.640;;;;690
2,016E+11;16;2;11;1150;1;1;9;5;4;277;RN346   36.215 A 38.000;;;;690
2,016E+11;16;2;14;1020;1;1;1;1;3;29;RD383   7.640 A 11.044;;;;690
2,016E+11;16;2;15;1800;3;1;1;1;4;204;A450   1.740 A 5.100;;;;690
2,016E+11;16;2;22;1240;1;1;1;1;4;266;A42   0.000 A 0.560;;;;690
2,016E+11;16;2;24;2030;5;1;1;1;2;382;A7   0.000 A 2.278;;;;690
2,016E+11;16;2;28;100;3;1;1;1;4;277;RN346   36.215 A 38.000;;;;690
2,016E+11;16;3;4;2240;3;1;1;3;3;7;A7   31.960 A 32.870;;;;690
2,016E+11;16;2;28;605;5;1;1;2;6;266;RD383   1.165 A 1.893;;;;690
2,016E+11;16;3;2;2240;5;1;1;1;6;259;RD383   11.750 A 14.250;;;;690
2,016E+11;16;3;8;845;1;1;1;1;4;275;RN346   29.300 A 34.350;;;;690
2,016E+11;16;3;7;2010;3;1;1;1;3;275;RN346   29.300 A 34.350;;;;690
2,016E+11;16;3;9;755;1;1;1;1;2;382;A7   0.000 A 2.278;;;;690
2,016E+11;16;2;28;1830;1;1;1;1;7;184;A43   15.971 A 18.875;;;;380
2,016E+11;16;3;10;930;1;1;1;1;4;256;A42     0.560 A 4.020;;;;690
2,016E+11;16;3;15;1030;1;1;1;1;4;256;RN346  N/S  25.736 A 29.;;;;690
2,016E+11;16;3;16;2010;3;1;1;2;4;290;RN346   38.960 A 40.883;;;;690
2,016E+11;16;3;17;1700;1;1;1;1;2;283;A46S   43.680 A 47.880;;;;690
2,016E+11;16;3;18;1335;1;1;1;1;4;193;A7   29.920 A 31.960;;;;690
2,016E+11;16;3;17;710;1;1;1;1;2;81;BPNL   34.000 A 34.614;;;;690
2,016E+11;16;3;19;1949;5;1;1;1;3;29;A43   3.353 A 3.865;;;;690
2,016E+11;16;3;2;2230;5;1;1;2;2;286;A46N   19.955 A 25.180;;;;690
2,016E+11;16;3;22;855;1;1;1;1;2;290;A46S   40.883 A 43.680;;;;690
2,016E+11;16;3;23;825;1;1;1;1;6;266;RD383   3.750 A 7.640;;;;690
2,016E+11;16;3;23;1715;1;1;1;1;3;385;A6   453.400 A 455.000;;;;690
2,016E+11;16;3;18;1915;2;1;1;1;2;286;A46N   19.955 A 25.180;;;;690
2,016E+11;16;3;26;5;5;2;1;1;6;544;13 quai pajot;M;4553036;487396;380
2,016E+11;16;3;26;1610;1;1;1;1;2;152;A7   4.270 A 7.000;;;;690
2,016E+11;16;3;27;1340;1;1;1;1;4;199;RD383   14.250 A 18.000;;;;690
2,016E+11;16;3;27;1550;1;1;1;1;3;297;A7   15.770 A 20.110;;;;690
2,016E+11;16;3;28;1200;1;1;1;1;7;199;RD383   14.250 A 18.000;;;;690
2,016E+11;16;3;29;730;1;1;1;1;3;276;A7   8.630 A 10.992;;;;690
2,016E+11;16;3;29;2115;3;1;1;1;4;288;A43   13.029 A 15.971;;;;690
2,016E+11;16;3;30;930;1;1;1;1;4;34;BPNL   37.781 A 41.124;;;;690
2,016E+11;16;3;30;1430;1;1;1;1;5;87;A7   20.110 A 22.950;M;4558382;480039;380
2,016E+11;16;3;2;1900;5;1;1;1;4;290;A43   3.865 A 9.894;;;;690
2,016E+11;16;3;6;520;3;1;1;2;2;29;A43   0.550 A 3.353;;;;690
2,016E+11;16;3;29;1605;1;1;1;1;5;297;A7   15.770 A 20.110;;;;690
2,016E+11;16;4;1;1810;1;1;1;1;4;272;A46S   57.400 A 61.010;;;;690
2,016E+11;16;4;4;1930;1;1;1;1;6;271;RN346   38.000 A 38.960;;;;690
2,016E+11;16;2;23;830;1;1;1;3;3;282;RD302   0.400 A 4.620;;;;690
2,016E+11;16;4;7;850;1;1;1;1;4;34;BPNL   37.781 A 41.124;;;;690
2,016E+11;16;4;7;1750;1;1;1;1;2;290;A43   3.865 A 9.894;;;;690
2,016E+11;16;4;8;1600;1;1;1;1;5;266;RD383   1.165 A 1.893;;;;690
2,016E+11;16;4;6;800;1;1;1;1;2;199;RD383   14.250 A 18.000;;;;690
2,016E+11;16;3;24;834;1;1;1;1;2;55;A6   435.100 A 437.840;;;;690
2,016E+11;16;4;14;805;1;1;1;1;5;256;A42     0.560 A 4.020;;;;690
2,016E+11;16;4;17;530;3;1;1;2;5;296;A7   10.992 A 13.970;;;;690
2,016E+11;16;4;18;1224;1;1;1;1;5;544;A7   25.770 A 27.460;;;;380
2,016E+11;16;4;22;1440;1;1;1;1;6;266;RD383   3.750 A 7.640;;;;690
2,016E+11;16;4;20;1615;1;1;1;1;4;382;A6   455.000 A 455.875;;;;690
2,016E+11;16;4;9;1425;1;1;1;1;4;72;A6   445.323 A 447.390;;;;690
2,016E+11;16;4;27;1508;1;1;1;1;7;199;RD383   14.250 A 18.000;;;;690
2,016E+11;16;4;27;1645;1;1;1;1;2;283;A46S   43.680 A 47.880;;;;690
2,016E+11;16;4;18;1114;1;1;1;4;4;297;A46S   61.220 A 62.000;;;;690
2,016E+11;16;4;29;800;1;1;1;1;2;29;A43   0.550 A 3.353;;;;690
2,016E+11;16;4;30;1325;1;1;1;3;5;382;A7   0.000 A 2.278;;;;690
2,016E+11;16;5;4;1250;1;1;1;1;2;290;A43   3.865 A 9.894;;;;690
2,016E+11;16;5;9;850;1;1;1;2;2;266;RD383 2.321 A 3.750;;;;690
2,016E+11;16;5;8;735;1;1;1;1;7;40;A6   447.520 A 448.490;;;;690
2,016E+11;16;5;11;1005;1;1;1;2;7;266;RD383   3.750 A 7.640;;;;690
2,016E+11;16;5;11;1600;1;1;1;2;2;72;A6   445.323 A 447.390;;;;690
2,016E+11;16;5;11;1110;1;1;9;2;6;244;A6   451.640 A 451.790;;;;690
2,016E+11;16;4;13;1345;1;1;1;3;5;27;A450   5.100 A 7.285;;;;690
2,016E+11;16;5;13;1430;1;1;1;1;1;266;RD383   3.750 A 7.640;;;;690
2,016E+11;16;5;15;245;3;1;1;1;3;544;A7   25.770 A 27.460;M;4554508;484001;380
2,016E+11;16;5;14;1410;1;1;1;8;6;204;A450   1.740 A 5.100;;;;690
2,016E+11;16;5;21;340;3;1;1;1;6;487;A7   22.950 A 25.770;M;4556110;482081;380
2,016E+11;16;5;21;224;3;1;1;1;1;290;A46S   40.883 A 43.680;;;;690
2,016E+11;16;4;24;545;3;1;1;1;7;297;A47   0.000  A 1.657;;;;690
2,016E+11;16;5;24;335;3;1;1;1;2;297;A7   15.770 A 20.110;;;;690
2,016E+11;16;5;25;1935;1;1;1;1;3;297;A46S   61.220 A 62.000;;;;690
2,016E+11;16;5;28;1847;1;1;1;1;6;248;A46N   14.305 A 17.210;;;;10
2,016E+11;16;5;29;1840;1;1;1;2;3;278;A46N   12.680 A 13.378;;;;690
2,016E+11;16;5;29;2130;2;1;1;2;4;29;RD383   7.640 A 11.044;;;;690
2,016E+11;16;5;30;120;5;1;1;3;6;29;RD383   7.640 A 11.044;;;;690
2,016E+11;16;5;27;1245;1;1;1;1;2;29;RD383   7.640 A 11.044;;;;690
2,016E+11;16;5;30;400;5;1;1;2;6;261;RD383   3.750 A 7.640;;;;690
2,016E+11;16;5;30;845;1;1;1;2;6;81;A6   449.510 A 451.640;;;;690
2,016E+11;16;5;31;805;1;1;1;2;7;273;BUS (RD301)   7.000 A 7.;;;;690
2,016E+11;16;5;28;710;1;1;1;1;2;125;A6   437.840 A 439.400;;;;690
2,016E+11;16;5;11;1230;1;1;1;1;6;288;A43   13.029 A 15.971;;;;690
2,016E+11;16;6;2;1740;1;1;1;3;3;29;A43   0.000 A 0.550;;;;690
2,016E+11;16;6;3;1600;1;1;1;1;4;297;A47   0.000  A 1.657;;;;690
2,016E+11;16;5;31;210;3;1;1;3;6;276;BUS (RD301)   0.000 A 2.;;;;690
2,016E+11;16;6;6;800;1;1;1;1;3;256;A42     0.560 A 4.020;;;;690
2,016E+11;16;6;2;1235;1;1;1;2;4;152;A450   0.000 A 1.090;;;;690
2,016E+11;16;6;6;1600;1;1;1;1;5;7;A7   31.960 A 32.870;;;;690
2,016E+11;16;6;3;915;1;1;9;1;4;152;A450   0.000 A 1.090;;;;690
2,016E+11;16;3;2;2245;3;1;1;1;2;152;A7   4.270 A 7.000;;;;690
2,016E+11;16;6;5;1605;1;1;1;1;1;276;BUS (RD301)   0.000 A 2.;;;;690
2,016E+11;16;6;13;1130;1;1;4;1;5;389;A6   451.790 A 453.400;;;;690
2,016E+11;16;6;13;1735;1;1;1;2;4;152;A7   4.270 A 7.000;;;;690
2,016E+11;16;6;20;935;1;1;1;1;3;266;RD383   3.750 A 7.640;;;;690
2,016E+11;16;6;22;1245;1;1;1;1;2;256;RD383   1.893 A 2.321;;;;690
2,016E+11;16;6;7;1618;1;1;1;1;3;385;A6   453.400 A 455.000;;;;690
2,016E+11;16;6;29;335;3;1;1;1;6;281;A46S   49.160 A 53.980;;;;690
2,016E+11;16;6;29;2050;2;1;1;2;6;297;A7   15.770 A 20.110;;;;690
2,016E+11;16;4;30;35;3;1;1;1;2;288;A43   13.029 A 15.971;;;;690
2,016E+11;16;6;24;2225;3;1;1;3;2;296;A7   10.992 A 13.970;;;;690
2,016E+11;16;6;28;1540;1;1;1;1;2;295;A46S   53.980 A 57.400;;;;690
2,016E+11;16;7;4;2250;4;2;2;1;3;544;RN7   5.180 A 10.000;M;4553473;487237;380
2,016E+11;16;7;1;1845;1;1;1;1;3;152;A7   4.270 A 7.000;;;;690
2,016E+11;16;7;9;420;5;1;1;1;6;259;RD383   11.750 A 14.250;;;;690
2,016E+11;16;7;5;1210;1;1;1;1;2;29;RD383   7.640 A 11.044;;;;690
2,016E+11;16;6;30;1920;1;1;1;1;2;29;RD383   7.640 A 11.044;;;;690
2,016E+11;16;7;14;750;1;1;1;1;6;297;A7   15.770 A 20.110;;;;690
2,016E+11;16;7;19;715;1;1;1;1;5;290;A43   3.865 A 9.894;;;;690
2,016E+11;16;6;27;1850;1;1;1;1;3;336;A7   32.870 A 35.680;M;4549638;483826;380
2,016E+11;16;7;14;1933;1;1;1;1;2;290;A43   3.865 A 9.894;;;;690
2,016E+11;16;7;14;650;2;1;1;1;6;199;RD383   14.250 A 18.000;;;;690
2,016E+11;16;7;22;1950;1;1;1;2;2;199;A7   7.000 A 8.630;;;;690
2,016E+11;16;7;24;215;3;1;1;1;5;388;RD383   0.000 A 1.165;;;;690
2,016E+11;16;7;27;845;1;1;1;1;6;40;A6   447.520 A 448.490;;;;690
2,016E+11;16;7;26;1740;1;1;1;1;2;199;A7   7.000 A 8.630;;;;690
2,016E+11;16;7;28;10;3;1;1;1;2;152;A7   4.270 A 7.000;;;;690
2,016E+11;16;7;19;1910;1;1;1;1;2;152;A7   4.270 A 7.000;;;;690
2,016E+11;16;7;31;645;1;1;1;8;6;152;A7   4.270 A 7.000;;;;690
2,016E+11;16;8;1;2155;4;1;1;1;5;152;A7   4.270 A 7.000;;;;690
2,016E+11;16;8;3;1320;1;1;1;1;6;259;RD383   11.750 A 14.250;;;;690
2,016E+11;16;8;1;915;1;1;4;1;6;487;A7   22.950 A 25.770;;;;380
2,016E+11;16;8;6;600;3;1;1;1;2;184;A43   15.971 A 18.875;;;;380
2,016E+11;16;8;7;445;3;1;1;1;6;276;A7   8.630 A 10.992;;;;690
2,016E+11;16;8;8;800;1;1;1;1;5;266;RD383   3.750 A 7.640;;;;690
2,016E+11;16;8;8;1830;1;1;1;1;2;544;A7   25.770 A 27.460;;;;380
2,016E+11;16;8;9;115;3;1;1;1;2;290;A43   3.865 A 9.894;;;;690
2,016E+11;16;6;29;2005;1;1;1;2;1;115;A6   427.300 A 428.640;;;;690
2,016E+11;16;8;12;2000;1;1;1;1;6;81;A6   449.510 A 451.640;;;;690
2,016E+11;16;8;17;1135;1;1;1;8;7;382;A7   0.000 A 2.278;;;;690
2,016E+11;16;8;19;840;1;1;1;1;6;116;A6   442.500 A 445.030;;;;690
2,016E+11;16;8;20;1240;1;1;1;2;3;152;A7   4.270 A 7.000;;;;690
2,016E+11;16;8;17;1140;1;2;1;2;3;544;N407   0.000 A 2.331;;;;380
2,016E+11;16;8;8;627;1;1;1;1;3;297;A46S   61.220 A 62.000;;;;690
2,016E+11;16;8;31;2115;3;1;1;1;2;152;A7   4.270 A 7.000;;;;690
2,016E+11;16;8;29;1710;1;1;1;1;5;259;RD383   11.750 A 14.250;;;;690
2,016E+11;16;9;11;1810;1;1;1;1;2;275;A42 4.329 A 5.760   LYON;;;;10
2,016E+11;16;9;12;1740;1;1;1;1;1;286;A46N   19.955 A 25.180;;;;690
2,016E+11;16;9;10;1830;1;1;1;1;6;193;A7   29.920 A 31.960;;;;690
2,016E+11;16;9;18;1930;1;1;1;3;7;249;A432N 0.150 A 0.485;;;;10
2,016E+11;16;9;18;1050;1;1;1;2;1;281;A46S   49.160 A 53.980;;;;690
2,016E+11;16;9;18;2020;3;1;1;2;2;266;A42   4.353 A 5.760   GE;;;;690
2,016E+11;16;9;18;1200;1;1;1;3;7;199;A7   7.000 A 8.630;;;;690
2,016E+11;16;9;23;600;5;1;1;1;6;81;BPNL   34.000 A 34.614;;;;690
2,016E+11;16;9;28;30;5;1;1;1;5;266;RD383   3.750 A 7.640;;;;690
2,016E+11;16;9;23;1120;1;2;2;1;1;544;RN7 - quai pajot;M;4553432;487267;380
2,016E+11;16;10;6;800;1;1;1;1;2;290;A43   3.865 A 9.894;;;;690
2,016E+11;16;10;1;1240;1;1;1;2;6;297;A47   0.000  A 1.657;;;;690
2,016E+11;16;10;15;840;1;1;1;2;7;275;A42 4.020 A 4.329   LYON;;;;10
2,016E+11;16;10;15;2032;5;1;1;1;6;259;RD383   11.750 A 14.250;;;;690
2,016E+11;16;10;15;2125;5;1;1;1;5;259;RD383   11.750 A 14.250;;;;690
2,016E+11;16;10;13;1615;1;1;1;2;4;199;RD383   14.250 A 18.000;;;;690
2,016E+11;16;10;15;1915;2;1;1;1;7;256;A42     0.560 A 4.020;;;;690
2,016E+11;16;9;17;2145;4;1;1;2;5;266;RD383   3.750 A 7.640;;;;690
2,016E+11;16;10;23;505;3;1;1;1;7;116;A6   447.390 A 447.520;;;;690
2,016E+11;16;10;24;1;3;1;1;1;6;9;A6   428.880 A 431.800;;;;690
2,016E+11;16;10;17;1915;5;1;1;1;1;29;RD383   7.640 A 11.044;;;;690
2,016E+11;16;10;17;1320;1;1;1;1;7;295;A46S   53.980 A 57.400;;;;690
2,016E+11;16;10;28;2310;3;1;1;1;1;152;A7   4.270 A 7.000;;;;690
2,016E+11;16;11;8;651;3;1;1;1;2;273;BUS (RD301)   4.470 A 7.;;;;690
2,016E+11;16;11;10;2010;5;1;1;2;4;266;RD383 2.321 A 3.750;;;;690
2,016E+11;16;11;6;621;3;1;1;2;2;259;RD383   11.750 A 14.250;;;;690
2,016E+11;16;11;9;725;2;1;1;1;4;204;A450   1.740 A 5.100;;;;690
2,016E+11;16;11;20;425;3;1;1;6;2;283;A46S   43.680 A 47.880;;;;690
2,016E+11;16;11;20;2058;3;1;1;1;4;276;A7   8.630 A 10.992;;;;690
2,016E+11;16;11;23;700;3;1;1;5;6;449;A43   18.875 A 21.100;M;4564993;511518;380
2,016E+11;16;11;16;1840;2;1;1;1;4;297;A7   15.770 A 20.110;;;;690
2,016E+11;16;11;26;200;3;1;1;1;7;281;A46S   49.160 A 53.980;;;;690
2,016E+11;16;11;23;1330;1;1;1;1;2;297;A7   15.770 A 20.110;;;;690
2,016E+11;16;11;28;630;3;1;1;1;2;288;A43   13.029 A 15.971;;;;690
2,016E+11;16;11;29;1745;3;1;1;1;3;276;BUS (RD301)   0.000 A 2.;;;;690
2,016E+11;16;12;5;835;1;1;1;5;6;290;A43   3.865 A 9.894;;;;690
2,016E+11;16;12;3;2330;3;1;1;1;2;287;A43   9.894 A 13.029;;;;690
2,016E+11;16;12;6;1140;1;1;1;1;3;297;A47   0.000  A 1.657;;;;690
2,016E+11;16;10;18;1725;1;1;1;1;2;29;RD383   7.640 A 11.044;;;;690
2,016E+11;16;12;13;1800;5;1;1;1;4;276;BUS (RD301)   0.000 A 2.;;;;690
2,016E+11;16;12;28;1805;5;1;1;1;5;266;RD383 2.321 A 3.750;;;;690
2,016E+11;16;11;13;1220;1;1;1;2;2;199;RD383   14.250 A 18.000;;;;690
2,016E+11;16;1;12;1458;1;1;1;1;2;144;A57;;;;830
2,016E+11;16;1;12;1712;1;1;1;1;6;137;A50 TUNNEL;;;;830
2,016E+11;16;1;13;1100;1;1;1;1;6;144;A57;;;;830
2,016E+11;16;1;25;830;1;1;1;1;6;35;A50;;;;830
2,016E+11;16;1;25;1115;1;1;1;1;6;23;A50*;;;;130
2,016E+11;16;1;26;1624;1;1;1;1;2;144;A57;;;;830
2,016E+11;16;1;28;1835;3;1;1;1;3;126;A50;M;4311940;585916;830
2,016E+11;16;1;30;1820;3;1;1;1;3;137;A57;;;;830
2,016E+11;16;1;30;1905;5;1;1;1;4;144;A57;M;4313430;598748;830
2,016E+11;16;2;4;820;1;1;1;1;3;28;A50*;;;;130
2,016E+11;16;2;10;1011;1;1;1;1;2;137;A57;;;;830
2,016E+11;16;2;17;1905;5;1;1;1;3;144;A57;M;4313926;599717;830
2,016E+11;16;2;25;1800;1;1;1;1;6;27;A50;;;;830
2,016E+11;16;3;2;820;1;1;1;1;3;144;A57;;;;830
2,016E+11;16;3;4;2012;5;1;1;1;4;144;A57;;;;830
2,016E+11;16;3;5;1516;1;1;1;1;4;137;A57;;;;830
2,016E+11;16;3;10;1958;3;1;1;1;2;62;A570;;;;830
2,016E+11;16;3;11;1620;1;1;1;1;6;90;A50;;;;830
2,016E+11;16;3;15;1716;1;1;1;1;3;137;A50;;;;830
2,016E+11;16;3;18;1600;1;1;1;1;7;137;A57;;;;830
2,016E+11;16;3;23;1710;1;1;1;2;2;123;A50;;;;830
2,016E+11;16;3;25;1320;1;1;1;1;4;137;A50 Tr‚mie L‚on BOURGEOI;;;;830
2,016E+11;16;3;28;12;3;1;1;1;6;62;A57;;;;830
2,016E+11;16;3;28;1205;1;1;1;1;6;23;A50*;;;;130
2,016E+11;16;4;6;1400;1;1;1;1;2;144;A57;;;;830
2,016E+11;16;4;19;1110;1;1;1;1;2;137;A50;;;;830
2,016E+11;16;4;27;1939;1;1;1;1;6;144;A57;;;;830
2,016E+11;16;4;29;940;1;1;1;1;2;137;A57;;;;830
2,016E+11;16;4;30;405;3;1;1;1;6;123;A50;;;;830
2,016E+11;16;5;3;1230;1;1;1;1;7;137;A50 TUNNEL TUBE SUD;;;;830
2,016E+11;16;5;4;1015;1;1;1;1;6;47;A570;;;;830
2,016E+11;16;5;4;1025;1;1;1;1;6;23;A50**;;;;130
2,016E+11;16;5;5;730;1;1;1;1;2;123;A50;;;;830
2,016E+11;16;5;6;1708;1;1;1;1;2;126;A50;;;;830
2,016E+11;16;5;8;2038;2;1;1;2;4;144;A57;;;;830
2,016E+11;16;5;11;745;1;1;1;2;6;123;A50;;;;830
2,016E+11;16;5;17;825;1;1;1;1;3;62;A57;;;;830
2,016E+11;16;5;20;845;1;1;1;1;3;62;A57;;;;830
2,016E+11;16;5;22;140;3;1;1;1;2;112;A50;;;;830
2,016E+11;16;5;23;1704;1;1;1;1;5;62;A57;;;;830
2,016E+11;16;5;23;1858;1;1;1;1;2;90;A50;M;4307202;549473;830
2,016E+11;16;5;27;830;1;1;1;1;2;137;AccŠs A57 BenoŒt Malon T;;;;830
2,016E+11;16;6;3;1648;1;1;1;1;2;137;Trémie Léon BOURGEOIS;;;;830
2,016E+11;16;6;5;1320;1;1;1;1;6;28;A50*;;;;130
2,016E+11;16;6;8;805;1;1;1;1;7;137;A50;;;;830
2,016E+11;16;6;11;1520;1;1;1;1;2;131;A50 BRETELLE D'ACCES Nø1;;;;830
2,016E+11;16;6;13;2;3;1;1;1;2;27;A50;;;;830
2,016E+11;16;6;13;1650;1;1;1;1;4;137;A57;;;;830
2,016E+11;16;6;23;1135;1;1;1;1;3;137;A50 BRETELLE D'ACCES Nø1;;;;830
2,016E+11;16;6;28;2225;3;1;1;1;6;28;A*50;;;;130
2,016E+11;16;7;11;840;1;1;1;1;4;144;A57;;;;830
2,016E+11;16;7;13;1135;1;1;1;1;3;137;A57;;;;830
2,016E+11;16;7;19;1355;1;1;1;1;2;137;A57;;;;830
2,016E+11;16;7;30;2308;3;1;1;1;4;27;A50;;;;830
2,016E+11;16;7;31;2328;3;1;1;1;3;112;A50;;;;830
2,016E+11;16;8;4;1135;1;1;1;1;2;137;A50 TUNNEL TUBE SUD;;;;830
2,016E+11;16;8;17;230;3;1;1;1;6;69;A570;;;;830
2,016E+11;16;8;22;158;3;1;1;1;6;144;A57;;;;830
2,016E+11;16;8;30;1935;1;1;1;1;2;137;A50;;;;830
2,016E+11;16;9;8;745;1;1;1;1;2;137;A50;;;;830
2,016E+11;16;9;16;1905;1;1;1;1;4;137;A57;M;0;0;830
2,016E+11;16;9;19;730;1;1;1;1;5;137;A57;;;;830
2,016E+11;16;9;26;935;1;1;1;1;3;137;A57;;;;830
2,016E+11;16;10;1;1035;1;1;1;2;2;126;A50;;;;830
2,016E+11;16;10;7;1440;1;1;1;1;7;144;A57;;;;830
2,016E+11;16;10;14;725;3;1;1;3;6;137;A50;;;;830
2,016E+11;16;10;14;1510;1;1;1;2;5;137;A57;;;;830
2,016E+11;16;10;16;630;5;1;1;1;6;144;A57;;;;830
2,016E+11;16;10;24;850;1;1;1;1;2;69;RN98;;;;830
2,016E+11;16;10;24;1545;1;1;1;1;4;144;A57;;;;830
2,016E+11;16;10;25;1213;1;1;1;2;2;144;A57;;;;830
2,016E+11;16;10;26;1729;1;1;1;1;2;144;A57;;;;830
2,016E+11;16;10;28;740;1;1;1;1;6;137;A57;;;;830
2,016E+11;16;10;28;920;1;1;1;1;2;69;RN98;;;;830
2,016E+11;16;10;29;1650;1;1;1;1;2;28;A50*;;;;130
2,016E+11;16;10;30;1525;1;1;1;1;5;123;A50;;;;830
2,016E+11;16;10;30;1902;3;1;1;1;2;137;A57;;;;830
2,016E+11;16;10;31;1750;5;1;1;1;5;137;A50;;;;830
2,016E+11;16;10;31;1808;5;1;1;1;3;137;A57;;;;830
2,016E+11;16;11;4;1030;1;1;1;1;2;62;A570;;;;830
2,016E+11;16;11;16;1410;1;1;1;1;4;137;A57;;;;830
2,016E+11;16;11;23;1750;3;1;1;1;3;144;A57;M;0;0;830
2,016E+11;16;12;2;2355;5;1;1;1;3;144;A57;;;;830
2,016E+11;16;12;12;1343;1;1;1;1;4;137;A57;;;;830
2,016E+11;16;12;12;1855;3;1;1;1;4;137;A50;;;;830
2,016E+11;16;12;13;835;1;1;1;1;5;123;A50;;;;830
2,016E+11;16;12;13;1617;1;1;1;1;2;144;A57;;;;830
2,016E+11;16;12;15;900;1;1;1;1;4;129;A50;;;;830
2,016E+11;16;12;15;1828;3;1;1;2;4;144;A57;;;;830
2,016E+11;16;12;21;1610;2;1;1;1;2;144;A57;;;;830
2,016E+11;16;12;21;1815;3;1;1;1;5;144;A57;;;;830
2,016E+11;16;12;22;1700;2;1;1;1;3;137;A50 VILLEVIEILLE/MARSEIL;;;;830
2,016E+11;16;1;2;2115;3;1;1;1;6;71;A7-Sens Lyon vers*Marsei;M;4340644;533408;130
2,016E+11;16;1;3;507;3;1;1;1;6;55;A7-Sens Lyon vers *arsei;;;;130
2,016E+11;16;1;2;1110;1;1;1;2;6;55;A55-Sens Marseille vers;M;0;0;130
2,016E+11;16;1;3;1800;3;1;1;1;6;19;A51-Sens Marseille vers;M;0;0;130
2,016E+11;16;1;3;1900;3;1;1;1;4;56;A55-Sens Marseille vers;M;0;0;130
2,016E+11;16;1;4;2300;3;1;1;2;6;55;A55-Sens Marseille vers;M;0;0;130
2,016E+11;16;1;5;1707;1;1;1;1;6;26;A55-Sens Marseille vers;M;0;0;130
2,016E+11;16;1;5;820;1;1;1;1;4;1;A51-Sens Aix en*Provence;;;;130
2,016E+11;16;1;6;1615;1;1;1;1;2;5;A52-Sens Pont de l'Etoil;M;0;0;130
2,016E+11;16;1;6;2200;3;1;1;1;6;22;A50-Sens Aubagne vers*To;;;;130
2,016E+11;16;1;6;1250;1;1;1;1;3;55;A7-Sens Lyon vers Marsei;M;0;0;130
2,016E+11;16;1;4;1710;1;1;1;1;4;55;A7-Sens Lyon vers*Marsei;;;;130
2,016E+11;16;1;8;835;1;1;1;1;2;55;Tunnel Prado Car‚nage;;;;130
2,016E+11;16;1;12;1815;3;1;1;1;4;71;A51-Sens Aix en Provence;M;0;0;130
2,016E+11;16;1;10;1345;1;1;1;1;7;117;A7-Sens Lyon vers*Marsei;;;;130
2,016E+11;16;1;14;1940;4;1;1;1;2;55;A557-Liaison A7*Marseill;;;;130
2,016E+11;16;1;14;2145;3;1;1;1;6;55;A55-Sens Martigues*vers;;;;130
2,016E+11;16;1;14;1040;1;1;1;2;7;26;A55-Sens Marseille vers;M;0;0;130
2,016E+11;16;1;14;1045;1;1;1;2;6;85;A50-Sens Toulon vers*Aub;;;;130