Num_Acc;an;mois;jour;hrmn;lum;agg;int;atm;col;com;adr;gps;lat;long;dep
2,016E+11;16;12;8;742;1;1;1;1;2;71;A7-Sens Lyon vers Marsei;M;0;0;130
2,016E+11;16;12;9;1610;1;1;1;1;4;55;A50-Sens Aubagne vers*Ma;;;;130
2,016E+11;16;11;21;805;1;1;1;2;1;85;A50-Sens Toulon vers*Aub;;;;130
2,016E+11;16;12;10;1945;3;1;1;1;2;55;A7-Sens Lyon vers Marsei;M;0;0;130
2,016E+11;16;12;11;720;1;1;1;1;7;85;A50-Sens Toulon vers*Aub;;;;130
2,016E+11;16;12;11;450;5;1;1;1;6;55;Tunnel Prado Carénage;;;;130
2,016E+11;16;12;11;105;5;1;1;1;7;55;Tunnel Prado Carénage;;;;130
2,016E+11;16;12;12;1400;1;1;1;1;6;71;A7-Sens Lyon vers Marsei;M;0;0;130
2,016E+11;16;12;13;800;1;1;1;1;2;55;A7-Sens Lyon vers*Marsei;;;;130
2,016E+11;16;12;13;920;1;1;1;1;4;55;A50-Sens Aubagne vers*Ma;;;;130
2,016E+11;16;12;13;1205;1;1;1;1;2;81;A7-Sens Lyon vers Marsei;M;4348840;524065;130
2,016E+11;16;12;14;1415;1;1;1;1;1;1;A51-Sens*Aix en Provence;;;;130
2,016E+11;16;12;14;1935;3;1;1;1;6;19;A51-Sens*Aix en Provence;;;;130
2,016E+11;16;12;15;1830;3;1;1;1;2;55;A50-Sens Aubagne vers*Ma;;;;130
2,016E+11;16;12;16;2330;3;1;1;1;6;26;A55-Sens Marseille vers*;;;;130
2,016E+11;16;12;17;555;3;1;1;1;6;15;A51-Sens Marseille*vers;;;;130
2,016E+11;16;12;16;1245;1;1;1;1;2;55;A50-Sens*Marseille vers;;;;130
2,016E+11;16;12;17;345;3;1;1;1;3;55;Sens Marseille vers Auba;M;0;0;130
2,016E+11;16;12;17;1950;5;1;1;1;2;55;A7-Sens*Marseille vers L;;;;130
2,016E+11;16;12;18;1645;1;1;1;1;2;55;A55-Sens Martigues vers;M;4331648;536453;130
2,016E+11;16;12;18;1645;1;1;1;1;2;55;A55-Sens Martigues vers;M;0;0;130
2,016E+11;16;12;15;1830;4;1;1;1;2;71;A7-Sens Lyon vers*Marsei;;;;130
2,016E+11;16;12;18;2200;3;1;1;1;6;33;A55-Sens*Martigues vers;;;;130
2,016E+11;16;12;19;2015;3;1;1;2;6;55;A55-Sens Martigues vers;M;4332020;536389;130
2,016E+11;16;12;20;1815;3;1;1;2;6;71;A5502G-sens Martigues ve;M;4339885;529207;130
2,016E+11;16;12;11;1805;3;1;1;1;5;71;A51-Sens*Marseille vers;;;;130
2,016E+11;16;12;20;1850;3;1;1;2;2;71;A7-Sens Lyon vers*Marsei;;;;130
2,016E+11;16;12;21;1735;3;1;1;1;4;55;A7-Sens Marseille vers*L;;;;130
2,016E+11;16;12;21;1830;3;1;1;1;3;106;A7-Sens Lyon vers*Marsei;;;;130
2,016E+11;16;12;16;920;1;1;1;1;4;1;A51-Sens Marseille vers;M;0;0;130
2,016E+11;16;12;5;650;3;1;1;1;2;26;A55-Sens *Martigues vers;;;;130
2,016E+11;16;12;22;1730;3;1;1;1;2;117;A7-Sens*Marseille vers L;;;;130
2,016E+11;16;12;23;1415;1;1;1;1;4;55;TVPCD-Sens Les Ports ver;;;;130
2,016E+11;16;12;23;1930;3;1;1;1;2;26;A55-Sens*Marseille vers;;;;130
2,016E+11;16;12;24;200;3;1;1;1;2;117;A7-Sens Lyon vers*Marsei;;;;130
2,016E+11;16;12;24;1330;1;1;1;1;3;55;A50-Sens*Marseille vers;;;;130
2,016E+11;16;12;24;440;3;1;1;1;2;26;A55-Sens*Marseille vers;;;;130
2,016E+11;16;12;25;1745;3;1;1;1;6;71;A55-Sens*Martigues vers;;;;130
2,016E+11;16;12;25;1200;1;1;1;1;4;55;A7-Sens Lyon vers*Marsei;;;;130
2,016E+11;16;12;27;1530;1;1;1;1;4;71;A51-Sens Marseille vers;M;0;0;130
2,016E+11;16;12;27;1545;1;1;1;1;4;19;A51-Sens*Aix en Provence;;;;130
2,016E+11;16;12;28;455;3;1;1;1;3;19;A51-Sens Aix en Provence;M;0;0;130
2,016E+11;16;12;28;1320;1;1;1;1;6;26;A55-Sens*Martigues vers;;;;130
2,016E+11;16;12;29;40;3;1;1;1;2;15;A51-Sens*Aix en Provence;;;;130
2,016E+11;16;12;30;1155;1;1;1;1;2;55;A55-Sens Martigues vers;M;0;0;130
2,016E+11;16;8;26;1032;1;2;1;1;6;54;P10-Aéroport Marseille;M;4344096;522542;130
2,016E+11;16;1;3;1015;1;2;7;2;3;101;QUAI FRANCOIS MITTERRAND;M;4886010;233333;750
2,016E+11;16;1;5;1710;5;2;4;1;3;101;, RUE DE CASTIGLIONE;M;4886530;232728;750
2,016E+11;16;1;11;1030;1;2;3;2;3;101;234, RUE DE RIVOLI;M;4886530;232728;750
2,016E+11;16;1;21;1230;1;2;2;1;6;101;202, RUE SAINT HONORE;M;4886270;233736;750
2,016E+11;16;1;24;445;5;2;7;2;3;101;PLACE DES PYRAMIDES;M;4886380;233207;750
2,016E+11;16;1;29;1220;1;2;2;1;6;102;6, RUE DE GRAMONT;M;4886950;233676;750
2,016E+11;16;2;2;630;5;2;2;1;3;101;110, RUE DE RIVOLI;M;4885910;234641;750
2,016E+11;16;2;9;610;5;2;2;3;6;101;RUE CROIX DES PETITS CHA;M;4886350;233975;750
2,016E+11;16;2;12;1200;1;2;3;2;7;101;57, BOULEVARD DE SEBASTO;M;4886250;235038;750
2,016E+11;16;2;14;1020;1;2;2;1;7;101;RUE DU LOUVRE;M;4886390;234233;750
2,016E+11;16;2;18;1400;1;2;7;2;6;101;PLACE DU PALAIS ROYAL;M;4886300;233626;750
2,016E+11;16;2;29;1515;1;2;1;1;6;101;190, RUE DE RIVOLI;M;4886350;233278;750
2,016E+11;16;3;7;1326;1;2;7;8;7;101;4, PLACE VENDOME;M;4886660;232856;750
2,016E+11;16;3;10;900;1;2;7;1;2;108;QUAI DES TUILERIES;M;4886420;232014;750
2,016E+11;16;3;16;1010;1;2;3;1;2;101;RUE DE RIVOLI;M;4886530;232728;750
2,016E+11;16;3;22;1250;1;2;7;1;7;101;02, PLACE DU CHATELET;M;4885720;234729;750
2,016E+11;16;3;23;1000;1;2;5;1;3;101;47, RUE DE RIVOLI;M;4885880;234748;750
2,016E+11;16;3;23;1735;1;2;1;1;3;101;10, BOULEVARD DE SEBASTO;M;4885930;234866;750
2,016E+11;16;3;24;925;1;2;7;1;3;101;174, RUE DE RIVOLI;M;4886270;233525;750
2,016E+11;16;3;27;130;5;2;4;3;6;101;QUAI DES TUILERIES;M;4886230;232567;750
2,016E+11;16;4;2;1330;1;2;4;1;6;101;VOIE GEORGES POMPIDOU;M;4886230;232567;750
2,016E+11;16;4;5;1500;1;2;1;1;3;101;147 BIS, RUE SAINT HONOR;M;4886200;233999;750
2,016E+11;16;4;5;2325;5;2;5;1;3;101;43, RUE DE RIVOLI;M;4885880;234748;750
2,016E+11;16;4;7;1010;1;2;1;1;2;101;18, QUAI DES TUILERIES;M;4886100;232948;750
2,016E+11;16;4;9;45;5;2;3;1;2;104;26, RUE DU RENARD;M;4886030;235292;750
2,016E+11;16;4;10;1115;1;2;3;1;2;101;210, RUE DE RIVOLI;M;4886440;233008;750
2,016E+11;16;4;11;845;1;2;2;2;3;101;RUE DE RIVOLI;M;4885910;234641;750
2,016E+11;16;4;13;1130;1;2;3;1;3;101;182, RUE DE RIVOLI;M;4886320;233379;750
2,016E+11;16;4;13;1145;1;2;1;1;7;101;8, QUAI DES TUILERIES;M;4886040;233203;750
2,016E+11;16;4;26;1450;1;2;2;2;3;101;45, RUE DES PETITS CHAMP;M;4886700;233586;750
2,016E+11;16;5;11;1120;1;2;7;1;7;101;PLACE DU CARROUSEL;M;4886040;233353;750
2,016E+11;16;5;14;630;2;2;2;1;3;101;53, RUE DE RIVOLI;M;4885910;234641;750
2,016E+11;16;5;11;1840;1;2;3;1;3;101;240, RUE DE RIVOLI;M;4886570;232598;750
2,016E+11;16;5;16;1745;1;2;3;1;6;101;99, RUE DE RIVOLI;M;4886270;233525;750
2,016E+11;16;5;17;1224;1;2;1;1;3;101;PONT AU CHANGE;M;4885690;234685;750
2,016E+11;16;5;18;1530;1;2;2;1;6;101;05, RUE DU LOUVRE;M;4886170;234123;750
2,016E+11;16;5;19;1036;1;2;2;1;3;101;RUE DE RIVOLI;M;4885910;234641;750
2,016E+11;16;5;22;1100;1;2;2;2;7;101;7, BOULEVARD DE SEBASTOP;M;4885850;234820;750
2,016E+11;16;5;27;1515;1;2;1;1;2;101;RUE DE L AMIRAL DE COLIG;M;4885980;234026;750
2,016E+11;16;6;2;1620;1;2;2;2;3;101;BOULEVARD DU PALAIS;M;4885620;234643;750
2,016E+11;16;6;3;1500;1;2;3;1;3;101;59, BOULEVARD DE SEBASTO;M;4886290;235065;750
2,016E+11;16;6;6;1410;1;2;1;1;2;101;QUAI DU LOUVRE;M;4885850;234229;750
2,016E+11;16;6;10;345;5;2;2;1;3;101;BOULEVARD DE SEBASTOPOL;M;4885850;234820;750
2,016E+11;16;6;15;245;5;2;1;1;6;103;43, RUE BEAUBOURG;M;4886240;235409;750
2,016E+11;16;6;16;1810;1;2;2;1;2;101;137, RUE SAINT HONORE;M;4886170;234123;750
2,016E+11;16;6;19;1040;1;2;2;1;6;102;45, RUE DES PETITS CARRE;M;4886840;234765;750
2,016E+11;16;6;22;100;5;2;1;1;6;101;46, RUE DES LOMBARDS;M;4885970;234834;750
2,016E+11;16;6;25;1500;1;2;3;1;7;101;16, QUAI DU LOUVRE;M;4885870;234163;750
2,016E+11;16;7;1;1130;1;2;3;1;2;101;232, RUE DE RIVOLI;M;4886530;232728;750
2,016E+11;16;7;1;1730;1;2;1;1;2;101;VOIE GEORGES POMPIDOU;M;4885920;233864;750
2,016E+11;16;7;3;1245;1;2;1;1;6;101;PLACE VENDOME;M;4886720;232857;750
2,016E+11;16;7;4;835;1;2;1;1;7;101;220, RUE DE RIVOLI;M;4886480;232881;750
2,016E+11;16;7;4;1300;1;2;1;1;6;101;37, RUE ETIENNE MARCEL;M;4886460;234611;750
2,016E+11;16;7;6;1830;1;2;1;1;2;101;104, RUE DE RIVOLI;M;4885890;234700;750
2,016E+11;16;7;7;2306;5;2;1;1;2;101;176, RUE DE RIVOLI;M;4886290;233466;750
2,016E+11;16;7;11;1230;1;2;2;1;6;101;03, RUE DU LOUVRE;M;4886170;234123;750
2,016E+11;16;7;11;1840;1;2;3;1;6;101;PONT NEUF;M;4885720;234141;750
2,016E+11;16;7;12;3;5;2;2;1;3;101;134, RUE DE RIVOLI;M;4885990;234395;750
2,016E+11;16;7;15;1120;1;2;3;1;3;101;14, RUE JEAN JACQUES ROU;M;4886240;234029;750
2,016E+11;16;7;16;2115;2;2;2;7;6;101;156, RUE DE RIVOLI;M;4886090;234079;750
2,016E+11;16;7;20;1330;1;2;4;1;6;101;2, RUE DU PONT NEUF;M;4885950;234359;750
2,016E+11;16;7;25;1110;1;2;1;1;6;102;41, RUE DU SENTIER;M;4887040;234645;750
2,016E+11;16;7;28;835;1;2;1;2;3;101;104, RUE DE RIVOLI;M;4885890;234700;750
2,016E+11;16;7;28;1830;1;2;1;1;3;101;11, PLACE VENDOME;M;4886770;232884;750
2,016E+11;16;7;29;240;5;2;7;1;6;108;156, AVENUE DES CHAMPS E;M;4887310;229709;750
2,016E+11;16;8;3;2010;2;2;3;1;2;103;6, RUE DU PARC ROYAL;M;4885830;236380;750
2,016E+11;16;8;4;1130;1;2;7;2;7;102;38, AVENUE DE L OPERA;M;4887030;233244;750
2,016E+11;16;8;5;540;2;2;7;1;3;101;0, PLACE DU PONT NEUF;M;4885720;234141;750
2,016E+11;16;8;6;200;5;2;3;1;2;101;232, RUE DE RIVOLI;M;4886530;232728;750
2,016E+11;16;8;9;754;1;2;7;1;2;101;PLACE VENDOME;M;4886840;233028;750
2,016E+11;16;8;13;1915;1;2;1;1;2;101;224, RUE DE RIVOLI;M;4886490;232849;750
2,016E+11;16;8;16;1300;1;2;7;1;7;101;1, PLACE DU CHATELET;M;4885770;234776;750
2,016E+11;16;8;16;1540;1;2;2;1;3;101;RUE DU COLONEL DRIANT;M;4886340;234034;750
2,016E+11;16;8;24;1135;1;2;3;1;6;101;RUE LA VRILLIERE;M;4886500;234066;750
2,016E+11;16;8;31;1620;1;2;3;1;2;101;10, QUAI DE LA MEGISSERI;M;4885770;234544;750
2,016E+11;16;9;9;1700;1;2;7;1;6;101;258, RUE DE RIVOLI;M;4886650;232355;750
2,016E+11;16;9;10;315;5;2;3;1;3;101;170, RUE DE RIVOLI;M;4886250;233607;750
2,016E+11;16;9;19;1650;1;2;7;1;6;101;PLACE DU CARROUSEL;M;4886270;233525;750
2,016E+11;16;9;28;1155;1;2;3;1;2;102;12, RUE DES CAPUCINES;M;4886890;232940;750
2,016E+11;16;10;3;1320;1;2;1;1;6;101;38, RUE DU MONT THABOR;M;4886650;232622;750
2,016E+11;16;10;13;1600;1;2;3;2;3;101;28, QUAI DU LOUVRE;M;4885900;233985;750
2,016E+11;16;10;14;1545;1;2;7;2;7;101;25, PLACE VENDOME;M;4886840;233028;750
2,016E+11;16;10;18;1310;1;2;2;1;3;101;254, RUE SAINT HONORE;M;4886380;233424;750
2,016E+11;16;10;20;1750;1;2;7;2;7;101;6, RUE DE L AMIRAL DE CO;M;4886040;234057;750
2,016E+11;16;10;21;1100;1;2;5;1;3;102;2, RUE DU QUATRE SEPTEMB;M;4886890;234008;750
2,016E+11;16;10;25;1700;1;2;2;1;2;101;33, RUE ETIENNE MARCEL;M;4886440;234667;750
2,016E+11;16;11;3;1505;1;2;2;1;3;101;RUE DU COLONEL DRIANT;M;4886350;233975;750
2,016E+11;16;11;7;1205;1;2;2;2;6;101;261, RUE SAINT HONORE;M;4886740;232619;750
2,016E+11;16;11;9;955;1;2;3;3;6;101;1, PONT NEUF;M;4885690;234115;750
2,016E+11;16;11;10;1505;1;2;3;8;2;101;256, RUE DE RIVOLI;M;4886630;232413;750
2,016E+11;16;11;11;210;5;2;3;2;3;102;RUE ETIENNE MARCEL;M;4886420;234759;750
2,016E+11;16;11;14;1710;2;2;1;1;6;101;104, RUE DE RIVOLI;M;4885890;234700;750
2,016E+11;16;11;15;150;5;2;3;2;6;101;180, RUE DE RIVOLI;M;4886150;233907;750
2,016E+11;16;11;17;1116;1;2;2;1;3;101;34, QUAI FRANCOIS MITTER;M;4886010;233333;750
2,016E+11;16;11;30;1200;1;2;2;1;3;101;156, RUE DE RIVOLI;M;4886090;234079;750
2,016E+11;16;12;4;630;5;2;3;1;2;101;QUAI FRANCOIS MITTERRAND;M;4885920;233789;750
2,016E+11;16;12;5;845;1;2;2;1;6;102;22, RUE ETIENNE MARCEL;M;4886420;234759;750
2,016E+11;16;12;5;1340;1;2;7;1;3;101;10, QUAI FRANCOIS MITTER;M;4886010;233333;750
2,016E+11;16;12;8;1150;1;2;2;1;7;101;19, BOULEVARD DE SEBASTO;M;4885950;234877;750
2,016E+11;16;12;20;1220;1;2;7;1;6;101;18, QUAI DU LOUVRE;M;4885870;234163;750
2,016E+11;16;12;27;1900;1;2;1;1;6;101;6, RUE DES HALLES;M;4885930;234715;750
2,016E+11;16;1;3;20;5;2;1;1;6;103;67, RUE CHARLOT;M;4886380;236365;750
2,016E+11;16;1;5;1145;1;2;2;2;3;102;BOULEVARD DE SEBASTOPOL;M;4886340;235094;750
2,016E+11;16;1;7;1355;1;2;2;1;3;103;90, BOULEVARD DE SEBASTO;M;4886620;235251;750
2,016E+11;16;1;11;1445;1;2;1;8;3;101;14, RUE DES PYRAMIDES;M;4886510;233310;750
2,016E+11;16;1;11;2050;5;2;2;2;3;102;32, RUE ETIENNE MARCEL;M;4886440;234667;750
2,016E+11;16;1;12;1700;2;2;2;1;7;102;113, BOULEVARD DE SEBAST;M;4886700;235294;750
2,016E+11;16;1;14;840;1;2;5;3;7;103;1, RUE DE BRETAGNE;M;4886200;236454;750
2,016E+11;16;1;15;1505;1;2;4;1;2;102;43, AVENUE DE L OPERA;M;4886920;233288;750
2,016E+11;16;1;16;1820;5;2;2;1;6;101;49, BOULEVARD DE SEBASTO;M;4886200;235013;750
2,016E+11;16;1;18;1700;2;2;2;1;3;101;07, RUE LA FEUILLADE;M;4886610;233982;750
2,016E+11;16;1;20;320;5;2;1;1;7;102;21, BOULEVARD DE BONNE N;M;4887030;235000;750
2,016E+11;16;1;20;1150;1;2;2;1;6;102;68, BOULEVARD DE SEBASTO;M;4886440;235150;750
2,016E+11;16;1;21;740;2;2;2;8;3;109;61, RUE LA FAYETTE;M;4887580;234369;750
2,016E+11;16;1;22;840;1;2;3;1;7;101;256, RUE DE RIVOLI;M;4886630;232413;750
2,016E+11;16;1;24;400;5;2;2;2;6;102;RUE D ABOUKIR;M;4886860;234973;750
2,016E+11;16;1;24;705;5;2;1;2;3;101;11, PLACE VENDOME;M;4886750;232862;750
2,016E+11;16;1;29;1600;1;2;5;1;6;102;17, BOULEVARD SAINT DENI;M;4886970;235262;750
2,016E+11;16;1;31;240;5;2;2;2;7;102;67, BOULEVARD DE SEBASTO;M;4886340;235094;750
2,016E+11;16;1;31;1800;2;2;4;2;3;102;41VIS À VI, RUE ETIENNE;M;4886480;234538;750
2,016E+11;16;2;1;1830;1;2;1;1;3;102;35, RUE VIVIENNE;M;4887020;234078;750
2,016E+11;16;2;3;950;1;2;3;1;3;101;39, RUE DE RICHELIEU;M;4886560;233678;750
2,016E+11;16;2;3;1440;1;2;7;2;3;102;03, PLACE DE L OPERA;M;4887060;233206;750
2,016E+11;16;2;7;450;5;2;1;1;4;101;2, QUAI FRANCOIS MITTERR;M;4886020;233291;750
2,016E+11;16;2;7;2035;5;2;2;1;3;101;44, RUE ETIENNE MARCEL;M;4886530;234307;750
2,016E+11;16;2;8;1155;1;2;3;2;6;102;146, RUE MONTMARTRE;M;4886920;234314;750
2,016E+11;16;2;17;1650;1;2;7;1;3;109;01, PLACE JACQUES ROUCHE;M;4887210;233293;750
2,016E+11;16;2;23;1320;1;2;2;1;3;109;3, RUE DE CHATEAUDUN;M;4887580;234201;750
2,016E+11;16;2;28;140;5;2;2;1;7;102;77, BOULEVARD DE SEBASTO;M;4886440;235150;750
2,016E+11;16;2;29;1235;1;2;2;1;3;102;3, RUE DU QUATRE SEPTEMB;M;4886920;233864;750
2,016E+11;16;3;1;2235;3;2;2;2;6;102;29, BOULEVARD POISSONNIE;M;4887150;234309;750
2,016E+11;16;3;3;1105;1;2;2;1;6;102;10, RUE DE HANOVRE;M;4887020;233479;750
2,016E+11;16;3;7;1940;5;2;5;2;6;102;RUE REAUMUR;M;4886780;234537;750
2,016E+11;16;3;11;1900;1;2;1;1;6;101;25, RUE MONTORGUEIL;M;4886420;234658;750
2,016E+11;16;3;15;1240;1;2;1;1;6;109;54, RUE DE MAUBEUGE;M;4887870;234616;750
2,016E+11;16;3;18;2015;5;2;1;1;3;116;37, BOULEVARD MURAT;M;4884450;225713;750
2,016E+11;16;3;22;1500;1;2;2;1;2;102;102, RUE REAUMUR;M;4886740;234731;750
2,016E+11;16;3;27;2040;5;2;1;1;2;101;47, RUE DE RIVOLI;M;4885890;234702;750
2,016E+11;16;3;31;50;5;2;1;2;6;101;25, AVENUE DE L OPERA;M;4886680;233400;750
2,016E+11;16;4;4;900;1;2;7;1;3;102;/, PLACE DE L OPERA;M;4887060;233206;750
2,016E+11;16;4;4;1010;1;2;2;1;3;102;/, RUE DE RICHELIEU;M;4886920;233864;750
2,016E+11;16;4;7;1400;1;2;1;1;2;102;97, BOULEVARD DE SEBASTO;M;4886570;235221;750
2,016E+11;16;4;7;2010;2;2;2;1;6;101;RUE SAINT HONORE;M;4886380;233424;750
2,016E+11;16;4;8;357;5;2;2;1;3;109;RUE SAINT GEORGES;M;4887670;233706;750
2,016E+11;16;4;9;1550;1;2;4;2;6;101;QUAI DES TUILERIES;M;4886230;232567;750
2,016E+11;16;4;9;1925;2;2;1;2;2;102;36 BIS, AVENUE DE L OPER;M;4886900;233298;750
2,016E+11;16;4;14;1030;1;2;3;1;3;102;120, RUE MONTMARTRE;M;4886780;234375;750
2,016E+11;16;4;14;1330;1;2;2;1;6;102;RUE SAINT DENIS;M;4886410;235009;750
2,016E+11;16;4;15;1440;1;2;5;1;2;102;62, RUE DU LOUVRE;M;4886680;234383;750
2,016E+11;16;4;25;1210;1;2;7;1;6;109;44, BOULEVARD HAUSSMANN;M;4887310;233165;750
2,016E+11;16;4;25;1830;2;2;4;2;3;101;/, QUAI DES TUILERIES;M;4886230;232567;750
2,016E+11;16;5;3;1630;1;2;2;1;3;102;18, RUE DE LA PAIX;M;4886960;233150;750
2,016E+11;16;5;13;1120;1;2;3;1;6;102;142, RUE SAINT DENIS;M;4886520;235038;750
2,016E+11;16;5;19;1030;1;2;2;2;6;102;78, RUE REAUMUR;M;4886630;235202;750
2,016E+11;16;5;22;240;5;2;2;2;6;102;31, RUE DE TURBIGO;M;4886440;235150;750
2,016E+11;16;5;26;2120;5;2;1;1;7;102;114, RUE MONTMARTRE;M;4886770;234381;750
2,016E+11;16;6;1;1750;1;2;2;1;3;102;RUE REAUMUR;M;4886690;234943;750
2,016E+11;16;6;4;1945;1;2;7;1;6;102;17, BOULEVARD DES CAPUCI;M;4887060;233206;750
2,016E+11;16;6;8;1005;1;2;3;1;2;103;68, BOULEVARD DE SEBASTO;M;4886410;235136;750
2,016E+11;16;6;10;1145;1;2;7;1;6;101;2, PLACE DES VICTOIRES;M;4886560;234087;750
2,016E+11;16;6;11;1310;1;2;5;8;3;102;14, RUE ETIENNE MARCEL;M;4886390;234908;750
2,016E+11;16;6;14;955;1;2;1;1;6;102;21, BOULEVARD POISSONNIE;M;4887130;234456;750
2,016E+11;16;6;15;1430;1;2;1;1;6;102;133, BOULEVARD DE SEBAST;M;4886830;235365;750
2,016E+11;16;6;18;1920;1;2;1;8;6;102;44, RUE ETIENNE MARCEL;M;4886520;234336;750
2,016E+11;16;6;23;15;5;2;1;1;3;109;30, BOULEVARD POISSONNIE;M;4887140;234387;750
2,016E+11;16;6;23;940;1;2;1;1;2;102;12, RUE DE LA PAIX;M;4886920;233114;750
2,016E+11;16;6;23;2300;5;2;3;1;6;102;144, RUE MONTMARTRE;M;4886880;234331;750
2,016E+11;16;7;1;1250;1;2;1;1;3;102;58, RUE DU LOUVRE;M;4886620;234353;750
2,016E+11;16;7;2;1440;1;2;2;1;3;102;139, BOULEVARD DE SEBAST;M;4886870;235387;750
2,016E+11;16;7;26;1720;1;2;7;1;3;102;7, PLACE DE LA BOURSE;M;4886870;234133;750
2,016E+11;16;8;23;1420;1;2;5;1;2;102;28, AVENUE DE L OPERA;M;4886750;233366;750
2,016E+11;16;9;5;1935;2;2;2;2;6;102;35, BOULEVARD DES CAPUCI;M;4887020;232993;750
2,016E+11;16;9;6;1520;1;2;5;1;3;102;19, BOULEVARD SAINT DENI;M;4886970;235262;750
2,016E+11;16;9;8;1935;2;2;2;1;3;102;90, BOULEVARD DE SEBASTO;M;4886620;235251;750
2,016E+11;16;9;29;900;1;2;2;8;3;102;92, RUE REAUMUR;M;4886690;234943;750
2,016E+11;16;9;30;1415;1;2;1;1;6;102;19, BOULEVARD DES ITALIE;M;4887130;233616;750
2,016E+11;16;10;3;1730;1;2;3;1;6;103;123, BOULEVARD DE SEBAST;M;4886760;235329;750
2,016E+11;16;10;4;1015;1;2;2;1;6;102;RUE DU SENTIER;M;4886920;234581;750
2,016E+11;16;10;4;1220;1;2;3;1;6;104;69, RUE SAINT ANTOINE;M;4885430;236373;750
2,016E+11;16;10;8;1930;5;2;3;1;3;104;BOULEVARD MORLAND;M;4884900;236447;750
2,016E+11;16;10;11;1310;1;2;5;1;3;109;1, BOULEVARD HAUSSMANN;M;4887200;233998;750
2,016E+11;16;10;12;1815;1;2;2;1;6;101;1, RUE DANIELLE CASANOVA;M;4886750;233366;750
2,016E+11;16;10;14;1110;1;2;1;8;3;102;RUE ETIENNE MARCEL;M;4886400;234836;750
2,016E+11;16;10;14;1235;1;2;2;1;6;102;11, BOULEVARD SAINT DENI;M;4886930;235421;750
2,016E+11;16;10;14;2250;5;2;7;2;7;102;37, AVENUE DE L OPERA;M;4886750;233366;750
2,016E+11;16;10;29;310;5;2;2;1;2;104;52, RUE DE RIVOLI;M;4885690;235380;750
2,016E+11;16;11;1;2340;5;2;2;1;3;109;BOULEVARD MONTMARTRE;M;4887150;234309;750
2,016E+11;16;11;5;50;5;2;1;2;2;109;47, BOULEVARD DE CLICHY;M;4888300;233462;750
2,016E+11;16;11;5;1840;2;2;2;1;6;102;27, RUE VIVIENNE;M;4886890;234008;750
2,016E+11;16;11;8;2241;5;2;2;2;6;101;43, RUE DES PETITS CHAMP;M;4886700;233586;750
2,016E+11;16;11;9;735;1;2;3;3;2;101;QUAI FRANCOIS MITTERRAND;M;4885900;233985;750
2,016E+11;16;11;10;1845;5;2;2;3;1;102;02, RUE ETIENNE MARCEL;M;4886340;235094;750
2,016E+11;16;1;14;32;5;2;5;1;3;102;34, AVENUE DE L OPERA;M;4886870;233310;750
2,016E+11;16;11;15;1715;2;2;1;2;6;101;03, BOULEVARD DE SEBASTO;M;4885820;234801;750
2,016E+11;16;11;18;49;5;2;7;2;3;102;04, PLACE DE L OPERA;M;4887030;233271;750
2,016E+11;16;11;17;2105;5;2;3;1;7;102;129, BOULEVARD DE SEBAST;M;4886790;235343;750
2,016E+11;16;11;20;550;5;2;2;2;3;101;QUAI FRANCOIS MITTERRAND;M;4886010;233333;750
2,016E+11;16;11;24;1400;1;2;1;1;6;102;19, BOULEVARD MONTMARTRE;M;4887190;234070;750
2,016E+11;16;12;9;25;5;2;1;1;6;102;05, RUE DE MARIVAUX;M;4887080;233740;750
2,016E+11;16;12;12;2135;5;2;2;9;7;102;BOULEVARD POISSONNIERE;M;4887150;234309;750
2,016E+11;16;12;15;1803;5;2;3;1;3;101;RUE DE RIVOLI;M;4886150;233907;750
2,016E+11;16;12;26;1535;1;2;3;1;6;102;146, RUE MONTMARTRE;M;4886920;234314;750
2,016E+11;16;1;4;1640;2;2;7;1;3;102;38, AVENUE DE L OPERA;M;4887020;233220;750
2,016E+11;16;1;6;1730;5;2;1;9;6;103;23, BOULEVARD SAINT MART;M;4886840;235947;750
2,016E+11;16;1;8;1100;1;2;2;1;3;103;112, BOULEVARD DE SEBAST;M;4886890;235402;750
2,016E+11;16;1;11;1325;1;2;7;1;6;103;180, RUE DU TEMPLE;M;4886730;236338;750
2,016E+11;16;1;16;1130;1;2;1;1;7;102;6, RUE NOTRE DAME DES VI;M;4886680;234115;750
2,016E+11;16;1;19;1710;2;2;1;1;6;103;11, RUE BARBETTE;M;4885890;236064;750
2,016E+11;16;1;19;2225;5;2;2;1;6;103;93, RUE VIEILLE DU TEMPL;M;4885990;236073;750
2,016E+11;16;1;20;1010;1;2;1;1;3;103;BOULEVARD DE SEBASTOPOL;M;4886570;235220;750