Num_Acc;an;mois;jour;hrmn;lum;agg;int;atm;col;com;adr;gps;lat;long;dep
2,016E+11;16;1;21;755;5;2;1;1;7;101;SOUTERRAIN TUILERIES;M;4886040;233224;750
2,016E+11;16;1;22;1400;1;2;5;3;3;103;55, BOULEVARD SAINT MART;M;4886900;235558;750
2,016E+11;16;1;24;630;5;2;7;1;3;101;12, QUAI FRANCOIS MITTER;M;4886010;233333;750
2,016E+11;16;1;26;1500;1;2;3;1;6;103;62, RUE DES TOURNELLES;M;4885700;236733;750
2,016E+11;16;2;1;1540;1;2;3;8;6;103;64, RUE DE TURENNE;M;4885940;236451;750
2,016E+11;16;2;6;1645;1;2;3;1;7;103;91, BOULEVARD BEAUMARCHA;M;4885920;236763;750
2,016E+11;16;2;7;329;5;2;2;3;6;103;308 BIS, RUE SAINT MARTI;M;4886790;235497;750
2,016E+11;16;2;12;1345;1;2;1;3;6;103;13, PLACE DE LA REPUBLIQ;M;4886710;236370;750
2,016E+11;16;2;17;101;5;2;3;1;2;103;22, RUE BEAUBOURG;M;4886120;235345;750
2,016E+11;16;2;17;2200;5;2;2;1;3;103;55, BOULEVARD SAINT MART;M;4886900;235558;750
2,016E+11;16;2;19;1350;1;2;2;1;3;103;67, RUE DE TURBIGO;M;4886590;235808;750
2,016E+11;16;2;19;1550;1;2;1;1;3;103;5, RUE DU GRENIER SAINT;M;4886270;235379;750
2,016E+11;16;2;24;2145;5;2;1;1;6;109;4, BOULEVARD MONTMARTRE;M;4887160;234259;750
2,016E+11;16;2;25;925;1;2;2;1;6;103;43, RUE REAUMUR;M;4886600;235376;750
2,016E+11;16;2;27;1125;1;2;1;1;6;103;5, RUE DU GRENIER SAINT;M;4886270;235379;750
2,016E+11;16;2;29;1940;5;2;7;1;3;104;03, PLACE DE LA BASTILLE;M;4885330;236846;750
2,016E+11;16;3;3;201;5;2;7;2;2;103;1, BOULEVARD SAINT MARTI;M;4886800;236223;750
2,016E+11;16;3;4;1505;1;2;2;2;6;103;43, RUE REAUMUR;M;4886600;235376;750
2,016E+11;16;3;9;1345;1;2;7;1;6;103;15, PLACE DE LA REPUBLIQ;M;4886730;236338;750
2,016E+11;16;3;9;1930;2;2;5;1;3;101;21, AVENUE DE L OPERA;M;4886650;233413;750
2,016E+11;16;3;10;2040;5;2;4;1;6;103;89, BOULEVARD BEAUMARCHA;M;4885920;236763;750
2,016E+11;16;3;12;1245;1;2;2;1;2;101;192, RUE DE RIVOLI;M;4886380;233207;750
2,016E+11;16;3;16;1836;5;2;1;1;2;101;10, RUE DES PYRAMIDES;M;4886480;233285;750
2,016E+11;16;3;16;2253;5;2;2;1;2;103;21, RUE REAUMUR;M;4886520;235713;750
2,016E+11;16;3;20;150;5;2;1;1;4;103;67, BOULEVARD BEAUMARCHA;M;4885790;236796;750
2,016E+11;16;3;23;1535;1;2;1;1;3;103;51, BOULEVARD BEAUMARCHA;M;4885710;236817;750
2,016E+11;16;3;25;810;1;2;2;2;6;109;10, BOULEVARD HAUSSMANN;M;4887240;233742;750
2,016E+11;16;3;29;915;1;2;3;1;6;104;23, QUAI AUX FLEURS;M;4885490;235069;750
2,016E+11;16;3;31;1147;1;2;4;3;6;103;37, RUE DE TURENNE;M;4885710;236443;750
2,016E+11;16;4;4;1820;1;2;1;1;6;103;09, PLACE DE LA REPUBLIQ;M;4886680;236421;750
2,016E+11;16;4;5;1330;1;2;7;1;6;109;11 BIS, BOULEVARD HAUSSM;M;4887260;233575;750
2,016E+11;16;4;7;1640;1;2;1;2;6;103;35, BOULEVARD DU TEMPLE;M;4886580;236512;750
2,016E+11;16;4;9;2140;5;2;2;1;6;103;38, RUE REAUMUR;M;4886520;235713;750
2,016E+11;16;4;13;1640;1;2;5;2;3;103;/, RUE REAUMUR;M;4886550;235571;750
2,016E+11;16;4;21;2125;5;2;2;1;2;104;23, BOULEVARD MORLAND;M;4885110;236217;750
2,016E+11;16;4;26;1840;1;2;2;2;6;102;24, RUE DE TURBIGO;M;4886440;235150;750
2,016E+11;16;4;27;20;5;2;1;8;3;103;39, BOULEVARD SAINT MART;M;4886870;235746;750
2,016E+11;16;4;29;10;5;2;2;1;6;102;15, RUE DE TURBIGO;M;4886390;234908;750
2,016E+11;16;4;30;100;5;2;3;1;3;103;105, RUE DU TEMPLE;M;4886240;235740;750
2,016E+11;16;4;30;1405;1;2;2;8;3;103;337, RUE SAINT MARTIN;M;4886790;235497;750
2,016E+11;16;5;7;1210;1;2;2;1;3;102;108, RUE REAUMUR;M;4886740;234731;750
2,016E+11;16;5;9;1740;1;2;5;1;3;103;53, RUE DE TURBIGO;M;4886550;235571;750
2,016E+11;16;5;10;1215;1;2;3;1;6;103;03, RUE SAINTE ELISABETH;M;4886560;235929;750
2,016E+11;16;5;13;940;1;2;3;1;3;103;51, RUE DE TURBIGO;M;4886550;235571;750
2,016E+11;16;5;22;105;5;2;2;1;3;103;121, RUE DE TURENNE;M;4886360;236465;750
2,016E+11;16;5;23;1;5;2;4;3;2;103;29, BOULEVARD DU TEMPLE;M;4886530;236539;750
2,016E+11;16;5;27;830;1;2;5;1;3;101;15, RUE ETIENNE MARCEL;M;4886390;234908;750
2,016E+11;16;5;27;1530;1;2;2;1;6;103;41, RUE DE BRETAGNE;M;4886310;236198;750
2,016E+11;16;5;28;2330;5;2;2;1;2;103;97BIS, RUE BEAUBOURG;M;4886480;235542;750
2,016E+11;16;5;31;2115;5;2;1;2;6;103;65, RUE DE BRETAGNE;M;4886430;236017;750
2,016E+11;16;6;5;225;5;2;4;2;3;103;97, RUE DE TURENNE;M;4886150;236458;750
2,016E+11;16;6;7;1845;1;2;3;1;7;103;64, BOULEVARD DE SEBASTO;M;4886410;235136;750
2,016E+11;16;6;9;850;1;2;3;1;6;103;28, RUE DE TURBIGO;M;4886450;235201;750
2,016E+11;16;6;9;1925;1;2;3;1;6;103;17, BOULEVARD DU TEMPLE;M;4886460;236581;750
2,016E+11;16;6;10;1450;1;2;1;1;7;103;91, BOULEVARD BEAUMARCHA;M;4885940;236760;750
2,016E+11;16;6;10;1545;1;2;3;1;2;103;05, BOULEVARD DES FILLES;M;4886140;236714;750
2,016E+11;16;6;11;1520;1;2;1;1;6;103;130, RUE DU TEMPLE;M;4886350;235835;750
2,016E+11;16;6;15;1505;1;2;2;1;6;103;RUE DE BRETAGNE;M;4886470;235967;750
2,016E+11;16;6;18;2020;1;2;1;1;2;103;19, BOULEVARD SAINT MART;M;4886830;235987;750
2,016E+11;16;6;20;1110;1;2;1;1;6;103;99, RUE BEAUBOURG;M;4886460;235529;750
2,016E+11;16;6;29;1725;1;2;3;1;2;103;11, BOULEVARD DES FILLES;M;4886250;236688;750
2,016E+11;16;6;30;1420;1;2;1;8;3;103;114, RUE DE TURENNE;M;4886320;236463;750
2,016E+11;16;7;4;825;1;2;3;1;6;102;78, RUE DE RICHELIEU;M;4886970;233888;750
2,016E+11;16;7;5;1130;1;2;3;1;6;103;52, RUE RAMBUTEAU;M;4886160;235205;750
2,016E+11;16;7;5;2130;5;2;1;1;2;103;292, RUE SAINT MARTIN;M;4886700;235440;750
2,016E+11;16;7;8;120;3;2;1;1;2;103;26, RUE DU GRENIER SAINT;M;4886300;235321;750
2,016E+11;16;7;10;1400;1;2;1;1;7;103;13, RUE PAYENNE;M;4885830;236253;750
2,016E+11;16;7;13;1830;1;2;2;1;3;103;02, RUE PASTOURELLE;M;4886180;236127;750
2,016E+11;16;7;18;1305;1;2;2;7;3;103;41, RUE REAUMUR;M;4886600;235376;750
2,016E+11;16;7;20;2320;5;2;2;1;6;104;QUAI DE L HOTEL DE VILLE;M;4885520;235280;750
2,016E+11;16;7;21;920;1;2;2;1;3;103;BOULEVARD DE SEBASTOPOL;M;4886340;235094;750
2,016E+11;16;7;22;2050;2;2;7;1;6;103;21, PLACE DE LA REPUBLIQ;M;4886800;236223;750
2,016E+11;16;7;27;1455;1;2;1;1;5;103;RUE DU GRENIER SAINT LAZ;M;4886270;235379;750
2,016E+11;16;7;27;1955;1;2;2;1;3;103;77, BOULEVARD BEAUMARCHA;M;4885860;236780;750
2,016E+11;16;7;31;2035;2;2;3;1;2;103;3, BOULEVARD DES FILLES;M;4886140;236714;750
2,016E+11;16;8;2;1125;1;2;2;2;5;103;91, RUE BEAUBOURG;M;4886430;235510;750
2,016E+11;16;8;3;1845;1;2;3;2;6;103;177, RUE DU TEMPLE;M;4886520;236017;750
2,016E+11;16;8;6;810;1;2;3;1;6;104;32, QUAI DES CELESTINS;M;4885260;235980;750
2,016E+11;16;8;18;1640;1;2;2;8;7;103;99, BOULEVARD BEAUMARCHA;M;4886010;236743;750
2,016E+11;16;8;23;1500;1;2;2;1;3;103;25, RUE AUX OURS;M;4886340;235094;750
2,016E+11;16;8;29;1700;1;2;3;1;2;103;76, RUE DE TURENNE;M;4886030;236455;750
2,016E+11;16;9;2;930;1;2;3;1;6;103;14, RUE PERREE;M;4886490;236074;750
2,016E+11;16;9;5;10;5;2;2;2;3;103;31, RUE REAUMUR;M;4886550;235571;750
2,016E+11;16;9;6;1925;1;2;2;2;7;103;378, RUE DU TEMPLE;M;4886720;236302;750
2,016E+11;16;9;7;1150;1;2;5;1;3;103;36, RUE DE TURBIGO;M;4886480;235329;750
2,016E+11;16;9;7;1720;1;2;2;1;6;103;43, RUE BEAUBOURG;M;4886260;235419;750
2,016E+11;16;9;8;1140;1;2;1;1;6;103;32, RUE DU GRENIER SAINT;M;4886310;235289;750
2,016E+11;16;9;8;2125;5;2;1;1;3;103;33, BOULEVARD SAINT MART;M;4886860;235820;750
2,016E+11;16;9;10;1535;1;2;3;1;2;103;5, BOULEVARD DES FILLES;M;4886140;236714;750
2,016E+11;16;9;15;15;5;2;2;3;5;103;BOULEVARD DE SEBASTOPOL;M;4886440;235150;750
2,016E+11;16;9;17;1425;1;2;2;1;6;103;40, RUE REAUMUR;M;4886520;235713;750
2,016E+11;16;9;19;2125;5;2;2;1;6;101;22, QUAI DE LA MEGISSERI;M;4885850;234241;750
2,016E+11;16;9;22;1035;1;2;1;1;2;103;41, RUE REAUMUR;M;4886590;235422;750
2,016E+11;16;9;26;750;1;2;5;1;6;103;101, RUE DE TURENNE;M;4886200;236454;750
2,016E+11;16;9;27;1430;1;2;2;1;2;103;90, BOULEVARD DE SEBASTO;M;4886620;235251;750
2,016E+11;16;9;28;945;1;2;2;1;3;103;43, RUE REAUMUR;M;4886600;235376;750
2,016E+11;16;10;3;1015;1;2;1;1;6;103;222, RUE SAINT MARTIN;M;4886400;235290;750
2,016E+11;16;10;3;2010;5;2;7;1;6;103;13, PLACE DE LA REPUBLIQ;M;4886730;236338;750
2,016E+11;16;10;5;840;1;2;1;1;6;101;QUAI DES TUILERIES;M;4886310;232321;750
2,016E+11;16;10;7;1740;1;2;2;1;6;104;22, RUE DE TURENNE;M;4885640;236428;750
2,016E+11;16;10;8;1915;2;2;7;1;3;103;180, RUE DU TEMPLE;M;4886730;236338;750
2,016E+11;16;10;9;1510;1;2;3;1;6;103;52, RUE DE TURBIGO;M;4886570;235688;750
2,016E+11;16;10;10;1440;1;2;1;1;6;103;93, BOULEVARD BEAUMARCHA;M;4885960;236755;750
2,016E+11;16;10;11;1700;1;2;1;1;6;103;11, BOULEVARD DU TEMPLE;M;4886380;236629;750
2,016E+11;16;10;13;1800;1;2;2;1;6;103;6, RUE DU PAS DE LA MULE;M;4885590;236729;750
2,016E+11;16;10;14;615;5;2;2;1;6;103;78, BOULEVARD DE SEBASTO;M;4886530;235199;750
2,016E+11;16;10;14;1615;1;2;3;1;6;103;89, RUE DE TURBIGO;M;4886680;236178;750
2,016E+11;16;10;15;2110;5;2;1;1;3;104;5, BOULEVARD DU PALAIS;M;4885510;234565;750
2,016E+11;16;10;17;858;1;2;1;1;6;103;83, RUE DE TURBIGO;M;4886650;236089;750
2,016E+11;16;10;18;1120;1;2;3;1;3;103;49, RUE DE BRETAGNE;M;4886340;236151;750
2,016E+11;16;10;19;1730;1;2;5;3;2;101;01, PONT NEUF;M;4885850;234241;750
2,016E+11;16;10;21;1640;1;2;3;2;7;101;39, RUE CROIX DES PETITS;M;4886500;234066;750
2,016E+11;16;10;24;1400;1;2;2;2;6;103;21, RUE PASTOURELLE;M;4886260;235980;750
2,016E+11;16;11;2;1445;1;2;2;1;6;103;79, RUE BEAUBOURG;M;4886380;235482;750
2,016E+11;16;11;4;1940;5;2;1;2;6;103;47, BOULEVARD BEAUMARCHA;M;4885680;236824;750
2,016E+11;16;11;8;910;1;2;3;1;2;103;103, BOULEVARD BEAUMARCH;M;4886010;236743;750
2,016E+11;16;11;10;1440;1;2;2;2;2;103;22, RUE BEAUBOURG;M;4886120;235345;750
2,016E+11;16;11;10;2025;5;2;2;3;6;103;BOULEVARD DES FILLES DU;M;4886250;236688;750
2,016E+11;16;11;12;1730;5;2;1;2;6;111;16, BOULEVARD DES FILLES;M;4886150;236709;750
2,016E+11;16;11;15;430;5;2;4;2;6;103;89, RUE DE TURBIGO;M;4886680;236178;750
2,016E+11;16;11;15;1255;1;2;2;1;7;103;207, RUE SAINT MARTIN;M;4886430;235304;750
2,016E+11;16;11;21;845;1;2;1;2;3;101;8, QUAI DE LA MEGISSERIE;M;4885780;234495;750
2,016E+11;16;11;21;2055;5;2;3;1;3;103;168, RUE SAINT MARTIN;M;4886240;235204;750
2,016E+11;16;11;24;920;1;2;2;1;3;102;29, BOULEVARD POISSONNIE;M;4887150;234309;750
2,016E+11;16;11;24;1835;5;2;4;1;3;103;33, BOULEVARD DU TEMPLE;M;4886530;236539;750
2,016E+11;16;11;24;1950;5;2;2;1;3;103;207, RUE DU TEMPLE;M;4886720;236302;750
2,016E+11;16;11;26;1845;5;2;5;1;3;102;59, RUE REAUMUR;M;4886650;235109;750
2,016E+11;16;11;27;25;5;2;7;1;6;101;2, QUAI DE LA MEGISSERIE;M;4885730;234679;750
2,016E+11;16;11;30;800;1;2;2;1;3;104;12, QUAI DE GESVRES;M;4885670;234891;750
2,016E+11;16;12;1;800;1;2;1;1;2;104;6, QUAI DE L HOTEL DE VI;M;4885360;235718;750
2,016E+11;16;12;2;1335;1;2;2;1;3;102;92, RUE REAUMUR;M;4886690;234943;750
2,016E+11;16;12;3;415;5;2;5;1;5;103;1, BOULEVARD SAINT DENIS;M;4886900;235558;750
2,016E+11;16;12;3;1915;5;2;2;1;6;102;30, RUE ETIENNE MARCEL;M;4886440;234667;750
2,016E+11;16;12;8;1500;1;2;5;1;2;109;9, RUE BLANCHE;M;4887780;233198;750
2,016E+11;16;12;8;1855;5;2;2;1;6;103;3, BOULEVARD DES FILLES;M;4886100;236722;750
2,016E+11;16;12;8;2110;5;2;1;1;1;103;26, RUE RAMBUTEAU;M;4886100;235411;750
2,016E+11;16;12;12;1635;5;2;3;2;3;103;201, RUE DU TEMPLE;M;4886690;236220;750
2,016E+11;16;12;15;815;1;2;2;1;3;101;7, BOULEVARD DE SEBASTOP;M;4885850;234820;750
2,016E+11;16;12;15;1830;5;2;3;1;2;103;106, BOULEVARD DE SEBAST;M;4886820;235360;750
2,016E+11;16;12;17;1440;1;2;1;1;6;104;21, RUE VIEILLE DU TEMPL;M;4885750;235751;750
2,016E+11;16;12;17;1525;1;2;3;1;7;103;31BIS, BOULEVARD SAINT M;M;4886850;235883;750
2,016E+11;16;12;18;1730;5;2;3;1;3;103;100, BOULEVARD DE SEBAST;M;4886760;235329;750
2,016E+11;16;12;20;1525;1;2;1;1;3;103;72, RUE DES ARCHIVES;M;4886220;235939;750
2,016E+11;16;12;20;2105;5;2;2;1;6;103;62, RUE REAUMUR;M;4886600;235376;750
2,016E+11;16;12;26;1445;1;2;2;1;3;102;281, RUE SAINT DENIS;M;4886890;235218;750
2,016E+11;16;12;28;1745;5;2;2;1;3;102;94, RUE REAUMUR;M;4886690;234943;750
2,016E+11;16;12;30;1915;5;2;1;1;6;104;14, RUE DU TEMPLE;M;4885830;235319;750
2,016E+11;16;1;4;2100;5;2;3;1;6;104;RUE DE RIVOLI;M;4885730;235235;750
2,016E+11;16;1;7;1130;1;2;1;2;2;104;VOIE GEORGES POMPIDOU;M;4885400;235552;750
2,016E+11;16;1;9;425;5;2;2;1;6;104;RUE SAINT MARTIN;M;4885730;234922;750
2,016E+11;16;1;10;915;1;2;1;1;2;104;21 BIS, BOULEVARD BOURDO;M;4884950;236664;750
2,016E+11;16;1;15;2210;5;2;2;1;2;104;IV-5258, RUE DE LA CITE;M;4885360;234707;750
2,016E+11;16;1;16;1150;1;2;2;1;6;102;BOULEVARD SAINT DENIS;M;4886930;235421;750
2,016E+11;16;1;16;2045;5;2;2;1;3;104;BOULEVARD HENRI IV;M;4885210;236560;750
2,016E+11;16;1;18;1815;5;2;1;1;2;104;24, QUAI DES CELESTINS;M;4885250;236018;750
2,016E+11;16;1;26;1325;1;2;2;1;3;101;02, BOULEVARD DU PALAIS;M;4885620;234643;750
2,016E+11;16;1;26;1535;1;2;1;1;2;104;44, QUAI HENRI IV;M;4885020;236142;750
2,016E+11;16;1;27;2010;5;2;1;2;2;104;111, RUE SAINT ANTOINE;M;4885510;236104;750
2,016E+11;16;1;31;555;5;2;1;2;6;104;VOIE GEORGES POMPIDOU;M;4885550;235159;750
2,016E+11;16;2;1;1410;1;2;4;1;6;104;143, RUE SAINT MARTIN;M;4886160;235165;750
2,016E+11;16;2;2;2221;5;2;7;8;3;104;1, PLACE DE LA BASTILLE;M;4885290;236834;750
2,016E+11;16;2;10;1727;2;2;1;8;3;104;QUAI DE GESVRES;M;4885700;234789;750
2,016E+11;16;2;11;1915;5;2;2;1;3;104;66, QUAI DE L HOTEL DE V;M;4885440;235494;750
2,016E+11;16;2;17;1425;1;2;2;1;3;103;13, BOULEVARD DES FILLES;M;4886250;236688;750
2,016E+11;16;2;18;1615;1;2;7;2;3;104;3, PLACE DE LA BASTILLE;M;4885330;236846;750
2,016E+11;16;2;20;2050;5;2;1;1;6;104;78, QUAI DE L HOTEL DE V;M;4885480;235400;750
2,016E+11;16;2;21;1220;1;2;1;1;6;104;83, RUE SAINT ANTOINE;M;4885460;236287;750
2,016E+11;16;2;26;1900;5;2;3;1;4;104;QUAI DE GESVRES;M;4885690;234822;750
2,016E+11;16;2;29;1500;1;2;1;1;6;104;11, RUE DES ECOUFFES;M;4885670;235853;750
2,016E+11;16;3;1;830;1;2;7;1;3;101;28, PLACE VENDOME;M;4886840;233028;750
2,016E+11;16;3;2;1935;5;2;7;8;6;104;2, QUAI DE GESVRES;M;4885610;235065;750
2,016E+11;16;3;4;2000;5;2;5;2;3;104;3, BOULEVARD BEAUMARCHAI;M;4885370;236896;750
2,016E+11;16;3;5;130;5;2;1;2;6;104;29, RUE DE RIVOLI;M;4885720;235291;750
2,016E+11;16;3;5;2020;2;2;2;1;3;109;RUE SAINT LAZARE;M;4887680;233543;750
2,016E+11;16;3;5;2130;5;2;4;1;3;103;201, RUE DE TURBIGO;M;4886690;236220;750
2,016E+11;16;3;8;25;5;2;2;1;3;104;12, QUAI DE GESVRES;M;4885670;234891;750
2,016E+11;16;3;11;1730;1;2;2;1;6;104;38, BOULEVARD DE SEBASTO;M;4886200;235013;750
2,016E+11;16;3;11;1930;5;2;2;1;1;104;QUAI DES CELESTINS;M;4885330;235779;750
2,016E+11;16;3;12;1315;1;2;1;1;6;103;04, RUE BAILLY;M;4886510;235617;750
2,016E+11;16;3;17;950;1;2;3;1;2;101;234, RUE DE RIVOLI;M;4886530;232728;750
2,016E+11;16;3;17;1920;5;2;1;1;3;104;11, BOULEVARD BOURDON;M;4884850;236615;750
2,016E+11;16;3;21;1630;1;2;2;1;3;104;BOULEVARD HENRI IV;M;4885290;236834;750
2,016E+11;16;3;23;1825;2;2;2;1;2;104;20, RUE DU RENARD;M;4885950;235251;750
2,016E+11;16;3;24;1530;1;2;1;1;3;101;PONT AU CHANGE;M;4885630;234648;750
2,016E+11;16;3;30;1830;2;2;1;2;2;104;18, QUAI HENRI IV;M;4884820;236330;750
2,016E+11;16;4;2;1040;1;2;3;1;3;104;12, RUE SAINT ANTOINE;M;4885350;236650;750
2,016E+11;16;4;3;1215;1;2;1;1;7;104;38, BOULEVARD HENRI IV;M;4885230;236624;750
2,016E+11;16;4;6;935;1;2;5;1;2;104;1, RUE DE LA COUTELLERIE;M;4885750;235141;750
2,016E+11;16;4;8;900;1;2;3;1;6;104;QUAI DE L HOTEL DE VILLE;M;4885520;235280;750
2,016E+11;16;4;14;1420;1;2;7;1;3;104;PLACE DE LA BASTILLE;M;4885290;236834;750
2,016E+11;16;4;14;2318;5;2;7;2;3;104;02, PLACE DU CHATELET;M;4885720;234729;750
2,016E+11;16;4;18;845;1;2;2;1;6;104;1, QUAI DE LA CORSE;M;4885620;234643;750
2,016E+11;16;4;20;2055;5;2;1;1;3;104;54, RUE SAINT ANTOINE;M;4885420;236404;750
2,016E+11;16;4;22;1100;1;2;2;1;3;104;RUE DU PONT LOUIS PHILIP;M;4885460;235514;750
2,016E+11;16;4;21;2105;5;2;3;1;1;104;9, RUE DE SEVIGNE;M;4885590;236226;750
2,016E+11;16;4;26;830;1;2;5;8;3;101;102, RUE DE RIVOLI;M;4885880;234748;750
2,016E+11;16;4;29;1410;1;2;3;1;3;104;27, BOULEVARD BOURDON;M;4885090;236728;750
2,016E+11;16;5;2;1130;1;2;4;1;2;104;VOIE GEORGES POMPIDOU;M;4885520;235280;750
2,016E+11;16;5;2;1930;1;2;7;2;3;101;02, RUE DE L AMIRAL DE C;M;4885950;234009;750
2,016E+11;16;5;4;1545;1;2;2;1;3;104;/, RUE DE RIVOLI;M;4885690;235380;750
2,016E+11;16;5;5;1630;1;2;1;1;2;104;PONT DE SULLY;M;4885050;236028;750
2,016E+11;16;5;9;1140;1;2;1;1;4;103;97, RUE VIEILLE DU TEMPL;M;4886010;236106;750
2,016E+11;16;5;12;2000;2;2;7;2;6;104;25, PLACE DES VOSGES;M;4885620;236574;750
2,016E+11;16;5;18;1805;1;2;2;3;2;104;12, QUAI DE GESVRES;M;4885670;234891;750
2,016E+11;16;5;19;835;1;2;1;2;2;104;3, RUE DU RENARD;M;4885780;235156;750
2,016E+11;16;5;19;1410;1;2;2;2;3;104;46, QUAI DES CELESTINS;M;4885330;235779;750
2,016E+11;16;5;20;856;1;2;3;1;2;104;4, BOULEVARD DE SEBASTOP;M;4885870;234832;750
2,016E+11;16;5;21;1430;1;2;1;1;6;104;RUE DU TEMPLE;M;4885970;235416;750
2,016E+11;16;5;21;1955;1;2;7;1;3;104;12, BOULEVARD HENRI IV;M;4885120;236265;750
2,016E+11;16;5;21;2100;2;2;2;1;2;104;8, RUE DES ARCHIVES;M;4885750;235421;750
2,016E+11;16;5;23;1820;1;2;2;1;6;104;02, RUE DU CLOITRE NOTRE;M;4885260;235217;750
2,016E+11;16;5;23;1830;1;2;7;1;6;104;01, BOULEVARD DE SEBASTO;M;4885770;234776;750
2,016E+11;16;5;25;625;1;2;3;1;7;104;QUAI DE L HOTEL DE VILLE;M;4885520;235280;750
2,016E+11;16;5;25;1620;1;2;7;1;3;104;3, PLACE DE LA BASTILLE;M;4885330;236846;750
2,016E+11;16;5;30;755;1;2;3;3;1;101;162, RUE DE RIVOLI;M;4886150;233907;750
2,016E+11;16;5;31;910;1;2;3;3;7;109;54, BOULEVARD HAUSSMANN;M;4887340;232969;750
2,016E+11;16;6;1;1410;1;2;1;1;6;104;/, RUE DU PETIT MUSC;M;4885290;236453;750
2,016E+11;16;6;2;1110;1;2;2;8;3;109;2, BOULEVARD HAUSSMANN;M;4887200;233998;750
2,016E+11;16;6;2;1618;1;2;3;1;6;104;17, RUE SAINT ANTOINE;M;4885350;236650;750
2,016E+11;16;6;7;1755;1;2;7;1;3;104;QUAI DE GESVRES;M;4885720;234729;750
2,016E+11;16;6;8;200;5;2;2;1;3;104;29, RUE DE RIVOLI;M;4885690;235380;750
2,016E+11;16;6;9;1415;1;2;2;1;3;104;1 BIS, RUE CRILLON;M;4884950;236560;750
2,016E+11;16;6;10;1515;1;2;1;1;6;104;40, QUAI DES CELESTINS;M;4885300;235861;750
2,016E+11;16;6;15;745;1;2;1;2;6;104;29, RUE DE RIVOLI;M;4885720;235291;750
2,016E+11;16;6;15;1445;1;2;1;1;6;104;107, RUE SAINT ANTOINE;M;4885510;236120;750
2,016E+11;16;6;15;2345;5;2;5;1;3;104;QUAI DE L HOTEL DE VILLE;M;4885440;235494;750
2,016E+11;16;6;16;1330;1;2;2;2;2;104;100, RUE SAINT ANTOINE;M;4885510;236163;750
2,016E+11;16;6;19;40;5;2;3;1;6;104;10, RUE DU RENARD;M;4885870;235208;750
2,016E+11;16;6;27;1845;1;2;2;2;6;101;65, BOULEVARD DE SEBASTO;M;4886340;235094;750
2,016E+11;16;6;28;2100;2;2;2;1;6;104;24, BOULEVARD DE SEBASTO;M;4886060;234934;750
2,016E+11;16;7;1;1910;1;2;4;1;3;104;9, BOULEVARD MORLAND;M;4884820;236497;750
2,016E+11;16;7;6;1210;1;2;1;1;6;104;618, RUE DES ECOUFFES;M;4885700;235877;750
2,016E+11;16;7;6;1520;1;2;3;1;6;104;90, RUE DE RIVOLI;M;4885820;234907;750
2,016E+11;16;7;7;210;5;2;7;1;6;104;25, QUAI DE LA CORSE;M;4885590;234744;750
2,016E+11;16;7;7;730;1;2;3;1;6;101;2, RUE EDOUARD COLONNE;M;4885810;234566;750
2,016E+11;16;7;7;2020;1;2;2;1;3;104;13, RUE SAINT ANTOINE;M;4885340;236716;750
2,016E+11;16;7;8;220;5;2;2;1;3;104;50, RUE DE RIVOLI;M;4885690;235380;750
2,016E+11;16;7;8;2320;5;2;2;1;7;104;82, RUE DE RIVOLI;M;4885790;235017;750
2,016E+11;16;7;10;1130;1;2;1;1;6;104;68, RUE SAINT LOUIS EN L;M;4885230;235525;750
2,016E+11;16;7;12;1245;1;2;5;1;6;104;01, RUE DE LA COUTELLERI;M;4885750;235141;750
2,016E+11;16;7;12;1855;1;2;1;1;6;104;2, RUE DE RIVOLI;M;4885510;236148;750
2,016E+11;16;7;10;2140;2;2;2;1;7;104;PONT MARIE;M;4885330;235779;750
2,016E+11;16;7;17;1030;1;2;3;1;6;104;40, QUAI HENRI IV;M;4884970;236150;750
2,016E+11;16;7;20;1815;1;2;2;1;3;104;RUE DE RIVOLI;M;4885600;235796;750
2,016E+11;16;7;20;1700;1;2;3;1;3;104;26, RUE DU RENARD;M;4886030;235292;750
2,016E+11;16;7;21;1750;1;2;3;1;6;104;14, RUE NEUVE SAINT PIER;M;4885380;236329;750
2,016E+11;16;7;23;1530;1;2;3;1;6;104;PONT PETIT PONT;M;4885360;234707;750
2,016E+11;16;7;25;940;1;2;4;1;3;104;10, BOULEVARD MORLAND;M;4884900;236447;750
2,016E+11;16;7;25;1735;1;2;3;1;3;104;6, RUE DE LA CITE;M;4885360;234707;750
2,016E+11;16;7;25;1820;1;2;2;1;3;104;42, RUE SAINT ANTOINE;M;4885390;236478;750