Num_Acc;an;mois;jour;hrmn;lum;agg;int;atm;col;com;adr;gps;lat;long;dep
2,016E+11;16;12;6;420;5;2;7;1;3;105;01, PLACE PAUL PAINLEVE;M;4885030;234381;750
2,016E+11;16;12;7;2130;5;2;3;1;6;105;34, BOULEVARD SAINT MARC;M;4883890;235857;750
2,016E+11;16;12;10;2325;5;2;2;1;3;105;42, RUE SAINT JACQUES;M;4884960;234483;750
2,016E+11;16;12;13;2300;5;2;7;1;6;105;2, RUE DE BAZEILLES;M;4883840;235068;750
2,016E+11;16;12;19;2045;5;2;5;1;6;105;92, BOULEVARD SAINT MARC;M;4883680;235183;750
2,016E+11;16;12;21;1800;5;2;2;2;6;105;BOULEVARD SAINT GERMAIN;M;4885140;234314;750
2,016E+11;16;12;24;1030;1;2;3;1;2;105;95, RUE MONGE;M;4884170;235195;750
2,016E+11;16;12;26;1910;5;2;3;8;3;105;98, BOULEVARD SAINT GERM;M;4885140;234314;750
2,016E+11;16;12;27;830;1;2;7;1;2;105;1, BOULEVARD DE L HOPITA;M;4884370;236457;750
2,016E+11;16;12;30;737;5;2;2;5;2;105;1, QUAI DE LA TOURNELLE;M;4884940;235682;750
2,016E+11;16;12;30;1305;1;2;5;1;6;105;21, RUE DES CARMES;M;4884810;234707;750
2,016E+11;16;12;31;1805;5;2;5;8;6;105;01, RUE MONGE;M;4884980;234896;750
2,016E+11;16;1;5;800;2;2;7;2;6;105;60, RUE DES ECOLES;M;4884980;234423;750
2,016E+11;16;1;5;1820;5;2;3;1;6;106;42, RUE DU CHERCHE MIDI;M;4884970;232660;750
2,016E+11;16;1;6;720;2;2;1;1;6;106;RUE AUGUSTE COMTE;M;4884410;233815;750
2,016E+11;16;1;7;1228;1;2;2;2;3;106;67, RUE DE RENNES;M;4885160;233107;750
2,016E+11;16;1;7;1630;1;2;3;8;6;106;175, BOULEVARD SAINT GER;M;4885450;233044;750
2,016E+11;16;1;8;1250;1;2;3;1;6;106;8, RUE JACOB;M;4885480;233608;750
2,016E+11;16;1;9;1335;1;2;2;1;6;106;20, RUE SAINT SULPICE;M;4885150;233704;750
2,016E+11;16;1;11;1320;1;2;2;1;3;106;BOULEVARD SAINT GERMAIN;M;4885170;234198;750
2,016E+11;16;1;15;2030;5;2;2;1;3;106;78, BOULEVARD RASPAIL;M;4884800;232774;750
2,016E+11;16;1;16;1515;1;2;2;1;2;106;RUE DE RENNES;M;4885240;233182;750
2,016E+11;16;1;18;1415;1;2;2;1;4;106;13, RUE DU VIEUX COLOMBI;M;4885160;233107;750
2,016E+11;16;1;19;1120;1;2;2;1;2;106;18, RUE SAINT SULPICE;M;4885150;233704;750
2,016E+11;16;1;20;1300;1;2;7;1;6;106;57, BOULEVARD DU MONTPAR;M;4884410;232310;750
2,016E+11;16;1;21;153;5;2;1;1;6;106;23, QUAI DE CONTI;M;4885760;233753;750
2,016E+11;16;1;22;1505;1;2;1;1;2;106;--, RUE DE L ANCIENNE CO;M;4885280;233869;750
2,016E+11;16;1;23;2150;5;2;5;1;6;106;29, BOULEVARD DU MONTPAR;M;4884510;232016;750
2,016E+11;16;1;25;1230;1;2;7;1;3;106;PLACE PAUL CLAUDEL;M;4884910;233900;750
2,016E+11;16;1;25;1750;5;2;4;1;6;106;74, RUE D ASSAS;M;4884490;233238;750
2,016E+11;16;1;29;1935;5;2;7;1;6;106;71, BOULEVARD DU MONTPAR;M;4884360;232458;750
2,016E+11;16;2;6;1445;1;2;1;1;6;106;139, RUE DE RENNES;M;4884620;232613;750
2,016E+11;16;2;8;1835;5;2;1;1;3;106;95, RUE DE RENNES;M;4884950;232921;750
2,016E+11;16;2;12;1840;5;2;5;1;6;106;48, BOULEVARD RASPAIL;M;4885140;232681;750
2,016E+11;16;2;13;935;1;2;7;2;6;106;02, RUE DE L ANCIENNE CO;M;4885360;233839;750
2,016E+11;16;2;15;1505;1;2;2;1;6;106;02, RUE SAINT PLACIDE;M;4885020;232409;750
2,016E+11;16;2;15;1600;1;2;7;1;3;106;71, RUE DE RENNES;M;4884360;232458;750
2,016E+11;16;2;16;1010;1;2;2;1;3;106;43, RUE DES SAINTS PERES;M;4885630;233165;750
2,016E+11;16;2;16;1600;1;2;3;1;2;106;18, BOULEVARD SAINT MICH;M;4885180;234336;750
2,016E+11;16;2;17;1350;1;2;3;1;3;106;7, RUE DU VIEUX COLOMBIE;M;4885140;233201;750
2,016E+11;16;3;1;1740;1;2;4;2;6;106;64, BOULEVARD SAINT MICH;M;4884770;234103;750
2,016E+11;16;3;1;1645;1;2;5;2;3;106;25, BOULEVARD DU MONTPAR;M;4884510;232016;750
2,016E+11;16;3;1;2359;5;2;5;2;3;106;RUE DE SEVRES;M;4885140;232681;750
2,016E+11;16;3;2;1240;1;2;3;1;6;106;79, RUE DE SEVRES;M;4884980;232324;750
2,016E+11;16;3;3;2200;5;2;7;1;3;106;71, BOULEVARD DU MONTPAR;M;4884360;232458;750
2,016E+11;16;3;4;1610;1;2;1;1;3;106;89, RUE DU CHERCHE MIDI;M;4884730;232221;750
2,016E+11;16;3;7;1355;1;2;7;1;2;106;PLACE EDMOND ROSTAND;M;4884740;234082;750
2,016E+11;16;3;10;1425;1;2;7;1;7;106;PLACE LE CORBUSIER;M;4885140;232681;750
2,016E+11;16;3;16;2230;5;2;1;1;2;106;96, BOULEVARD RASPAIL;M;4884610;232826;750
2,016E+11;16;3;17;745;1;2;2;1;6;106;RUE D ASSAS;M;4884430;233299;750
2,016E+11;16;3;18;2100;5;2;5;1;3;106;1, RUE DU CHERCHE MIDI;M;4885210;232976;750
2,016E+11;16;3;19;200;5;2;1;1;6;106;11, QUAI DE CONTI;M;4885680;233927;750
2,016E+11;16;3;19;1330;1;2;5;1;3;106;1, QUAI DE CONTI;M;4885610;234044;750
2,016E+11;16;3;28;1220;1;2;7;2;2;105;139, BOULEVARD SAINT MIC;M;4884170;233777;750
2,016E+11;16;3;29;1930;1;2;7;2;6;105;137, BOULEVARD SAINT MIC;M;4884170;233777;750
2,016E+11;16;3;31;1145;1;2;1;2;2;106;09, RUE DE MEDICIS;M;4884830;233951;750
2,016E+11;16;4;7;1850;1;2;2;1;3;106;36, RUE D ASSAS;M;4884780;232953;750
2,016E+11;16;4;8;1710;1;2;1;1;3;106;155 BIS, RUE DE RENNES;M;4884510;232509;750
2,016E+11;16;4;10;2340;5;2;7;1;3;106;QUAI DE CONTI;M;4885760;233765;750
2,016E+11;16;4;11;833;1;2;4;1;3;106;61, BOULEVARD SAINT MICH;M;4884770;234103;750
2,016E+11;16;4;11;1325;1;2;3;2;2;106;39, RUE DE SEVRES;M;4885070;232525;750
2,016E+11;16;4;11;1755;1;2;5;8;7;106;111, RUE DE VAUGIRARD;M;4884510;232016;750
2,016E+11;16;4;12;1520;1;2;1;1;3;106;70, RUE D ASSAS;M;4884540;233187;750
2,016E+11;16;4;12;2340;5;2;2;1;3;106;84, BOULEVARD RASPAIL;M;4884730;232791;750
2,016E+11;16;4;14;815;1;2;3;1;6;106;RUE DE L EPERON;M;4885290;234068;750
2,016E+11;16;4;15;1730;1;2;2;1;6;106;74, RUE D ASSAS;M;4884490;233238;750
2,016E+11;16;4;18;2045;2;2;2;1;6;106;84, RUE DE VAUGIRARD;M;4884730;232791;750
2,016E+11;16;4;19;1015;1;2;7;1;2;106;15, RUE DE MEDICIS;M;4884770;234004;750
2,016E+11;16;4;19;1513;1;2;2;1;3;106;106, BOULEVARD SAINT GER;M;4885170;234198;750
2,016E+11;16;4;22;1023;1;2;2;1;3;106;120, BOULEVARD SAINT GER;M;4885210;234008;750
2,016E+11;16;4;27;805;1;2;1;1;6;106;5, RUE BONAPARTE;M;4885710;233505;750
2,016E+11;16;4;28;1425;1;2;5;1;6;106;63, RUE DE VAUGIRARD;M;4884700;232692;750
2,016E+11;16;5;1;420;5;2;2;1;3;106;BOULEVARD SAINT GERMA;M;4885290;233697;750
2,016E+11;16;5;7;1620;1;2;7;1;7;106;RUE DE MEDICIS;M;4884770;234004;750
2,016E+11;16;5;9;725;1;2;1;1;2;106;122, RUE DE VAUGIRARD;M;4884540;232105;750
2,016E+11;16;5;10;700;2;2;3;8;3;106;7, QUAI MALAQUAIS;M;4885770;233536;750
2,016E+11;16;5;10;910;1;2;4;8;6;106;57, RUE DE SEINE;M;4885450;233685;750
2,016E+11;16;5;10;2230;5;2;1;2;6;106;84, RUE DE RENNES;M;4885050;233009;750
2,016E+11;16;5;13;1305;1;2;5;1;3;106;125, RUE DE RENNES;M;4884700;232692;750
2,016E+11;16;5;20;905;1;2;5;8;6;106;35 BIS, RUE DE FLEURUS;M;4884670;232829;750
2,016E+11;16;5;20;1915;1;2;1;1;6;106;2, PLACE MICHEL DEBRE;M;4885220;232985;750
2,016E+11;16;5;21;945;1;2;7;1;3;106;147, BOULEVARD SAINT GER;M;4885350;233334;750
2,016E+11;16;5;21;1630;1;2;1;1;6;106;34, RUE GUYNEMER;M;4884590;233236;750
2,016E+11;16;5;23;1705;1;2;2;8;6;106;103, RUE DE RENNES;M;4884900;232871;750
2,016E+11;16;5;26;824;1;2;5;1;3;106;1, QUAI MALAQUAIS;M;4885770;233536;750
2,016E+11;16;6;2;905;1;2;2;1;3;106;1, QUAI DE CONTI;M;4885610;234044;750
2,016E+11;16;6;4;1600;1;2;2;1;3;106;89, BOULEVARD DU MONTPAR;M;4884310;232635;750
2,016E+11;16;6;12;1725;1;2;2;1;6;106;BOULEVARD SAINT GERMAIN;M;4885140;234314;750
2,016E+11;16;6;16;835;1;2;4;1;3;106;PLACE ALPHONSE DEVILLE;M;4885070;232714;750
2,016E+11;16;6;24;2230;5;2;2;1;3;106;, BOULEVARD SAINT GERMAI;M;4885380;233323;750
2,016E+11;16;6;25;1930;1;2;5;1;3;106;55, RUE DE RENNES;M;4885240;233182;750
2,016E+11;16;6;26;1720;1;2;3;1;6;106;117, RUE DU CHERCHE MIDI;M;4884590;231971;750
2,016E+11;16;6;27;1440;1;2;4;8;3;106;75, RUE DE RENNES;M;4885110;233067;750
2,016E+11;16;6;28;850;1;2;2;1;6;106;175, BOULEVARD SAINT GER;M;4885450;233044;750
2,016E+11;16;6;30;820;1;2;1;1;3;106;RUE DANTON;M;4885280;234255;750
2,016E+11;16;6;30;1105;1;2;5;1;3;106;4, RUE MICHELET;M;4884250;233744;750
2,016E+11;16;7;3;2324;5;2;3;2;7;106;RUE DE VAUGIRARD;M;4884680;232609;750
2,016E+11;16;7;6;1115;1;2;1;1;2;106;2, PLACE SAINT MICHEL;M;4885360;234394;750
2,016E+11;16;7;6;1245;1;2;1;1;3;106;21, QUAI DE CONTI;M;4885740;233811;750
2,016E+11;16;7;11;1655;1;2;1;1;3;106;57, RUE BONAPARTE;M;4885210;233302;750
2,016E+11;16;7;13;1150;1;2;2;1;6;106;8, BOULEVARD SAINT MICHE;M;4885280;234379;750
2,016E+11;16;7;13;2115;2;2;5;1;3;106;84, BOULEVARD RASPAIL;M;4884730;232791;750
2,016E+11;16;7;17;250;5;2;1;1;3;106;BOULEVARD DU MONTPARNASS;M;4884450;232190;750
2,016E+11;16;7;19;1315;1;2;1;1;3;106;171, BOULEVARD SAINT GER;M;4885420;233095;750
2,016E+11;16;7;21;1445;1;2;7;1;2;106;117, BOULEVARD DU MONTPA;M;4884200;232960;750
2,016E+11;16;7;22;1740;1;2;3;1;6;106;664, BOULEVARD SAINT GER;M;4885320;233581;750
2,016E+11;16;7;25;1020;1;2;3;1;6;106;147, RUE DE RENNES;M;4884570;232556;750
2,016E+11;16;7;29;1600;1;2;2;1;6;106;24, BOULEVARD SAINT MICH;M;4885060;234277;750
2,016E+11;16;8;1;2210;5;2;2;1;6;106;140, BOULEVARD SAINT GER;M;4885270;233770;750
2,016E+11;16;8;8;1150;1;2;1;1;6;106;11, QUAI DE CONTI;M;4885680;233927;750
2,016E+11;16;8;16;1740;1;2;7;1;6;106;04, PLACE DE L ODEON;M;4884990;233844;750
2,016E+11;16;8;18;1255;1;2;5;1;7;106;29, BOULEVARD DU MONTPAR;M;4884510;232016;750
2,016E+11;16;8;22;1715;1;2;4;1;6;106;7, CARREFOUR ODEON;M;4885200;233862;750
2,016E+11;16;9;2;405;5;2;1;1;6;106;50, RUE DE VAUGIRARD;M;4884890;233379;750
2,016E+11;16;9;2;1835;1;2;2;1;6;106;29, RUE DE VAUGIRARD;M;4884820;233101;750
2,016E+11;16;9;5;950;1;2;2;2;3;106;1, RUE BREA;M;4884400;233062;750
2,016E+11;16;9;6;1843;2;2;7;1;6;106;01, RUE DU FOUR;M;4885310;233604;750
2,016E+11;16;9;9;1635;1;2;1;1;6;106;17, RUE AUGUSTE COMTE;M;4884440;233482;750
2,016E+11;16;9;14;1020;1;2;2;1;6;106;103, BOULEVARD SAINT MIC;M;4884390;233896;750
2,016E+11;16;9;14;930;1;2;2;1;6;106;BOULEVARD DU MONTPARNASS;M;4884310;232635;750
2,016E+11;16;9;14;1200;1;2;2;1;3;106;119, BOULEVARD RASPAIL;M;4884560;232862;750
2,016E+11;16;9;15;1425;1;2;5;8;6;106;48, RUE DES SAINTS PERES;M;4885450;233044;750
2,016E+11;16;9;16;1725;1;2;2;2;3;106;64, BOULEVARD SAINT MICH;M;4884390;233896;750
2,016E+11;16;9;21;840;1;2;1;1;3;106;144, RUE DE RENNES;M;4884510;232501;750
2,016E+11;16;9;23;1915;1;2;3;1;6;106;119, RUE DE SEVRES;M;4884790;231939;750
2,016E+11;16;9;24;1710;1;2;7;1;6;106;6, PLACE EDMOND ROSTAND;M;4884770;234004;750
2,016E+11;16;9;24;2010;5;2;3;1;2;106;45, RUE DE RENNES;M;4885320;233255;750
2,016E+11;16;9;30;1705;1;2;1;2;6;106;20, BOULEVARD SAINT MICH;M;4885170;234328;750
2,016E+11;16;10;1;1510;1;2;2;1;6;106;7, RUE DE FLEURUS;M;4884700;233153;750
2,016E+11;16;10;5;1340;1;2;1;1;3;106;12, RUE BONAPARTE;M;4885670;233475;750
2,016E+11;16;10;6;945;1;2;4;1;6;106;79, RUE DE RENNES;M;4885030;232987;750
2,016E+11;16;10;8;550;5;2;2;1;7;106;48, RUE MAZARINE;M;4885530;233774;750
2,016E+11;16;10;8;2045;2;2;3;1;7;106;66, RUE NOTRE DAME DES C;M;4884330;233133;750
2,016E+11;16;10;10;910;1;2;1;1;6;106;QUAI DE CONTI;M;4885680;233927;750
2,016E+11;16;10;13;1100;1;2;2;1;4;106;89, BOULEVARD DU MONTPAR;M;4884310;232635;750
2,016E+11;16;10;15;1050;1;2;3;1;3;105;17, BOULEVARD SAINT MICH;M;4885180;234336;750
2,016E+11;16;10;27;1240;1;2;3;1;6;106;17-19, BOULEVARD SAINT M;M;4885180;234336;750
2,016E+11;16;10;28;1935;5;2;2;1;3;106;82, RUE D ASSAS;M;4884430;233299;750
2,016E+11;16;10;29;1522;1;2;5;1;6;106;114, BOULEVARD DU MONTPA;M;4884200;232960;750
2,016E+11;16;10;31;930;1;2;1;1;3;106;18, RUE DE L ANCIENNE CO;M;4885280;233869;750
2,016E+11;16;11;3;1340;1;2;1;8;6;106;56, RUE DE VAUGIRARD;M;4884870;233298;750
2,016E+11;16;11;4;1035;1;2;2;2;7;106;67, RUE DE RENNES;M;4885160;233107;750
2,016E+11;16;11;4;2030;5;2;2;2;2;106;91, BOULEVARD DU MONTPAR;M;4884310;232635;750
2,016E+11;16;11;7;830;1;2;7;3;6;106;63, RUE DAUPHINE;M;4885360;233839;750
2,016E+11;16;11;7;1245;1;2;7;7;7;106;745, BOULEVARD SAINT GER;M;4885360;233313;750
2,016E+11;16;11;8;1915;5;2;2;1;3;106;120, BOULEVARD SAINT GER;M;4885210;234008;750
2,016E+11;16;11;9;1340;1;2;2;2;2;106;24, BOULEVARD SAINT MICH;M;4885060;234277;750
2,016E+11;16;11;10;1101;1;2;7;1;4;106;147, BOULEVARD SAINT GER;M;4885380;233323;750
2,016E+11;16;11;10;1605;1;2;1;2;6;106;BOULEVARD SAINT MICHEL;M;4884980;234231;750
2,016E+11;16;11;10;1830;5;2;2;3;3;106;BOULEVARD DU MONTPARNASS;M;4884150;233121;750
2,016E+11;16;11;16;1930;5;2;2;1;6;106;53, RUE DE SEVRES;M;4885020;232409;750
2,016E+11;16;11;17;2120;5;2;2;1;3;106;15, RUE DE L ECOLE DE ME;M;4885090;234129;750
2,016E+11;16;11;24;1405;1;2;7;1;6;106;63, BOULEVARD SAINT MICH;M;4884740;234082;750
2,016E+11;16;11;27;1445;1;2;3;1;3;106;18, BOULEVARD SAINT MICH;M;4885180;234336;750
2,016E+11;16;11;28;1710;5;2;3;1;3;106;54, RUE DE RENNES;M;4885320;233255;750
2,016E+11;16;12;2;745;1;2;2;1;3;106;77 BIS, BOULEVARD SAINT;M;4885140;234314;750
2,016E+11;16;12;6;2045;5;2;5;1;6;106;129, RUE DE RENNES;M;4884700;232692;750
2,016E+11;16;12;7;1650;2;2;3;1;3;106;53, RUE DE SEVRES;M;4885020;232409;750
2,016E+11;16;12;13;1702;5;2;3;1;3;106;15 BIS, RUE DE VAUGIRARD;M;4884920;233596;750
2,016E+11;16;12;16;1022;1;2;3;1;6;106;57, BOULEVARD DU MONTPAR;M;4884410;232310;750
2,016E+11;16;12;16;2100;5;2;4;1;7;106;27, QUAI DE CONTI;M;4885720;233859;750
2,016E+11;16;12;23;1115;1;2;5;1;6;106;115, RUE DE RENNES;M;4884810;232791;750
2,016E+11;16;12;28;1110;1;2;2;1;2;106;37, RUE D ASSAS;M;4884710;233016;750
2,016E+11;16;12;31;616;5;2;2;8;3;106;16, RUE SAINT SULPICE;M;4885150;233704;750
2,016E+11;16;12;31;1827;5;2;2;1;3;106;RUE DE RENNES;M;4885160;233107;750
2,016E+11;16;1;3;317;5;2;2;1;6;107;39, AVENUE DUQUESNE;M;4885150;231052;750
2,016E+11;16;1;7;1800;5;2;1;1;6;107;3, RUE JOSE MARIA DE HER;M;4884820;230714;750
2,016E+11;16;1;8;1945;5;2;1;1;6;107;14, AVENUE DUQUESNE;M;4885220;230926;750
2,016E+11;16;1;10;410;5;2;2;2;3;107;RUE DE SOLFERINO;M;4886030;232357;750
2,016E+11;16;1;14;935;1;2;3;3;2;107;27, QUAI VOLTAIRE;M;4885930;233019;750
2,016E+11;16;1;15;1705;2;2;2;1;3;107;14, RUE DE VARENNE;M;4885340;232616;750
2,016E+11;16;1;19;920;1;2;1;1;2;107;03, PLACE HENRY DE MONTH;M;4886050;232636;750
2,016E+11;16;1;19;1750;5;2;7;1;3;107;PLACE VAUBAN;M;4885380;231238;750
2,016E+11;16;1;19;1854;5;2;2;1;3;107;BOULEVARD RASPAIL;M;4885440;232588;750
2,016E+11;16;1;20;1540;1;2;3;1;6;107;7, RUE CASIMIR PERIER;M;4885870;231983;750
2,016E+11;16;1;21;1630;1;2;1;1;2;107;PONT D IENA;M;4885950;229256;750
2,016E+11;16;1;21;1850;5;2;1;1;6;107;197 BIS, BOULEVARD SAINT;M;4885530;232758;750
2,016E+11;16;1;22;2303;5;2;7;2;6;107;--, QUAI BRANLY;M;4886240;230151;750
2,016E+11;16;1;26;1500;1;2;2;1;7;107;BOULEVARD DE LA TOUR MAU;M;4886110;231027;750
2,016E+11;16;1;28;2250;5;2;3;1;3;107;QUAI D ORSAY;M;4886280;231163;750
2,016E+11;16;1;29;750;2;2;3;1;3;107;18, RUE DE L UNIVERSITE;M;4885680;233034;750
2,016E+11;16;2;2;1320;1;2;7;2;6;107;QUAI D ORSAY;M;4886240;230201;750
2,016E+11;16;2;3;1135;1;2;1;1;3;107;95, RUE DE SEVRES;M;4884870;232115;750
2,016E+11;16;2;3;1545;1;2;1;2;3;107;37, QUAI D ORSAY;M;4886280;231231;750
2,016E+11;16;2;3;1835;5;2;2;1;2;107;49, QUAI D ORSAY;M;4886240;230922;750
2,016E+11;16;2;6;1755;1;2;7;1;3;107;BOULEVARD SAINT GERMAIN;M;4885900;232263;750
2,016E+11;16;2;7;640;5;2;7;1;6;107;PLACE JACQUES RUEFF;M;4885640;229822;750
2,016E+11;16;2;9;1320;1;2;3;2;7;107;262, BOULEVARD SAINT GER;M;4885900;232263;750
2,016E+11;16;2;10;1305;1;2;1;1;3;107;PONT DE LA CONCORDE;M;4886300;231928;750
2,016E+11;16;2;14;1930;5;2;2;1;3;107;9, RUE DUROC;M;4884770;231333;750
2,016E+11;16;2;16;1440;1;2;2;1;2;107;107, AVENUE DE SUFFREN;M;4884940;230371;750
2,016E+11;16;2;19;1055;1;2;7;1;2;107;AVENUE DE BRETEUIL;M;4884760;231131;750
2,016E+11;16;2;20;2130;3;2;7;1;2;107;PLACE DES INVALIDES;M;4885860;231294;750
2,016E+11;16;2;21;312;5;2;2;1;6;107;RUE DE SOLFERINO;M;4885950;232298;750
2,016E+11;16;2;25;2000;5;2;2;1;3;107;239, BOULEVARD SAINT GER;M;4886120;232058;750
2,016E+11;16;2;26;105;5;2;1;1;6;107;59, QUAI BRANLY;M;4886070;229586;750
2,016E+11;16;2;26;1335;1;2;1;1;3;107;AVENUE JOSEPH BOUVARD;M;4885490;229591;750
2,016E+11;16;3;3;1030;1;2;1;1;2;107;68, AVENUE BOSQUET;M;4885480;230539;750
2,016E+11;16;3;4;35;5;2;1;1;4;107;23, QUAI ANATOLE FRANCE;M;4886180;232186;750
2,016E+11;16;3;5;1900;5;2;1;1;6;107;24, RUE DE SEVRES;M;4885040;232449;750
2,016E+11;16;3;6;855;1;2;1;1;6;107;QUAI D ORSAY;M;4886270;231096;750
2,016E+11;16;3;7;940;1;2;2;2;7;107;33, QUAI D ORSAY;M;4886270;231902;750
2,016E+11;16;3;7;1320;1;2;3;1;6;107;37, AVENUE DE SEGUR;M;4885080;230909;750
2,016E+11;16;3;8;1145;1;2;1;1;6;107;AVENUE DE TOURVILLE;M;4885390;230989;750
2,016E+11;16;3;8;1405;1;2;2;1;6;107;278, BOULEVARD SAINT GER;M;4886120;232058;750
2,016E+11;16;3;9;930;1;2;3;3;6;107;38, RUE DE SEVRES;M;4884980;232324;750
2,016E+11;16;3;9;1215;1;2;2;2;3;107;1, QUAI ANATOLE FRANCE;M;4885950;232936;750
2,016E+11;16;3;11;834;1;2;2;1;3;107;AVENUE DU MARECHAL GALLI;M;4886110;231318;750
2,016E+11;16;3;12;1225;1;2;1;1;3;107;218, BOULEVARD SAINT GER;M;4885520;232785;750
2,016E+11;16;3;16;1530;1;2;3;1;6;107;37, QUAI D ORSAY;M;4886290;231519;750
2,016E+11;16;3;17;915;1;2;5;1;3;107;33, QUAI D ORSAY;M;4886270;231902;750
2,016E+11;16;3;20;1205;1;2;1;1;2;107;27, QUAI ANATOLE FRANCE;M;4886200;232117;750
2,016E+11;16;3;21;850;1;2;2;1;2;107;AVENUE DE TOURVILLE;M;4885400;230953;750
2,016E+11;16;3;23;1220;1;2;3;1;6;107;59, BOULEVARD DES INVALI;M;4884790;231593;750
2,016E+11;16;3;24;935;1;2;5;8;2;107;QUAI D ORSAY;M;4886290;231342;750
2,016E+11;16;3;25;340;5;2;2;2;3;107;37, BOULEVARD DES INVALI;M;4885080;231433;750
2,016E+11;16;3;25;950;1;2;7;2;7;107;PLACE VAUBAN;M;4885380;231238;750
2,016E+11;16;3;29;955;1;2;7;8;3;107;27, RUE D ESTREES;M;4885110;230703;750
2,016E+11;16;3;31;1730;1;2;2;2;6;107;AVENUE DE SEGUR;M;4885140;230965;750
2,016E+11;16;4;2;15;5;2;5;1;3;107;/, QUAI D ORSAY;M;4886250;231038;750
2,016E+11;16;4;6;1825;1;2;1;3;6;107;PONT DE LA CONCORDE;M;4886320;231946;750
2,016E+11;16;4;7;1210;1;2;1;1;3;107;FACE 83, RUE DE SEVRES;M;4884970;232295;750
2,016E+11;16;4;8;148;5;2;7;1;6;107;BOULEVARD SAINT GERMAIN;M;4885900;232263;750
2,016E+11;16;4;14;1550;1;2;5;1;3;107;PONT DE LA CONCORDE;M;4886270;231902;750
2,016E+11;16;4;14;1720;1;2;2;2;6;107;22, RUE OUDINOT;M;4884940;231510;750
2,016E+11;16;4;17;600;2;2;7;1;3;107;PLACE DE LA RESISTANCE;M;4886240;230201;750
2,016E+11;16;4;19;1600;1;2;1;1;7;107;1, PORT DE LA BOURDONNAI;M;4885960;229298;750
2,016E+11;16;4;25;1555;1;2;5;1;6;107;BOULEVARD DES INVALIDES;M;4885800;231519;750
2,016E+11;16;4;26;1830;1;2;2;1;7;107;41, QUAI D ORSAY;M;4886240;231036;750
2,016E+11;16;4;28;1742;1;2;2;8;3;107;17, AVENUE DE LA BOURDON;M;4885930;229758;750
2,016E+11;16;5;1;1235;1;2;2;1;6;107;AVENUE JOSEPH BOUVARD;M;4885540;229662;750
2,016E+11;16;5;2;800;1;2;3;1;6;107;9, RUE OUDINOT;M;4885040;231853;750
2,016E+11;16;5;2;1015;1;2;3;1;6;107;QUAI D ORSAY;M;4886290;231519;750
2,016E+11;16;5;2;1705;1;2;3;1;3;107;QUAI ANATOLE FRANCE;M;4886110;232417;750
2,016E+11;16;5;3;900;1;2;7;1;6;107;BOULEVARD RASPAIL;M;4885590;232555;750
2,016E+11;16;5;3;1023;1;2;5;1;3;107;59, QUAI BRANLY;M;4886060;229553;750
2,016E+11;16;5;3;1850;1;2;7;1;6;107;59, QUAI BRANLY;M;4886060;229553;750
2,016E+11;16;5;10;810;1;2;7;8;7;107;ROND POINT DU BLEUET DE;M;4885860;231294;750
2,016E+11;16;5;14;10;5;2;7;1;6;107;PLACE JACQUES RUEFF;M;4885590;229733;750
2,016E+11;16;5;16;425;5;2;1;1;6;107;213, BOULEVARD SAINT GER;M;4885670;232492;750
2,016E+11;16;5;17;1010;1;2;1;1;2;107;67, QUAI BRANLY;M;4885950;229415;750
2,016E+11;16;5;17;1740;1;2;1;1;3;107;37, QUAI D ORSAY;M;4886280;231230;750
2,016E+11;16;5;18;1845;1;2;1;2;6;107;14, AVENUE DE LA MOTTE P;M;4885650;230884;750
2,016E+11;16;5;19;915;1;2;2;2;6;107;38, RUE DE SEVRES;M;4885020;232409;750
2,016E+11;16;5;22;1715;1;2;7;2;7;107;AVENUE DE TOURVILLE;M;4885370;231337;750
2,016E+11;16;5;23;935;1;2;1;3;6;107;93, RUE DE L UNIVERSITE;M;4886090;231678;750
2,016E+11;16;5;23;2330;5;2;2;1;6;107;AVENUE CHARLES FLOQUET;M;4885670;229355;750
2,016E+11;16;5;26;910;1;2;2;1;3;107;35, QUAI VOLTAIRE;M;4885950;232936;750
2,016E+11;16;5;26;1520;1;2;2;1;2;107;34, BOULEVARD DES INVALI;M;4885180;231451;750
2,016E+11;16;5;26;2005;1;2;1;1;3;107;4, AVENUE DE VILLARS;M;4885270;231330;750
2,016E+11;16;5;26;2220;5;2;3;1;3;107;QUAI BRANLY;M;4885900;229328;750
2,016E+11;16;5;30;1045;1;2;1;3;6;107;1, AVENUE DU MARECHAL GA;M;4886240;231336;750