Num_Acc;an;mois;jour;hrmn;lum;agg;int;atm;col;com;adr;gps;lat;long;dep
2,016E+11;16;5;31;938;1;2;2;3;7;107;BOULEVARD DES INVALIDES;M;4884940;231510;750
2,016E+11;16;6;2;1805;1;2;1;8;6;107;0, AVENUE ANATOLE FRANCE;M;4885390;230179;750
2,016E+11;16;6;2;2110;2;2;5;8;3;115;105, QUAI BRANLY;M;4885460;228867;750
2,016E+11;16;6;3;50;5;2;3;2;3;107;34, AVENUE DE LA MOTTE P;M;4885540;230711;750
2,016E+11;16;6;3;1600;1;2;1;8;3;107;75, QUAI D ORSAY;M;4886230;230476;750
2,016E+11;16;6;4;1235;1;2;5;1;3;107;QUAI D ORSAY;M;4886270;231902;750
2,016E+11;16;6;8;904;1;2;2;1;3;107;58, BOULEVARD DE LA TOUR;M;4885810;231000;750
2,016E+11;16;6;9;1515;1;2;1;1;3;107;PLACE HENRY DE MONTHERLA;M;4886060;232599;750
2,016E+11;16;6;10;1555;1;2;3;1;6;107;114, RUE SAINT DOMINIQUE;M;4885830;230201;750
2,016E+11;16;6;11;1743;1;2;4;1;1;107;PLACE HENRY DE MONTHERLA;M;4885990;232816;750
2,016E+11;16;6;13;1430;1;2;1;1;6;107;AVENUE BOSQUET;M;4885930;230325;750
2,016E+11;16;6;16;1915;1;2;1;8;2;107;24, BOULEVARD DES INVALI;M;4885250;231457;750
2,016E+11;16;6;16;2235;5;2;1;1;7;107;73, QUAI D ORSAY;M;4886230;230505;750
2,016E+11;16;6;18;1159;1;2;3;1;3;107;QUAI VOLTAIRE;M;4885930;233019;750
2,016E+11;16;6;19;1830;1;2;7;1;3;107;PLACE VAUBAN;M;4885330;231298;750
2,016E+11;16;6;21;1910;1;2;3;1;3;107;113, RUE SAINT DOMINIQUE;M;4885940;231954;750
2,016E+11;16;6;21;2308;5;2;2;1;6;115;, QUAI BRANLY;M;4885460;228867;750
2,016E+11;16;6;26;825;1;2;2;1;6;107;227, BOULEVARD SAINT GER;M;4885850;232311;750
2,016E+11;16;6;29;1025;1;2;2;1;3;107;7, QUAI VOLTAIRE;M;4885850;233243;750
2,016E+11;16;6;29;1830;1;2;7;1;2;115;2, RUE VALENTIN HAUY;M;4884720;231109;750
2,016E+11;16;7;4;1910;1;2;7;1;2;107;39, QUAI D ORSAY;M;4886280;231163;750
2,016E+11;16;7;6;1800;1;2;3;1;2;107;59, BOULEVARD DES INVALI;M;4884830;231576;750
2,016E+11;16;7;11;22;5;2;2;1;6;107;26, AVENUE DE LA BOURDON;M;4885870;229854;750
2,016E+11;16;7;11;1100;1;2;1;1;3;107;16, BOULEVARD DE LA TOUR;M;4886140;231029;750
2,016E+11;16;7;12;2050;1;2;1;1;6;107;11, RUE SAINT DOMINIQUE;M;4885830;232243;750
2,016E+11;16;7;15;2100;1;2;4;1;6;107;QUAI BRANLY;M;4885800;229154;750
2,016E+11;16;7;16;230;5;2;2;1;6;107;AVENUE DUQUESNE;M;4885070;231162;750
2,016E+11;16;7;16;1305;1;2;3;1;3;107;59, BOULEVARD DES INVALI;M;4884830;231576;750
2,016E+11;16;7;18;1100;1;2;5;1;2;107;QUAI BRANLY;M;4886060;229553;750
2,016E+11;16;7;19;2100;1;2;2;1;6;107;AVENUE DU MARECHAL GALLI;M;4886110;231318;750
2,016E+11;16;7;23;1605;1;2;2;1;3;107;BOULEVARD DES INVALIDES;M;4884940;231510;750
2,016E+11;16;7;25;1315;1;2;3;1;6;107;61, BOULEVARD DES INVALI;M;4884790;231593;750
2,016E+11;16;7;28;1500;1;2;1;1;6;107;193, BOULEVARD SAINT GER;M;4885510;232810;750
2,016E+11;16;7;29;955;1;2;1;1;3;107;45, RUE SAINT DOMINIQUE;M;4885990;231718;750
2,016E+11;16;8;1;2034;2;2;3;1;7;107;QUAI D ORSAY;M;4886290;231519;750
2,016E+11;16;8;1;2035;3;2;1;1;2;107;22, AVENUE RAPP;M;4885920;230061;750
2,016E+11;16;8;4;2150;5;2;3;1;2;107;QUAI D ORSAY;M;4886240;230962;750
2,016E+11;16;8;16;2330;5;2;2;1;2;107;AVENUE DU MARECHAL GALLI;M;4886110;231318;750
2,016E+11;16;8;24;1200;1;2;1;1;3;107;47, RUE DE LILLE;M;4885910;232769;750
2,016E+11;16;8;25;30;5;2;2;1;3;107;AVENUE DU MARECHAL GALLI;M;4886110;231318;750
2,016E+11;16;8;25;900;1;2;5;1;3;107;QUAI D ORSAY;M;4886270;231902;750
2,016E+11;16;8;29;2332;5;2;2;1;3;107;QUAI D ORSAY;M;4886290;231342;750
2,016E+11;16;8;30;1110;1;2;1;1;3;107;34, RUE VANEAU;M;4885230;231905;750
2,016E+11;16;9;1;1120;1;2;3;1;6;107;24, RUE DE SEVRES;M;4885070;232525;750
2,016E+11;16;9;2;1928;2;2;3;1;3;107;RUE FABERT;M;4886280;231163;750
2,016E+11;16;9;3;425;5;2;7;1;6;107;PLACE DU GENERAL GOURAUD;M;4885770;230001;750
2,016E+11;16;9;5;950;1;2;1;2;2;107;16, RUE DE BABYLONE;M;4885170;232428;750
2,016E+11;16;9;5;1930;1;2;2;2;7;107;QUAI BRANLY;M;4885750;229103;750
2,016E+11;16;9;8;915;1;2;1;1;1;107;80, RUE DE SEVRES;M;4884730;231794;750
2,016E+11;16;9;14;1707;1;2;1;1;2;107;85, QUAI D ORSAY;M;4886220;230316;750
2,016E+11;16;9;18;1925;2;2;2;3;3;107;33, QUAI D ORSAY;M;4886270;231902;750
2,016E+11;16;9;19;1000;1;2;1;8;3;107;PONT D IENA;M;4885970;229224;750
2,016E+11;16;9;19;1400;1;2;2;2;6;107;PONT DES INVALIDES;M;4886250;231038;750
2,016E+11;16;9;24;1550;1;2;3;1;6;107;BOULEVARD DES INVALIDES;M;4884830;231576;750
2,016E+11;16;9;29;900;1;2;3;1;6;107;99, AVENUE DE LA BOURDON;M;4885540;230370;750
2,016E+11;16;9;29;1200;1;2;1;1;3;107;14, AVENUE DUQUESNE;M;4885220;230926;750
2,016E+11;16;10;4;1112;1;2;2;1;2;107;1, AVENUE DE LA MOTTE PI;M;4885720;230990;750
2,016E+11;16;10;4;1312;1;2;3;1;3;107;BOULEVARD DES INVALIDES;M;4885620;231501;750
2,016E+11;16;10;6;740;1;2;4;1;2;107;/, RUE DE SEVRES;M;4884840;232053;750
2,016E+11;16;10;6;1521;1;2;1;1;3;107;20, AVENUE DE SEGUR;M;4885060;230885;750
2,016E+11;16;10;9;2345;5;2;2;1;3;115;/, RUE DE LA CROIX NIVER;M;4884000;229031;750
2,016E+11;16;10;10;1633;1;2;3;2;7;107;BOULEVARD DES INVALIDES;M;4885620;231501;750
2,016E+11;16;10;10;1850;2;2;3;8;4;107;BOULEVARD DES INVALIDES;M;4884830;231576;750
2,016E+11;16;10;11;1105;1;2;1;1;1;107;250, BOULEVARD SAINT GER;M;4885750;232403;750
2,016E+11;16;10;11;1145;1;2;2;1;6;107;58, AVENUE DE LA BOURDON;M;4885620;230246;750
2,016E+11;16;10;12;845;1;2;7;1;7;115;3, PLACE DU GENERAL BEUR;M;4884210;230307;750
2,016E+11;16;10;13;1235;1;2;2;1;3;107;91, AVENUE DE LA BOURDON;M;4885580;230301;750
2,016E+11;16;10;14;1515;1;2;7;2;3;107;PLACE VAUBAN;M;4885330;231298;750
2,016E+11;16;10;16;930;1;2;3;1;6;107;101, AVENUE DE LA BOURDO;M;4885540;230370;750
2,016E+11;16;10;24;1625;1;2;2;2;4;107;BOULEVARD DE LA TOUR MAU;M;4886110;231027;750
2,016E+11;16;10;25;1900;5;2;1;1;6;107;142 BIS, RUE DE GRENELLE;M;4885790;231572;750
2,016E+11;16;10;27;1145;1;2;2;1;3;107;2, AVENUE OCTAVE GREARD;M;4885620;229295;750
2,016E+11;16;10;27;2025;5;2;1;1;2;107;QUAI VOLTAIRE;M;4885930;233001;750
2,016E+11;16;11;4;1620;1;2;3;2;6;107;2, RUE OUDINOT;M;4885050;231956;750
2,016E+11;16;11;10;42;5;2;3;2;3;107;37, QUAI D ORSAY;M;4886290;231519;750
2,016E+11;16;11;10;1205;1;2;2;2;2;107;288, BOULEVARD SAINT GER;M;4886220;231964;750
2,016E+11;16;11;12;625;5;2;2;1;6;107;15, AVENUE DE SUFFREN;M;4885620;229295;750
2,016E+11;16;11;12;1030;1;2;3;1;3;107;11 BIS, BOULEVARD RASPAI;M;4885480;232598;750
2,016E+11;16;11;12;500;5;2;1;1;6;107;93, QUAI D ORSAY;M;4886220;230238;750
2,016E+11;16;11;13;505;5;2;1;2;6;107;17, AVENUE DE VILLARS;M;4885270;231330;750
2,016E+11;16;11;14;1816;5;2;2;2;6;107;RUE PIERRE VILLEY;M;4885920;230510;750
2,016E+11;16;11;21;2045;5;2;2;1;6;107;288, BOULEVARD SAINT GER;M;4886220;231964;750
2,016E+11;16;11;22;1820;5;2;4;1;3;107;11 BIS, BOULEVARD RASPAI;M;4885480;232598;750
2,016E+11;16;11;23;1005;1;2;3;2;2;107;96, RUE DE SEVRES;M;4884610;231423;750
2,016E+11;16;11;27;1325;1;2;2;1;3;107;85, AVENUE DE LA BOURDON;M;4885620;230246;750
2,016E+11;16;11;30;910;1;2;1;1;6;107;241, BOULEVARD SAINT GER;M;4886170;232011;750
2,016E+11;16;11;30;1917;5;2;2;1;3;107;AVENUE DE LA MOTTE PICQU;M;4885720;230990;750
2,016E+11;16;11;30;1908;5;2;5;1;6;107;PONT D IENA;M;4885900;229328;750
2,016E+11;16;12;1;1315;1;2;1;1;3;107;55, RUE SAINT DOMINIQUE;M;4885990;231574;750
2,016E+11;16;12;1;1645;2;2;1;1;7;107;QUAI D ORSAY;M;4886250;230601;750
2,016E+11;16;12;2;1520;1;2;1;1;4;107;PONT DE LA CONCORDE;M;4886320;231946;750
2,016E+11;16;12;5;1215;1;2;2;1;2;107;231, BOULEVARD SAINT GER;M;4886000;232170;750
2,016E+11;16;12;5;2320;5;2;2;1;6;107;BOULEVARD DE LA TOUR MAU;M;4885990;231015;750
2,016E+11;16;12;13;905;1;2;1;2;2;107;7, RUE DE SOLFERINO;M;4885970;232311;750
2,016E+11;16;12;16;915;1;2;2;1;6;107;58BIS, BOULEVARD DE LA T;M;4885810;231000;750
2,016E+11;16;12;19;1128;1;2;7;1;3;107;PLACE DE LA RESISTANCE;M;4886190;230199;750
2,016E+11;16;12;23;100;5;2;5;1;6;115;QUAI BRANLY;M;4885750;229103;750
2,016E+11;16;12;27;2035;5;2;1;1;6;107;38, BOULEVARD DES INVALI;M;4885010;231471;750
2,016E+11;16;12;29;1215;1;2;1;1;2;107;11, RUE VANEAU;M;4885400;231955;750
2,016E+11;16;12;30;2225;5;2;2;1;6;107;BOULEVARD DES INVALIDES;M;4884940;231510;750
2,016E+11;16;1;2;2000;5;2;4;2;5;108;28, AVENUE DE FRIEDLAND;M;4887420;229955;750
2,016E+11;16;1;4;845;1;2;3;1;6;108;22, AVENUE MONTAIGNE;M;4886640;230511;750
2,016E+11;16;1;5;1210;1;2;7;2;6;108;4, PLACE DE LA CONCORDE;M;4886660;232190;750
2,016E+11;16;1;5;1915;5;2;3;1;6;108;AVENUE DES CHAMPS ELYSEE;M;4886830;231235;750
2,016E+11;16;1;6;1845;5;2;4;1;2;108;VOIE GEORGES POMPIDOU;M;4886490;231637;750
2,016E+11;16;1;8;1430;1;2;5;1;2;108;1, RUE DE LA PEPINIERE;M;4887530;232421;750
2,016E+11;16;1;8;1800;5;2;2;1;6;108;86, BOULEVARD HAUSSMANN;M;4887410;232456;750
2,016E+11;16;1;8;1830;5;2;2;1;3;108;54, AVENUE HOCHE;M;4887520;229841;750
2,016E+11;16;1;9;1720;5;2;7;1;3;108;PLACE CHARLES DE GAULLE;M;4887410;229573;750
2,016E+11;16;1;11;1755;2;2;2;8;6;108;90, RUE DE MIROMESNIL;M;4887910;231547;750
2,016E+11;16;1;13;1730;4;2;2;1;7;108;RUE DE LISBONNE;M;4887790;231814;750
2,016E+11;16;1;13;1830;5;2;3;1;6;108;RUE FRANCOIS 1ER;M;4886800;230472;750
2,016E+11;16;1;14;1620;1;2;2;1;3;108;RUE FRANCOIS 1ER;M;4886700;230631;750
2,016E+11;16;1;15;1740;3;2;1;1;7;108;47, RUE D AMSTERDAM;M;4887980;232701;750
2,016E+11;16;1;14;1205;1;2;2;1;3;108;PLACE DE LA CONCORDE;M;4886590;231989;750
2,016E+11;16;1;17;2220;5;2;3;1;2;108;96, RUE LA BOETIE;M;4887220;230905;750
2,016E+11;16;1;18;2335;5;2;1;1;3;108;44, AVENUE DES CHAMPS EL;M;4886990;230733;750
2,016E+11;16;1;19;1240;1;2;1;1;7;108;24, RUE CAMBACERES;M;4887360;231777;750
2,016E+11;16;1;20;1100;1;2;2;1;6;108;82, RUE DE MIROMESNIL;M;4887770;231559;750
2,016E+11;16;1;20;1430;1;2;4;1;7;108;20, AVENUE GEORGE V;M;4886670;230130;750
2,016E+11;16;1;21;840;1;2;2;1;6;108;15, RUE DE CONSTANTINOPL;M;4887990;232070;750
2,016E+11;16;1;22;1425;1;2;3;3;3;108;12, AVENUE MARCEAU;M;4886610;229963;750
2,016E+11;16;1;25;1230;1;2;5;7;6;108;53, RUE DE MIROMESNIL;M;4887530;231577;750
2,016E+11;16;1;26;1250;1;2;2;1;6;108;136, AVENUE DES CHAMPS E;M;4887240;229949;750
2,016E+11;16;1;26;1430;1;2;1;1;3;108;4 TER, AVENUE HOCHE;M;4887740;230369;750
2,016E+11;16;1;26;1915;2;2;2;1;6;108;AVENUE PERCIER;M;4887370;231445;750
2,016E+11;16;1;27;805;1;2;2;2;6;108;AVENUE GEORGE V;M;4887180;230102;750
2,016E+11;16;1;27;1930;5;2;2;1;6;108;72, RUE PIERRE CHARRON;M;4887050;230531;750
2,016E+11;16;1;27;1745;5;2;1;1;7;108;COURS LA REINE;M;4886500;231823;750
2,016E+11;16;1;28;1510;1;2;5;1;3;108;AVENUE DES CHAMPS ELYSEE;M;4886780;231384;750
2,016E+11;16;1;28;2150;5;2;2;1;3;108;RUE DE MIROMESNIL;M;4887770;231559;750
2,016E+11;16;1;29;2020;5;2;2;1;3;108;06, RUE DE PONTHIEU;M;4887020;231103;750
2,016E+11;16;1;30;420;5;2;7;2;3;108;PLACE DE LA CONCORDE;M;4886590;231989;750
2,016E+11;16;1;30;1110;1;2;5;2;6;108;32, AVENUE MARCEAU;M;4886750;229922;750
2,016E+11;16;2;1;626;5;2;5;1;3;108;115, BOULEVARD HAUSSMANN;M;4887530;231577;750
2,016E+11;16;2;2;1500;1;2;1;3;6;108;3, RUE PASQUIER;M;4887140;232306;750
2,016E+11;16;2;3;1210;1;2;1;1;3;108;RUE DE MARIGNAN;M;4886920;230646;750
2,016E+11;16;2;3;1745;1;2;5;8;3;108;45, RUE DE COURCELLES;M;4887640;230786;750
2,016E+11;16;2;9;1010;1;2;7;2;7;108;PLACE DE LA CONCORDE;M;4886600;232191;750
2,016E+11;16;2;10;2030;5;2;7;8;3;108;15, AVENUE DE FRIEDLAND;M;4887470;230362;750
2,016E+11;16;2;12;1130;1;2;7;2;3;108;PLACE DU CANADA;M;4886430;231033;750
2,016E+11;16;2;12;1800;2;2;1;2;3;108;PLACE DE LA MADELEINE;M;4886980;232510;750
2,016E+11;16;2;12;1830;5;2;1;2;2;108;VOIE GEORGES POMPIDOU;M;4886470;230885;750
2,016E+11;16;2;13;240;5;2;2;1;6;117;53, RUE GUY MOQUET;M;4889250;232472;750
2,016E+11;16;2;13;1520;1;2;2;2;6;108;66, RUE DES MATHURINS;M;4887350;232084;750
2,016E+11;16;2;15;845;1;2;4;1;7;108;11, AVENUE GEORGE V;M;4886610;230132;750
2,016E+11;16;2;16;710;1;2;7;1;3;116;PLACE CHARLES DE GAULLE;M;4887400;229417;750
2,016E+11;16;2;16;945;1;2;7;1;6;108;1, RUE TRONCHET;M;4887090;232505;750
2,016E+11;16;2;17;846;1;2;7;1;3;108;PLACE DE LA CONCORDE;M;4886500;232027;750
2,016E+11;16;2;18;1130;1;2;5;4;3;108;154, AVENUE DES CHAMPS E;M;4887310;229709;750
2,016E+11;16;2;18;1922;5;2;1;2;3;108;3, RUE TRONCHET;M;4887110;232522;750
2,016E+11;16;2;19;950;1;2;2;1;2;108;32, AVENUE GEORGE V;M;4886840;230112;750
2,016E+11;16;2;20;2040;5;2;5;1;7;108;177, RUE DU FAUBOURG SAI;M;4887490;230590;750
2,016E+11;16;2;22;1120;1;2;2;1;6;108;2, AVENUE MATIGNON;M;4886990;231195;750
2,016E+11;16;2;22;2210;5;2;3;2;3;108;11, AVENUE MONTAIGNE;M;4886530;230289;750
2,016E+11;16;2;23;840;1;2;2;2;6;108;32, RUE PASQUIER;M;4887340;232365;750
2,016E+11;16;2;24;1411;1;2;1;8;6;108;58, AVENUE MONTAIGNE;M;4886830;230883;750
2,016E+11;16;2;25;1125;1;2;1;1;7;108;77, AVENUE DES CHAMPS EL;M;4887120;230300;750
2,016E+11;16;2;25;2225;5;2;3;1;2;108;68, RUE DE ROME;M;4888050;232133;750
2,016E+11;16;2;26;1340;1;2;4;1;3;108;35, AVENUE DE FRIEDLAND;M;4887420;229955;750
2,016E+11;16;2;26;1430;1;2;2;1;3;108;48, BOULEVARD MALESHERBE;M;4887660;231757;750
2,016E+11;16;2;27;530;5;2;5;1;6;108;10, RUE SAINT PHILIPPE D;M;4887270;230804;750
2,016E+11;16;3;1;1525;1;2;1;2;2;108;AVENUE WINSTON CHURCHILL;M;4886660;231388;750
2,016E+11;16;3;1;2024;5;2;1;1;3;108;21, RUE DE LA PEPINIERE;M;4887510;232203;750
2,016E+11;16;3;2;150;5;2;2;2;3;108;RUE DE PONTHIEU;M;4887140;230728;750
2,016E+11;16;3;2;1030;1;2;5;1;6;108;31, RUE D ANJOU;M;4887190;232193;750
2,016E+11;16;3;2;1550;1;2;2;1;3;108;37, RUE DE BERRI;M;4887370;230647;750
2,016E+11;16;3;2;1930;5;2;7;2;2;108;2, AVENUE DE WAGRAM;M;4887510;229601;750
2,016E+11;16;3;2;2007;5;2;7;1;6;108;COURS ALBERT 1ER;M;4886490;231027;750
2,016E+11;16;3;3;230;5;2;2;2;6;108;41, RUE DE ROME;M;4887810;232257;750
2,016E+11;16;3;3;1550;1;2;2;1;6;108;AVENUE GEORGE V;M;4887100;230090;750
2,016E+11;16;3;4;40;5;2;1;2;3;108;140, AVENUE DES CHAMPS E;M;4887260;229881;750
2,016E+11;16;3;6;620;5;2;4;2;6;108;30, RUE DE SAINT PETERSB;M;4888230;232604;750
2,016E+11;16;3;6;1600;1;2;7;1;2;108;22, AVENUE DES CHAMPS EL;M;4886900;231008;750
2,016E+11;16;3;7;1700;1;2;2;1;6;108;48, RUE PIERRE CHARRON;M;4886920;230277;750
2,016E+11;16;3;7;1820;5;2;7;2;3;108;PLACE DE LA CONCORDE;M;4886470;232055;750
2,016E+11;16;3;8;1950;5;2;7;1;3;108;PLACE DE LA CONCORDE;M;4886590;231989;750
2,016E+11;16;3;9;1018;1;2;2;2;6;108;AVENUE DE MARIGNY;M;4886900;231475;750
2,016E+11;16;3;9;1120;1;2;1;2;2;108;24, AVENUE DES CHAMPS EL;M;4886940;230874;750
2,016E+11;16;3;10;940;1;2;7;1;3;108;PLACE DE LA CONCORDE;M;4886700;232059;750
2,016E+11;16;3;10;2010;4;2;3;1;2;108;71, AVENUE DES CHAMPS EL;M;4887110;230350;750
2,016E+11;16;3;11;1520;1;2;1;1;6;108;25, BOULEVARD DE COURCEL;M;4888100;231413;750
2,016E+11;16;3;13;620;5;2;3;1;6;108;131, RUE DU FAUBOURG SAI;M;4887350;230913;750
2,016E+11;16;3;13;811;1;2;6;1;3;108;PLACE CHARLES DE GAULLE;M;4887350;229579;750
2,016E+11;16;3;13;1240;1;2;2;1;3;108;45, BOULEVARD DE COURCEL;M;4887960;230499;750
2,016E+11;16;3;16;1600;1;2;2;1;3;108;PLACE DU CANADA;M;4886460;231030;750
2,016E+11;16;3;17;1540;1;2;2;1;3;108;1, RUE DE LISBONNE;M;4887790;231814;750
2,016E+11;16;3;18;1630;1;2;5;1;6;108;16, RUE DE LA BIENFAISAN;M;4887670;231927;750
2,016E+11;16;3;19;1130;1;2;1;1;4;108;AVENUE DES CHAMPS ELYSEE;M;4886860;231135;750
2,016E+11;16;3;23;1030;1;2;7;1;3;108;11, PLACE SAINT AUGUSTIN;M;4887560;231881;750
2,016E+11;16;3;24;920;1;2;7;1;3;108;PLACE CLEMENCEAU;M;4886780;231384;750
2,016E+11;16;3;24;1404;1;2;2;1;3;108;101, AVENUE DES CHAMPS E;M;4887180;230102;750
2,016E+11;16;3;24;1510;1;2;7;1;3;108;AVENUE FRANKLIN D ROOSEV;M;4887260;231002;750
2,016E+11;16;3;25;915;1;2;7;2;3;108;/, AVENUE DE MARIGNY;M;4886780;231384;750
2,016E+11;16;3;25;910;1;2;7;6;3;108;1, PLACE DU GENERAL BROC;M;4887800;230522;750
2,016E+11;16;3;25;1150;1;2;4;1;3;108;7, BOULEVARD MALESHERBES;M;4887060;232286;750
2,016E+11;16;3;25;1758;1;2;1;1;2;108;COURS LA REINE;M;4886450;230732;750
2,016E+11;16;3;27;1853;1;2;3;1;3;108;105BIS, BOULEVARD MALESH;M;4887970;231397;750
2,016E+11;16;3;28;300;5;2;4;2;6;108;6, AVENUE DE FRIEDLAND;M;4887480;230470;750
2,016E+11;16;3;28;2300;5;2;7;2;2;108;ROND POINT CHAMPS ELYSEE;M;4886900;231008;750
2,016E+11;16;3;29;1740;1;2;2;2;6;108;30, AVENUE MONTAIGNE;M;4886700;230631;750
2,016E+11;16;3;30;1730;1;2;3;2;3;108;78, RUE DE ROME;M;4888090;232109;750
2,016E+11;16;4;1;630;1;2;7;1;5;108;ROND POINT CHAMPS ELYSEE;M;4886900;231008;750
2,016E+11;16;4;1;1420;1;2;7;1;2;108;22, AVENUE DES CHAMPS EL;M;4886900;231008;750
2,016E+11;16;4;3;1000;1;2;1;1;3;108;153, BOULEVARD HAUSSMANN;M;4887510;231058;750
2,016E+11;16;4;1;2130;5;2;7;1;3;108;COURS LA REINE;M;4886460;231030;750
2,016E+11;16;4;4;1250;1;2;1;1;1;108;109, BOULEVARD MALESHERB;M;4887990;231368;750
2,016E+11;16;4;4;2245;5;2;2;2;6;108;116, AVENUE DES CHAMPS E;M;4887180;230102;750
2,016E+11;16;4;5;1415;1;2;5;1;3;108;COURS ALBERT 1ER;M;4886420;230178;750
2,016E+11;16;4;5;1450;1;2;5;1;6;108;54, RUE DE ROME;M;4887950;232177;750
2,016E+11;16;4;6;1730;1;2;2;1;3;108;AVENUE DES CHAMPS ELYSEE;M;4886590;231989;750
2,016E+11;16;4;7;1210;1;2;7;1;6;108;17, RUE QUENTIN BAUCHART;M;4887010;230102;750
2,016E+11;16;4;7;1349;1;2;4;1;7;108;1, AVENUE DE FRIEDLAND;M;4887480;230470;750
2,016E+11;16;4;7;1615;1;2;3;2;6;108;78, RUE DE ROME;M;4888090;232109;750
2,016E+11;16;4;7;1815;1;2;7;1;6;108;PLACE DE DUBLIN;M;4888090;232472;750
2,016E+11;16;4;7;1920;1;2;7;1;6;108;2, RUE DE TURIN;M;4888090;232472;750
2,016E+11;16;4;8;1010;1;2;7;1;6;108;49, AVENUE DE FRIEDLAND;M;4887400;229728;750
2,016E+11;16;4;8;1737;1;2;7;1;3;108;AVENUE DES CHAMPS ELYSEE;M;4886900;231008;750
2,016E+11;16;4;7;1300;1;2;1;1;6;108;07, RUE TRONCHET;M;4887140;232542;750
2,016E+11;16;4;11;910;1;2;5;2;3;108;5, PLACE SAINT AUGUSTIN;M;4887470;232004;750
2,016E+11;16;4;11;900;1;2;1;2;3;108;22, AVENUE HOCHE;M;4887740;230369;750
2,016E+11;16;4;11;1020;1;2;2;2;6;108;62, BOULEVARD MALESHERBE;M;4887780;231618;750
2,016E+11;16;4;11;1640;1;2;1;2;7;108;19, RUE DE ROME;M;4887610;232365;750
2,016E+11;16;4;12;1925;1;2;2;1;6;108;170, BOULEVARD HAUSSMANN;M;4887500;230914;750
2,016E+11;16;4;13;1120;1;2;5;1;3;108;31, RUE TRONCHET;M;4887310;232672;750
2,016E+11;16;4;13;1345;1;2;7;1;3;108;PLACE DE LA CONCORDE;M;4886660;232190;750
2,016E+11;16;4;14;1245;1;2;1;1;2;108;AVENUE DE MARIGNY;M;4886840;231427;750
2,016E+11;16;4;14;2100;5;2;2;2;1;108;8, RUE ROYALE;M;4886840;232324;750
2,016E+11;16;4;16;1210;1;2;7;2;2;108;AVENUE DES CHAMPS ELYSEE;M;4886780;231384;750
2,016E+11;16;4;16;1950;1;2;7;1;3;108;4, PLACE DE LA CONCORDE;M;4886660;232190;750
2,016E+11;16;4;17;745;1;2;2;1;3;108;165, RUE DU FAUBOURG SAI;M;4887490;230541;750
2,016E+11;16;4;17;1309;1;2;4;1;6;108;20, AVENUE GEORGE V;M;4886670;230130;750
2,016E+11;16;4;19;1025;1;2;2;1;3;108;113, RUE DU FAUBOURG SAI;M;4887280;231068;750
2,016E+11;16;4;21;1915;1;2;3;1;2;108;17, RUE TRONCHET;M;4887210;232594;750
2,016E+11;16;4;23;220;5;2;2;2;3;108;RUE PIERRE CHARRON;M;4886840;230112;750
2,016E+11;16;4;23;320;5;2;2;3;7;108;114, AVENUE DES CHAMPS E;M;4887180;230102;750
2,016E+11;16;4;23;1815;1;2;4;1;3;108;AVENUE DE FRIEDLAND;M;4887420;229955;750
2,016E+11;16;4;28;1130;1;2;1;1;3;108;82, RUE DE ROME;M;4888120;232094;750
2,016E+11;16;4;28;1221;1;2;3;1;6;108;78, RUE DE ROME;M;4888090;232109;750
2,016E+11;16;4;28;1910;1;2;4;1;6;108;29, RUE TRONCHET;M;4887310;232672;750
2,016E+11;16;4;29;1520;1;2;2;1;2;108;91, AVENUE DES CHAMPS EL;M;4887140;230253;750
2,016E+11;16;4;30;250;5;2;2;1;6;108;AVENUE DES CHAMPS ELYSEE;M;4887010;230662;750
2,016E+11;16;4;30;940;1;2;2;2;6;108;51, BOULEVARD DES BATIGN;M;4888170;231881;750
2,016E+11;16;4;30;1330;1;2;2;2;6;108;51, RUE DE ROME;M;4887880;232221;750
2,016E+11;16;4;30;1555;1;2;3;2;2;108;73, AVENUE DES CHAMPS EL;M;4887110;230350;750
2,016E+11;16;5;1;1805;1;2;2;1;3;108;AVENUE DE MARIGNY;M;4886900;231475;750
2,016E+11;16;5;2;200;5;2;1;1;3;116;69, BOULEVARD SUCHET;M;4885140;226083;750
2,016E+11;16;5;2;950;1;2;1;1;2;108;156, AVENUE DES CHAMPS E;M;4887320;229676;750
2,016E+11;16;5;3;1140;1;2;1;1;4;108;156, AVENUE DES CHAMPS E;M;4887320;229676;750
2,016E+11;16;5;3;1205;1;2;7;1;6;108;PLACE DE LA CONCORDE;M;4886660;232190;750
2,016E+11;16;5;3;1500;1;2;1;1;3;108;46, RUE DE LABORDE;M;4887540;231652;750