Num_Acc;an;mois;jour;hrmn;lum;agg;int;atm;col;com;adr;gps;lat;long;dep
2,016E+11;16;5;4;1040;1;2;1;1;3;108;43, BOULEVARD MALESHERBE;M;4887410;232039;750
2,016E+11;16;5;4;2025;2;2;2;1;3;108;117, AVENUE DES CHAMPS E;M;4887240;229949;750
2,016E+11;16;5;5;120;5;2;3;1;7;108;12, AVENUE PERCIER;M;4887520;231436;750
2,016E+11;16;5;5;2040;1;2;7;1;7;117;6, PLACE DES TERNES;M;4887820;229874;750
2,016E+11;16;5;6;32;5;2;4;1;6;108;VOIE GEORGES POMPIDOU;M;4886490;231798;750
2,016E+11;16;5;7;1915;1;2;4;1;3;108;40, AVENUE GABRIEL;M;4886950;231337;750
2,016E+11;16;5;8;850;1;2;1;1;3;108;16, RUE DE LA VILLE L EV;M;4887150;232034;750
2,016E+11;16;5;8;2325;5;2;7;1;6;108;110, RUE SAINT LAZARE;M;4887530;232485;750
2,016E+11;16;5;9;1200;1;2;2;1;3;108;2, AVENUE DE FRIEDLAND;M;4887490;230541;750
2,016E+11;16;5;9;1425;1;2;3;8;6;108;19, RUE TRONCHET;M;4887210;232594;750
2,016E+11;16;5;10;300;5;2;7;2;3;108;PLACE DE LA CONCORDE;M;4886560;232069;750
2,016E+11;16;5;10;1240;1;2;1;1;2;108;65, AVENUE DES CHAMPS EL;M;4887080;230440;750
2,016E+11;16;5;10;2300;5;2;2;2;6;108;AVENUE DES CHAMPS ELYSEE;M;4887310;229709;750
2,016E+11;16;5;11;1220;1;2;7;1;6;108;1, PLACE GEORGES GUILLAU;M;4887490;230181;750
2,016E+11;16;5;11;1405;1;2;3;2;1;108;RUE MOLLIEN;M;4887700;231333;750
2,016E+11;16;5;15;1836;1;2;7;1;3;108;156, AVENUE DES CHAMPS E;M;4887310;229709;750
2,016E+11;16;5;17;1645;1;2;4;1;6;116;11, AVENUE MARCEAU;M;4886650;229951;750
2,016E+11;16;5;18;1620;1;2;2;2;3;108;44, AVENUE GEORGE V;M;4887100;230090;750
2,016E+11;16;5;19;35;5;2;7;2;6;108;PLACE DE LA MADELEINE;M;4886940;232476;750
2,016E+11;16;5;19;900;1;2;3;2;3;108;RUE DU GENERAL FOY;M;4887790;231814;750
2,016E+11;16;5;19;1800;1;2;7;1;3;108;PLACE DE LA CONCORDE;M;4886620;232121;750
2,016E+11;16;5;22;1730;1;2;7;2;6;108;639, RUE DU FAUBOURG SAI;M;4887770;229834;750
2,016E+11;16;5;23;840;1;2;2;3;6;108;18, RUE CHATEAUBRIAND;M;4887370;230053;750
2,016E+11;16;5;23;1430;1;2;2;2;3;108;50, AVENUE HOCHE;M;4887520;229841;750
2,016E+11;16;5;24;1115;1;2;2;1;3;116;33, AVENUE PIERRE 1ER DE;M;4886750;229922;750
2,016E+11;16;5;25;1630;1;2;7;1;3;108;AVENUE MONTAIGNE;M;4886850;230925;750
2,016E+11;16;5;25;2000;1;2;7;1;6;108;AVENUE DE FRIEDLAND;M;4887380;229586;750
2,016E+11;16;5;26;2035;1;2;3;1;4;108;PLACE DU HAVRE;M;4887560;232683;750
2,016E+11;16;5;27;900;1;2;4;1;2;108;38, COURS ALBERT 1ER;M;4886470;230673;750
2,016E+11;16;5;27;2120;1;2;1;1;6;108;23, AVENUE MATIGNON;M;4887100;231358;750
2,016E+11;16;5;28;1700;1;2;2;1;3;108;57, AVENUE FRANKLIN D RO;M;4887140;231004;750
2,016E+11;16;5;29;945;1;2;2;1;3;108;RUE DE MIROMESNIL;M;4887770;231559;750
2,016E+11;16;5;30;940;1;2;2;3;3;108;PLACE DE LA CONCORDE;M;4886590;231989;750
2,016E+11;16;5;30;2000;1;2;4;2;3;108;20, AVENUE GEORGE V;M;4886670;230130;750
2,016E+11;16;5;30;1940;1;2;2;2;6;108;82, RUE DE MIROMESNIL;M;4887770;231559;750
2,016E+11;16;5;31;1830;1;2;2;2;2;108;AVENUE DES CHAMPS ELYSEE;M;4887050;230531;750
2,016E+11;16;6;1;1030;1;2;1;1;7;108;36, AVENUE GEORGE V;M;4886920;230107;750
2,016E+11;16;6;1;1155;1;2;7;1;3;108;4, PLACE DE LA CONCORDE;M;4886660;232190;750
2,016E+11;16;6;2;1320;1;2;1;8;3;108;18, RUE ROYALE;M;4886860;232344;750
2,016E+11;16;6;3;1520;1;2;1;1;3;108;05, AVENUE MONTAIGNE;M;4886510;230259;750
2,016E+11;16;6;3;1620;1;2;7;1;3;108;PLACE DE LA CONCORDE;M;4886590;231989;750
2,016E+11;16;6;4;1010;1;2;2;1;2;108;104, AVENUE DES CHAMPS E;M;4887180;230102;750
2,016E+11;16;6;6;855;1;2;1;1;6;108;17, RUE MARBEUF;M;4886820;230311;750
2,016E+11;16;6;7;1115;1;2;1;1;6;108;1, AVENUE GEORGE V;M;4886520;230141;750
2,016E+11;16;6;7;1530;1;2;2;1;3;108;18, RUE DE PENTHIEVRE;M;4887290;231595;750
2,016E+11;16;6;10;945;1;2;5;1;2;108;15, RUE DE MADRID;M;4887830;231982;750
2,016E+11;16;6;10;1145;1;2;1;1;2;108;99, AVENUE DES CHAMPS EL;M;4887170;230148;750
2,016E+11;16;6;10;1530;1;2;1;1;6;108;64, RUE PIERRE CHARRON;M;4886980;230382;750
2,016E+11;16;6;11;220;5;2;7;1;6;108;PLACE DE LA CONCORDE;M;4886590;231989;750
2,016E+11;16;6;11;1700;1;2;7;8;6;108;156, AVENUE DES CHAMPS E;M;4887350;229579;750
2,016E+11;16;6;12;2000;1;2;7;2;2;108;PLACE DE L ALMA;M;4886440;230185;750
2,016E+11;16;6;15;815;1;2;2;2;6;117;9, AVENUE DE WAGRAM;M;4887510;229601;750
2,016E+11;16;6;16;1402;1;2;3;3;3;108;AVENUE DUTUIT;M;4886710;231607;750
2,016E+11;16;6;16;2300;1;2;2;1;2;108;AVENUE MONTAIGNE;M;4886700;230631;750
2,016E+11;16;6;17;1145;1;2;1;1;3;108;39, BOULEVARD DES BATIGN;M;4888240;232225;750
2,016E+11;16;6;19;140;5;2;7;1;3;108;PLACE DE LA CONCORDE;M;4886590;231989;750
2,016E+11;16;6;19;400;5;2;7;1;3;108;PLACE DE LA CONCORDE;M;4886590;231989;750
2,016E+11;16;6;19;630;2;2;7;1;3;108;4, PLACE DE LA CONCORDE;M;4886660;232190;750
2,016E+11;16;6;19;1955;1;2;1;1;6;116;50, AVENUE RAYMOND POINC;M;4886670;228609;750
2,016E+11;16;6;20;1500;1;2;2;3;3;108;39, AVENUE GEORGE V;M;4887010;230102;750
2,016E+11;16;6;21;1130;1;2;1;1;4;108;51, BOULEVARD DES BATIGN;M;4888160;231861;750
2,016E+11;16;6;21;1415;1;2;1;1;4;108;99, AVENUE DES CHAMPS EL;M;4887170;230148;750
2,016E+11;16;6;22;1130;1;2;7;1;3;108;AVENUE WINSTON CHURCHILL;M;4886710;231393;750
2,016E+11;16;6;22;1320;1;2;7;1;3;108;PLACE CHARLES DE GAULLE;M;4887350;229579;750
2,016E+11;16;6;23;815;1;2;4;1;7;108;VOIE GEORGES POMPIDOU;M;4886460;230349;750
2,016E+11;16;6;24;1010;1;2;7;1;3;108;11, PLACE SAINT AUGUSTIN;M;4887560;231881;750
2,016E+11;16;6;25;2340;5;2;5;1;3;108;55, BOULEVARD HAUSSMANN;M;4887380;232704;750
2,016E+11;16;6;26;1940;1;2;2;1;3;108;70, BOULEVARD MALESHERBE;M;4887840;231553;750
2,016E+11;16;6;27;1750;1;2;2;1;6;108;63, AVENUE HOCHE;M;4887460;229693;750
2,016E+11;16;6;28;900;1;2;1;1;3;108;13, RUE LA BOETIE;M;4887430;231793;750
2,016E+11;16;6;29;5;5;2;2;1;3;108;24 BIS, RUE LA BOETIE;M;4887390;231586;750
2,016E+11;16;6;29;1100;1;2;2;1;3;108;14, ROND POINT CHAMPS EL;M;4886900;231008;750
2,016E+11;16;6;29;1200;1;2;1;1;6;108;38, RUE MARBEUF;M;4886970;230561;750
2,016E+11;16;6;30;1;5;2;1;1;6;108;PLACE DE LA CONCORDE;M;4886560;232169;750
2,016E+11;16;6;30;200;5;2;7;1;2;108;PLACE DE LA CONCORDE;M;4886420;232014;750
2,016E+11;16;6;30;400;5;2;7;1;6;108;PLACE DE LA MADELEINE;M;4886930;232391;750
2,016E+11;16;6;30;1530;1;2;1;2;3;116;21, AVENUE MARCEAU;M;4886660;229947;750
2,016E+11;16;6;30;2320;5;2;1;1;4;108;AVENUE DES CHAMPS ELYSEE;M;4886970;230800;750
2,016E+11;16;7;1;940;1;2;1;1;3;108;23, RUE DE LA PEPINIERE;M;4887500;232177;750
2,016E+11;16;7;2;2000;1;2;3;1;2;108;76, AVENUE DES CHAMPS EL;M;4887110;230350;750
2,016E+11;16;7;4;820;1;2;1;1;3;108;51, RUE DE COURCELLES;M;4887680;230728;750
2,016E+11;16;7;4;926;1;2;2;1;6;108;96BIS, BOULEVARD HAUSSMA;M;4887430;232271;750
2,016E+11;16;7;4;1434;1;2;7;1;4;108;1, BOULEVARD DE COURCELL;M;4888120;231530;750
2,016E+11;16;7;4;1730;1;2;3;1;3;108;27, BOULEVARD DE LA MADE;M;4886940;232515;750
2,016E+11;16;7;5;2000;1;2;7;1;3;108;96, RUE DU FAUBOURG SAIN;M;4887110;231625;750
2,016E+11;16;7;6;1430;1;2;5;1;3;108;AVENUE WINSTON CHURCHILL;M;4886500;231369;750
2,016E+11;16;7;6;1500;1;2;2;1;6;108;47, AVENUE HOCHE;M;4887520;229841;750
2,016E+11;16;7;7;1;5;2;2;1;3;108;RUE DU COLISEE;M;4887090;230878;750
2,016E+11;16;7;7;920;1;2;1;1;3;117;36, BOULEVARD BERTHIER;M;4889300;231003;750
2,016E+11;16;7;8;1850;1;2;1;1;3;108;41, RUE D ARTOIS;M;4887430;230558;750
2,016E+11;16;7;10;1435;1;2;1;1;5;108;36, AVENUE GEORGE V;M;4886920;230107;750
2,016E+11;16;7;11;5;5;2;1;1;6;108;VOIE GEORGES POMPIDOU;M;4886470;230850;750
2,016E+11;16;7;11;1115;1;2;2;1;3;108;AVENUE MATIGNON;M;4886990;231195;750
2,016E+11;16;7;11;2330;5;2;1;1;6;108;67, BOULEVARD DE COURCEL;M;4887890;230181;750
2,016E+11;16;7;12;1445;1;2;7;1;3;108;PLACE DE LA CONCORDE;M;4886480;231905;750
2,016E+11;16;7;12;2150;2;2;2;1;6;108;10, AVENUE DELCASSE;M;4887370;231445;750
2,016E+11;16;7;13;100;5;2;1;2;6;108;5, AVENUE DE FRIEDLAND;M;4887470;230410;750
2,016E+11;16;7;13;1155;1;2;1;1;3;108;31, METRO MIROMESNIL;M;4887330;231591;750
2,016E+11;16;7;13;2220;5;2;2;1;2;108;11, BOULEVARD MALESHERBE;M;4887090;232263;750
2,016E+11;16;7;15;1610;1;2;2;1;2;108;38, RUE LA BOETIE;M;4887370;231445;750
2,016E+11;16;7;18;1830;1;2;7;7;3;108;PLACE DE LA CONCORDE;M;4886440;232029;750
2,016E+11;16;7;21;1300;1;2;7;1;2;108;02, AVENUE DE WAGRAM;M;4887510;229601;750
2,016E+11;16;7;21;1745;1;2;2;1;6;108;119, AVENUE DES CHAMPS E;M;4887240;229949;750
2,016E+11;16;7;23;1730;1;2;7;1;3;108;PLACE DE LA CONCORDE;M;4886440;232029;750
2,016E+11;16;7;24;1045;1;2;2;1;6;108;01, RUE MARBEUF;M;4886720;230190;750
2,016E+11;16;7;24;2255;5;2;7;1;6;108;PLACE DE LA CONCORDE;M;4886590;231989;750
2,016E+11;16;7;25;1704;1;2;1;2;3;108;57, BOULEVARD DES BATIGN;M;4888150;231800;750
2,016E+11;16;7;26;1250;1;2;7;1;6;108;11, AVENUE DE FRIEDLAND;M;4887470;230362;750
2,016E+11;16;7;26;1940;1;2;1;1;3;108;90, AVENUE DES CHAMPS EL;M;4887120;230323;750
2,016E+11;16;7;27;1320;1;2;3;1;6;108;98, RUE DU ROCHER;M;4888080;231703;750
2,016E+11;16;7;27;2346;5;2;3;1;6;108;36, AVENUE PIERRE 1ER DE;M;4886790;230019;750
2,016E+11;16;7;28;1410;1;2;7;1;6;108;PLACE DES TERNES;M;4887820;229874;750
2,016E+11;16;7;28;1630;1;2;4;1;2;108;21, RUE DE LIEGE;M;4887960;232700;750
2,016E+11;16;7;29;15;5;2;7;1;3;101;RUE DE ROHAN;M;4886320;233556;750
2,016E+11;16;7;31;20;5;2;7;1;7;108;PLACE DE LA CONCORDE;M;4886590;231989;750
2,016E+11;16;7;31;2025;2;2;1;1;2;108;174, BOULEVARD HAUSSMANN;M;4887500;230789;750
2,016E+11;16;8;2;1520;1;2;1;2;7;108;54-56, RUE LA BOETIE;M;4887340;231292;750
2,016E+11;16;8;3;1500;1;2;1;1;3;116;19, BOULEVARD MURAT;M;4884600;225785;750
2,016E+11;16;8;4;1630;1;2;2;1;3;108;RUE FRANCOIS 1ER;M;4886920;230277;750
2,016E+11;16;8;4;2330;5;2;7;1;3;116;PLACE CHARLES DE GAULLE;M;4887330;229547;750
2,016E+11;16;8;5;1830;1;2;2;1;7;108;36, AVENUE MATIGNON;M;4887260;231476;750
2,016E+11;16;8;6;935;1;2;7;1;3;108;PLACE DE LA CONCORDE;M;4886440;232029;750
2,016E+11;16;8;7;1;5;2;5;1;6;108;56, AVENUE MARCEAU;M;4886970;229825;750
2,016E+11;16;8;7;1420;1;2;2;1;2;108;81, RUE DE MIROMESNIL;M;4887840;231553;750
2,016E+11;16;8;9;920;1;2;2;1;3;108;31, BOULEVARD DES BATIGN;M;4888260;232335;750
2,016E+11;16;8;14;1430;1;2;7;1;6;108;60, BOULEVARD DE COURCEL;M;4888040;230881;750
2,016E+11;16;8;18;1400;1;2;7;1;3;108;PLACE DE LA CONCORDE;M;4886590;231989;750
2,016E+11;16;8;18;1845;1;2;1;9;7;108;91, BOULEVARD HAUSSMANN;M;4887480;231899;750
2,016E+11;16;8;20;2005;1;2;7;8;6;108;PLACE DE LA CONCORDE;M;4886590;231989;750
2,016E+11;16;8;21;1340;1;2;7;8;3;108;PLACE DE LA CONCORDE;M;4886590;231989;750
2,016E+11;16;8;22;1040;1;2;2;1;3;108;RUE PASQUIER;M;4887340;232365;750
2,016E+11;16;8;23;1010;1;2;7;1;2;108;PLACE DE LA CONCORDE;M;4886440;232029;750
2,016E+11;16;8;23;1230;1;2;5;1;3;108;69, RUE DE COURCELLES;M;4887800;230522;750
2,016E+11;16;8;23;1915;1;2;1;7;2;108;AVENUE DES CHAMPS ELYSEE;M;4886650;231788;750
2,016E+11;16;8;25;1230;1;2;2;1;6;108;COURS LA REINE;M;4886500;231369;750
2,016E+11;16;8;26;915;1;2;7;1;3;108;10, AVENUE DES CHAMPS EL;M;4886710;231393;750
2,016E+11;16;8;27;1230;1;2;7;1;3;108;ROND POINT CHAMPS ELYSEE;M;4886900;231008;750
2,016E+11;16;8;27;2105;5;2;1;1;6;108;73, RUE DE ROME;M;4888140;232079;750
2,016E+11;16;8;27;2230;3;2;1;6;6;108;51, BOULEVARD DE COURCEL;M;4887930;230391;750
2,016E+11;16;8;29;230;5;2;7;1;3;108;PLACE DE LA CONCORDE;M;4886440;232029;750
2,016E+11;16;8;29;1521;1;2;1;1;2;108;12, AVENUE DE MESSINE;M;4887580;231414;750
2,016E+11;16;8;30;935;1;2;2;1;4;108;14, RUE LA BOETIE;M;4887420;231749;750
2,016E+11;16;8;30;1349;1;2;7;1;6;108;3, PLACE DE L ALMA;M;4886470;230146;750
2,016E+11;16;8;30;1855;1;2;2;1;3;108;165, RUE DU FAUBOURG SAI;M;4887490;230541;750
2,016E+11;16;8;31;2310;5;2;2;1;6;108;136, AVENUE DES CHAMPS E;M;4887240;229949;750
2,016E+11;16;9;1;320;5;2;3;1;6;108;11, BOULEVARD MALESHERBE;M;4887090;232263;750
2,016E+11;16;9;1;1500;1;2;1;1;2;108;SOUTERRAIN ALMA;M;4886440;230263;750
2,016E+11;16;9;1;1600;1;2;1;1;3;108;23, AVENUE HOCHE;M;4887680;230224;750
2,016E+11;16;9;3;2320;5;2;1;1;2;108;135, AVENUE DES CHAMPS E;M;4887320;229678;750
2,016E+11;16;9;5;1330;1;2;2;2;2;108;AVENUE DES CHAMPS ELYSEE;M;4886780;231384;750
2,016E+11;16;9;5;1450;1;2;1;2;4;108;30, COURS ALBERT 1ER;M;4886450;230606;750
2,016E+11;16;9;5;1620;1;2;2;2;3;108;AVENUE WINSTON CHURCHILL;M;4886500;231369;750
2,016E+11;16;9;6;1100;1;2;3;1;3;108;79, RUE LA BOETIE;M;4887220;230905;750
2,016E+11;16;9;6;1810;1;2;7;1;2;108;PLACE BEAUVAU;M;4887110;231625;750
2,016E+11;16;9;7;815;1;2;7;7;3;108;COURS ALBERT 1ER;M;4886420;230214;750
2,016E+11;16;9;7;1527;1;2;7;1;3;117;139, AVENUE DE WAGRAM;M;4888420;230266;750
2,016E+11;16;9;7;1815;1;2;3;1;3;108;45, RUE PIERRE CHARRON;M;4886870;230173;750
2,016E+11;16;9;7;1900;1;2;2;1;3;108;24, RUE LA BOETIE;M;4887390;231586;750
2,016E+11;16;9;8;8;5;2;7;1;6;108;AVENUE DES CHAMPS ELYSEE;M;4886780;231384;750
2,016E+11;16;9;8;40;5;2;7;1;2;108;PLACE CHARLES DE GAULLE;M;4887410;229573;750
2,016E+11;16;9;8;1150;1;2;3;1;3;108;134, BOULEVARD HAUSSMANN;M;4887530;231480;750
2,016E+11;16;9;8;2215;5;2;4;1;3;108;24, AVENUE GEORGE V;M;4886760;230123;750
2,016E+11;16;9;9;1925;2;2;1;1;6;116;159, AVENUE DE MALAKOFF;M;4887640;228362;750
2,016E+11;16;9;11;2215;4;2;7;1;3;108;AVENUE DES CHAMPS ELYSEE;M;4886710;231393;750
2,016E+11;16;9;12;2130;4;2;1;1;6;116;ALLEE DU BORD DE L EAU;M;4887500;224543;750
2,016E+11;16;9;13;2000;2;2;5;1;3;108;02, AVENUE FRANKLIN D RO;M;4886680;231021;750
2,016E+11;16;9;14;910;1;2;2;1;7;108;28, RUE DE MADRID;M;4887790;231814;750
2,016E+11;16;9;15;1650;1;2;7;1;6;108;AVENUE DES CHAMPS ELYSEE;M;4886590;231989;750
2,016E+11;16;9;16;1700;1;2;4;2;6;108;25, AVENUE DE FRIEDLAND;M;4887440;230119;750
2,016E+11;16;9;17;150;5;2;2;1;6;108;82, RUE DE MIROMESNIL;M;4887770;231559;750
2,016E+11;16;9;17;1130;1;2;7;2;4;108;AVENUE DES CHAMPS ELYSEE;M;4886590;231989;750
2,016E+11;16;9;20;20;5;2;5;1;3;108;BOULEVARD HAUSSMANN;M;4887380;232704;750
2,016E+11;16;9;21;1325;1;2;5;1;4;108;BOULEVARD MALESHERBES;M;4887470;232004;750
2,016E+11;16;9;22;750;1;2;7;1;3;108;PLACE DE LA CONCORDE;M;4886420;232014;750
2,016E+11;16;9;22;1445;1;2;7;1;3;108;PLACE DE LA CONCORDE;M;4886660;232190;750
2,016E+11;16;9;22;1745;1;2;2;1;7;108;01, AVENUE DE FRIEDLAND;M;4887490;230541;750
2,016E+11;16;9;24;2000;5;2;3;1;6;108;29, RUE DE TURIN;M;4888200;232445;750
2,016E+11;16;9;26;1800;1;2;2;1;2;108;47, AVENUE HOCHE;M;4887520;229841;750
2,016E+11;16;9;27;922;1;2;2;1;6;108;37, RUE DE MIROMESNIL;M;4887390;231586;750
2,016E+11;16;9;27;2030;5;2;1;1;3;108;VOIE GEORGES POMPIDOU;M;4886480;231495;750
2,016E+11;16;9;28;1235;1;2;5;1;6;108;10, RUE SAINT PHILIPPE D;M;4887270;230804;750
2,016E+11;16;9;30;1000;1;2;2;1;3;108;14, RUE LA BOETIE;M;4887420;231749;750
2,016E+11;16;10;1;155;5;2;2;2;6;108;, RUE FRANCOIS 1ER;M;4886920;230277;750
2,016E+11;16;10;2;314;5;2;2;1;3;108;35, RUE DE BERRI;M;4887370;230647;750
2,016E+11;16;10;5;1503;1;2;4;1;3;116;12, AVENUE MARCEAU;M;4886610;229963;750
2,016E+11;16;10;6;740;1;2;2;1;3;108;100, AVENUE DES CHAMPS E;M;4887140;230253;750
2,016E+11;16;10;6;1100;1;2;7;1;3;108;/, PLACE DE LA REPUBLIQU;M;4888050;230968;750
2,016E+11;16;10;6;1920;1;2;4;1;3;116;/, ECHANGEUR MUETTE;M;4886550;226814;750
2,016E+11;16;10;7;2350;5;2;2;1;3;108;RUE DES MATHURINS;M;4887340;232365;750
2,016E+11;16;10;8;110;5;2;4;1;3;108;21, BOULEVARD MALESHERBE;M;4887190;232193;750
2,016E+11;16;10;8;2200;5;2;1;1;6;108;15, RUE DE ROME;M;4887570;232387;750
2,016E+11;16;10;9;2300;4;2;3;1;2;108;3, AVENUE DE FRIEDLAND;M;4887480;230470;750
2,016E+11;16;10;12;1630;1;2;7;1;6;108;80, RUE DE COURCELLES;M;4887800;230522;750
2,016E+11;16;10;13;1433;1;2;3;1;6;108;46, AVENUE GEORGE V;M;4887100;230090;750
2,016E+11;16;10;13;2015;5;2;2;2;6;108;135, AVENUE DES CHAMPS E;M;4887310;229709;750
2,016E+11;16;10;16;1200;1;2;1;1;6;108;21, PLACE DE LA MADELEIN;M;4887100;232432;750
2,016E+11;16;10;17;1230;1;2;7;1;3;108;PLACE DE LA CONCORDE;M;4886620;232121;750
2,016E+11;16;10;17;1715;1;2;4;1;6;108;COURS LA REINE;M;4886490;231798;750
2,016E+11;16;10;19;820;1;2;4;1;3;108;12, AVENUE MARCEAU;M;4886610;229963;750
2,016E+11;16;10;20;200;5;2;7;1;3;108;/, ROND POINT CHAMPS ELY;M;4886940;231094;750
2,016E+11;16;10;20;500;5;2;2;2;6;108;RUE DE ROME;M;4888200;232048;750
2,016E+11;16;10;23;1620;1;2;2;2;7;108;21, RUE DU COLISEE;M;4887090;230878;750
2,016E+11;16;10;25;1030;1;2;7;1;3;108;65, BOULEVARD MALESHERBE;M;4887560;231881;750
2,016E+11;16;10;26;1145;1;2;1;1;2;117;AVENUE NIEL;M;4888240;229613;750
2,016E+11;16;10;26;2010;5;2;2;1;6;108;33, AVENUE GEORGE V;M;4886840;230112;750
2,016E+11;16;10;27;1755;1;2;7;1;3;108;S2358, PLACE DE LA CONCO;M;4886590;231989;750
2,016E+11;16;10;27;2050;5;2;7;1;6;108;PLACE CHARLES DE GAULLE;M;4887330;229547;750
2,016E+11;16;10;28;1400;1;2;1;1;6;108;16, PLACE DE LA MADELEIN;M;4887000;232519;750
2,016E+11;16;11;1;110;5;2;1;1;6;108;63, BOULEVARD DES BATIGN;M;4888130;231728;750
2,016E+11;16;11;2;1830;5;2;3;1;3;108;115, BOULEVARD MALESHERB;M;4888050;231294;750
2,016E+11;16;11;2;1930;5;2;1;1;3;108;23, BOULEVARD DE COURCEL;M;4888110;231435;750
2,016E+11;16;11;4;830;2;2;1;2;2;108;AVENUE DES CHAMPS ELYSEE;M;4886690;231674;750
2,016E+11;16;11;4;1300;1;2;1;2;3;108;24, AVENUE MARCEAU;M;4886670;229945;750
2,016E+11;16;11;4;1850;4;2;2;1;6;116;ALLEE DE LA REINE MARGUE;M;4886780;225104;750
2,016E+11;16;11;4;2340;5;2;2;3;3;108;RUE DE ROME;M;4887810;232257;750
2,016E+11;16;11;7;845;1;2;7;2;3;108;40, AVENUE GEORGE V;M;4887010;230102;750
2,016E+11;16;11;7;1700;5;2;1;1;4;108;48, RUE DE MIROMESNIL;M;4887450;231582;750
2,016E+11;16;11;9;840;1;2;2;1;3;108;COURS LA REINE;M;4886500;231369;750
2,016E+11;16;11;9;915;1;2;1;3;2;108;PLACE DE LA CONCORDE;M;4886450;232005;750
2,016E+11;16;11;9;1620;1;2;7;2;3;108;AVENUE WINSTON CHURCHILL;M;4886710;231393;750
2,016E+11;16;11;10;2345;5;2;7;2;2;108;BOULEVARD MALESHERBES;M;4887560;231881;750
2,016E+11;16;11;11;2348;5;2;1;1;4;108;VOIE GEORGES POMPIDOU;M;4886470;230873;750
2,016E+11;16;11;13;703;1;2;1;1;7;108;AVENUE DES CHAMPS ELYSEE;M;4886860;231124;750
2,016E+11;16;11;14;1019;1;2;2;1;3;108;51, BOULEVARD DES BATIGN;M;4888170;231881;750
2,016E+11;16;11;14;2030;5;2;7;1;6;108;PLACE DE LA CONCORDE;M;4886590;231989;750
2,016E+11;16;11;15;1355;1;2;1;1;3;108;12, RUE JEAN GOUJON;M;4886640;230856;750
2,016E+11;16;11;16;1250;1;2;2;1;2;108;14, ROND POINT CHAMPS EL;M;4886930;230914;750
2,016E+11;16;11;16;1600;1;2;7;1;3;108;6, PLACE DE LA CONCORDE;M;4886660;232190;750
2,016E+11;16;11;16;1425;1;2;1;8;2;108;75, BOULEVARD MALESHERBE;M;4887720;231691;750
2,016E+11;16;11;16;1740;5;2;3;1;6;108;60, RUE DE MONCEAU;M;4887850;231233;750
2,016E+11;16;11;17;2240;5;2;7;1;3;108;4, PLACE DE LA CONCORDE;M;4886660;232190;750
2,016E+11;16;11;17;320;5;2;7;3;3;108;PLACE DE LA CONCORDE;M;4886470;232055;750
2,016E+11;16;11;19;1845;5;2;2;1;6;108;29, RUE DE MARIGNAN;M;4887010;230662;750
2,016E+11;16;11;20;730;5;2;7;2;3;108;1, AVENUE DES CHAMPS ELY;M;4886590;231989;750
2,016E+11;16;11;21;1155;1;2;2;2;2;108;BOULEVARD DES BATIGNOLLE;M;4888200;232048;750
2,016E+11;16;11;22;1310;1;2;1;1;2;108;170, RUE DU FAUBOURG SAI;M;4887390;230833;750
2,016E+11;16;11;23;810;1;2;2;2;7;108;RUE DES MATHURINS;M;4887310;232672;750
2,016E+11;16;11;23;1930;5;2;7;2;3;108;PLACE DE L EUROPE;M;4887880;232322;750
2,016E+11;16;11;24;1500;1;2;2;1;3;108;20, RUE CHATEAUBRIAND;M;4887370;230053;750
2,016E+11;16;11;25;340;5;2;2;1;6;108;AVENUE MONTAIGNE;M;4886770;230764;750
2,016E+11;16;11;26;227;5;2;5;1;3;108;RUE DE ROME;M;4888200;232048;750
2,016E+11;16;11;26;630;5;2;2;1;3;108;AVENUE FRANKLIN D ROOSEV;M;4887050;231006;750
2,016E+11;16;11;27;10;5;2;1;1;3;108;BOULEVARD MALESHERBES;M;4887330;232097;750
2,016E+11;16;11;28;1010;1;2;3;1;3;108;AVENUE DES CHAMPS ELYSEE;M;4886710;231607;750
2,016E+11;16;11;29;1320;1;2;3;1;6;108;19, RUE D AMSTERDAM;M;4887720;232690;750
2,016E+11;16;12;2;1110;1;2;7;1;6;108;2, AVENUE FRANKLIN D ROO;M;4886490;231027;750
2,016E+11;16;12;2;1620;5;2;4;1;4;108;VOIE GEORGES POMPIDOU;M;4886490;231637;750
2,016E+11;16;12;3;120;5;2;2;1;4;108;93, AVENUE DES CHAMPS EL;M;4887140;230253;750
2,016E+11;16;12;6;1020;1;2;7;1;3;108;PLACE DE LA MADELEINE;M;4886930;232391;750
2,016E+11;16;12;7;1710;5;2;2;1;6;108;37, AVENUE MONTAIGNE;M;4886700;230631;750