Num_Acc;an;mois;jour;hrmn;lum;agg;int;atm;col;com;adr;gps;lat;long;dep
2,016E+11;16;7;10;44;5;2;1;1;6;117;28, RUE LANTIEZ;M;4889500;232379;750
2,016E+11;16;7;10;1100;1;2;1;1;3;117;60, RUE LA CONDAMINE;M;4888560;232142;750
2,016E+11;16;7;10;1240;1;2;7;1;6;117;14, RUE DENIS POISSON;M;4887780;228800;750
2,016E+11;16;7;11;845;1;2;2;1;3;117;113, AVENUE DE SAINT OUE;M;4889500;232806;750
2,016E+11;16;7;11;1450;1;2;7;1;3;117;134, BOULEVARD MALESHERB;M;4888520;230719;750
2,016E+11;16;7;11;1840;1;2;3;1;6;116;3, RUE DE L AMIRAL CLOUE;M;4884740;227371;750
2,016E+11;16;7;11;2252;5;2;5;1;3;117;AVENUE DE LA PORTE D ASN;M;4889240;230099;750
2,016E+11;16;7;12;1430;1;2;7;1;3;117;130, AVENUE DE WAGRAM;M;4888530;230329;750
2,016E+11;16;7;13;56;5;2;1;2;7;117;08, BOULEVARD DE COURCEL;M;4888110;231431;750
2,016E+11;16;7;13;2237;5;2;2;1;1;117;14, RUE JOUFFROY D ABBAN;M;4888690;231260;750
2,016E+11;16;7;14;1745;1;2;3;1;4;117;198, BOULEVARD MALESHERB;M;4888960;230401;750
2,016E+11;16;7;15;1245;1;2;5;1;3;117;23, RUE GUY MOQUET;M;4889190;232209;750
2,016E+11;16;7;15;1825;1;2;2;1;3;117;12, RUE JEAN LECLAIRE;M;4889560;232662;750
2,016E+11;16;7;16;10;5;2;3;1;6;117;81, AVENUE DE CLICHY;M;4888830;232415;750
2,016E+11;16;7;18;1415;1;2;1;1;6;108;68 BIS, BOULEVARD DE COU;M;4887990;230660;750
2,016E+11;16;7;18;1930;1;2;1;1;3;117;BOULEVARD PERIPHERIQUE I;M;4888040;228196;750
2,016E+11;16;7;19;1430;1;2;3;1;6;117;99, RUE DE TOCQUEVILLE;M;4888830;230644;750
2,016E+11;16;7;20;110;5;2;5;1;6;116;RUE DAVIOUD;M;4885440;227021;750
2,016E+11;16;7;20;350;5;2;7;1;6;117;PLACE DU GENERAL KOENIG;M;4888070;228525;750
2,016E+11;16;7;20;1525;1;2;1;1;3;117;100, AVENUE DES TERNES;M;4888050;228629;750
2,016E+11;16;7;20;2250;5;2;5;1;6;117;1, BOULEVARD BESSIERES;M;4889750;232893;750
2,016E+11;16;7;21;1100;1;2;1;1;3;117;BOULEVARD PERIPHERIQUE I;M;4889740;231269;750
2,016E+11;16;7;22;2100;1;2;5;1;3;117;216, RUE DE COURCELLES;M;4888750;229467;750
2,016E+11;16;7;23;2350;5;2;3;1;3;117;95, AVENUE DE VILLIERS;M;4888440;230125;750
2,016E+11;16;7;24;1230;1;2;7;1;3;117;71, BOULEVARD GOUVION SA;M;4888070;228525;750
2,016E+11;16;7;24;1635;1;2;3;1;6;117;119, AVENUE DE CLICHY;M;4889000;232122;750
2,016E+11;16;7;24;2310;5;2;3;1;3;117;118, AVENUE DE CLICHY;M;4889000;232122;750
2,016E+11;16;7;25;1315;1;2;1;1;4;117;BOULEVARD PERIPHERIQUE E;M;4889130;229991;750
2,016E+11;16;7;25;1905;1;2;1;1;6;117;49, RUE SAINT FERDINAND;M;4887720;228623;750
2,016E+11;16;7;25;2030;2;2;2;1;6;117;113, AVENUE DE CLICHY;M;4888970;232171;750
2,016E+11;16;7;26;1755;1;2;1;1;6;117;26, RUE FRAGONARD;M;4889450;231677;750
2,016E+11;16;7;27;830;1;2;7;1;3;117;-, PLACE CHARLES DE GAUL;M;4887400;229417;750
2,016E+11;16;7;27;1920;1;2;2;1;3;117;AVENUE DE LA PORTE DES T;M;4888150;228180;750
2,016E+11;16;7;28;145;5;2;1;1;6;117;14, RUE GUSTAVE CHARPENT;M;4888110;228145;750
2,016E+11;16;7;29;1000;1;2;4;1;6;117;PORTE MAILLOT;M;4887860;228190;750
2,016E+11;16;7;30;1230;1;2;1;1;6;117;145, AVENUE DE VILLIERS;M;4888560;229218;750
2,016E+11;16;7;30;1530;1;2;2;1;6;117;129, AVENUE DE WAGRAM;M;4888330;230191;750
2,016E+11;16;7;30;1610;1;2;4;1;3;117;95, RUE AMPERE;M;4888540;229838;750
2,016E+11;16;7;31;1530;1;2;2;1;3;117;30, AVENUE DES TERNES;M;4887870;229418;750
2,016E+11;16;8;1;1115;1;2;1;1;4;117;BOULEVARD DU FORT DE VAU;M;4889330;230273;750
2,016E+11;16;8;1;1700;1;2;3;1;3;117;BOULEVARD DU BOIS LE PRE;M;4889980;231876;750
2,016E+11;16;8;3;915;1;2;1;1;3;117;183, AVENUE DE CLICHY;M;4889330;231548;750
2,016E+11;16;8;3;2000;2;2;1;2;6;108;89, BOULEVARD DE COURCEL;M;4887830;229905;750
2,016E+11;16;8;4;1615;1;2;2;1;7;117;01, AVENUE DE LA PORTE D;M;4889630;231022;750
2,016E+11;16;8;9;1045;1;2;2;1;6;117;27, BOULEVARD DE L YSER;M;4888400;228626;750
2,016E+11;16;8;10;1510;1;2;1;1;7;117;BOULEVARD PERIPHERIQUE I;M;4889690;231162;750
2,016E+11;16;8;17;1820;1;2;2;1;6;117;35, BOULEVARD GOUVION SA;M;4888310;228749;750
2,016E+11;16;8;18;145;5;2;1;1;2;117;80, AVENUE DE LA GRANDE;M;4887720;228431;750
2,016E+11;16;8;21;2205;5;2;2;1;6;117;AVENUE DE CLICHY;M;4889160;231846;750
2,016E+11;16;8;22;1910;1;2;2;1;6;117;131, AVENUE DE SAINT OUE;M;4889500;232806;750
2,016E+11;16;8;22;2050;1;2;2;1;6;116;63, AVENUE DE LA GRANDE;M;4887630;228721;750
2,016E+11;16;8;23;1920;1;2;5;1;6;117;/, RUE GALVANI;M;4888420;228924;750
2,016E+11;16;8;24;1220;1;2;1;1;2;117;AVENUE DE VILLIERS;M;4888530;229432;750
2,016E+11;16;8;24;1505;1;2;1;1;3;117;81, RUE DE COURCELLES;M;4887960;230267;750
2,016E+11;16;8;25;800;1;2;3;1;2;117;RUE CARDINET;M;4888860;231562;750
2,016E+11;16;8;30;730;1;2;1;1;7;117;14, RUE FRUCTIDOR;M;4890100;232645;750
2,016E+11;16;9;4;1250;1;2;1;1;7;117;90, AVENUE DE VILLIERS;M;4888440;230159;750
2,016E+11;16;9;5;1320;1;2;2;3;6;117;2, BOULEVARD DE COURCELL;M;4888130;231647;750
2,016E+11;16;9;5;1910;1;2;1;2;2;117;70, RUE LEGENDRE;M;4888630;231782;750
2,016E+11;16;9;6;1625;1;2;2;1;6;117;101, RUE DE ROME;M;4888400;231848;750
2,016E+11;16;9;7;1930;1;2;1;1;2;117;5, PLACE DE LA PORTE DE;M;4888580;229035;750
2,016E+11;16;9;7;2000;5;2;4;1;2;117;ECHANGEUR CLICHY;M;4889770;231277;750
2,016E+11;16;9;10;10;5;2;5;1;7;117;122, RUE DE COURCELLES;M;4888750;229467;750
2,016E+11;16;9;10;2245;5;2;2;1;6;117;BOULEVARD PEREIRE;M;4888690;230112;750
2,016E+11;16;9;11;325;5;2;7;1;6;117;2, AVENUE DE LA GRANDE A;M;4887440;229293;750
2,016E+11;16;9;12;1600;1;2;2;1;6;117;103, RUE DE ROME;M;4888400;231848;750
2,016E+11;16;9;13;1;4;2;5;1;3;117;40, AVENUE NIEL;M;4888190;229587;750
2,016E+11;16;9;13;1235;1;2;5;1;6;117;34, AVENUE DE VILLIERS;M;4888230;231172;750
2,016E+11;16;9;13;1645;1;2;4;1;3;117;BOULEVARD PERIPHERIQUE E;M;4889040;229886;750
2,016E+11;16;9;14;915;1;2;4;1;3;116;03, RUE DE CHAILLOT;M;4886570;229580;750
2,016E+11;16;9;14;2100;5;2;3;2;7;117;8, BOULEVARD PERSHING;M;4888170;228521;750
2,016E+11;16;9;15;800;1;2;2;2;7;117;51, RUE POUCHET;M;4889420;232057;750
2,016E+11;16;9;16;420;5;2;1;1;6;117;BOULEVARD DES BATIGNOLLE;M;4888260;232218;750
2,016E+11;16;9;17;30;5;2;7;2;6;117;140, BOULEVARD MALESHERB;M;4888520;230719;750
2,016E+11;16;9;18;1230;1;2;2;1;3;117;145, AVENUE DE VILLIERS;M;4888560;229167;750
2,016E+11;16;9;21;1050;1;2;2;1;2;117;11, RUE JOUFFROY D ABBAN;M;4888690;231260;750
2,016E+11;16;9;21;1705;1;2;2;1;3;117;28, RUE GUY MOQUET;M;4889190;232209;750
2,016E+11;16;9;22;1230;1;2;2;1;6;117;5, RUE FARADAY;M;4888160;229235;750
2,016E+11;16;9;23;1430;1;2;1;1;6;117;25, RUE DE LEVIS;M;4888240;231530;750
2,016E+11;16;9;23;1825;1;2;1;1;2;117;2, PLACE DU GENERAL KOEN;M;4888080;228495;750
2,016E+11;16;9;26;1225;1;2;1;1;1;117;16, RUE JOUFFROY D ABBAN;M;4888680;231224;750
2,016E+11;16;9;26;1345;1;2;2;1;3;117;RUE DE ROME;M;4888400;231848;750
2,016E+11;16;9;26;1430;1;2;3;1;3;117;13, AVENUE DE LA PORTE D;M;4889060;230311;750
2,016E+11;16;9;26;1900;1;2;2;1;6;117;81, AVENUE NIEL;M;4888290;229637;750
2,016E+11;16;9;27;1700;1;2;1;1;6;117;210, BOULEVARD PEREIRE;M;4887970;228721;750
2,016E+11;16;9;28;1500;1;2;5;1;3;117;36, BOULEVARD DE REIMS;M;4888750;229467;750
2,016E+11;16;9;28;1730;1;2;1;1;6;117;ECHANGEUR CLICHY;M;4889680;231156;750
2,016E+11;16;9;29;2220;5;2;3;1;3;117;104, AVENUE DE CLICHY;M;4888940;232229;750
2,016E+11;16;10;1;10;5;2;1;2;3;117;76, BOULEVARD BERTHIER;M;4889060;230471;750
2,016E+11;16;10;4;1615;1;2;4;1;3;117;24, RUE GUSTAVE CHARPENT;M;4887990;228084;750
2,016E+11;16;10;5;1415;1;2;7;1;3;117;05, PLACE DU MARECHAL JU;M;4888450;229716;750
2,016E+11;16;10;5;1820;1;2;7;1;3;117;02, PLACE DE LA PORTE MA;M;4887860;228190;750
2,016E+11;16;10;6;1055;1;2;5;7;3;117;RUE DE TOCQUEVILLE;M;4888750;230743;750
2,016E+11;16;10;6;1215;1;2;1;1;2;117;6, BOULEVARD DU BOIS LE;M;4889900;232169;750
2,016E+11;16;10;6;1400;1;2;4;1;6;116;/, BOULEVARD PERIPHERIQU;M;4886100;226407;750
2,016E+11;16;10;6;2315;5;2;1;1;6;117;51, RUE JOUFFROY D ABBAN;M;4888500;230680;750
2,016E+11;16;10;7;120;5;2;3;1;3;117;AVENUE DE VILLIERS;M;4888350;230593;750
2,016E+11;16;10;7;1735;1;2;2;1;6;117;51, RUE BERZELIUS;M;4889450;231980;750
2,016E+11;16;10;8;1045;1;2;2;1;3;117;28, BOULEVARD BESSIERES;M;4889760;232518;750
2,016E+11;16;10;7;1830;2;2;2;1;2;117;59, AVENUE DE VILLIERS;M;4888350;230593;750
2,016E+11;16;10;9;420;5;2;2;1;3;117;/, RUE DES BATIGNOLLES;M;4888500;232075;750
2,016E+11;16;10;10;835;1;2;3;1;3;117;26, BOULEVARD BERTHIER;M;4889380;231185;750
2,016E+11;16;10;10;1450;1;2;2;1;6;117;35, BOULEVARD GOUVION SA;M;4888310;228749;750
2,016E+11;16;10;10;1805;1;2;5;2;3;117;AVENUE DE SAINT OUEN;M;4889300;232739;750
2,016E+11;16;10;10;1810;2;2;7;2;7;116;63, AVENUE DE LA GRANDE;M;4887630;228721;750
2,016E+11;16;10;11;1235;1;2;1;1;6;117;74, AVENUE DE WAGRAM;M;4888050;229988;750
2,016E+11;16;10;12;930;1;2;1;1;6;117;30, BOULEVARD DE DOUAUMO;M;4889550;230660;750
2,016E+11;16;10;13;5;5;2;3;1;3;117;180, AVENUE DE CLICHY;M;4889270;231657;750
2,016E+11;16;10;13;1920;5;2;2;1;3;117;PORTE DE CHAMPERRET;M;4888710;228957;750
2,016E+11;16;10;15;126;5;2;2;2;6;117;211, BOULEVARD PEREIRE;M;4888080;228995;750
2,016E+11;16;10;15;1115;1;2;2;1;3;117;BOULEVARD PEREIRE;M;4888080;228995;750
2,016E+11;16;10;16;400;5;2;2;1;6;117;21, RUE BROCHANT;M;4888890;231794;750
2,016E+11;16;10;16;2250;5;2;4;1;3;117;AVENUE STEPHANE MALLARME;M;4888700;229394;750
2,016E+11;16;10;17;1540;1;2;3;1;6;117;02, RUE PUVIS DE CHAVANN;M;4888530;230181;750
2,016E+11;16;10;18;845;1;2;1;1;4;117;BOULEVARD PERIPHERIQUE E;M;4888960;229686;750
2,016E+11;16;10;18;1155;1;2;1;1;6;117;PORTE DE VILLIERS;M;4888560;229218;750
2,016E+11;16;10;18;1836;2;2;1;2;6;117;214, RUE DE COURCELLES;M;4888710;229509;750
2,016E+11;16;10;19;910;1;2;1;1;6;117;74, BOULEVARD DES BATIGN;M;4888210;231980;750
2,016E+11;16;10;19;1425;1;2;1;1;4;117;/, BOULEVARD PERIPHERIQU;M;4889740;231269;750
2,016E+11;16;10;19;2050;5;2;1;1;3;117;156, BOULEVARD MALESHERB;M;4888630;230589;750
2,016E+11;16;10;20;1430;1;2;7;2;7;117;02, AVENUE DE LA GRANDE;M;4887440;229293;750
2,016E+11;16;10;22;1230;1;2;1;1;6;117;32, BOULEVARD DE COURCEL;M;4888070;231140;750
2,016E+11;16;10;24;5;5;2;2;2;3;116;RUE DE PRESBOURG;M;4887360;229276;750
2,016E+11;16;10;24;940;1;2;1;2;3;116;68, AVENUE DE LA GRANDE;M;4887690;228506;750
2,016E+11;16;10;24;2310;5;2;1;2;2;117;AVENUE DE LA PORTE DE CH;M;4888630;228669;750
2,016E+11;16;10;25;800;1;2;1;1;3;117;06, BOULEVARD DU BOIS LE;M;4889900;232169;750
2,016E+11;16;10;28;1945;5;2;3;1;6;117;102, RUE DE LA JONQUIERE;M;4889500;231774;750
2,016E+11;16;10;31;1318;1;2;7;1;3;117;3, PLACE DE WAGRAM;M;4888710;230441;750
2,016E+11;16;10;31;1645;1;2;3;1;6;117;AVENUE DE CLICHY;M;4889000;232122;750
2,016E+11;16;11;1;1;5;2;7;1;2;116;PLACE DE LA PORTE MAILLO;M;4887700;228307;750
2,016E+11;16;11;2;920;1;2;5;1;3;117;02, AVENUE DE VILLIERS;M;4888130;231647;750
2,016E+11;16;11;3;1800;5;2;1;1;6;117;92, AVENUE DE VILLIERS;M;4888450;230098;750
2,016E+11;16;11;4;1025;1;2;1;2;6;117;24, PLACE GENERAL CATROU;M;4888330;230996;750
2,016E+11;16;11;4;1310;1;2;1;1;6;117;140, RUE DE SAUSSURE;M;4888920;230760;750
2,016E+11;16;11;9;2255;5;2;2;2;3;117;11, RUE GUY MOQUET;M;4889150;232030;750
2,016E+11;16;11;10;250;5;2;1;8;6;117;12, AVENUE DE LA PORTE D;M;4889630;231027;750
2,016E+11;16;11;10;1610;1;2;1;2;3;116;170, AVENUE VICTOR HUGO;M;4886620;227706;750
2,016E+11;16;11;10;2000;5;2;2;3;6;117;47, AVENUE DE SAINT OUEN;M;4889070;232663;750
2,016E+11;16;11;14;2218;5;2;1;1;3;117;105, BOULEVARD BESSIERES;M;4889560;231690;750
2,016E+11;16;11;15;950;1;2;2;8;3;117;123, AVENUE DE CLICHY;M;4889030;232074;750
2,016E+11;16;11;15;1250;1;2;3;1;6;117;06, RUE GUILLAUME TELL;M;4888400;229358;750
2,016E+11;16;11;16;1030;1;2;1;1;2;117;07, RUE DU MONT DORE;M;4888320;232306;750
2,016E+11;16;11;17;820;1;2;3;1;6;117;76, BOULEVARD BERTHIER;M;4889020;230456;750
2,016E+11;16;11;17;1030;1;2;2;1;3;117;28, RUE GUY MOQUET;M;4889190;232209;750
2,016E+11;16;11;17;1940;5;2;1;1;6;115;PONT DE GRENELLE;M;4885020;228019;750
2,016E+11;16;11;17;2045;5;2;1;1;3;117;90, AVENUE DES TERNES;M;4888030;228714;750
2,016E+11;16;11;17;2120;5;2;2;2;3;117;1, AVENUE DE LA PORTE D;M;4889180;230158;750
2,016E+11;16;11;18;740;1;2;4;1;3;117;/, BOULEVARD PERIPHERIQU;M;4888470;228647;750
2,016E+11;16;11;19;825;1;2;1;1;3;117;BOULEVARD PERIPHERIQUE I;M;4889940;231879;750
2,016E+11;16;11;21;815;1;2;2;2;6;117;147, RUE CARDINET;M;4888860;231562;750
2,016E+11;16;11;21;750;1;2;3;2;1;117;154, AVENUE DE CLICHY;M;4889120;231908;750
2,016E+11;16;11;23;2145;5;2;7;8;3;117;, PLACE DU MARECHAL JUIN;M;4888540;229752;750
2,016E+11;16;11;25;1309;1;2;7;1;6;117;75, PLACE DU DOCTEUR FEL;M;4888660;231845;750
2,016E+11;16;11;25;2000;5;2;1;1;3;117;BOULEVARD PERIPHERIQUE;M;4889660;231031;750
2,016E+11;16;11;28;1440;1;2;5;7;6;117;55, RUE NAVIER;M;4889590;232299;750
2,016E+11;16;11;28;1700;5;2;4;1;6;117;ECHANGEUR MAILLOT;M;4887860;228190;750
2,016E+11;16;11;28;1750;5;2;1;1;6;117;40, BOULEVARD DE COURCEL;M;4888060;231030;750
2,016E+11;16;11;29;825;1;2;3;1;6;117;168 BIS, RUE CARDINET;M;4889030;231712;750
2,016E+11;16;11;29;1040;1;2;3;1;6;117;20, RUE CARDINET;M;4888180;230293;750
2,016E+11;16;11;30;1825;5;2;3;1;6;117;62, BOULEVARD DES BATIGN;M;4888230;232093;750
2,016E+11;16;12;1;1500;1;2;1;1;6;117;111, RUE DE COURCELLES;M;4888240;229982;750
2,016E+11;16;12;2;1345;1;2;2;1;6;117;27, RUE SAUFFROY;M;4889170;232117;750
2,016E+11;16;12;2;1930;2;2;3;1;3;117;79, AVENUE DE CLICHY;M;4888830;232415;750
2,016E+11;16;12;3;1600;1;2;1;1;6;117;51, RUE NAVIER;M;4889590;232375;750
2,016E+11;16;12;3;2110;5;2;4;1;6;117;PORTE DES TERNES;M;4888370;228445;750
2,016E+11;16;12;6;1;5;2;7;1;6;117;2, BOULEVARD D AURELLE D;M;4888100;228416;750
2,016E+11;16;12;6;1100;1;2;5;1;3;117;32, BOULEVARD DES BATIGN;M;4888300;232416;750
2,016E+11;16;12;6;1150;1;2;7;1;3;117;16, PLACE DE VERDUN;M;4887930;228062;750
2,016E+11;16;12;7;1800;5;2;2;1;6;117;19, AVENUE MAC MAHON;M;4887670;229447;750
2,016E+11;16;12;8;1115;1;2;1;1;6;117;8, AVENUE DES TERNES;M;4887820;229619;750
2,016E+11;16;12;8;1835;5;2;1;1;6;117;17, AVENUE DE CLICHY;M;4888510;232667;750
2,016E+11;16;12;8;1850;5;2;1;1;6;117;228, RUE DE COURCELLES;M;4888900;229325;750
2,016E+11;16;12;9;1000;1;2;1;1;2;117;BOULEVARD DE COURCELLES;M;4888100;231401;750
2,016E+11;16;12;11;1645;2;2;3;1;6;117;53, RUE LEMERCIER;M;4888750;232212;750
2,016E+11;16;12;12;905;1;2;5;8;6;117;113, BOULEVARD BESSIERES;M;4889510;231566;750
2,016E+11;16;12;12;1850;5;2;5;2;6;117;AVENUE DE LA PORTE D ASN;M;4889180;230158;750
2,016E+11;16;12;13;1640;2;2;1;1;3;117;SOUTERRAIN CHAMPERRET;M;4888780;229518;750
2,016E+11;16;12;13;1745;5;2;1;1;6;117;17, RUE PIERRE REBIERE;M;4889840;232047;750
2,016E+11;16;12;15;850;1;2;3;1;7;117;BOULEVARD D AURELLE DE P;M;4888190;228338;750
2,016E+11;16;12;15;1420;1;2;3;1;6;117;, BOULEVARD DU BOIS LE P;M;4889900;232203;750
2,016E+11;16;12;15;1830;5;2;1;1;6;117;105, RUE DE COURCELLES;M;4888190;230030;750
2,016E+11;16;12;16;915;1;2;2;1;3;117;RUE DE ROME;M;4888400;231848;750
2,016E+11;16;12;19;1750;5;2;5;1;6;117;BOULEVARD BERTHIER;M;4889440;231361;750
2,016E+11;16;12;19;2130;5;2;2;1;6;117;26, RUE BAYEN;M;4888070;229340;750
2,016E+11;16;12;21;1220;1;2;2;1;2;117;25, RUE ALPHONSE DE NEUV;M;4888660;230150;750
2,016E+11;16;12;23;1740;5;2;1;1;3;116;34, AVENUE RAYMOND POINC;M;4886570;228633;750
2,016E+11;16;12;23;1810;5;2;7;1;3;117;98, BOULEVARD DE COURCEL;M;4887910;230309;750
2,016E+11;16;12;24;1135;1;2;2;1;3;117;100, RUE LEGENDRE;M;4888760;232015;750
2,016E+11;16;12;26;1350;1;2;1;1;2;117;08, AVENUE DE LA GRANDE;M;4887450;229259;750
2,016E+11;16;12;27;1655;2;2;2;1;3;117;36, BOULEVARD GOUVION SA;M;4888310;228749;750
2,016E+11;16;12;27;1800;5;2;5;1;3;117;5, PORTE DE CLICHY;M;4889440;231361;750
2,016E+11;16;12;30;1210;1;2;3;1;3;117;173, AVENUE DE CLICHY;M;4889270;231657;750
2,016E+11;16;12;30;1730;5;2;1;1;3;117;100, AVENUE DE VILLIERS;M;4888460;229990;750
2,016E+11;16;12;31;1245;1;2;1;1;2;117;34, AVENUE DE VILLIERS;M;4888230;231205;750
2,016E+11;16;12;31;1815;5;2;1;1;6;117;106, BOULEVARD BESSIERES;M;4889580;231748;750
2,016E+11;16;1;5;1505;1;2;5;1;6;118;RUE DES TROIS FRERES;M;4888400;234141;750
2,016E+11;16;1;5;2300;5;2;2;2;3;118;AVENUE DE LA PORTE DE CL;M;4889930;234409;750
2,016E+11;16;1;12;2350;5;2;2;1;3;118;RUE ORDENER;M;4889120;235160;750
2,016E+11;16;1;14;1030;1;2;2;8;3;118;142, BOULEVARD NEY;M;4889780;233738;750
2,016E+11;16;1;15;1545;1;2;1;1;2;118;129, RUE ORDENER;M;4889300;234122;750
2,016E+11;16;1;15;2000;5;2;3;1;3;118;24, RUE MARX DORMOY;M;4888610;235947;750
2,016E+11;16;1;16;2025;5;2;6;1;3;118;63, RUE RAMEY;M;4889070;234538;750
2,016E+11;16;1;18;1930;5;2;3;1;3;118;25, RUE DU DEPARTEMENT;M;4888580;236495;750
2,016E+11;16;1;19;600;5;2;2;1;3;118;AVENUE DE LA PORTE DE SA;M;4890040;232989;750
2,016E+11;16;1;19;745;1;2;2;1;6;118;126, AVENUE DE SAINT OUE;M;4889550;232827;750
2,016E+11;16;1;20;100;5;2;7;1;3;118;54, BOULEVARD ORNANO;M;4889600;234594;750
2,016E+11;16;1;20;1645;1;2;2;1;2;118;09, RUE JEAN FRANCOIS LE;M;4888600;235658;750
2,016E+11;16;1;20;2100;5;2;3;1;6;118;64, RUE MARX DORMOY;M;4888910;235988;750
2,016E+11;16;1;21;1705;2;2;1;1;3;118;65, BOULEVARD ORNANO;M;4889660;234543;750
2,016E+11;16;1;22;1950;5;2;3;2;7;118;22, BOULEVARD BARBES;M;4888530;234948;750
2,016E+11;16;1;23;225;4;2;3;1;6;118;24, BOULEVARD DE CLICHY;M;4888250;233723;750
2,016E+11;16;1;23;820;1;2;7;2;3;118;--, RUE ORDENER;M;4889250;234429;750
2,016E+11;16;1;24;1500;1;2;3;1;7;118;22, BOULEVARD BARBES;M;4888530;234948;750
2,016E+11;16;1;25;115;5;2;1;1;6;118;PORTE DE LA CHAPELLE;M;4890080;235851;750
2,016E+11;16;1;25;1800;5;2;4;1;3;118;54, BOULEVARD ORNANO;M;4889530;234654;750
2,016E+11;16;1;26;2015;1;2;1;1;7;118;71, RUE ORDENER;M;4889150;235003;750
2,016E+11;16;1;28;520;4;2;3;1;6;118;04, BOULEVARD BARBES;M;4888410;234946;750
2,016E+11;16;1;29;1535;1;2;3;1;6;118;6, AVENUE DE LA PORTE DE;M;4889840;233683;750
2,016E+11;16;1;29;2127;1;2;5;1;6;118;RUE ORDENER;M;4889360;233637;750
2,016E+11;16;1;29;2205;5;2;5;1;6;118;30, AVENUE DE LA PORTE D;M;4890050;234411;750
2,016E+11;16;2;1;1;5;2;2;1;3;118;BOULEVARD NEY;M;4889780;233738;750
2,016E+11;16;2;1;1935;5;2;1;1;3;118;68, BOULEVARD BARBES;M;4888880;234958;750
2,016E+11;16;2;3;830;1;2;3;1;3;118;63, BOULEVARD ORNANO;M;4889640;234560;750
2,016E+11;16;2;3;1920;5;2;2;2;3;118;RUE JEAN HENRI FABRE;M;4890120;233998;750
2,016E+11;16;2;4;1535;1;2;3;8;6;118;64, RUE MARX DORMOY;M;4888910;235988;750
2,016E+11;16;2;4;1730;2;2;1;1;7;118;14, BOULEVARD DE LA CHAP;M;4888450;236370;750
2,016E+11;16;2;4;1915;5;2;1;2;5;118;19, RUE MARX DORMOY;M;4888580;235941;750
2,016E+11;16;2;5;1630;1;2;1;1;3;118;206, RUE CHAMPIONNET;M;4889370;233067;750
2,016E+11;16;2;7;1515;1;2;1;1;6;118;54, BOULEVARD DE CLICHY;M;4888320;233503;750
2,016E+11;16;2;8;1618;1;2;2;1;6;118;26, RUE EUGENE CARRIERE;M;4889070;233333;750
2,016E+11;16;2;9;1050;1;2;3;2;3;117;48, AVENUE DE CLICHY;M;4888630;232612;750
2,016E+11;16;2;9;1745;2;2;1;1;6;118;77, RUE PHILIPPE DE GIRA;M;4888760;236081;750
2,016E+11;16;2;11;930;1;2;1;1;6;118;08, RUE CAULAINCOURT;M;4888520;233041;750
2,016E+11;16;2;11;1200;1;2;4;1;6;118;5, RUE DE SUEZ;M;4888760;235299;750
2,016E+11;16;2;15;1640;1;2;1;1;3;118;5, RUE ORDENER;M;4889030;235900;750
2,016E+11;16;2;16;1720;1;2;6;1;3;118;63BIS, RUE RAMEY;M;4889070;234538;750
2,016E+11;16;2;17;1800;5;2;3;1;6;118;79, RUE DES POISSONNIERS;M;4889150;235170;750
2,016E+11;16;2;18;445;5;2;2;1;6;110;221, RUE DU FAUBOURG SAI;M;4888110;236516;750
2,016E+11;16;2;20;1800;5;2;1;1;6;118;53, RUE MYRHA;M;4888690;235194;750
2,016E+11;16;2;21;2100;5;2;1;1;3;118;47, RUE ORDENER;M;4889100;235254;750
2,016E+11;16;2;24;905;1;2;2;1;3;118;AVENUE DE LA PORTE DES P;M;4889820;235248;750
2,016E+11;16;2;24;1750;1;2;3;2;6;118;77, RUE RIQUET;M;4889010;236126;750
2,016E+11;16;2;26;1050;1;2;7;1;6;118;80, BOULEVARD DE CLICHY;M;4888390;233278;750
2,016E+11;16;2;26;1435;1;2;1;1;4;118;AVENUE DE LA PORTE DE LA;M;4889990;235863;750
2,016E+11;16;2;26;2030;5;2;2;1;3;118;RUE JEAN HENRI FABRE;M;4890130;234410;750
2,016E+11;16;2;27;1800;2;2;1;1;6;118;5, RUE LOUIS PASTEUR VAL;M;4890040;233400;750
2,016E+11;16;2;27;2135;5;2;1;1;3;118;9, RUE LOUIS PASTEUR VAL;M;4890040;233332;750
2,016E+11;16;2;29;1830;5;2;2;1;6;118;40, AVENUE DE CLICHY;M;4888580;232635;750