Num_Acc;an;mois;jour;hrmn;lum;agg;int;atm;col;com;adr;gps;lat;long;dep
2,016E+11;16;3;1;800;1;2;1;1;3;118;215, RUE D AUBERVILLIERS;M;4889830;237028;750
2,016E+11;16;3;1;1820;2;2;4;2;3;118;2, RUE DES POISSONNIERS;M;4888530;234948;750
2,016E+11;16;3;1;2040;5;2;3;2;7;118;26, RUE MARX DORMOY;M;4888610;235947;750
2,016E+11;16;3;1;1950;5;2;3;2;6;118;BOULEVARD BARBES;M;4888410;234946;750
2,016E+11;16;3;2;915;1;2;2;1;7;110;219, RUE DU FAUBOURG SAI;M;4888110;236516;750
2,016E+11;16;3;2;1515;1;2;5;8;6;118;152, RUE DAMREMONT;M;4889680;233848;750
2,016E+11;16;3;3;1903;5;2;2;1;3;118;37, BOULEVARD ORNANO;M;4889460;234710;750
2,016E+11;16;3;4;1400;1;2;2;1;6;118;38, AVENUE DE LA PORTE D;M;4890040;232989;750
2,016E+11;16;3;6;2110;5;2;3;2;3;118;189, RUE ORDENER;M;4889390;233433;750
2,016E+11;16;3;8;1130;1;2;5;1;3;118;88, AVENUE DE SAINT OUEN;M;4889300;232739;750
2,016E+11;16;3;8;1515;1;2;5;1;6;118;86, RUE JOSEPH DE MAISTR;M;4889250;233047;750
2,016E+11;16;3;8;1620;1;2;2;1;6;118;BOULEVARD NEY;M;4889780;233738;750
2,016E+11;16;3;12;1245;1;2;1;1;2;118;109, RUE DAMREMONT;M;4889540;233762;750
2,016E+11;16;3;13;1200;1;2;3;1;6;118;68, BOULEVARD DE LA CHAP;M;4888420;235411;750
2,016E+11;16;3;14;1145;1;2;1;1;6;118;99, RUE DAMREMONT;M;4889470;233712;750
2,016E+11;16;3;17;515;5;2;3;1;4;118;22, RUE DE LA CHAPELLE;M;4889200;235982;750
2,016E+11;16;3;17;2115;5;2;7;1;6;118;14, PLACE DE CLICHY;M;4888370;232810;750
2,016E+11;16;3;17;2330;5;2;3;1;6;118;RUE PIERRE PICARD;M;4888480;234485;750
2,016E+11;16;3;18;2040;5;2;3;1;6;118;52, RUE LEON;M;4889090;235320;750
2,016E+11;16;3;19;2300;5;2;2;1;3;118;71, RUE MARX DORMOY;M;4889020;235989;750
2,016E+11;16;3;20;1905;5;2;3;1;6;118;23, RUE DE LA CHAPELLE;M;4889200;235982;750
2,016E+11;16;3;15;2150;5;2;7;1;3;118;66, BOULEVARD ORNANO;M;4889600;234594;750
2,016E+11;16;3;22;710;1;2;5;1;7;118;104, RUE DOUDEAUVILLE;M;4888840;234799;750
2,016E+11;16;3;22;930;1;2;1;1;3;118;BOULEVARD NEY;M;4889830;234967;750
2,016E+11;16;3;22;1310;1;2;1;1;3;118;52, RUE DE LA CHAPELLE;M;4889390;235951;750
2,016E+11;16;3;22;1800;1;2;1;1;6;118;82, RUE DE LA CHAPELLE;M;4889630;235924;750
2,016E+11;16;3;23;645;1;2;1;1;7;118;80, RUE DE LA CHAPELLE;M;4889610;235925;750
2,016E+11;16;3;24;1150;1;2;2;1;6;118;105, RUE DU MONT CENIS;M;4889430;234536;750
2,016E+11;16;3;25;1550;1;2;1;1;6;118;26, BOULEVARD BARBES;M;4888590;234948;750
2,016E+11;16;3;25;1710;1;2;5;1;3;118;BOULEVARD BARBES;M;4888390;234946;750
2,016E+11;16;3;25;1740;1;2;5;1;6;118;/, RUE CAULAINCOURT;M;4888460;232950;750
2,016E+11;16;3;26;1235;1;2;3;1;6;118;179, RUE MARCADET;M;4889160;233597;750
2,016E+11;16;3;27;45;5;2;3;3;3;118;58, BOULEVARD DE ROCHECH;M;4888320;234528;750
2,016E+11;16;3;27;1930;1;2;3;1;6;118;31, RUE DE L EVANGILE;M;4889430;236597;750
2,016E+11;16;3;30;820;1;2;1;2;7;118;4, RUE CHRISTIANI;M;4888570;234900;750
2,016E+11;16;3;30;1821;1;2;1;2;6;118;77, RUE RIQUET;M;4889010;236120;750
2,016E+11;16;3;31;1000;1;2;1;3;2;118;5, RUE DANCOURT;M;4888310;234178;750
2,016E+11;16;4;1;145;5;2;3;1;2;118;22, RUE DE LA CHAPELLE;M;4889200;235982;750
2,016E+11;16;4;1;1240;1;2;2;1;7;118;83, BOULEVARD ORNANO;M;4889790;234439;750
2,016E+11;16;4;1;2230;5;2;5;1;6;118;86, AVENUE DE SAINT OUEN;M;4889300;232739;750
2,016E+11;16;4;2;2038;2;2;7;2;6;118;66, BOULEVARD ORNANO;M;4889600;234594;750
2,016E+11;16;4;3;30;5;2;1;2;6;118;44, BOULEVARD DE CLICHY;M;4888300;233574;750
2,016E+11;16;4;3;1910;1;2;3;1;3;118;74, RUE RIQUET;M;4888990;236359;750
2,016E+11;16;4;4;1050;1;2;2;1;6;118;23, RUE DOUDEAUVILLE;M;4888870;235605;750
2,016E+11;16;4;4;2015;2;2;4;1;3;118;56, BOULEVARD ORNANO;M;4889540;234643;750
2,016E+11;16;4;4;2055;2;2;7;1;3;118;68, BOULEVARD DE ROCHECH;M;4888300;234434;750
2,016E+11;16;4;6;926;1;2;1;1;7;118;39, AVENUE DE LA PORTE D;M;4889900;234410;750
2,016E+11;16;4;6;1640;1;2;1;1;6;118;45, RUE DE LA CHAPELLE;M;4889380;235954;750
2,016E+11;16;4;6;2200;5;2;1;1;7;118;75, RUE CAULAINCOURT;M;4888950;233689;750
2,016E+11;16;4;9;150;5;2;3;1;6;118;70, RUE MARX DORMOY;M;4888910;235988;750
2,016E+11;16;4;9;1410;1;2;1;8;6;118;68, BOULEVARD BARBES;M;4888880;234958;750
2,016E+11;16;4;10;1745;1;2;1;1;6;118;51, RUE MARX DORMOY;M;4888820;235985;750
2,016E+11;16;4;11;1920;1;2;1;8;6;118;55, RUE DE LA GOUTTE D O;M;4888510;235110;750
2,016E+11;16;4;12;1745;1;2;4;1;6;118;12, AVENUE DE LA PORTE D;M;4889900;233634;750
2,016E+11;16;4;13;615;2;2;1;2;6;118;32, AVENUE DE LA PORTE D;M;4890050;234411;750
2,016E+11;16;4;14;1715;1;2;2;2;6;118;RUE DE LA BARRIERE BLANC;M;4889010;232922;750
2,016E+11;16;4;14;1950;2;2;1;2;2;118;47, RUE PAJOL;M;4888900;236248;750
2,016E+11;16;4;14;2245;5;2;1;1;2;118;RUE CAULAINCOURT;M;4888600;233172;750
2,016E+11;16;4;15;1330;1;2;1;1;3;118;RUE STEPHENSON;M;4889010;235584;750
2,016E+11;16;4;15;1510;1;2;3;3;3;118;, BOULEVARD BARBES;M;4888410;234946;750
2,016E+11;16;4;15;1700;1;2;1;1;2;118;45, RUE DE CLIGNANCOURT;M;4888650;234757;750
2,016E+11;16;4;16;25;5;2;5;1;3;118;54, RUE VAUVENARGUES;M;4889580;233101;750
2,016E+11;16;4;16;310;5;2;4;1;6;118;102, BOULEVARD DE LA CHA;M;4888400;235172;750
2,016E+11;16;4;17;1730;1;2;4;1;3;118;100, BOULEVARD DE LA CHA;M;4888400;235172;750
2,016E+11;16;4;18;1350;1;2;1;1;6;118;120, BOULEVARD DE LA CHA;M;4888390;235046;750
2,016E+11;16;4;19;1640;1;2;3;1;6;118;36, RUE MARX DORMOY;M;4888680;235963;750
2,016E+11;16;4;21;915;1;2;5;1;2;118;240, RUE CHAMPIONNET;M;4889300;232739;750
2,016E+11;16;4;23;1750;1;2;5;1;2;118;31, BOULEVARD BARBES;M;4888730;234955;750
2,016E+11;16;4;26;1000;1;2;2;1;6;118;11, RUE FRANCIS DE CROIS;M;4889930;234409;750
2,016E+11;16;4;27;1620;1;2;1;1;6;118;80, RUE DOUDEAUVILLE;M;4888830;235103;750
2,016E+11;16;4;29;520;5;2;5;1;3;118;PORTE DE LA CHAPELLE;M;4889840;235906;750
2,016E+11;16;4;29;1040;1;2;5;1;2;118;BOULEVARD BARBES;M;4888730;234955;750
2,016E+11;16;4;29;1120;1;2;1;1;6;118;2, RUE STEPHENSON;M;4888540;235670;750
2,016E+11;16;4;28;1945;1;2;5;1;6;118;RUE JOSEPH DE MAISTRE;M;4888660;233262;750
2,016E+11;16;5;2;1355;1;2;7;1;3;118;/, RUE DE LA CHAPELLE;M;4889520;235957;750
2,016E+11;16;5;2;1719;1;2;7;1;3;118;/, RUE DE LA CHAPELLE;M;4889520;235957;750
2,016E+11;16;5;3;1130;1;2;2;1;6;118;42, RUE DU CHEVALIER DE;M;4888700;234246;750
2,016E+11;16;5;3;1108;1;2;5;1;6;118;RUE BOINOD;M;4889510;235291;750
2,016E+11;16;5;3;1400;1;2;5;1;2;118;RUE MARCADET;M;4889040;234845;750
2,016E+11;16;5;4;50;5;2;4;1;3;118;48, AVENUE DE SAINT OUEN;M;4889040;232656;750
2,016E+11;16;5;5;1105;1;2;2;1;7;118;71, RUE BELLIARD;M;4889720;234229;750
2,016E+11;16;5;5;1850;1;2;1;1;3;118;32, RUE DAMREMONT;M;4888910;233341;750
2,016E+11;16;5;5;2030;1;2;3;1;3;118;SIS 56, BOULEVARD DE ROC;M;4888320;234528;750
2,016E+11;16;5;6;1700;1;2;4;1;6;118;43, RUE DU DEPARTEMENT;M;4888620;236313;750
2,016E+11;16;5;7;1508;1;2;4;1;3;118;123, BOULEVARD NEY;M;4889770;233331;750
2,016E+11;16;5;9;900;1;2;1;1;6;118;BOULEVARD PERIPHERIQUE;M;4890100;234345;750
2,016E+11;16;5;9;1740;1;2;2;1;6;118;BOULEVARD ORNANO;M;4889460;234710;750
2,016E+11;16;5;10;1530;1;2;1;2;6;118;50, RUE MARX DORMOY;M;4888770;235982;750
2,016E+11;16;5;10;1607;1;2;5;3;6;118;1, RUE CAULAINCOURT;M;4888460;232950;750
2,016E+11;16;5;11;1610;1;2;1;2;6;118;236, RUE CHAMPIONNET;M;4889330;232857;750
2,016E+11;16;5;11;2210;5;2;3;1;3;118;70, RUE ORDENER;M;4889220;234627;750
2,016E+11;16;5;9;1210;1;2;4;1;3;118;15, BOULEVARD BARBES;M;4888550;234946;750
2,016E+11;16;5;13;2200;5;2;1;1;6;118;65, BOULEVARD BARBES;M;4889020;234959;750
2,016E+11;16;5;14;1950;1;2;3;1;1;118;11, RUE DE CLIGNANCOURT;M;4888460;234717;750
2,016E+11;16;5;16;1125;1;2;3;1;3;118;24, BOULEVARD DE ROCHECH;M;4888370;234824;750
2,016E+11;16;5;16;2010;1;2;3;1;3;118;43, AVENUE DE SAINT OUEN;M;4889040;232656;750
2,016E+11;16;5;17;2028;2;2;3;1;6;118;9, RUE ORDENER;M;4889030;235828;750
2,016E+11;16;5;18;2205;5;2;2;3;6;118;47, AVENUE DE LA PORTE D;M;4889800;234414;750
2,016E+11;16;5;20;545;2;2;7;1;6;118;3, RUE MARX DORMOY;M;4888480;235932;750
2,016E+11;16;5;20;1600;1;2;5;1;3;118;BOULEVARD ORNANO;M;4889150;234962;750
2,016E+11;16;5;20;2030;2;2;2;1;6;118;75, RUE DE LA CHAPELLE;M;4889710;235918;750
2,016E+11;16;5;21;130;5;2;4;1;6;118;6, RUE DE PANAMA;M;4888760;235299;750
2,016E+11;16;5;23;1305;1;2;1;2;2;118;5, RUE CAULAINCOURT;M;4888510;233026;750
2,016E+11;16;5;25;805;1;2;7;1;6;118;111, RUE ORDENER;M;4889240;234497;750
2,016E+11;16;5;26;1730;1;2;1;1;6;118;79, BOULEVARD ORNANO;M;4889730;234486;750
2,016E+11;16;5;26;1705;1;2;2;1;3;118;0, RUE ORDENER;M;4889360;233637;750
2,016E+11;16;5;26;2218;5;2;2;1;6;118;PORTE DE CLIGNANCOURT;M;4890050;234411;750
2,016E+11;16;5;27;1900;1;2;4;1;3;118;144, AVENUE DE LA PORTE;M;4889700;232876;750
2,016E+11;16;5;28;1112;1;2;1;1;2;118;AVENUE DE LA PORTE DE LA;M;4890000;235862;750
2,016E+11;16;5;29;1825;1;2;1;1;3;118;15, RUE LEPIC;M;4888490;233376;750
2,016E+11;16;5;29;2045;2;2;1;3;7;118;RUE STEPHENSON;M;4888940;235590;750
2,016E+11;16;5;29;516;2;2;2;8;3;118;BOULEVARD NEY;M;4889820;235248;750
2,016E+11;16;5;30;1145;1;2;2;3;6;118;62, RUE DE LA CHAPELLE;M;4889510;235934;750
2,016E+11;16;5;31;850;1;2;5;3;3;118;/, RUE RAMEY;M;4888890;234647;750
2,016E+11;16;6;2;1825;1;2;1;1;3;118;58, RUE RAMEY;M;4889130;234501;750
2,016E+11;16;6;2;2045;2;2;1;1;6;118;RUE JEAN HENRI FABRE;M;4890130;234295;750
2,016E+11;16;6;3;1010;1;2;2;1;6;118;18, RUE GANNERON;M;4888670;232774;750
2,016E+11;16;6;3;1150;1;2;5;1;6;118;71, RUE ORDENER;M;4889150;234962;750
2,016E+11;16;6;3;1735;1;2;1;1;6;118;13, RUE ORDENER;M;4889030;235796;750
2,016E+11;16;6;5;30;5;2;4;2;6;118;BOULEVARD ORNANO;M;4889540;234643;750
2,016E+11;16;6;6;850;1;2;1;1;6;118;RUE ORDENER;M;4889060;235478;750
2,016E+11;16;6;6;2000;1;2;3;1;6;118;3, RUE DE SOFIA;M;4888450;234948;750
2,016E+11;16;6;7;1700;1;2;7;1;6;118;28, BOULEVARD DE ROCHECH;M;4888350;234695;750
2,016E+11;16;6;8;1925;1;2;4;1;6;118;100, RUE DU POTEAU;M;4889730;233798;750
2,016E+11;16;6;9;1000;1;2;5;1;3;118;73, RUE ORDENER;M;4889150;234962;750
2,016E+11;16;6;9;1700;1;2;3;1;3;118;132, AVENUE DE SAINT OUE;M;4889590;232837;750
2,016E+11;16;6;10;1745;1;2;2;1;6;118;28, RUE LEON;M;4888850;235354;750
2,016E+11;16;6;12;1900;1;2;1;2;6;118;7, BOULEVARD BARBES;M;4888480;234948;750
2,016E+11;16;6;13;2045;2;2;3;1;6;119;RUE DE L OURCQ;M;4888830;238430;750
2,016E+11;16;6;14;625;1;2;1;1;6;118;104, RUE ORDENER;M;4889300;234103;750
2,016E+11;16;6;14;1530;1;2;1;1;6;118;50, RUE MARX DORMOY;M;4888770;235982;750
2,016E+11;16;6;16;1615;1;2;2;2;1;118;48, BOULEVARD BARBES;M;4888730;234955;750
2,016E+11;16;6;17;1845;1;2;3;2;6;118;8, BOULEVARD BARBES;M;4888420;234946;750
2,016E+11;16;6;18;1645;1;2;1;2;7;118;88, BOULEVARD DE LA CHAP;M;4888410;235346;750
2,016E+11;16;6;19;2010;1;2;1;1;6;118;16, BOULEVARD DE LA CHAP;M;4888450;236354;750
2,016E+11;16;6;21;1400;1;2;1;1;2;118;PORTE DE LA CHAPELLE;M;4889970;235864;750
2,016E+11;16;6;23;2230;5;2;3;1;6;118;AVENUE DE SAINT OUEN;M;4888800;232573;750
2,016E+11;16;6;24;1140;1;2;2;1;3;118;BOULEVARD NEY;M;4889770;232901;750
2,016E+11;16;6;25;1755;1;2;1;1;7;118;17, RUE BERNARD DIMEY;M;4889690;233077;750
2,016E+11;16;6;26;150;5;2;1;1;6;118;42, BOULEVARD DE ROCHECH;M;4888340;234652;750
2,016E+11;16;6;26;705;1;2;3;1;1;118;04, BOULEVARD BARBES;M;4888410;234946;750
2,016E+11;16;6;28;945;1;2;3;1;3;118;5, AVENUE DE LA PORTE DE;M;4889840;233683;750
2,016E+11;16;6;28;2125;2;2;3;1;7;118;96, BOULEVARD NEY;M;4889810;234623;750
2,016E+11;16;6;29;1500;1;2;1;1;6;118;53, RUE LAMARCK;M;4888990;233896;750
2,016E+11;16;6;30;1230;1;2;1;1;3;118;51 BIS, RUE MARX DORMOY;M;4888820;235985;750
2,016E+11;16;7;1;1245;1;2;3;1;3;118;36, RUE STEPHENSON;M;4888730;235633;750
2,016E+11;16;7;1;1330;1;2;2;1;6;118;32, BOULEVARD DE LA CHAP;M;4888450;236144;750
2,016E+11;16;7;2;2345;1;2;2;1;3;118;RUE ORDENER;M;4889310;234019;750
2,016E+11;16;7;3;240;5;2;1;1;6;118;82, BOULEVARD BARBES;M;4889020;234959;750
2,016E+11;16;7;3;1900;1;2;5;2;3;118;111, BOULEVARD NEY;M;4889780;233532;750
2,016E+11;16;7;5;1258;1;2;5;1;6;118;RUE DAMREMONT;M;4889360;233637;750
2,016E+11;16;7;5;2110;2;2;3;1;3;118;50, RUE DU MONT CENIS;M;4889020;234328;750
2,016E+11;16;7;6;1455;1;2;5;1;6;118;44, RUE ORDENER;M;4889150;234962;750
2,016E+11;16;7;6;1835;1;2;1;1;3;118;98, RUE DAMREMONT;M;4889320;233603;750
2,016E+11;16;7;6;2205;5;2;1;1;6;118;23, BOULEVARD BARBES;M;4888620;234951;750
2,016E+11;16;7;7;55;5;2;1;1;6;118;32, RUE DE LA CHAPELLE;M;4889250;235973;750
2,016E+11;16;7;7;1845;1;2;1;1;3;118;104, BOULEVARD NEY;M;4889800;234330;750
2,016E+11;16;7;7;1830;1;2;1;1;6;118;04, AVENUE DE LA PORTE D;M;4889840;234412;750
2,016E+11;16;7;7;1720;1;2;2;1;3;118;RUE HERMEL;M;4889170;234460;750
2,016E+11;16;7;8;1650;1;2;5;1;6;118;30, AVENUE DE LA PORTE D;M;4890050;234411;750
2,016E+11;16;7;9;1830;1;2;2;1;3;118;RUE DUC;M;4889180;234392;750
2,016E+11;16;7;10;650;1;2;2;1;3;118;RUE JEAN COTTIN;M;4889330;236139;750
2,016E+11;16;7;10;1330;1;2;2;1;2;118;110, RUE ORDENER;M;4889310;234019;750
2,016E+11;16;7;11;1230;1;2;1;1;6;118;22, RUE DE L EVANGILE;M;4889280;236295;750
2,016E+11;16;7;11;1140;1;2;2;1;6;118;30, BOULEVARD DE LA CHAP;M;4888450;236144;750
2,016E+11;16;7;12;2100;1;2;1;1;3;110;3, BOULEVARD DE LA CHAPE;M;4888430;236412;750
2,016E+11;16;7;13;100;5;2;2;2;3;118;53, RUE ORDENER;M;4889120;235160;750
2,016E+11;16;7;13;1520;1;2;7;1;6;118;79, RUE DU MONT CENIS;M;4889250;234429;750
2,016E+11;16;7;16;100;5;2;4;1;2;118;AVENUE DE LA PORTE DE LA;M;4889870;235905;750
2,016E+11;16;7;16;2100;1;2;2;1;3;118;170, BOULEVARD NEY;M;4889770;232901;750
2,016E+11;16;7;17;700;1;2;1;1;6;118;100, BOULEVARD NEY;M;4889810;234476;750
2,016E+11;16;7;18;1900;1;2;2;1;3;118;40, AVENUE DE CLICHY;M;4888580;232635;750
2,016E+11;16;7;19;1915;1;2;2;1;6;118;AVENUE DE SAINT OUEN;M;4889500;232806;750
2,016E+11;16;7;20;1442;1;2;2;1;3;118;RUE DU POTEAU;M;4889640;233889;750
2,016E+11;16;7;22;1549;1;2;3;1;2;118;107, RUE ORDENER;M;4889220;234608;750
2,016E+11;16;7;23;230;5;2;2;1;6;118;RUE LAMARCK;M;4889070;233333;750
2,016E+11;16;7;23;1200;1;2;2;1;3;118;212, RUE MARCADET;M;4889190;233349;750
2,016E+11;16;7;25;1215;1;2;1;1;6;118;128 BIS, BOULEVARD DE CL;M;4888450;232911;750
2,016E+11;16;7;26;905;1;2;3;1;6;118;2, RUE SAINTE ISAURE;M;4889270;234383;750
2,016E+11;16;7;30;945;1;2;1;1;2;118;65, BOULEVARD ORNANO;M;4889660;234545;750
2,016E+11;16;8;2;300;5;2;5;2;3;118;BOULEVARD DE LA CHAPELLE;M;4888450;235932;750
2,016E+11;16;8;2;915;1;2;3;2;7;118;18, RUE MARX DORMOY;M;4888610;235947;750
2,016E+11;16;8;3;920;1;2;1;8;7;118;BOULEVARD PERIPHERIQUE E;M;4890080;236799;750
2,016E+11;16;8;3;2005;1;2;2;1;6;118;16, RUE STEPHENSON;M;4888600;235658;750
2,016E+11;16;8;3;2330;5;2;1;1;6;118;15, RUE DE LA CHAPELLE;M;4889130;235983;750
2,016E+11;16;8;4;1510;1;2;5;1;3;118;, RUE CHAMPIONNET;M;4889580;234135;750
2,016E+11;16;8;6;805;1;2;2;1;7;118;5, RUE DUC;M;4889180;234392;750
2,016E+11;16;8;6;1730;1;2;1;1;6;118;30/32, AVENUE DE LA PORT;M;4889950;232959;750
2,016E+11;16;8;8;1900;1;2;3;1;3;118;RUE DE SOFIA;M;4888500;234726;750
2,016E+11;16;8;8;2010;2;2;1;1;6;118;51B, RUE MARX DORMOY;M;4888820;235985;750
2,016E+11;16;8;10;845;1;2;2;1;6;118;49, RUE STEPHENSON;M;4888870;235605;750
2,016E+11;16;8;10;1055;1;2;3;1;6;118;7, BOULEVARD BARBES;M;4888450;234948;750
2,016E+11;16;8;16;855;1;2;3;7;3;118;123, BOULEVARD NEY;M;4889770;233331;750
2,016E+11;16;8;16;1230;1;2;7;1;6;118;2, PLACE ALBERT KAHN;M;4889560;234626;750
2,016E+11;16;8;17;1000;1;2;4;1;3;118;/, BOULEVARD ORNANO;M;4889530;234654;750
2,016E+11;16;8;18;455;5;2;4;2;2;118;/, BOULEVARD PERIPHERIQU;M;4890090;236398;750
2,016E+11;16;8;20;1955;1;2;1;1;6;118;6, RUE ORDENER;M;4889030;235900;750
2,016E+11;16;8;20;2200;5;2;1;2;6;118;2, RUE CAULAINCOURT;M;4888490;232986;750
2,016E+11;16;8;23;850;1;2;5;1;6;118;/, RUE BELLIARD;M;4889750;234456;750
2,016E+11;16;8;25;1800;1;2;2;1;2;118;BOULEVARD BARBES;M;4888390;234946;750
2,016E+11;16;8;31;1500;1;2;5;1;3;118;58, RUE CUSTINE;M;4888980;234293;750
2,016E+11;16;9;1;925;1;2;3;1;6;118;/, RUE BERVIC;M;4888410;234946;750
2,016E+11;16;9;4;700;1;2;2;1;6;118;/, AVENUE DE LA PORTE DE;M;4890130;234410;750
2,016E+11;16;9;4;2150;5;2;2;2;6;118;26, RUE ORDENER;M;4889090;235320;750
2,016E+11;16;9;5;830;1;2;2;2;6;118;136, RUE ORDENER;M;4889340;233826;750
2,016E+11;16;9;7;1430;1;2;5;1;6;118;RUE BOINOD;M;4889510;235291;750
2,016E+11;16;9;7;1840;1;2;5;1;2;118;AVENUE DE LA PORTE DE CL;M;4889800;234414;750
2,016E+11;16;9;7;1900;1;2;2;1;6;117;1, AVENUE DE LA PORTE DE;M;4889770;232901;750
2,016E+11;16;9;8;1744;1;2;1;1;6;118;79, RUE MYRHA;M;4888650;234899;750
2,016E+11;16;9;9;1230;1;2;3;1;6;118;13, RUE DE CLIGNANCOURT;M;4888460;234717;750
2,016E+11;16;9;9;1550;1;2;1;1;3;118;4, AVENUE DE LA PORTE DE;M;4889840;234412;750
2,016E+11;16;9;9;1545;1;2;1;1;6;118;26, RUE FIRMIN GEMIER;M;4889550;233079;750
2,016E+11;16;9;9;1705;1;2;2;1;6;118;42, BOULEVARD DE ROCHECH;M;4888350;234695;750
2,016E+11;16;9;10;1;5;2;2;1;3;118;44, RUE CHAMPIONNET;M;4889560;234829;750
2,016E+11;16;9;11;830;2;2;4;1;6;118;AVENUE DE SAINT OUEN;M;4889540;232824;750
2,016E+11;16;9;12;1040;1;2;3;1;6;118;70, BOULEVARD ORNANO;M;4889640;234560;750
2,016E+11;16;9;16;1130;1;2;2;1;6;118;42, BOULEVARD ORNANO;M;4889460;234710;750
2,016E+11;16;9;16;1640;1;2;3;1;7;118;74, RUE RIQUET;M;4888990;236359;750
2,016E+11;16;9;17;1830;2;2;4;1;3;118;AVENUE DE LA PORTE D AUB;M;4890040;237020;750
2,016E+11;16;9;18;2045;5;2;1;2;6;118;AVENUE DE LA PORTE DE CL;M;4889860;234412;750
2,016E+11;16;9;19;1655;1;2;3;1;2;117;AVENUE DE SAINT OUEN;M;4889580;232833;750
2,016E+11;16;9;22;835;1;2;4;1;3;118;43, BOULEVARD ORNANO;M;4889530;234654;750
2,016E+11;16;9;22;1720;1;2;2;1;3;118;107, RUE DAMREMONT;M;4889530;233754;750
2,016E+11;16;9;26;850;1;2;1;1;6;118;117, RUE BELLIARD;M;4889660;233712;750
2,016E+11;16;9;26;1805;1;2;1;1;3;118;66, BOULEVARD NEY;M;4889850;235660;750
2,016E+11;16;9;27;845;1;2;3;1;6;118;7, BOULEVARD BARBES;M;4888450;234948;750
2,016E+11;16;9;27;945;1;2;2;1;6;118;RUE MARCADET;M;4889030;235331;750
2,016E+11;16;9;29;1340;1;2;2;1;3;118;RUE PHILIPPE DE GIRARD;M;4888610;236113;750
2,016E+11;16;9;29;1530;1;2;2;1;6;118;BOULEVARD DE LA CHAPELLE;M;4888450;235932;750
2,016E+11;16;9;30;1615;1;2;4;1;6;118;4, RUE EUGENE CARRIERE;M;4888920;233222;750
2,016E+11;16;10;1;125;5;2;1;2;2;118;64, RUE MARX DORMOY;M;4888890;235987;750
2,016E+11;16;10;2;2344;5;2;5;1;3;118;AVENUE DE LA PORTE DE SA;M;4889300;232739;750
2,016E+11;16;10;3;630;5;2;2;1;6;118;17, RUE DUC;M;4889230;234234;750
2,016E+11;16;10;4;1945;2;2;1;1;3;118;49, RUE PAJOL;M;4888920;236259;750
2,016E+11;16;10;6;30;5;2;2;1;3;118;20, BOULEVARD DE CLICHY;M;4888240;233791;750
2,016E+11;16;10;6;5;5;2;1;1;6;118;04, BOULEVARD NEY;M;4889870;236980;750
2,016E+11;16;10;7;635;5;2;2;1;2;118;AVENUE DE LA PORTE DE LA;M;4889870;235905;750
2,016E+11;16;10;9;1835;2;2;3;1;3;118;5, BOULEVARD BARBES;M;4888420;234946;750
2,016E+11;16;10;10;1140;1;2;4;1;6;118;146, AVENUE DE LA PORTE;M;4889700;232876;750
2,016E+11;16;10;10;1540;1;2;2;1;6;118;63 BIS, RUE DAMREMONT;M;4889170;233496;750
2,016E+11;16;10;11;1030;1;2;2;1;6;118;35, RUE LAMARCK;M;4888930;234180;750
2,016E+11;16;10;11;1550;1;2;1;1;6;118;68, BOULEVARD BARBES;M;4888880;234958;750
2,016E+11;16;10;12;1156;1;2;3;1;6;118;12, RUE DES PORTES BLANC;M;4889180;234980;750
2,016E+11;16;10;13;1220;1;2;3;1;7;118;7, BOULEVARD BARBES;M;4888450;234948;750
2,016E+11;16;10;13;1300;1;2;1;1;4;118;10, RUE CAULAINCOURT;M;4888620;233190;750
2,016E+11;16;10;13;2210;5;2;3;2;2;118;12, RUE CUGNOT;M;4889170;236544;750
2,016E+11;16;10;14;720;2;2;3;1;6;118;106, BOULEVARD DE LA CHA;M;4888400;235126;750
2,016E+11;16;10;14;2030;5;2;1;2;6;118;51, BOULEVARD BARBES;M;4888900;234958;750
2,016E+11;16;10;14;2115;2;2;2;2;3;118;42, BOULEVARD ORNANO;M;4889460;234710;750
2,016E+11;16;10;15;1750;1;2;4;1;3;118;58, BOULEVARD DE ROCHECH;M;4888320;234528;750
2,016E+11;16;10;16;5;5;2;1;1;6;118;21, RUE CUSTINE;M;4888860;234718;750
2,016E+11;16;10;16;1730;1;2;7;1;6;118;/, RUE DE LA CHAPELLE;M;4889020;236022;750
2,016E+11;16;10;17;1500;1;2;2;1;6;118;AVENUE DE LA PORTE DE CL;M;4889930;234409;750
2,016E+11;16;10;19;1045;1;2;2;1;6;118;78, BOULEVARD NEY;M;4889850;235243;750
2,016E+11;16;10;20;807;1;2;5;2;3;110;RUE LOUIS BLANC;M;4888430;235932;750