Num_Acc;an;mois;jour;hrmn;lum;agg;int;atm;col;com;adr;gps;lat;long;dep
2,016E+11;16;10;20;1325;1;2;3;2;3;118;27, RUE DU DEPARTEMENT;M;4888580;236495;750
2,016E+11;16;10;20;1440;1;2;3;2;6;118;52, RUE DU SIMPLON;M;4889460;234710;750
2,016E+11;16;10;20;1500;1;2;3;2;3;118;AVENUE DE LA PORTE DES P;M;4889960;235229;750
2,016E+11;16;10;21;1302;1;2;4;8;6;118;36, BOULEVARD ORNANO;M;4889360;234791;750
2,016E+11;16;10;22;1230;1;2;1;1;6;118;BOULEVARD BARBES;M;4888620;234951;750
2,016E+11;16;10;23;240;5;2;5;1;3;112;AVENUE DAUMESNIL   SAINT;M;4883410;241066;750
2,016E+11;16;10;25;1900;5;2;2;1;7;118;135, RUE ORDENER;M;4889310;234019;750
2,016E+11;16;10;26;910;1;2;1;1;3;118;130, BOULEVARD DE CLICHY;M;4888440;232893;750
2,016E+11;16;10;26;1720;1;2;4;1;6;118;42, RUE DE LA CHARBONNIE;M;4888400;235172;750
2,016E+11;16;10;27;135;5;2;6;8;6;118;AVENUE DE LA PORTE D AUB;M;4890140;237016;750
2,016E+11;16;10;27;556;5;2;2;5;6;118;AVENUE DE LA PORTE DE CL;M;4890050;234411;750
2,016E+11;16;10;28;940;1;2;2;1;3;118;17, RUE CAULAINCOURT;M;4888750;233331;750
2,016E+11;16;10;29;109;5;2;2;1;3;118;AVENUE DE LA PORTE DE CL;M;4890130;234410;750
2,016E+11;16;10;30;400;5;2;3;1;6;118;24, RUE ORDENER;M;4889090;235320;750
2,016E+11;16;10;30;1830;2;2;1;1;1;118;RUE ORDENER;M;4889030;235719;750
2,016E+11;16;11;1;1900;5;2;2;1;6;118;56, RUE MARCADET;M;4889050;234958;750
2,016E+11;16;11;2;1515;1;2;2;1;3;118;44, RUE CHAMPIONNET;M;4889560;234829;750
2,016E+11;16;11;4;1341;1;2;1;2;6;118;04, PLACE CONSTANTIN PEC;M;4888920;233825;750
2,016E+11;16;11;4;2320;5;2;1;2;6;118;AVENUE DE LA PORTE DE CL;M;4890010;234411;750
2,016E+11;16;11;9;740;5;2;1;3;6;118;30, AVENUE DE LA PORTE D;M;4889990;234410;750
2,016E+11;16;11;9;1030;1;2;3;3;3;118;5, BOULEVARD BARBES;M;4888420;234946;750
2,016E+11;16;11;9;1920;4;2;7;2;6;118;21, RUE DE L EVANGILE;M;4889310;236334;750
2,016E+11;16;11;11;1825;5;2;1;1;6;118;12, RUE CARPEAUX;M;4889150;233257;750
2,016E+11;16;11;11;1840;1;2;2;1;6;118;02, BOULEVARD NEY;M;4889870;237027;750
2,016E+11;16;11;9;1930;5;2;1;3;6;118;10, AVENUE DE CLICHY;M;4888430;232707;750
2,016E+11;16;11;12;1600;1;2;1;2;2;118;6, AVENUE DE LA PORTE DE;M;4889900;235237;750
2,016E+11;16;11;12;2320;5;2;5;2;6;118;RUE CAULAINCOURT;M;4888660;233262;750
2,016E+11;16;11;16;1515;1;2;2;8;3;118;18, RUE LEIBNIZ;M;4889670;233622;750
2,016E+11;16;11;16;1725;2;2;2;1;6;118;1, PORTE DE LA CHAPELLE;M;4889870;235905;750
2,016E+11;16;11;17;1640;1;2;1;1;6;118;RUE DE LA CHAPELLE;M;4889740;235914;750
2,016E+11;16;11;20;45;5;2;5;2;3;118;RUE DU POTEAU;M;4889680;233848;750
2,016E+11;16;11;21;1550;1;2;2;8;6;118;40, AVENUE DE CLICHY;M;4888580;232635;750
2,016E+11;16;11;22;710;5;2;3;1;6;118;106, RUE CAULAINCOURT;M;4888970;234014;750
2,016E+11;16;11;22;1700;1;2;1;1;6;118;57, BOULEVARD NEY;M;4889790;234045;750
2,016E+11;16;11;23;1740;2;2;5;1;2;118;RUE CAULAINCOURT;M;4888460;232950;750
2,016E+11;16;11;26;1120;1;2;5;1;3;118;44, RUE ORDENER;M;4889150;234962;750
2,016E+11;16;11;27;230;5;2;7;1;3;118;RUE ORDENER;M;4889250;234429;750
2,016E+11;16;11;27;400;5;2;4;1;2;118;12, RUE DE LA CHAPELLE;M;4889080;235987;750
2,016E+11;16;11;27;1855;5;2;4;1;6;118;147, BOULEVARD NEY;M;4889750;232936;750
2,016E+11;16;11;28;1800;5;2;1;1;3;118;18-20, BOULEVARD DE LA C;M;4888450;236263;750
2,016E+11;16;11;29;1100;1;2;3;1;6;118;RUE JEAN FRANCOIS LEPINE;M;4888610;235947;750
2,016E+11;16;11;29;2040;5;2;1;1;6;118;70, BOULEVARD NEY;M;4889840;235629;750
2,016E+11;16;11;30;1630;2;2;1;9;6;118;85, RUE BELLIARD;M;4889710;234092;750
2,016E+11;16;11;30;1830;2;2;1;1;3;118;52, BOULEVARD ORNANO;M;4889500;234674;750
2,016E+11;16;12;2;1015;1;2;5;8;3;118;BOULEVARD NEY;M;4889850;235243;750
2,016E+11;16;12;3;2201;5;2;3;1;6;118;BOULEVARD DE ROCHECHOUAR;M;4888290;234384;750
2,016E+11;16;12;4;1625;1;2;7;1;2;119;PLACE SKANDERBEG;M;4890040;237020;750
2,016E+11;16;12;5;1828;5;2;4;1;6;118;BOULEVARD ORNANO;M;4889740;234481;750
2,016E+11;16;12;5;835;1;2;1;1;6;118;238, RUE CHAMPIONNET;M;4889320;232824;750
2,016E+11;16;12;8;1630;1;2;1;1;3;118;AVENUE DE LA PORTE DE CL;M;4890040;234411;750
2,016E+11;16;12;9;1450;1;2;3;1;3;118;RUE ETEX;M;4889030;232880;750
2,016E+11;16;12;9;1830;5;2;1;1;6;118;20, BOULEVARD DE CLICHY;M;4888250;233762;750
2,016E+11;16;12;11;1510;1;2;2;1;6;118;15, RUE MARC SEGUIN;M;4889190;236333;750
2,016E+11;16;12;12;1800;5;2;2;2;6;118;16, RUE STEPHENSON;M;4888600;235658;750
2,016E+11;16;12;13;1420;1;2;1;1;7;118;145, RUE DES POISSONNIER;M;4889610;235285;750
2,016E+11;16;12;14;1520;1;2;1;1;3;118;132, BD DE CLICHY;M;4888420;232867;750
2,016E+11;16;12;15;2000;5;2;2;1;6;118;BOULEVARD NEY;M;4889870;237027;750
2,016E+11;16;12;17;1330;1;2;1;1;6;118;8, RUE FIRMIN GEMIER;M;4889480;233024;750
2,016E+11;16;12;20;1630;2;2;3;1;6;118;25, RUE ORDENER;M;4889060;235453;750
2,016E+11;16;12;21;900;1;2;3;1;3;118;56, BOULEVARD ORNANO;M;4889540;234643;750
2,016E+11;16;12;21;2230;5;2;3;2;6;118;4, BOULEVARD BARBES;M;4888410;234946;750
2,016E+11;16;12;22;1600;1;2;2;2;6;118;1, RUE CHRISTIANI;M;4888550;234946;750
2,016E+11;16;12;23;1950;5;2;2;1;3;118;BOULEVARD BARBES;M;4889150;234962;750
2,016E+11;16;12;24;930;1;2;4;1;2;118;AVENUE DE LA PORTE DE LA;M;4889870;235905;750
2,016E+11;16;12;24;1305;1;2;4;8;6;118;12, AVENUE DE LA PORTE D;M;4889900;233634;750
2,016E+11;16;12;25;1238;1;2;3;1;3;118;AVENUE DE LA PORTE DE MO;M;4890050;233547;750
2,016E+11;16;12;25;1810;2;2;5;1;7;118;AVENUE DE LA PORTE DE CL;M;4890050;234411;750
2,016E+11;16;12;26;1240;1;2;2;2;3;118;30, RUE CAULAINCOURT;M;4888790;233365;750
2,016E+11;16;12;26;1630;1;2;2;1;2;118;15, RUE DES CLOYS;M;4889270;234008;750
2,016E+11;16;12;29;1030;1;2;3;1;6;118;111, BOULEVARD NEY;M;4889770;233453;750
2,016E+11;16;12;30;2240;5;2;1;1;3;118;6, RUE ORDENER;M;4889030;235882;750
2,016E+11;16;1;2;1;5;2;7;2;7;119;00, PLACE AUGUSTE BARON;M;4890120;238942;750
2,016E+11;16;1;5;15;5;2;5;1;3;110;192, BOULEVARD DE LA VIL;M;4888230;237002;750
2,016E+11;16;1;5;710;5;2;2;2;3;119;176, AVENUE JEAN JAURES;M;4888780;238925;750
2,016E+11;16;1;6;1400;1;2;2;1;3;119;RUE DE CRIMEE;M;4887950;238953;750
2,016E+11;16;1;7;755;5;2;4;2;6;119;S75319, BOULEVARD D INDO;M;4888590;239655;750
2,016E+11;16;1;7;1520;1;2;7;1;6;119;PLACE DE LA BATAILLE DE;M;4888410;236886;750
2,016E+11;16;1;7;1840;5;2;2;1;6;119;16, RUE CAVENDISH;M;4888260;238033;750
2,016E+11;16;1;8;220;5;2;2;1;6;119;AVENUE SIMON BOLIVAR;M;4887840;237423;750
2,016E+11;16;1;8;1430;1;2;4;1;6;119;186, AVENUE JEAN JAURES;M;4888840;239062;750
2,016E+11;16;1;9;1148;1;2;4;1;1;119;PLACE DE LA PORTE DE PAN;M;4888930;239683;750
2,016E+11;16;1;11;1120;1;2;1;2;6;119;21, PASSAGE WATTIEAUX;M;4889440;237451;750
2,016E+11;16;1;13;1240;1;2;2;8;6;119;13, AVENUE CORENTIN CARI;M;4889600;238346;750
2,016E+11;16;1;14;1000;1;2;2;3;6;119;RUE ALEXANDER FLEMING;M;4888200;240247;750
2,016E+11;16;1;14;1805;2;2;1;2;4;119;03, AVENUE SECRETAN;M;4888230;237081;750
2,016E+11;16;1;15;1250;1;2;5;1;3;119;46, RUE RIQUET;M;4888930;237125;750
2,016E+11;16;1;19;1628;1;2;3;8;6;119;BOULEVARD MACDONALD;M;4889710;239222;750
2,016E+11;16;1;21;1100;1;2;2;1;6;119;155, RUE DE CRIMEE;M;4888790;237992;750
2,016E+11;16;1;22;1010;1;2;6;1;2;119;8, PLACE DU COLONEL FABI;M;4887830;237062;750
2,016E+11;16;1;22;1300;1;2;1;1;3;119;221, AVENUE JEAN JAURES;M;4888920;239387;750
2,016E+11;16;1;22;2015;5;2;5;1;6;119;121, AVENUE JEAN JAURES;M;4888590;238220;750
2,016E+11;16;1;26;840;1;2;1;1;3;119;BOULEVARD SERURIER;M;4889030;239533;750
2,016E+11;16;1;26;1555;1;2;2;1;6;119;38, RUE DE CRIMEE;M;4887910;238994;750
2,016E+11;16;1;27;830;2;2;1;2;6;119;49, RUE PETIT;M;4888540;238568;750
2,016E+11;16;1;28;105;5;2;2;1;6;119;14, RUE DE MOUZAIA;M;4888010;239193;750
2,016E+11;16;1;28;1420;1;2;3;1;2;119;RUE BOTZARIS;M;4887770;238122;750
2,016E+11;16;1;28;1430;1;2;1;1;6;119;69, AVENUE SIMON BOLIVAR;M;4887640;237649;750
2,016E+11;16;1;28;1600;1;2;5;1;6;119;39, RUE RIQUET;M;4888930;237125;750
2,016E+11;16;1;28;2040;5;2;5;1;3;119;98, RUE DE L OURCQ;M;4889370;237331;750
2,016E+11;16;1;28;1300;1;2;1;1;6;119;2BIS, RUE D ALSACE LORRA;M;4888250;239316;750
2,016E+11;16;1;29;2220;5;2;1;1;6;119;150, AVENUE DE FLANDRE;M;4889400;238132;750
2,016E+11;16;1;30;1900;5;2;2;2;3;119;RUE D AUBERVILLIERS;M;4889870;237027;750
2,016E+11;16;2;1;1750;5;2;2;1;3;119;RUE MANIN;M;4888320;238791;750
2,016E+11;16;2;4;2230;5;2;5;8;3;119;17, AVENUE JEAN JAURES;M;4888280;237033;750
2,016E+11;16;2;5;1450;1;2;1;1;3;119;199, BOULEVARD MACDONALD;M;4889870;237352;750
2,016E+11;16;2;6;125;5;2;1;1;2;119;196, BOULEVARD DE LA VIL;M;4888220;237038;750
2,016E+11;16;2;8;1745;2;2;3;2;3;119;58, AVENUE JEAN JAURES;M;4888430;237588;750
2,016E+11;16;2;9;1330;1;2;2;1;6;119;72, RUE DU PRE SAINT GER;M;4887900;239809;750
2,016E+11;16;2;9;1915;5;2;2;2;6;119;AVENUE JEAN JAURES;M;4888780;238925;750
2,016E+11;16;2;10;1430;1;2;3;1;6;119;74, RUE PETIT;M;4888580;238772;750
2,016E+11;16;2;13;1415;1;2;1;3;6;119;36, RUE GASTON TESSIER;M;4889620;237505;750
2,016E+11;16;2;13;1530;1;2;1;2;3;119;221, AVENUE JEAN JAURES;M;4888920;239387;750
2,016E+11;16;2;13;1905;5;2;3;2;3;119;215, BOULEVARD MACDONALD;M;4889870;237027;750
2,016E+11;16;2;17;1340;1;2;2;1;6;119;2, RUE MANIN;M;4887630;237961;750
2,016E+11;16;2;17;2230;5;2;2;1;3;119;AVENUE SECRETAN;M;4888120;237325;750
2,016E+11;16;2;18;1050;1;2;4;8;6;119;5, BOULEVARD D INDOCHINE;M;4888460;239676;750
2,016E+11;16;2;19;150;5;2;1;1;6;119;34, RUE DES ANNELETS;M;4887860;238965;750
2,016E+11;16;2;20;2110;5;2;1;1;2;119;10, RUE DELESSEUX;M;4888860;238732;750
2,016E+11;16;2;22;1345;1;2;2;1;6;119;64, AVENUE DE FLANDRE;M;4888830;237413;750
2,016E+11;16;2;24;1045;1;2;7;1;3;119;2, BOULEVARD DE LA VILLE;M;4887210;237705;750
2,016E+11;16;2;28;2040;5;2;1;8;3;119;45, AVENUE DE FLANDRE;M;4888650;237190;750
2,016E+11;16;3;2;1215;1;2;7;1;6;110;15, BOULEVARD DE MAGENTA;M;4887060;236120;750
2,016E+11;16;3;3;2040;5;2;1;1;1;119;33, BOULEVARD MACDONALD;M;4889720;239160;750
2,016E+11;16;3;3;2010;5;2;7;1;7;119;1, PLACE SKANDERBEG;M;4890040;237020;750
2,016E+11;16;3;5;130;5;2;5;2;3;119;167, RUE DE BELLEVILLE;M;4887540;239221;750
2,016E+11;16;3;8;850;1;2;1;1;6;119;15, AVENUE SECRETAN;M;4888190;237158;750
2,016E+11;16;3;11;815;1;2;1;1;2;119;RUE DE BELLEVILLE;M;4887320;238172;750
2,016E+11;16;3;12;1735;1;2;1;1;6;119;33, AVENUE CORENTIN CARI;M;4889740;238519;750
2,016E+11;16;3;12;2340;5;2;1;1;3;119;21, AVENUE JEAN JAURES;M;4888360;237315;750
2,016E+11;16;3;16;1440;1;2;1;1;6;119;24, RUE D HAUTPOUL;M;4888220;238824;750
2,016E+11;16;3;17;1000;1;2;3;1;3;119;RUE DE CRIMEE;M;4888420;238419;750
2,016E+11;16;3;18;1400;1;2;2;1;2;119;16, RUE DE L ARGONNE;M;4889310;238410;750
2,016E+11;16;3;19;1000;1;2;1;1;3;119;49 BIS, AVENUE DE FLANDR;M;4888690;237239;750
2,016E+11;16;3;20;1615;1;2;3;8;6;119;67, RUE DE BELLEVILLE;M;4887340;238260;750
2,016E+11;16;3;22;1610;1;2;2;1;3;119;73, RUE MANIN;M;4888220;238195;750
2,016E+11;16;3;24;1645;1;2;1;1;6;119;4, RUE DE THIONVILLE;M;4888780;238064;750
2,016E+11;16;3;24;2200;5;2;1;1;6;119;10, RUE MANIN;M;4888310;238640;750
2,016E+11;16;3;27;700;2;2;1;1;6;119;5, PLACE DE LA BATAILLE;M;4888280;236999;750
2,016E+11;16;3;27;1311;1;2;1;1;3;119;29, RUE DE MEAUX;M;4887980;237198;750
2,016E+11;16;3;29;440;5;2;1;1;6;119;1, PLACE DES FETES;M;4887730;239266;750
2,016E+11;16;3;30;950;1;2;3;8;3;119;153, AVENUE JEAN JAURES;M;4888700;238631;750
2,016E+11;16;3;30;210;5;2;1;2;6;119;75, AVENUE DE FLANDRE;M;4888900;237432;750
2,016E+11;16;3;31;910;1;2;1;2;7;119;BOULEVARD PERIPHERIQUE E;M;4888240;240132;750
2,016E+11;16;4;1;1500;1;2;1;1;2;119;222, AVENUE JEAN JAURES;M;4888900;239392;750
2,016E+11;16;4;1;1800;4;2;1;1;6;119;12, AVENUE DE LAUMIERE;M;4888360;238075;750
2,016E+11;16;4;1;2155;5;2;3;1;6;119;117, AVENUE DE FLANDRE;M;4889110;237761;750
2,016E+11;16;4;1;1240;1;2;1;1;3;119;RUE DE CRIMEE;M;4888220;238640;750
2,016E+11;16;4;2;1533;1;2;3;1;3;119;/, RUE BARBANEGRE;M;4889370;238487;750
2,016E+11;16;4;3;5;5;2;1;2;6;119;222, BOULEVARD MACDONALD;M;4889870;237153;750
2,016E+11;16;4;3;310;5;2;3;2;3;119;4, RUE MANIN;M;4888250;238260;750
2,016E+11;16;4;3;1430;1;2;1;1;3;119;176, BOULEVARD DE LA VIL;M;4888110;237039;750
2,016E+11;16;4;4;830;1;2;2;1;6;119;1, RUE GERMAINE TAILLEFE;M;4888880;238590;750
2,016E+11;16;4;7;1350;1;2;1;1;6;119;228, BOULEVARD DE LA VIL;M;4888440;236647;750
2,016E+11;16;4;8;654;2;2;7;1;3;119;1, PLACE DE LA PORTE DE;M;4888990;239559;750
2,016E+11;16;4;8;655;1;2;7;8;4;119;1, PLACE DE LA PORTE DE;M;4888930;239683;750
2,016E+11;16;4;8;1100;1;2;2;1;7;119;AVENUE JEAN JAURES;M;4888610;238305;750
2,016E+11;16;4;12;1605;1;2;1;1;6;119;RUE DE TANGER;M;4888800;237048;750
2,016E+11;16;4;13;1215;1;2;5;1;3;119;127, AVENUE JEAN JAURES;M;4888590;238220;750
2,016E+11;16;4;14;55;5;2;4;1;6;119;54, RUE BOTZARIS;M;4887930;238437;750
2,016E+11;16;4;14;920;1;2;1;1;3;119;119, RUE MANIN;M;4888360;238924;750
2,016E+11;16;4;16;240;5;2;3;1;6;119;140, AVENUE JEAN JAURES;M;4888700;238631;750
2,016E+11;16;4;16;1545;1;2;1;1;6;119;AVENUE DE FLANDRE;M;4888750;237317;750
2,016E+11;16;4;19;644;2;2;5;1;3;119;RUE DES BOIS;M;4887760;239552;750
2,016E+11;16;4;20;745;1;2;4;1;3;110;180, RUE DU FAUBOURG SAI;M;4887780;236159;750
2,016E+11;16;4;20;1545;1;2;2;1;6;119;02, AVENUE DE LA PORTE D;M;4889870;237027;750
2,016E+11;16;4;24;1405;1;2;1;8;3;119;107, AVENUE JEAN JAURES;M;4888560;238098;750
2,016E+11;16;4;25;1650;1;2;1;1;1;119;30, AVENUE SIMON BOLIVAR;M;4887480;238286;750
2,016E+11;16;4;28;1045;1;2;1;1;6;119;23, RUE DU HAINAUT;M;4888760;238938;750
2,016E+11;16;4;28;2255;5;2;5;1;3;119;RUE DE CRIMEE;M;4888590;238220;750
2,016E+11;16;4;29;1825;1;2;2;1;6;119;1, RUE D AUBERVILLIERS;M;4889530;237189;750
2,016E+11;16;5;4;1910;1;2;3;1;1;119;17, QUAI DE L OISE;M;4889090;238390;750
2,016E+11;16;5;8;1530;1;2;1;1;3;119;67, AVENUE SIMON BOLIVAR;M;4887640;237725;750
2,016E+11;16;5;12;1600;1;2;2;8;6;119;RUE DE CRIMEE;M;4888300;238552;750
2,016E+11;16;5;14;2245;5;2;7;1;3;119;BOULEVARD DE LA VILLETTE;M;4888410;236886;750
2,016E+11;16;5;15;1635;1;2;1;1;3;119;95, AVENUE DE FLANDRE;M;4888980;237542;750
2,016E+11;16;5;15;2215;5;2;2;1;3;119;BOULEVARD MACDONALD;M;4889870;237027;750
2,016E+11;16;5;16;950;1;2;2;1;3;119;RUE D AUBERVILLIERS;M;4889870;237027;750
2,016E+11;16;5;18;1615;1;2;1;2;2;119;231, RUE DE BELLEVILLE;M;4887530;239623;750
2,016E+11;16;5;21;1630;1;2;1;1;6;118;125, RUE DES POISSONNIER;M;4889440;235285;750
2,016E+11;16;5;22;1915;1;2;3;2;2;119;132, RUE MANIN;M;4888430;239125;750
2,016E+11;16;5;23;1120;1;2;1;2;6;119;76, AVENUE DE FLANDRE;M;4888930;237535;750
2,016E+11;16;5;23;1400;1;2;2;1;6;119;/, RUE ALEXANDER FLEMING;M;4888200;240247;750
2,016E+11;16;5;23;1610;1;2;1;8;3;119;BOULEVARD PERIPHERIQUE I;M;4889830;239347;750
2,016E+11;16;5;25;1840;1;2;1;1;6;119;237, RUE DE CRIMEE;M;4889350;237362;750
2,016E+11;16;5;26;100;5;2;1;1;2;119;61, RUE DE L OURCQ;M;4889170;238017;750
2,016E+11;16;5;26;1150;1;2;2;1;6;119;184, AVENUE JEAN JAURES;M;4888780;238925;750
2,016E+11;16;5;27;1550;1;2;5;1;3;119;RUE DES LILAS;M;4887760;239552;750
2,016E+11;16;5;27;1330;1;2;1;1;6;119;57/63, AVENUE JEAN JAURE;M;4888430;237606;750
2,016E+11;16;5;30;1230;1;2;3;2;3;119;29, AVENUE JEAN JAURES;M;4888360;237331;750
2,016E+11;16;5;30;2015;2;2;3;2;3;119;174, RUE GRESSET;M;4889010;237736;750
2,016E+11;16;5;31;230;5;2;1;3;6;119;AVENUE JEAN JAURES;M;4888710;238670;750
2,016E+11;16;5;31;2117;5;2;7;2;6;119;BOULEVARD DE LA VILLETTE;M;4888410;236886;750
2,016E+11;16;6;1;1345;1;2;1;1;6;119;214, BOULEVARD DE LA VIL;M;4888430;236795;750
2,016E+11;16;6;2;231;5;2;3;2;6;118;RUE D AUBERVILLIERS;M;4889570;237135;750
2,016E+11;16;6;4;1730;1;2;3;1;6;119;17, RUE DE TANGER;M;4888570;236837;750
2,016E+11;16;6;8;1605;1;2;1;1;6;119;64, RUE DE MEAUX;M;4888230;237473;750
2,016E+11;16;6;9;1220;1;2;3;1;6;119;51, AVENUE DE FLANDRE;M;4888730;237290;750
2,016E+11;16;6;9;1630;1;2;2;1;3;119;RUE MATHIS;M;4889110;237372;750
2,016E+11;16;6;10;1800;1;2;3;1;3;119;131, RUE MANIN;M;4888430;239125;750
2,016E+11;16;6;11;215;5;2;3;1;2;119;53, AVENUE DE FLANDRE;M;4888730;237290;750
2,016E+11;16;6;11;1615;1;2;4;1;6;119;AVENUE DE LA PORTE D AUB;M;4890040;237152;750
2,016E+11;16;6;13;625;1;2;1;1;2;119;216, AVENUE JEAN JAURES;M;4888890;239341;750
2,016E+11;16;6;15;1800;1;2;1;8;2;119;AVENUE RENE FONCK;M;4888030;240828;750
2,016E+11;16;6;18;1820;1;2;5;2;6;119;S75158, RUE HAXO;M;4887880;240162;750
2,016E+11;16;6;20;1240;1;2;1;2;6;119;39, RUE ARMAND CARREL;M;4888270;237764;750
2,016E+11;16;6;20;1400;1;2;1;3;6;119;19, RUE DE BELLEVILLE;M;4887260;237883;750
2,016E+11;16;6;22;1900;1;2;1;1;6;119;4, RUE DES ARDENNES;M;4888750;238658;750
2,016E+11;16;6;23;730;1;2;1;1;3;119;221, AVENUE JEAN JAURES;M;4888920;239387;750
2,016E+11;16;6;23;1330;1;2;5;1;4;119;92, AVENUE DE FLANDRE;M;4889050;237686;750
2,016E+11;16;6;24;1735;1;2;1;1;6;119;8, AVENUE CORENTIN CARIO;M;4889510;238268;750
2,016E+11;16;6;25;130;5;2;3;1;1;119;RUE DU PRE SAINT GERVAIS;M;4887640;239308;750
2,016E+11;16;6;26;1355;1;2;1;1;3;119;AVENUE DE LA PORTE DE PA;M;4889020;239837;750
2,016E+11;16;6;26;2255;5;2;1;1;7;119;62, QUAI DE LA LOIRE;M;4888630;237674;750
2,016E+11;16;6;27;900;1;2;1;2;6;119;221, AVENUE JEAN JAURES;M;4888920;239387;750
2,016E+11;16;6;28;845;1;2;3;1;3;119;88, AVENUE SIMON BOLIVAR;M;4887720;237412;750
2,016E+11;16;6;30;2015;1;2;7;1;3;119;2, AVENUE DE FLANDRE;M;4888410;236886;750
2,016E+11;16;7;1;1725;1;2;1;1;6;119;BOULEVARD DE LA VILLETTE;M;4887480;237402;750
2,016E+11;16;7;1;1850;1;2;3;1;6;119;AVENUE CORENTIN CARIOU;M;4889750;238544;750
2,016E+11;16;7;2;34;5;2;3;1;3;119;70, AVENUE JEAN JAURES;M;4888450;237692;750
2,016E+11;16;7;1;1310;1;2;3;1;3;119;75, AVENUE SIMON BOLIVAR;M;4887630;237603;750
2,016E+11;16;7;1;2140;2;2;1;1;6;119;186, AVENUE JEAN JAURES;M;4888810;239060;750
2,016E+11;16;7;4;1030;1;2;1;1;7;119;201, RUE DE CRIMEE;M;4889160;237572;750
2,016E+11;16;7;5;1100;1;2;2;8;6;119;133, AVENUE SIMON BOLIVA;M;4888100;237385;750
2,016E+11;16;7;7;1615;1;2;2;1;6;119;20, AVENUE AMBROISE REND;M;4888640;239523;750
2,016E+11;16;7;7;1835;1;2;3;1;3;119;25, QUAI DE LA SEINE;M;4888530;237185;750
2,016E+11;16;7;10;215;5;2;3;1;6;119;AVENUE DE LA PORTE DE PA;M;4889000;239794;750
2,016E+11;16;7;10;1040;1;2;3;7;6;118;116, RUE DES POISSONNIER;M;4889420;235283;750
2,016E+11;16;7;10;1400;1;2;1;1;3;119;AVENUE JEAN JAURES;M;4888400;237487;750
2,016E+11;16;7;11;114;5;2;2;1;3;119;AVENUE SIMON BOLIVAR;M;4887840;237423;750
2,016E+11;16;7;11;1010;1;2;1;1;6;119;78-80, AVENUE DE FLANDRE;M;4888940;237545;750
2,016E+11;16;7;11;2035;1;2;1;1;6;119;97, RUE MANIN;M;4888310;238699;750
2,016E+11;16;7;11;2045;1;2;5;1;2;119;61, AVENUE SIMON BOLIVAR;M;4887640;237813;750
2,016E+11;16;7;12;1600;1;2;1;1;6;119;3-5, RUE ERIK SATIE;M;4888430;238632;750
2,016E+11;16;7;13;850;1;2;7;1;7;119;BOULEVARD DE LA VILLETTE;M;4888410;236886;750
2,016E+11;16;7;13;1215;1;2;3;1;4;119;214, AVENUE JEAN JAURES;M;4888880;239312;750
2,016E+11;16;7;17;1740;1;2;2;1;3;119;AVENUE DE LA PORTE CHAUM;M;4888640;239434;750
2,016E+11;16;7;21;1242;1;2;1;1;2;119;76, AVENUE DE FLANDRE;M;4888930;237535;750
2,016E+11;16;7;22;550;1;2;2;1;6;119;60, RUE DE L OURCQ;M;4889230;237910;750
2,016E+11;16;7;22;1320;1;2;1;1;2;119;1, AVENUE DE LA PORTE DE;M;4888990;239741;750
2,016E+11;16;7;22;1750;1;2;2;1;6;119;2, RUE DU MAROC;M;4888570;237091;750
2,016E+11;16;7;23;1730;1;2;2;1;3;119;139, RUE HAXO;M;4887760;240181;750
2,016E+11;16;7;25;1115;1;2;1;1;6;119;140, AVENUE DE FLANDRE;M;4889350;238059;750
2,016E+11;16;7;26;1105;1;2;2;1;2;119;157, RUE DE CRIMEE;M;4888790;237992;750
2,016E+11;16;7;27;1730;1;2;5;1;2;119;63, AVENUE MATHURIN MORE;M;4887890;237847;750
2,016E+11;16;7;27;2113;5;2;1;1;6;119;194, AVENUE JEAN JAURES;M;4888830;239139;750
2,016E+11;16;7;31;1950;1;2;5;1;3;119;RUE MANIN;M;4888320;238791;750
2,016E+11;16;8;2;915;1;2;3;1;3;119;67, AVENUE JEAN JAURES;M;4888450;237692;750
2,016E+11;16;8;2;1215;1;2;5;2;7;119;40, AVENUE SIMON BOLIVAR;M;4887560;238184;750
2,016E+11;16;8;2;1350;1;2;3;2;6;119;01, RUE GOUBET;M;4888410;239052;750
2,016E+11;16;8;2;1825;1;2;7;2;2;119;1, PLACE AUGUSTE BARON;M;4889980;238781;750