Num_Acc;an;mois;jour;hrmn;lum;agg;int;atm;col;com;adr;gps;lat;long;dep
2,016E+11;16;6;5;2345;5;2;2;1;3;120;226, RUE DES PYRENEES;M;4886670;239709;750
2,016E+11;16;6;6;840;1;2;1;8;3;120;3, AVENUE DE LA PORTE DE;M;4885360;241133;750
2,016E+11;16;6;6;1320;1;2;1;1;6;120;71, RUE PELLEPORT;M;4886850;240119;750
2,016E+11;16;6;5;1555;1;2;2;1;7;120;21, CHEMIN DU PARC DE CH;M;4886070;240274;750
2,016E+11;16;6;7;2155;2;2;2;1;6;120;112, BOULEVARD DE BELLEV;M;4887080;237842;750
2,016E+11;16;6;8;15;5;2;2;1;3;120;49, RUE DE LA COUR DES N;M;4886400;239915;750
2,016E+11;16;6;9;1740;1;2;2;1;3;120;RUE DES PYRENEES;M;4886550;239799;750
2,016E+11;16;6;9;1840;1;2;1;1;6;120;4, BOULEVARD DE BELLEVIL;M;4886720;238311;750
2,016E+11;16;6;10;1952;1;2;1;1;6;120;120, AVENUE GAMBETTA;M;4887240;240462;750
2,016E+11;16;6;10;2345;5;2;2;1;2;120;AVENUE DE LA PORTE DE MO;M;4885350;241060;750
2,016E+11;16;6;12;1540;1;2;2;2;3;120;RUE DES PYRENEES;M;4885770;240388;750
2,016E+11;16;6;12;1835;2;2;1;2;6;120;91, AVENUE GAMBETTA;M;4886600;239944;750
2,016E+11;16;6;13;10;5;2;1;2;6;120;13, RUE BELGRAND;M;4886470;240426;750
2,016E+11;16;6;13;1240;1;2;2;1;3;120;XX0, AVENUE IBSEN;M;4886540;241157;750
2,016E+11;16;6;13;1550;1;2;1;1;6;120;4, RUE EUGENE REISZ;M;4885670;241077;750
2,016E+11;16;6;13;2005;1;2;2;1;3;120;84, AVENUE GAMBETTA;M;4886970;240260;750
2,016E+11;16;6;13;2145;5;2;2;1;6;120;96, RUE D AVRON;M;4885270;240609;750
2,016E+11;16;6;15;1245;1;2;2;8;3;120;RUE BELGRAND;M;4886470;240416;750
2,016E+11;16;6;15;1930;1;2;1;1;6;120;131, RUE D AVRON;M;4885330;240921;750
2,016E+11;16;6;16;1120;1;2;1;1;2;120;BOULEVARD PERIPHERIQUE I;M;4885940;241404;750
2,016E+11;16;6;16;1645;1;2;7;2;6;120;ECHANGEUR LILAS;M;4887730;240937;750
2,016E+11;16;6;18;1930;2;2;1;2;6;120;80, RUE BELGRAND;M;4886450;240780;750
2,016E+11;16;6;18;2005;1;2;1;1;6;120;10, RUE DE MENILMONTANT;M;4886730;238414;750
2,016E+11;16;6;20;1529;1;2;1;3;4;120;17, AVENUE GAMBETTA;M;4886370;239052;750
2,016E+11;16;6;21;2150;2;2;1;2;3;120;210, RUE DE BELLEVILLE;M;4887530;239512;750
2,016E+11;16;6;22;1200;1;2;2;1;3;120;RUE DE LA REUNION;M;4885530;240145;750
2,016E+11;16;6;22;2305;5;2;2;1;1;120;RUE PELLEPORT;M;4887080;239924;750
2,016E+11;16;6;23;900;1;2;2;1;3;120;5, RUE BELGRAND;M;4886480;240136;750
2,016E+11;16;6;25;1845;1;2;1;1;7;120;58, BOULEVARD MORTIER;M;4886810;240893;750
2,016E+11;16;6;26;1820;1;2;2;1;3;120;25, BOULEVARD DAVOUT;M;4884900;241137;750
2,016E+11;16;6;28;1030;1;2;1;1;6;120;148, RUE DE BAGNOLET;M;4886230;240630;750
2,016E+11;16;6;28;850;1;2;1;1;6;120;7, AVENUE TAILLADE;M;4887450;239406;750
2,016E+11;16;6;29;2325;5;2;1;8;3;120;261, AVENUE GAMBETTA;M;4887680;240638;750
2,016E+11;16;7;5;2045;2;2;2;1;3;120;RUE DES PYRENEES;M;4885270;240609;750
2,016E+11;16;7;5;1940;1;2;5;1;6;120;152, BOULEVARD DE CHARON;M;4885650;239444;750
2,016E+11;16;7;6;855;1;2;1;1;2;120;BOULEVARD PERIPHERIQUE I;M;4887190;241278;750
2,016E+11;16;7;6;1145;1;2;3;1;6;120;1, RUE JULIEN LACROIX;M;4886790;238657;750
2,016E+11;16;7;7;950;1;2;2;1;6;120;103, AVENUE GAMBETTA;M;4886650;239989;750
2,016E+11;16;7;7;1645;1;2;3;1;3;120;173, RUE DE BAGNOLET;M;4886370;240767;750
2,016E+11;16;7;8;1305;1;2;5;1;6;120;111, COURS DE VINCENNES;M;4884730;241120;750
2,016E+11;16;7;9;1845;1;2;7;1;7;120;88, BOULEVARD DAVOUT;M;4885550;241024;750
2,016E+11;16;7;13;1245;1;2;2;1;6;120;RUE BELGRAND;M;4886450;240722;750
2,016E+11;16;7;13;1825;1;2;2;8;2;120;116, BOULEVARD MORTIER;M;4887290;240851;750
2,016E+11;16;7;13;2140;2;2;2;1;6;120;76, RUE STENDHAL;M;4886330;239971;750
2,016E+11;16;7;17;1025;1;2;1;1;2;120;34, RUE MARYSE HILSZ;M;4885210;241276;750
2,016E+11;16;7;19;1110;1;2;2;1;6;120;12, BOULEVARD DAVOUT;M;4884900;241137;750
2,016E+11;16;7;20;1330;1;2;1;1;6;120;47, RUE D AVRON;M;4885200;240196;750
2,016E+11;16;7;21;735;1;2;7;1;2;120;PLACE DU MAQUIS DU VERCO;M;4887750;240962;750
2,016E+11;16;7;22;2330;5;2;4;1;6;120;RUE PIERRE SOULIE;M;4887320;241340;750
2,016E+11;16;7;23;1520;1;2;2;1;3;120;2, RUE DE MENILMONTANT;M;4886710;238325;750
2,016E+11;16;7;26;828;1;2;7;1;5;120;PLACE AUGUSTE METIVIER;M;4886320;238817;750
2,016E+11;16;7;27;1200;1;2;1;1;3;120;225, AVENUE GAMBETTA;M;4887440;240545;750
2,016E+11;16;7;27;1625;1;2;1;1;4;120;BOULEVARD PERIPHERIQUE I;M;4887590;240970;750
2,016E+11;16;7;29;1650;1;2;1;1;3;120;119, BOULEVARD PERIPHERI;M;4884880;241481;750
2,016E+11;16;7;29;1830;1;2;2;1;2;120;52-42, RUE OLIVIER METRA;M;4887450;239286;750
2,016E+11;16;7;31;1215;1;2;4;1;3;120;ECHANGEUR VINCENNES;M;4884700;241503;750
2,016E+11;16;8;2;1020;1;2;1;2;6;120;44, AVENUE GAMBETTA;M;4886530;239881;750
2,016E+11;16;8;5;245;5;2;2;1;3;120;RUE HAXO;M;4887600;240250;750
2,016E+11;16;8;5;1925;1;2;2;1;3;120;RUE DE BELLEVILLE;M;4887510;238935;750
2,016E+11;16;8;8;650;1;2;4;1;3;120;BOULEVARD PERIPHERIQUE;M;4886170;241393;750
2,016E+11;16;8;12;1630;1;2;7;1;1;120;AVENUE DE LA PORTE DE BA;M;4886460;240944;750
2,016E+11;16;8;13;1445;1;2;2;1;3;120;RUE BELGRAND;M;4886480;240136;750
2,016E+11;16;8;14;330;5;2;1;1;6;120;72, RUE PIERRE SOULIE;M;4887260;241356;750
2,016E+11;16;8;16;1010;1;2;2;1;3;120;RUE DE MENILMONTANT;M;4887080;239924;750
2,016E+11;16;8;17;850;1;2;1;1;6;120;AVENUE LEON GAUMONT;M;4885020;241613;750
2,016E+11;16;8;18;1935;1;2;2;2;2;120;229, RUE DES PYRENEES;M;4886330;239971;750
2,016E+11;16;8;25;1810;1;2;7;1;3;120;PORTE DE MONTREUIL;M;4885460;241343;750
2,016E+11;16;8;30;850;1;2;2;1;6;120;59, BOULEVARD MORTIER;M;4886790;240891;750
2,016E+11;16;8;31;1110;1;2;3;1;4;120;60, RUE DE BELLEVILLE;M;4887340;238260;750
2,016E+11;16;9;5;1205;1;2;3;2;6;120;RUE DU JAPON;M;4886590;239934;750
2,016E+11;16;9;6;1840;1;2;2;1;3;120;BOULEVARD MORTIER;M;4887290;240851;750
2,016E+11;16;9;6;1930;1;2;4;1;3;112;NON DENOMMEE D/20;M;4884640;241390;750
2,016E+11;16;9;7;900;1;2;3;1;6;119;328, RUE DE BELLEVILLE;M;4887700;240599;750
2,016E+11;16;9;7;2110;5;2;1;1;2;120;300, RUE DE BELLEVILLE;M;4887650;240424;750
2,016E+11;16;9;8;1520;1;2;3;1;6;120;101, RUE DES PYRENEES;M;4885540;240528;750
2,016E+11;16;9;10;2045;5;2;1;1;2;120;BOULEVARD PERIPHERIQUE I;M;4885050;241520;750
2,016E+11;16;9;13;1315;1;2;2;1;3;120;121, RUE DES PYRENEES;M;4885770;240388;750
2,016E+11;16;9;14;1345;1;2;3;1;3;120;130, BOULEVARD DE MENILM;M;4886610;238399;750
2,016E+11;16;9;15;20;5;2;2;3;7;120;RUE BELGRAND;M;4886470;240416;750
2,016E+11;16;9;15;1730;1;2;4;1;6;120;8BIS, RUE BELGRAND;M;4886480;240024;750
2,016E+11;16;9;16;850;1;2;2;1;6;120;210, RUE DES PYRENEES;M;4886550;239799;750
2,016E+11;16;9;16;1410;1;2;2;1;6;120;2BIS, RUE ORFILA;M;4886540;239487;750
2,016E+11;16;9;19;1440;1;2;2;1;2;120;BOULEVARD DE MENILMONTAN;M;4885990;238898;750
2,016E+11;16;9;19;1420;1;2;2;2;7;120;145, AVENUE GAMBETTA;M;4886970;240260;750
2,016E+11;16;9;20;1420;1;2;7;1;7;120;1, PLACE GAMBETTA;M;4886470;239862;750
2,016E+11;16;9;21;1915;1;2;1;1;3;112;BOULEVARD PERIPHERIQUE;M;4884520;241408;750
2,016E+11;16;9;22;1225;1;2;1;1;3;120;55, RUE ORFILA;M;4886710;239801;750
2,016E+11;16;9;22;1630;1;2;2;1;6;120;85, RUE ALEXANDRE DUMAS;M;4885510;239868;750
2,016E+11;16;9;22;1815;1;2;1;1;2;120;BOULEVARD PERIPHERIQUE I;M;4885050;241520;750
2,016E+11;16;9;26;2035;5;2;3;1;6;120;RUE DES ORTEAUX;M;4885590;240726;750
2,016E+11;16;9;27;1210;1;2;1;1;6;118;9, AVENUE DE LA PORTE DE;M;4889940;235868;750
2,016E+11;16;9;27;1740;1;2;1;1;6;120;42, RUE DES COURONNES;M;4887000;238311;750
2,016E+11;16;9;28;1700;1;2;2;1;3;120;346, RUE DES PYRENEES;M;4887380;238806;750
2,016E+11;16;9;28;1825;1;2;3;1;4;120;29, AVENUE GAMBETTA;M;4886390;239162;750
2,016E+11;16;9;28;1930;5;2;2;1;6;120;RUE DE MENILMONTANT;M;4886710;238325;750
2,016E+11;16;9;29;915;1;2;1;1;3;120;136, RUE DES PYRENEES;M;4885890;240247;750
2,016E+11;16;10;1;225;3;2;7;2;2;120;BOULEVARD DE MENILMONTAN;M;4886290;238742;750
2,016E+11;16;10;1;2245;5;2;3;1;2;120;13, RUE D AVRON;M;4885150;239953;750
2,016E+11;16;10;2;1155;1;2;3;1;6;120;16, RUE BOTHA;M;4887160;238713;750
2,016E+11;16;10;3;2015;5;2;1;1;3;112;AVENUE DE NOGENT;M;4884140;245114;750
2,016E+11;16;10;3;1910;1;2;1;1;2;120;AVENUE BENOIT FRACHON;M;4885330;241561;750
2,016E+11;16;10;4;1120;1;2;1;1;6;120;BOULEVARD DAVOUT;M;4885700;240998;750
2,016E+11;16;10;4;1845;1;2;1;1;3;120;30, BOULEVARD DE BELLEVI;M;4886820;238211;750
2,016E+11;16;10;4;1900;2;2;2;1;3;120;17, RUE BELGRAND;M;4886460;240587;750
2,016E+11;16;10;6;1015;1;2;2;1;6;120;138, RUE DES PYRENEES;M;4885920;240210;750
2,016E+11;16;10;6;1430;1;2;1;1;6;120;7, AVENUE DE LA PORTE DE;M;4886490;241048;750
2,016E+11;16;10;6;1655;1;2;1;1;6;120;19, COURS DE VINCENNES;M;4884830;240077;750
2,016E+11;16;10;7;1000;1;2;1;1;3;120;41, AVENUE GAMBETTA;M;4886440;239345;750
2,016E+11;16;10;9;1930;2;2;2;1;3;120;RUE DE MENILMONTANT;M;4887080;239924;750
2,016E+11;16;10;11;2120;5;2;2;1;6;120;63, RUE DE LAGNY;M;4884890;240545;750
2,016E+11;16;10;13;725;5;2;2;1;3;120;RUE DE LA CHINE;M;4886480;240136;750
2,016E+11;16;10;14;1635;1;2;1;2;6;120;50, RUE BELGRAND;M;4886460;240523;750
2,016E+11;16;10;14;2005;5;2;3;2;6;120;BOULEVARD DAVOUT;M;4885500;241035;750
2,016E+11;16;10;17;800;1;2;2;1;3;120;AVENUE GAMBETTA;M;4886650;239989;750
2,016E+11;16;10;17;1900;5;2;1;1;6;120;40 TER, RUE OLIVIER METR;M;4887370;239346;750
2,016E+11;16;10;18;1805;2;2;1;2;6;120;42, RUE DES PYRENEES;M;4885130;240627;750
2,016E+11;16;10;19;2000;5;2;1;1;4;112;BOULEVARD PERIPHERIQUE I;M;4883630;241217;750
2,016E+11;16;10;20;1500;1;2;2;2;6;111;108, BOULEVARD DE BELLEV;M;4887070;237815;750
2,016E+11;16;10;20;2345;5;2;1;1;6;120;147, RUE D AVRON;M;4885340;241019;750
2,016E+11;16;10;21;1030;1;2;1;8;4;120;79, COURS DE VINCENNES;M;4884770;240722;750
2,016E+11;16;10;21;1520;1;2;4;2;4;120;BOULEVARD PERIPHERIQUE I;M;4886850;241320;750
2,016E+11;16;10;24;2105;5;2;2;1;1;120;401, RUE DES PYRENEES;M;4887390;238529;750
2,016E+11;16;10;27;1955;5;2;2;1;4;120;05, RUE DES DOCTEURS DEJ;M;4885470;241204;750
2,016E+11;16;10;28;1455;1;2;1;1;6;120;3-7, RUE DES GATINES;M;4886510;239741;750
2,016E+11;16;10;28;1600;1;2;1;1;6;120;108, AVENUE GAMBETTA;M;4887140;240410;750
2,016E+11;16;10;28;1750;2;2;4;1;6;120;6, RUE BELGRAND;M;4886480;239969;750
2,016E+11;16;10;29;1250;1;2;1;1;3;120;61, RUE SAINT FARGEAU;M;4887210;240586;750
2,016E+11;16;10;29;1550;1;2;3;1;3;120;211, BOULEVARD DAVOUT;M;4886340;240881;750
2,016E+11;16;10;30;1530;1;2;1;1;6;120;55, RUE DU CAPITAINE FER;M;4886790;240861;750
2,016E+11;16;10;30;1820;5;2;1;1;3;120;06 BIS, RUE LEON FRAPIE;M;4887350;241090;750
2,016E+11;16;11;4;1905;5;2;1;1;6;120;35, COURS DE VINCENNES;M;4884810;240238;750
2,016E+11;16;11;5;2000;5;2;3;1;6;120;FACE 333, RUE DES PYRENE;M;4887110;239302;750
2,016E+11;16;11;7;910;1;2;2;2;6;120;, RUE DE LA BIDASSOA;M;4886540;239487;750
2,016E+11;16;11;7;1600;1;2;2;2;6;120;95 BIS, RUE DES MARAICHE;M;4885610;240548;750
2,016E+11;16;11;8;1720;2;2;1;1;6;120;5, AVENUE GAMBETTA;M;4886330;238921;750
2,016E+11;16;11;8;2315;5;2;1;1;7;120;16, BOULEVARD DE BELLEVI;M;4886790;238260;750
2,016E+11;16;11;10;1340;1;2;1;1;3;120;256 BIS, RUE DES PYRENEE;M;4886890;239539;750
2,016E+11;16;11;11;1400;1;2;1;1;3;120;373, RUE DES PYRENEES;M;4887350;238979;750
2,016E+11;16;11;12;1100;1;2;1;1;6;120;40 BIS, RUE DES ORTEAUX;M;4885660;240173;750
2,016E+11;16;11;12;1730;5;2;3;3;6;120;31BIS, AVENUE GAMBETTA;M;4886410;239226;750
2,016E+11;16;11;16;1945;5;2;1;1;6;120;6BIS, RUE LEON FRAPIE;M;4887360;241091;750
2,016E+11;16;11;17;410;5;2;2;8;3;120;AVENUE DU PROFESSEUR AND;M;4885440;241543;750
2,016E+11;16;11;17;950;1;2;1;1;6;120;111, COURS DE VINCENNES;M;4884740;241072;750
2,016E+11;16;11;17;1650;5;2;2;1;6;120;RUE BELGRAND;M;4886480;240136;750
2,016E+11;16;11;18;35;5;2;3;2;2;120;66, RUE D AVRON;M;4885230;240405;750
2,016E+11;16;11;20;1745;5;2;1;2;6;120;20, RUE D AVRON;M;4885170;240028;750
2,016E+11;16;11;21;1755;2;2;1;1;3;120;332, RUE DES PYRENEES;M;4887320;239018;750
2,016E+11;16;11;22;425;5;2;3;1;3;120;RUE DE BELLEVILLE;M;4887600;240250;750
2,016E+11;16;11;23;1935;5;2;2;1;6;120;198, RUE DES PYRENEES;M;4886400;239915;750
2,016E+11;16;11;24;445;5;2;7;1;3;120;PLACE GAMBETTA;M;4886490;239810;750
2,016E+11;16;11;24;1100;1;2;3;1;3;120;147, RUE DE BAGNOLET;M;4886270;240665;750
2,016E+11;16;11;24;1100;1;2;2;1;6;120;RUE DE TERRE NEUVE;M;4885480;239910;750
2,016E+11;16;11;24;1808;5;2;7;1;3;120;RUE MENDELSSOHN;M;4885430;241302;750
2,016E+11;16;11;25;1540;1;2;3;8;6;120;, RUE LE VAU;M;4886790;241099;750
2,016E+11;16;11;25;2030;5;2;3;1;3;120;4, BOULEVARD DAVOUT;M;4884790;241125;750
2,016E+11;16;11;26;1645;2;2;2;1;6;120;RUE OLIVIER METRA;M;4887270;239424;750
2,016E+11;16;11;27;1215;1;2;1;1;6;120;67, COURS DE VINCENNES;M;4884780;240567;750
2,016E+11;16;11;27;1515;1;2;1;1;6;120;10, PLACE DE L ADJUDANT;M;4887050;240831;750
2,016E+11;16;11;29;905;1;2;2;1;3;120;239, AVENUE GAMBETTA;M;4887500;240568;750
2,016E+11;16;11;29;1205;1;2;3;1;6;120;16, RUE DE BAGNOLET;M;4885680;239595;750
2,016E+11;16;11;29;1620;2;2;1;1;3;120;184, RUE DES PYRENEES;M;4886250;240001;750
2,016E+11;16;11;30;1210;1;2;2;1;6;120;65, RUE DES PYRENEES;M;4885270;240609;750
2,016E+11;16;11;30;2000;5;2;2;1;6;120;RUE DE LA CHINE;M;4887010;239575;750
2,016E+11;16;12;2;2030;5;2;3;1;3;120;31BIS, AVENUE GAMBETTA;M;4886410;239226;750
2,016E+11;16;12;4;230;5;2;2;1;6;120;RUE ALEXANDRE DUMAS;M;4885480;239749;750
2,016E+11;16;12;4;1610;1;2;5;1;6;120;50, RUE DE BELLEVILLE;M;4887330;238188;750
2,016E+11;16;12;7;245;5;2;5;1;2;120;273, RUE DES PYRENEES;M;4886750;239640;750
2,016E+11;16;12;7;900;1;2;2;1;6;120;147, RUE D AVRON;M;4885350;241060;750
2,016E+11;16;12;7;830;1;2;2;1;6;120;197, RUE DES PYRENEES;M;4886170;240015;750
2,016E+11;16;12;7;1258;1;2;1;1;6;120;265, RUE DES PYRENEES;M;4886720;239670;750
2,016E+11;16;12;7;2230;5;2;2;1;3;120;RUE BELGRAND;M;4886480;240136;750
2,016E+11;16;12;8;1740;5;2;1;1;6;120;RUE FREDERICK LEMAITRE;M;4887420;239231;750
2,016E+11;16;12;10;1610;1;2;1;1;3;120;182, RUE DES PYRENEES;M;4886240;240004;750
2,016E+11;16;12;14;2220;5;2;4;1;6;120;RUE DES FRERES FLAVIEN;M;4887670;241217;750
2,016E+11;16;12;16;1800;2;2;1;1;6;120;11, COURS DE VINCENNES;M;4884830;240009;750
2,016E+11;16;12;17;1045;1;2;2;1;6;120;58, RUE DE LA REUNION;M;4885530;240145;750
2,016E+11;16;12;18;2143;5;2;2;2;3;120;RUE DE LA PLAINE;M;4885050;240640;750
2,016E+11;16;12;21;1620;1;2;4;1;6;120;ECHANGEUR BAGNOLET;M;4886170;241393;750
2,016E+11;16;12;22;1745;5;2;1;1;6;120;112, BOULEVARD DAVOUT;M;4885890;240963;750
2,016E+11;16;12;24;1325;1;2;1;1;6;120;36, RUE SAINT FARGEAU;M;4887170;240362;750
2,016E+11;16;12;25;1315;1;2;1;1;2;120;AVENUE BENOIT FRACHON;M;4885250;241573;750
2,016E+11;16;12;30;255;5;2;1;5;6;120;154, RUE DES PYRENEES;M;4886000;240110;750
2,016E+11;16;12;30;730;5;2;2;5;6;120;111, RUE HAXO;M;4887600;240250;750
2,016E+11;16;12;31;1945;5;2;1;1;4;120;BOULEVARD PERIPHERIQUE I;M;4885940;241404;750
2,016E+11;16;1;4;1535;1;2;1;1;6;116;132, AVENUE DE VERSAILLE;M;4884180;226717;750
2,016E+11;16;1;4;1650;2;2;1;1;6;119;45, RUE ARMAND CARREL;M;4888280;237622;750
2,016E+11;16;1;5;1900;5;2;2;1;3;108;AVENUE DES CHAMPS ELYSEE;M;4887140;230253;750
2,016E+11;16;1;6;825;2;2;1;1;3;104;RUE DE LA CITE;M;4885410;234742;750
2,016E+11;16;1;7;1;5;2;3;1;3;117;92, AVENUE DE CLICHY;M;4888880;232328;750
2,016E+11;16;1;9;345;5;2;1;2;6;113;80, BOULEVARD MASSENA;M;4882130;236846;750
2,016E+11;16;1;9;1000;1;2;4;1;3;108;35, AVENUE DE FRIEDLAND;M;4887420;229955;750
2,016E+11;16;1;9;1548;1;2;2;1;3;118;AVENUE DE SAINT OUEN;M;4889500;232806;750
2,016E+11;16;1;12;1143;1;2;2;1;6;120;RUE FREDERICK LEMAITRE;M;4887450;239286;750
2,016E+11;16;1;13;910;1;2;2;1;1;116;26, AVENUE DE NEW YORK;M;4886330;229631;750
2,016E+11;16;1;13;928;1;2;1;1;6;112;ROUTE BOSQUET MORTEMART;M;4883070;246305;750
2,016E+11;16;1;14;158;5;2;2;1;3;113;55- 57, AVENUE D ITALIE;M;4882620;235729;750
2,016E+11;16;1;15;1600;1;2;5;1;3;111;RUE SERVAN;M;4886400;238129;750
2,016E+11;16;1;21;1235;1;2;7;1;6;108;AVENUE DES CHAMPS ELYSEE;M;4886780;231384;750
2,016E+11;16;1;22;745;1;2;7;1;7;106;02, PLACE EDMOND ROSTAND;M;4884770;234004;750
2,016E+11;16;1;22;1125;1;2;1;1;2;118;104, RUE DE CLIGNANCOURT;M;4889200;234877;750
2,016E+11;16;1;22;2200;5;2;1;1;7;116;AVENUE EDOUARD VAILLANT;M;4883670;225433;750
2,016E+11;16;1;23;440;2;2;1;1;6;101;VOIE GEORGES POMPIDOU;M;4885880;234005;750
2,016E+11;16;1;23;2235;5;2;2;1;3;115;AVENUE FELIX FAURE;M;4884210;229037;750
2,016E+11;16;1;24;1141;1;2;1;1;3;116;71, AVENUE DE LA GRANDE;M;4887660;228604;750
2,016E+11;16;1;24;1920;5;2;2;1;3;110;RUE DU FAUBOURG DU TEMPL;M;4886880;236760;750
2,016E+11;16;1;27;745;1;2;1;2;4;114;BOULEVARD PERIPHERIQUE E;M;4882290;231258;750
2,016E+11;16;1;27;1929;5;2;2;1;3;105;48, RUE DES ECOLES;M;4884960;234483;750
2,016E+11;16;1;28;520;5;2;3;1;6;109;17, BOULEVARD DES ITALIE;M;4887140;233674;750
2,016E+11;16;1;28;940;1;2;1;1;3;116;BOULEVARD PERIPHERIQUE I;M;4885610;225729;750
2,016E+11;16;1;28;1024;1;2;1;1;6;112;23, BOULEVARD PONIATOWSK;M;4883230;239885;750
2,016E+11;16;1;29;1513;1;2;1;1;2;120;BOULEVARD PERIPHERIQUE I;M;4887020;241321;750
2,016E+11;16;1;31;153;5;2;1;2;6;112;QUAI DE LA RAPEE;M;4884400;236915;750
2,016E+11;16;2;1;1430;1;2;1;1;2;120;BOULEVARD PERIPHERIQUE I;M;4886500;241286;750
2,016E+11;16;2;2;1826;5;2;1;2;6;116;AVENUE FOCH;M;4887300;228691;750
2,016E+11;16;2;4;2050;3;2;3;1;6;116;ROUTE DE SEVRES A NEUILL;M;4887540;224953;750
2,016E+11;16;2;5;2140;5;2;1;1;6;120;109-111, RUE DE MENILMON;M;4886930;239220;750
2,016E+11;16;2;8;623;5;2;2;1;5;102;BOULEVARD SAINT DENIS;M;4886930;235421;750
2,016E+11;16;2;9;33;5;2;7;1;3;108;PLACE DE LA CONCORDE;M;4886590;231989;750
2,016E+11;16;2;9;920;1;2;2;1;6;116;RUE DUFRENOY;M;4886650;227272;750
2,016E+11;16;2;10;1947;5;2;5;1;3;106;RUE DE RENNES;M;4884800;232774;750
2,016E+11;16;2;11;12;5;2;5;1;2;112;43, AVENUE DU GENERAL MI;M;4883460;240080;750
2,016E+11;16;2;11;755;1;2;3;1;2;113;164, AVENUE DE LA PORTE;M;4882900;235763;750
2,016E+11;16;2;12;1310;1;2;1;3;6;101;SOUTERRAIN TUILERIES;M;4886210;232665;750
2,016E+11;16;2;12;1930;5;2;2;1;3;117;RUE POUCHET;M;4889420;232057;750
2,016E+11;16;2;12;2050;5;2;5;1;6;113;207, RUE DE TOLBIAC;M;4882570;234822;750
2,016E+11;16;2;15;1720;2;2;2;1;6;111;160, RUE SAINT MAUR;M;4886950;237391;750
2,016E+11;16;2;16;345;5;2;7;1;6;101;PLACE DU CARROUSEL;M;4886040;233353;750
2,016E+11;16;2;16;1939;5;2;3;1;6;118;2, RUE ACHILLE MARTINET;M;4889150;233648;750
2,016E+11;16;2;17;2155;5;2;2;1;1;108;RUE DE LA PEPINIERE;M;4887510;232290;750
2,016E+11;16;2;18;305;5;2;3;1;5;110;222, RUE DU FAUBOURG SAI;M;4888040;236432;750
2,016E+11;16;2;18;1147;1;2;7;2;6;110;249, RUE LA FAYETTE;M;4888270;237017;750
2,016E+11;16;2;19;830;1;2;4;1;3;112;ECHANGEUR BERCY;M;4882680;239061;750
2,016E+11;16;2;19;1329;1;2;2;1;3;114;PLACE DU VINGT CINQ AOUT;M;4882320;232552;750
2,016E+11;16;2;21;320;5;2;1;1;3;113;BOULEVARD PERIPHERIQUE I;M;4882580;238645;750
2,016E+11;16;2;21;613;5;2;7;1;6;112;PLACE DE LA NATION;M;4884820;239665;750
2,016E+11;16;2;21;1025;1;2;2;1;6;106;57, QUAI DES GRANDS AUGU;M;4885610;234044;750
2,016E+11;16;2;23;920;1;2;1;1;6;119;09, RUE RIQUET;M;4888830;237592;750
2,016E+11;16;2;24;1250;1;2;7;1;6;110;RUE DU FAUBOURG SAINT MA;M;4887530;235921;750
2,016E+11;16;2;26;1250;1;2;7;1;6;113;107, BOULEVARD DE L HOPI;M;4883660;235927;750
2,016E+11;16;2;26;2005;5;2;1;1;6;110;RUE DU FAUBOURG SAINT MA;M;4888290;236735;750
2,016E+11;16;2;26;2235;5;2;2;1;6;115;RUE DE VAUGIRARD;M;4883830;229844;750
2,016E+11;16;2;27;1436;1;2;2;1;6;101;RUE DE RIVOLI;M;4886010;234337;750
2,016E+11;16;2;27;2050;4;2;2;1;6;111;80, RUE OBERKAMPF;M;4886520;237516;750
2,016E+11;16;3;11;1120;1;2;6;1;3;111;PLACE DE LA NATION;M;4884850;239511;750
2,016E+11;16;3;3;2224;5;2;7;1;3;117;PLACE DE VERDUN;M;4887860;227978;750
2,016E+11;16;3;5;520;5;2;1;2;6;101;QUAI DES TUILERIES;M;4886230;232551;750
2,016E+11;16;3;5;1503;1;2;4;1;3;113;AVENUE DE LA PORTE D ITA;M;4881640;236001;750
2,016E+11;16;3;5;2050;5;2;3;1;3;112;242, RUE DU FAUBOURG SAI;M;4884940;238947;750
2,016E+11;16;3;6;718;1;2;1;1;3;119;202, AVENUE JEAN JAURES;M;4888860;239227;750
2,016E+11;16;3;7;925;1;2;7;1;3;117;20, PLACE GENERAL CATROU;M;4888260;231037;750
2,016E+11;16;3;11;404;5;2;1;1;6;115;88, AVENUE DE BRETEUIL;M;4884560;231103;750