Num_Acc;an;mois;jour;hrmn;lum;agg;int;atm;col;com;adr;gps;lat;long;dep
2,016E+11;16;7;12;640;1;2;1;1;2;112;ECHANGEUR BERCY;M;4882770;238984;750
2,016E+11;16;7;13;930;1;2;1;1;3;119;PORTE DE PANTIN;M;4888240;240132;750
2,016E+11;16;7;12;1930;1;2;1;1;4;119;PORTE DE LA VILLETTE;M;4890060;238564;750
2,016E+11;16;7;14;2150;3;2;1;1;6;113;PORTE D IVRY;M;4882010;237435;750
2,016E+11;16;7;15;1030;1;2;1;1;2;114;PORTE DE CHATILLON;M;4882280;231373;750
2,016E+11;16;7;15;900;1;2;1;1;3;118;PORTE DE LA CHAPELLE;M;4890090;236115;750
2,016E+11;16;7;15;710;1;2;4;1;6;115;ECHANGEUR ISSY;M;4883580;227032;750
2,016E+11;16;7;16;450;5;2;1;1;6;119;PORTE D AUBERVILLIERS;M;4890070;237028;750
2,016E+11;16;7;17;255;5;2;4;1;3;114;PORTE DE CHATILLON;M;4882300;231204;750
2,016E+11;16;7;18;915;1;2;1;1;6;112;PORTE DE CHARENTON;M;4882880;239902;750
2,016E+11;16;7;18;1845;1;2;1;1;6;112;PORTE DE CHARENTON;M;4882920;240049;750
2,016E+11;16;7;20;1100;1;2;1;1;2;117;PORTE DE SAINT OUEN;M;4890080;232980;750
2,016E+11;16;7;22;800;1;2;1;1;3;119;PORTE DE LA VILLETTE;M;4890020;239101;750
2,016E+11;16;7;22;1030;1;2;1;1;3;119;PORTE D AUBERVILLIERS;M;4890050;237476;750
2,016E+11;16;7;23;1825;1;2;1;1;4;120;PORTE DE MONTREUIL;M;4885150;241531;750
2,016E+11;16;7;24;45;5;2;1;1;7;113;PORTE DE GENTILLY;M;4881700;234828;750
2,016E+11;16;7;25;1200;1;2;4;1;6;117;ECHANGEUR CHAMPERRET;M;4888470;228647;750
2,016E+11;16;7;25;1810;1;2;1;1;4;113;PORTE D ITALIE;M;4881700;236590;750
2,016E+11;16;7;27;855;1;2;1;1;3;113;PORTE D ITALIE;M;4881670;236471;750
2,016E+11;16;7;28;1600;1;2;1;1;3;115;PORTE DE LA PLAINE;M;4882680;229567;750
2,016E+11;16;7;29;1715;1;2;1;1;2;115;QUAI D ISSY LES MOULINEA;M;4883510;226921;750
2,016E+11;16;7;29;1900;1;2;1;1;4;117;ECHANGEUR CLICHY;M;4889460;230578;750
2,016E+11;16;7;30;1506;1;2;1;1;2;114;ECHANGEUR VANVES;M;4882430;230574;750
2,016E+11;16;8;1;410;5;2;1;1;6;117;BOULEVARD PERIPHERIQUE E;M;4889820;231418;750
2,016E+11;16;8;4;1315;1;2;1;1;3;118;ECHANGEUR CHAPELLE;M;4890030;235910;750
2,016E+11;16;8;4;1510;1;2;1;1;2;118;PORTE DE CLIGNANCOURT;M;4890100;234849;750
2,016E+11;16;8;5;1245;1;2;1;1;4;118;PORTE DE CLIGNANCOURT;M;4890090;234440;750
2,016E+11;16;8;6;1030;1;2;1;1;1;116;PORTE DE SAINT CLOUD;M;4884050;225385;750
2,016E+11;16;8;7;1030;1;2;1;1;3;112;ECHANGEUR BERCY;M;4882760;239246;750
2,016E+11;16;8;8;630;1;2;1;1;6;119;PORTE DE LA VILLETTE;M;4889910;239278;750
2,016E+11;16;8;9;1715;1;2;1;1;2;118;PORTE DE CLIGNANCOURT;M;4890100;234986;750
2,016E+11;16;8;9;1730;1;2;1;1;3;113;PORTE D IVRY;M;4881850;236952;750
2,016E+11;16;8;11;1330;1;2;1;1;2;112;ECHANGEUR BERCY;M;4882850;239773;750
2,016E+11;16;8;13;1830;1;2;1;1;7;118;ECHANGEUR CHAPELLE;M;4890030;235907;750
2,016E+11;16;8;14;620;1;2;1;1;7;118;PORTE DE LA CHAPELLE;M;4890090;235842;750
2,016E+11;16;8;17;1945;1;2;1;1;3;112;ECHANGEUR BERCY;M;4882820;239645;750
2,016E+11;16;8;18;850;1;2;1;1;7;120;ECHANGEUR BAGNOLET;M;4886600;241259;750
2,016E+11;16;8;22;845;1;2;1;1;2;115;PORTE DE LA PLAINE;M;4882870;228953;750
2,016E+11;16;8;22;700;1;2;1;1;7;116;ECHANGEUR MUETTE;M;4886740;226910;750
2,016E+11;16;8;24;1650;1;2;1;1;2;112;PORTE DE VINCENNES;M;4884340;241393;750
2,016E+11;16;8;25;850;1;2;1;1;2;119;PORTE DES LILAS;M;4888120;240340;750
2,016E+11;16;8;25;1845;1;2;1;1;4;114;PORTE DE CHATILLON;M;4882180;231755;750
2,016E+11;16;8;28;225;5;2;1;1;6;117;PORTE D ASNIERES;M;4889160;230075;750
2,016E+11;16;8;29;1410;1;2;1;1;2;120;ECHANGEUR BAGNOLET;M;4886300;241350;750
2,016E+11;16;8;30;830;1;2;1;1;6;112;ECHANGEUR BERCY;M;4882680;239215;750
2,016E+11;16;8;30;1330;1;2;1;1;4;116;PORTE DE SAINT CLOUD;M;4883500;226380;750
2,016E+11;16;8;30;1605;1;2;1;1;4;112;ECHANGEUR BERCY;M;4882850;239773;750
2,016E+11;16;8;31;1325;1;2;1;1;4;115;PORTE DE LA PLAINE;M;4882870;228953;750
2,016E+11;16;8;31;1800;1;2;1;1;4;114;PORTE D ORLEANS;M;4882090;232147;750
2,016E+11;16;9;1;1435;1;2;1;1;4;112;PORTE DE VINCENNES;M;4884160;241376;750
2,016E+11;16;9;1;1700;1;2;1;1;6;118;PORTE DE SAINT OUEN;M;4890060;233214;750
2,016E+11;16;9;2;740;1;2;1;1;3;119;PORTE DE LA VILLETTE;M;4890060;238835;750
2,016E+11;16;9;2;1055;1;2;1;1;4;112;PORTE DE CHARENTON;M;4882920;240049;750
2,016E+11;16;9;2;1345;1;2;1;1;4;116;PORTE DE SAINT CLOUD;M;4883980;225409;750
2,016E+11;16;9;3;1450;1;2;1;1;2;112;PORTE DE CHARENTON;M;4882850;239773;750
2,016E+11;16;9;4;2100;4;2;1;1;2;120;PORTE DE VINCENNES;M;4884970;241500;750
2,016E+11;16;9;6;1440;1;2;1;1;7;117;PORTE DE SAINT OUEN;M;4890050;232531;750
2,016E+11;16;9;6;1845;1;2;4;1;2;116;PORTE DAUPHINE;M;4886990;227174;750
2,016E+11;16;9;9;1655;1;2;1;1;2;114;PORTE D ORLEANS;M;4881990;232662;750
2,016E+11;16;9;10;1940;2;2;1;1;3;112;PORTE DOREE;M;4883220;240558;750
2,016E+11;16;9;12;1040;1;2;1;1;6;116;ECHANGEUR MAILLOT;M;4887840;227963;750
2,016E+11;16;9;12;1600;1;2;1;1;2;114;PORTE DE CHATILLON;M;4882310;231243;750
2,016E+11;16;9;12;1815;1;2;1;1;4;119;PORTE DE PANTIN;M;4888860;239640;750
2,016E+11;16;9;13;1610;1;2;1;1;2;119;PORTE DE LA VILLETTE;M;4890040;238154;750
2,016E+11;16;9;14;835;1;2;1;1;3;116;PORTE DAUPHINE;M;4887220;227406;750
2,016E+11;16;9;15;545;5;2;1;2;6;113;BOULEVARD PERIPHERIQUE E;M;4881600;236224;750
2,016E+11;16;9;16;1330;1;2;1;1;3;115;PORTE DE SEVRES;M;4883240;228039;750
2,016E+11;16;9;17;550;4;2;1;1;6;120;ECHANGEUR BAGNOLET;M;4886620;241504;750
2,016E+11;16;9;17;1355;1;2;1;1;3;112;ECHANGEUR BERCY;M;4882850;239802;750
2,016E+11;16;9;18;1835;1;2;1;1;2;113;QUAI D IVRY;M;4882600;238773;750
2,016E+11;16;9;18;1625;1;2;1;1;4;114;PORTE D ORLEANS;M;4882030;232406;750
2,016E+11;16;9;19;810;1;2;1;1;2;118;PORTE DE LA CHAPELLE;M;4890120;235434;750
2,016E+11;16;9;19;1440;1;2;1;2;3;120;PORTE DE MONTREUIL;M;4885760;241424;750
2,016E+11;16;9;19;1645;1;2;1;1;3;120;PORTE DE BAGNOLET;M;4886480;241324;750
2,016E+11;16;9;19;1735;1;2;4;1;2;112;ECHANGEUR BERCY;M;4882680;239014;750
2,016E+11;16;9;20;1345;1;2;1;1;2;114;PORTE D ORLEANS;M;4882090;232147;750
2,016E+11;16;9;21;1000;1;2;1;1;2;113;PORTE D IVRY;M;4881910;237198;750
2,016E+11;16;9;22;1445;1;2;1;1;4;112;ECHANGEUR BERCY;M;4882750;239278;750
2,016E+11;16;9;23;1220;1;2;1;1;4;114;PORTE DE VANVES;M;4882460;230471;750
2,016E+11;16;9;23;1950;5;2;1;1;3;116;PORTE DE PASSY;M;4885600;225659;750
2,016E+11;16;9;24;1255;1;2;1;1;2;115;PORTE DE SEVRES;M;4883340;227807;750
2,016E+11;16;9;24;1100;1;2;1;7;6;117;ECHANGEUR MAILLOT;M;4888010;228139;750
2,016E+11;16;9;24;1820;1;2;1;1;3;116;PORTE DE SAINT CLOUD;M;4883490;226247;750
2,016E+11;16;9;25;520;5;2;1;1;7;119;PORTE DE PANTIN;M;4888870;239662;750
2,016E+11;16;9;26;910;1;2;1;1;2;118;PORTE DE LA CHAPELLE;M;4890070;236211;750
2,016E+11;16;9;28;1230;1;2;1;1;4;115;PORTE DE SEVRES;M;4883290;227923;750
2,016E+11;16;9;28;2110;5;2;1;1;3;118;PORTE DE LA CHAPELLE;M;4890100;235394;750
2,016E+11;16;9;29;2030;5;2;1;1;3;116;PORTE DAUPHINE;M;4887270;227418;750
2,016E+11;16;9;30;1857;2;2;1;2;5;112;PORTE DOREE;M;4883280;240657;750
2,016E+11;16;10;1;1;3;2;1;2;6;120;ECHANGEUR BAGNOLET;M;4886580;241244;750
2,016E+11;16;10;1;320;5;2;4;1;6;113;BOULEVARD PERIPHERIQUE I;M;4881620;236308;750
2,016E+11;16;10;1;1750;1;2;1;1;2;114;ECHANGEUR GENTILLY;M;4881630;234289;750
2,016E+11;16;10;1;2030;5;2;1;1;2;117;PORTE DE CLICHY;M;4889520;230681;750
2,016E+11;16;10;2;712;2;2;1;1;4;117;SOUTERRAIN ASNIERES;M;4888980;229767;750
2,016E+11;16;10;2;1500;1;2;1;1;2;120;PORTE DE MONTREUIL;M;4885850;241411;750
2,016E+11;16;10;3;800;1;2;1;1;3;119;PORTE DE PANTIN;M;4889400;239516;750
2,016E+11;16;10;4;1815;1;2;1;1;4;112;ECHANGEUR BERCY;M;4882770;239413;750
2,016E+11;16;10;6;800;1;2;1;1;3;116;PORTE DAUPHINE;M;4887270;227418;750
2,016E+11;16;10;6;1110;1;2;1;1;3;114;PORTE D ORLEANS;M;4881960;232792;750
2,016E+11;16;10;7;1730;1;2;1;1;4;113;PORTE D ITALIE;M;4881790;236830;750
2,016E+11;16;10;8;500;5;2;1;1;2;119;BOULEVARD PERIPHERIQUE I;M;4888600;239722;750
2,016E+11;16;10;8;1815;1;2;1;1;6;114;PORTE DE GENTILLY;M;4881680;233761;750
2,016E+11;16;10;8;1700;1;2;1;1;2;116;PORTE DE SAINT CLOUD;M;4884430;225486;750
2,016E+11;16;10;9;1520;1;2;1;1;2;115;QUAI D ISSY LES MOULINEA;M;4883510;226785;750
2,016E+11;16;10;10;1015;1;2;4;1;3;112;ECHANGEUR BERCY;M;4882740;239023;750
2,016E+11;16;10;10;1445;1;2;1;1;3;113;PORTE D IVRY;M;4881910;237198;750
2,016E+11;16;10;11;1510;1;2;4;1;7;113;PORTE D ITALIE;M;4881730;236599;750
2,016E+11;16;10;11;1740;5;2;1;1;4;116;ECHANGEUR AUTEUIL;M;4885190;225236;750
2,016E+11;16;10;12;1015;1;2;1;1;4;117;PORTE DE CHAMPERRET;M;4888470;228660;750
2,016E+11;16;10;13;750;1;2;1;1;3;113;PORTE DE GENTILLY;M;4881660;234708;750
2,016E+11;16;10;13;1945;1;2;1;1;7;116;PORTE DE SAINT CLOUD;M;4883540;225847;750
2,016E+11;16;10;14;930;1;2;4;8;2;119;PORTE DE PANTIN;M;4888590;239752;750
2,016E+11;16;10;14;1435;1;2;1;1;4;116;PORTE DE PASSY;M;4885420;225442;750
2,016E+11;16;10;14;2030;5;2;1;2;3;113;QUAI D IVRY;M;4882360;238215;750
2,016E+11;16;10;15;540;5;2;1;2;3;115;BOULEVARD PERIPHERIQUE I;M;4883490;226651;750
2,016E+11;16;10;15;1415;1;2;1;1;3;120;PORTE DE MONTREUIL;M;4885400;241392;750
2,016E+11;16;10;16;1630;1;2;1;1;3;116;PORTE DAUPHINE;M;4886990;227181;750
2,016E+11;16;10;17;745;1;2;1;1;6;115;PORTE DE SEVRES;M;4883380;227691;750
2,016E+11;16;10;17;1500;1;2;1;1;3;115;PORTE DE SEVRES;M;4883050;228502;750
2,016E+11;16;10;17;1710;1;2;1;1;2;116;PORTE DE PASSY;M;4886030;226329;750
2,016E+11;16;10;18;950;1;2;1;1;2;120;PORTE DE BAGNOLET;M;4886030;241391;750
2,016E+11;16;10;18;705;2;2;1;1;3;115;PORTE DE SEVRES;M;4883410;227557;750
2,016E+11;16;10;18;2220;5;2;4;1;6;117;PORTE DE CHAMPERRET;M;4888840;229295;750
2,016E+11;16;10;19;1345;1;2;1;1;3;116;PORTE MAILLOT;M;4887450;227608;750
2,016E+11;16;10;19;1740;2;2;1;1;6;120;PORTE DE BAGNOLET;M;4887110;241310;750
2,016E+11;16;10;20;1630;1;2;1;2;4;112;PORTE DE CHARENTON;M;4882920;240049;750
2,016E+11;16;10;21;1430;1;2;1;2;3;115;QUAI D ISSY LES MOULINEA;M;4883510;226921;750
2,016E+11;16;10;21;1620;1;2;1;2;6;118;ECHANGEUR CHAPELLE;M;4890030;235916;750
2,016E+11;16;10;22;1030;1;2;1;1;6;113;QUAI D IVRY;M;4882600;238773;750
2,016E+11;16;10;23;100;5;2;1;1;6;118;/, ECHANGEUR CHAPELLE;M;4890030;235914;750
2,016E+11;16;10;24;1155;1;2;1;2;4;112;PORTE DE CHARENTON;M;4883160;240424;750
2,016E+11;16;10;24;1435;1;2;1;2;7;116;PORTE D AUTEUIL;M;4885480;225537;750
2,016E+11;16;10;24;1755;1;2;1;1;3;119;PORTE DE LA VILLETTE;M;4890040;238932;750
2,016E+11;16;10;25;800;2;2;1;1;2;118;PORTE DE LA CHAPELLE;M;4890120;235434;750
2,016E+11;16;10;25;1005;1;2;1;1;7;117;PORTE DE CHAMPERRET;M;4888450;228584;750
2,016E+11;16;10;26;935;1;2;1;1;2;118;PORTE DE CLIGNANCOURT;M;4890120;235162;750
2,016E+11;16;10;27;1;5;2;1;5;4;119;PORTE DE LA VILLETTE;M;4890050;238659;750
2,016E+11;16;10;27;935;1;2;1;1;3;120;PORTE DE MONTREUIL;M;4885580;241387;750
2,016E+11;16;10;28;730;2;2;1;1;4;114;PORTE DE CHATILLON;M;4882240;231505;750
2,016E+11;16;10;28;1230;1;2;1;1;4;115;PORTE DE VANVES;M;4882550;230087;750
2,016E+11;16;10;29;605;5;2;1;1;6;119;PORTE D AUBERVILLIERS;M;4890020;237706;750
2,016E+11;16;10;29;2310;5;2;1;1;6;113;PORTE D ITALIE;M;4881640;235814;750
2,016E+11;16;10;31;1240;1;2;1;1;2;119;PORTE DES LILAS;M;4888120;240340;750
2,016E+11;16;11;1;1430;1;2;1;1;2;113;PORTE D IVRY;M;4882160;237918;750
2,016E+11;16;11;2;1835;1;2;1;1;2;117;PORTE D ASNIERES;M;4889160;230075;750
2,016E+11;16;11;3;1000;1;2;1;1;4;120;PORTE DE VINCENNES;M;4884970;241500;750
2,016E+11;16;11;4;720;1;2;1;1;3;113;QUAI D IVRY;M;4882300;238114;750
2,016E+11;16;11;6;1555;1;2;1;1;6;119;PORTE DES LILAS;M;4887930;240762;750
2,016E+11;16;11;7;700;2;2;1;2;4;116;PORTE DE SAINT CLOUD;M;4883660;225622;750
2,016E+11;16;11;7;900;1;2;1;2;7;116;PORTE DE SAINT CLOUD;M;4883510;225976;750
2,016E+11;16;11;8;840;1;2;1;1;4;113;PORTE D IVRY;M;4882300;238114;750
2,016E+11;16;11;8;800;1;2;1;1;4;115;PORTE BRANCION;M;4882560;230083;750
2,016E+11;16;11;9;745;1;2;1;2;7;115;PORTE DE LA PLAINE;M;4882690;229440;750
2,016E+11;16;11;9;1040;1;2;4;3;3;114;ECHANGEUR ORLEANS;M;4881850;233302;750
2,016E+11;16;11;9;1415;1;2;1;2;2;116;PORTE DE SAINT CLOUD;M;4884340;225454;750
2,016E+11;16;11;10;945;1;2;1;2;6;117;ECHANGEUR MAILLOT;M;4888040;228163;750
2,016E+11;16;11;10;1430;1;2;1;8;3;113;PORTE D IVRY;M;4882110;237806;750
2,016E+11;16;11;14;1415;1;2;1;1;3;113;QUAI D IVRY;M;4882600;238773;750
2,016E+11;16;11;15;915;1;2;4;2;3;116;PORTE DE SAINT CLOUD;M;4883620;225703;750
2,016E+11;16;11;15;1805;2;2;1;1;3;117;PORTE DE SAINT OUEN;M;4890060;232804;750
2,016E+11;16;11;16;730;5;2;1;1;3;112;ECHANGEUR BERCY;M;4882670;239122;750
2,016E+11;16;11;16;1045;1;2;1;8;2;114;PORTE D ORLEANS;M;4882080;232275;750
2,016E+11;16;11;17;900;1;2;1;1;4;117;PORTE DE CHAMPERRET;M;4888410;228562;750
2,016E+11;16;11;17;1605;1;2;1;1;4;114;PORTE D ORLEANS;M;4882030;232406;750
2,016E+11;16;11;17;1759;5;2;1;1;3;119;PORTE DE LA VILLETTE;M;4889840;239384;750
2,016E+11;16;11;17;1940;1;2;1;1;6;112;PORTE DE VINCENNES;M;4884340;241393;750
2,016E+11;16;11;18;1940;1;2;1;1;3;117;PORTE DE CLICHY;M;4889610;230912;750
2,016E+11;16;11;19;1820;1;2;1;1;2;116;PORTE MAILLOT;M;4887530;227687;750
2,016E+11;16;11;19;2020;5;2;1;1;3;118;PORTE DE LA CHAPELLE;M;4890090;235842;750
2,016E+11;16;11;20;710;5;2;1;2;7;116;PORTE DE PASSY;M;4885780;225951;750
2,016E+11;16;11;21;920;1;2;1;1;4;116;PORTE DE PASSY;M;4885780;225951;750
2,016E+11;16;11;21;1920;5;2;1;1;3;113;PORTE D IVRY;M;4882180;237912;750
2,016E+11;16;11;23;845;1;2;1;1;2;113;PORTE D IVRY;M;4882640;238893;750
2,016E+11;16;11;23;1400;1;2;1;1;2;112;PORTE DE CHARENTON;M;4883380;240888;750
2,016E+11;16;11;23;1420;1;2;1;1;3;120;PORTE DE BAGNOLET;M;4886840;241320;750
2,016E+11;16;11;24;1700;1;2;1;1;3;116;PORTE DAUPHINE;M;4886850;227026;750
2,016E+11;16;11;25;2140;3;2;1;1;2;120;PORTE DE BAGNOLET;M;4886570;241342;750
2,016E+11;16;11;26;230;5;2;1;1;6;117;PORTE DE CLICHY;M;4889610;230912;750
2,016E+11;16;11;26;815;5;2;1;1;3;112;PORTE DOREE;M;4883900;241327;750
2,016E+11;16;11;26;1845;5;2;4;1;4;119;PORTE DE PANTIN;M;4888590;239752;750
2,016E+11;16;11;29;910;1;2;4;1;3;113;PORTE D IVRY;M;4881870;237086;750
2,016E+11;16;11;29;1205;1;2;1;1;4;120;PORTE DE BAGNOLET;M;4886750;241321;750
2,016E+11;16;11;30;900;1;2;1;1;4;114;PORTE D ORLEANS;M;4882050;232403;750
2,016E+11;16;11;30;710;5;2;1;1;3;118;PORTE DE CLIGNANCOURT;M;4890090;234440;750
2,016E+11;16;11;30;1555;1;2;1;1;3;112;ECHANGEUR BERCY;M;4882850;239802;750
2,016E+11;16;12;1;1400;5;2;1;1;3;117;PORTE MAILLOT;M;4888350;228464;750
2,016E+11;16;12;1;1545;1;2;1;1;3;115;PORTE BRANCION;M;4882650;229697;750
2,016E+11;16;12;2;900;1;2;4;1;3;112;ECHANGEUR BERCY;M;4882680;239061;750
2,016E+11;16;12;3;930;1;2;1;1;4;120;PORTE DE MONTREUIL;M;4885400;241413;750
2,016E+11;16;12;5;1730;5;2;1;1;3;118;PORTE DE CLIGNANCOURT;M;4890100;234986;750
2,016E+11;16;12;5;1920;1;2;1;1;3;117;PORTE MAILLOT;M;4888350;228464;750
2,016E+11;16;12;6;731;5;2;1;1;3;114;PORTE DE GENTILLY;M;4881660;234304;750
2,016E+11;16;12;8;1545;1;2;1;1;3;112;PORTE DOREE;M;4883810;241280;750
2,016E+11;16;12;8;2310;5;2;1;1;2;119;BOULEVARD PERIPHERIQUE I;M;4890020;237706;750
2,016E+11;16;12;9;730;2;2;4;1;4;114;PORTE D ORLEANS;M;4881960;232808;750
2,016E+11;16;12;9;1715;5;2;1;1;3;113;QUAI D IVRY;M;4882580;238645;750
2,016E+11;16;12;9;2020;5;2;4;1;3;118;PORTE DE CLIGNANCOURT;M;4890100;234758;750
2,016E+11;16;12;10;1300;1;2;1;1;6;118;PORTE D AUBERVILLIERS;M;4890090;236524;750
2,016E+11;16;12;10;1850;5;2;1;1;2;118;PORTE DE LA CHAPELLE;M;4890120;235298;750
2,016E+11;16;12;12;1940;5;2;1;2;1;112;ECHANGEUR BERCY;M;4882690;239079;750
2,016E+11;16;12;12;2045;5;2;1;2;7;119;PORTE D AUBERVILLIERS;M;4890080;237205;750
2,016E+11;16;12;13;820;1;2;1;2;3;112;PORTE DOREE;M;4883810;241280;750
2,016E+11;16;12;13;1720;1;2;1;1;2;118;PORTE D AUBERVILLIERS;M;4890090;233935;750
2,016E+11;16;12;13;1815;5;2;1;1;3;113;PORTE D ITALIE;M;4881790;236830;750
2,016E+11;16;12;14;140;5;2;1;1;6;113;BOULEVARD PERIPHERIQUE I;M;4881670;236471;750
2,016E+11;16;12;14;1850;1;2;1;1;3;116;PORTE DAUPHINE;M;4886740;226910;750
2,016E+11;16;12;19;1135;1;2;1;1;4;114;PORTE DE CHATILLON;M;4882180;231755;750
2,016E+11;16;12;20;100;5;2;1;1;2;116;PORTE D AUTEUIL;M;4885400;225376;750
2,016E+11;16;12;20;1700;5;2;1;1;3;117;PORTE DE CLICHY;M;4889860;231541;750
2,016E+11;16;12;21;1020;1;2;1;1;4;117;PORTE D ASNIERES;M;4889160;230075;750
2,016E+11;16;12;21;1320;1;2;1;1;2;116;PORTE D AUTEUIL;M;4885480;225537;750
2,016E+11;16;12;22;930;1;2;1;2;4;114;PORTE DE GENTILLY;M;4881680;233761;750
2,016E+11;16;12;22;1300;1;2;1;8;2;116;PORTE DAUPHINE;M;4886850;227026;750
2,016E+11;16;12;24;1910;5;2;1;1;4;119;PORTE DES LILAS;M;4888380;239960;750
2,016E+11;16;12;24;525;4;2;1;1;6;120;ECHANGEUR BAGNOLET;M;4886220;241403;750
2,016E+11;16;12;26;30;5;2;1;1;4;117;ECHANGEUR MAILLOT;M;4888070;228233;750
2,016E+11;16;12;26;1220;1;2;1;2;7;118;ECHANGEUR CHAPELLE;M;4890040;236159;750
2,016E+11;16;12;27;1600;1;2;1;1;3;117;PORTE DE CHAMPERRET;M;4888780;229157;750
2,016E+11;16;12;27;1820;5;2;1;1;3;113;PORTE D ITALIE;M;4881790;235336;750
2,016E+11;16;12;28;1930;1;2;1;1;7;120;PORTE DE MONTREUIL;M;4885850;241411;750
2,016E+11;16;12;28;1800;5;2;1;1;2;112;ECHANGEUR BERCY;M;4882800;239515;750
2,016E+11;16;12;29;1745;1;2;1;1;2;120;PORTE DE BAGNOLET;M;4887110;241310;750
2,016E+11;16;12;30;1450;1;2;1;1;6;120;PORTE DE MONTREUIL;M;4885850;241411;750
2,016E+11;16;2;17;1545;1;2;1;2;3;229;louis Moreau Goltshalk;A;0;0;972
2,016E+11;16;3;27;1945;5;1;1;2;6;234;;A;0;0;972
2,016E+11;16;4;4;1715;1;2;3;1;3;229;Avenue Felix Eboué;A;0;0;972
2,016E+11;16;1;23;645;1;1;1;1;6;224;;A;0;0;972
2,016E+11;16;2;10;1145;1;1;1;1;1;224;;A;0;0;972
2,016E+11;16;7;10;515;2;2;1;1;6;224;grosse goutiere;A;0;0;972
2,016E+11;16;10;23;1900;5;2;1;3;1;224;RIVIERE L'OR;A;0;0;972
2,016E+11;16;12;16;1615;1;1;1;1;6;224;;A;0;0;972
2,016E+11;16;3;7;1300;1;2;1;1;6;218;Rue Nazareth;A;0;0;972
2,016E+11;16;3;25;2245;5;2;1;1;7;225;RD 10 La Galère;A;0;0;972
2,016E+11;16;6;15;1045;1;1;1;1;7;225;;A;0;0;972
2,016E+11;16;8;7;915;1;2;1;1;1;204;rue de la découverte;A;0;0;972
2,016E+11;16;8;18;1630;1;2;1;1;1;225;RN2 quartier trois ponts;A;0;0;972
2,016E+11;16;9;25;1700;1;2;1;1;1;218;Rue Edgard Nestoret;A;0;0;972
2,016E+11;16;11;21;1445;1;2;1;1;6;218;rue Edgard Nestoré;A;0;0;972
2,016E+11;16;12;13;1815;3;2;1;2;1;204;RD20, route de lajus;A;0;0;972
2,016E+11;16;12;19;1200;1;2;1;1;3;204;RN2;A;0;0;972
2,016E+11;16;1;6;1030;1;1;1;1;2;232;;A;0;0;972
2,016E+11;16;2;6;1845;3;2;1;1;1;210;bd du soleil levant;A;0;0;972
2,016E+11;16;2;20;1545;1;2;1;1;3;232;rue jean jaures;A;0;0;972
2,016E+11;16;4;27;1115;1;1;1;1;1;232;;A;0;0;972
2,016E+11;16;11;11;845;1;1;1;1;1;210;;A;0;0;972
2,016E+11;16;11;12;1830;3;1;1;1;1;210;;A;0;0;972
2,016E+11;16;1;2;845;1;1;1;1;2;207;;A;0;0;972
2,016E+11;16;1;16;330;3;1;1;3;6;207;;A;0;0;972
2,016E+11;16;2;28;1715;1;1;1;1;5;207;;A;0;0;972
2,016E+11;16;4;26;1230;1;1;1;1;3;223;;A;0;0;972
2,016E+11;16;12;30;1030;1;1;1;1;7;223;;A;0;0;972
2,016E+11;16;5;14;530;1;1;1;1;1;232;;A;0;0;972
2,016E+11;16;8;26;1400;1;1;1;1;1;232;;A;0;0;972
2,016E+11;16;11;10;1330;1;1;1;1;5;210;;A;0;0;972
2,016E+11;16;1;22;1630;1;1;1;1;6;217;;A;0;0;972
2,016E+11;16;1;30;1900;3;1;1;1;6;227;;A;0;0;972
2,016E+11;16;3;4;1530;1;2;3;1;4;217;;A;0;0;972
2,016E+11;16;5;29;2145;5;2;6;1;6;217;ROND POINT MONGERALD;A;0;0;972
2,016E+11;16;6;5;2000;3;1;1;1;7;227;;A;0;0;972
2,016E+11;16;6;5;1015;1;1;1;1;6;227;;A;0;0;972
2,016E+11;16;6;29;1545;1;1;1;1;7;217;;A;0;0;972
2,016E+11;16;7;8;1330;1;1;1;1;1;220;;A;0;0;972
2,016E+11;16;7;30;45;3;1;1;1;2;227;;A;0;0;972
2,016E+11;16;8;7;830;1;1;1;1;6;217;;A;0;0;972
2,016E+11;16;8;8;130;3;1;1;1;1;227;;A;0;0;972
2,016E+11;16;10;11;1345;1;1;1;1;1;227;;A;0;0;972
2,016E+11;16;12;3;245;4;1;1;1;1;226;;A;0;0;972
2,016E+11;16;12;10;1630;1;1;1;1;6;220;;A;0;0;972
2,016E+11;16;9;9;630;2;2;1;1;6;231;CD 7 - PK 6;A;0;0;972
2,016E+11;16;12;28;1415;1;1;6;1;7;230;;A;0;0;972
2,016E+11;16;2;5;915;1;1;1;1;6;230;;A;0;0;972
2,016E+11;16;2;14;1700;1;1;1;1;1;230;;A;0;0;972
2,016E+11;16;6;14;1930;4;2;1;1;3;230;72 Rue J.Lagrosillière;A;0;0;972
2,016E+11;16;12;7;1830;3;1;1;2;5;230;;A;0;0;972
2,016E+11;16;1;30;1800;1;2;1;1;3;222;quartier four a chaux;A;0;0;972