Num_Acc;an;mois;jour;hrmn;lum;agg;int;atm;col;com;adr;gps;lat;long;dep
2,016E+11;16;8;21;1700;1;2;1;1;3;222;chère épice;A;0;0;972
2,016E+11;16;9;4;2030;3;1;1;1;1;222;;A;0;0;972
2,016E+11;16;9;9;1900;3;1;3;1;6;222;;A;0;0;972
2,016E+11;16;8;28;930;1;2;1;1;3;212;chemin STEPHEN FELIXINE;A;0;0;972
2,016E+11;16;11;17;745;1;1;1;1;2;222;;A;0;0;972
2,016E+11;16;12;16;1545;1;1;1;8;1;212;;A;0;0;972
2,016E+11;16;12;21;1200;1;2;1;1;3;222;rue courbaril;A;0;0;972
2,016E+11;16;1;3;1845;3;1;1;1;6;228;;A;0;0;972
2,016E+11;16;1;29;1700;1;1;1;1;1;228;;A;0;0;972
2,016E+11;16;8;8;515;2;1;1;1;6;228;;A;0;0;972
2,016E+11;16;8;28;1845;3;1;1;1;5;228;;A;0;0;972
2,016E+11;16;10;18;840;1;1;1;1;6;228;;A;0;0;972
2,016E+11;16;2;13;800;1;2;1;1;6;104;AVENUE DU PERE LABAT;A;0;0;971
2,016E+11;16;3;12;1815;5;2;1;1;6;104;route de cadet;A;0;0;971
2,016E+11;16;4;30;915;1;2;1;1;2;104;avenue des pères blancs;A;0;0;971
2,016E+11;16;5;9;715;1;1;1;1;1;124;;A;0;0;971
2,016E+11;16;7;5;830;1;2;1;3;7;124;RN3 virage de st phy;A;0;0;971
2,016E+11;16;7;14;2000;3;2;1;1;7;104;rue de l'église;A;0;0;971
2,016E+11;16;10;20;1100;1;1;1;8;2;104;;A;0;0;971
2,016E+11;16;10;24;800;1;2;1;3;3;124;;A;0;0;971
2,016E+11;16;10;31;2015;3;2;1;1;7;124;rue des poiriers;A;0;0;971
2,016E+11;16;11;6;1100;1;2;1;1;6;104;482 chemin Jude-Plessis;A;0;0;971
2,016E+11;16;11;18;1445;1;1;1;1;1;104;;A;0;0;971
2,016E+11;16;3;16;930;1;1;1;2;1;134;;A;0;0;971
2,016E+11;16;3;30;730;1;1;1;1;1;134;;A;0;0;971
2,016E+11;16;4;16;1715;1;2;1;1;1;134;;A;0;0;971
2,016E+11;16;7;3;215;3;1;1;2;1;134;;A;0;0;971
2,016E+11;16;10;23;2100;3;1;1;1;6;134;;A;0;0;971
2,016E+11;16;12;15;1900;5;1;1;1;1;106;;A;0;0;971
2,016E+11;16;1;13;1630;2;1;1;1;6;106;;A;0;0;971
2,016E+11;16;1;16;1015;1;2;1;1;5;106;loquet;A;0;0;971
2,016E+11;16;3;26;1730;1;1;1;1;3;121;;A;0;0;971
2,016E+11;16;11;30;1030;1;1;1;1;1;121;;A;0;0;971
2,016E+11;16;4;24;15;3;1;1;1;6;111;;A;0;0;971
2,016E+11;16;8;14;1345;1;1;1;3;6;111;;A;0;0;971
2,016E+11;16;9;11;1715;1;1;1;1;3;111;;A;0;0;971
2,016E+11;16;11;6;1215;1;1;1;1;3;111;;A;0;0;971
2,016E+11;16;12;26;1030;1;1;1;1;6;111;;A;0;0;971
2,016E+11;16;1;2;2330;3;1;1;1;2;107;;A;0;0;971
2,016E+11;16;1;22;545;5;1;1;1;6;107;;A;0;0;971
2,016E+11;16;1;22;2345;3;1;1;1;1;107;;A;0;0;971
2,016E+11;16;1;25;1445;1;1;3;1;1;107;;A;0;0;971
2,016E+11;16;1;28;2100;3;1;1;1;2;107;;A;0;0;971
2,016E+11;16;2;3;1615;1;1;1;1;6;107;;A;0;0;971
2,016E+11;16;2;13;1;1;1;1;1;6;107;;A;0;0;971
2,016E+11;16;2;24;615;3;1;1;1;6;107;;A;0;0;971
2,016E+11;16;3;6;830;1;2;1;1;7;114;RN 1 -Christophe;A;0;0;971
2,016E+11;16;3;23;1415;1;1;1;1;1;107;;A;0;0;971
2,016E+11;16;4;17;1000;1;1;1;1;2;114;;A;0;0;971
2,016E+11;16;4;23;2015;3;1;1;1;6;107;;A;0;0;971
2,016E+11;16;4;21;2100;3;1;1;2;1;107;;A;0;0;971
2,016E+11;16;4;29;2030;5;1;1;1;5;107;;A;0;0;971
2,016E+11;16;5;4;1230;1;1;1;1;6;114;;A;0;0;971
2,016E+11;16;5;6;945;1;1;1;1;5;107;;A;0;0;971
2,016E+11;16;5;27;2230;3;1;1;3;7;107;;A;0;0;971
2,016E+11;16;6;21;1130;1;1;1;1;3;114;;A;0;0;971
2,016E+11;16;7;6;1315;1;1;1;1;6;107;;A;0;0;971
2,016E+11;16;7;7;1930;3;1;1;1;2;107;;A;0;0;971
2,016E+11;16;9;2;1330;1;1;1;1;3;107;;A;0;0;971
2,016E+11;16;9;14;1030;1;1;1;1;1;107;;A;0;0;971
2,016E+11;16;9;15;900;1;1;1;2;3;107;;A;0;0;971
2,016E+11;16;11;11;845;1;1;3;1;3;107;;A;0;0;971
2,016E+11;16;12;18;445;3;1;1;2;1;107;;A;0;0;971
2,016E+11;16;12;25;1930;3;1;1;1;6;107;;A;0;0;971
2,016E+11;16;7;28;1215;1;2;1;1;6;131;RUE BENOIT CASSIN;A;0;0;971
2,016E+11;16;11;9;515;5;2;1;1;6;131;rue de la saline;A;0;0;971
2,016E+11;16;12;23;2145;3;1;1;1;6;131;;A;0;0;971
2,016E+11;16;2;12;2230;3;1;1;1;3;115;;A;0;0;971
2,016E+11;16;7;29;2315;5;2;1;2;3;115;route de brefort;A;0;0;971
2,016E+11;16;11;22;1545;1;2;1;1;6;115;PIERRETTE;A;0;0;971
2,016E+11;16;12;23;915;1;1;1;1;7;115;;A;0;0;971
2,016E+11;16;3;8;1615;1;1;1;1;3;118;;A;0;0;971
2,016E+11;16;3;5;915;1;2;6;1;6;118;ZA de colin;A;0;0;971
2,016E+11;16;3;20;1545;1;1;1;1;6;118;;A;0;0;971
2,016E+11;16;4;6;1500;1;1;1;1;2;118;;A;0;0;971
2,016E+11;16;6;5;1745;5;2;1;1;6;118;colin;A;0;0;971
2,016E+11;16;6;5;1315;1;1;1;1;2;118;;A;0;0;971
2,016E+11;16;6;18;415;5;1;1;1;7;118;;A;0;0;971
2,016E+11;16;7;21;1845;1;1;1;1;1;118;;A;0;0;971
2,016E+11;16;12;13;700;1;1;1;1;2;118;;A;0;0;971
2,016E+11;16;3;3;2215;3;1;1;2;7;129;;A;0;0;971
2,016E+11;16;3;4;545;2;2;1;8;1;129;RN2 / rue de la poste;A;0;0;971
2,016E+11;16;3;8;915;1;2;3;1;3;129;Bellevue;A;0;0;971
2,016E+11;16;3;26;2045;5;1;1;1;6;129;;A;0;0;971
2,016E+11;16;3;30;2100;5;2;1;2;3;129;la boucan - sous résiden;A;0;0;971
2,016E+11;16;6;29;1045;1;2;1;1;6;129;montplaisr;A;0;0;971
2,016E+11;16;8;9;2030;5;1;1;1;3;129;;A;0;0;971
2,016E+11;16;8;10;1645;1;2;1;1;3;129;LA BOUCAN;A;0;0;971
2,016E+11;16;10;13;1310;1;1;1;1;1;129;;A;0;0;971
2,016E+11;16;11;5;45;5;1;1;1;7;129;;A;0;0;971
2,016E+11;16;3;13;930;3;1;1;1;6;126;;A;0;0;971
2,016E+11;16;4;9;1615;1;1;1;1;3;108;;A;0;0;971
2,016E+11;16;5;15;1230;1;2;1;1;3;112;;A;0;0;971
2,016E+11;16;5;22;1045;1;1;1;1;1;112;;A;0;0;971
2,016E+11;16;5;31;1945;3;1;1;1;3;112;;A;0;0;971
2,016E+11;16;8;7;830;1;1;1;1;1;108;;A;0;0;971
2,016E+11;16;10;1;1945;3;1;1;1;7;126;;A;0;0;971
2,016E+11;16;10;26;1700;1;1;1;1;6;108;;A;0;0;971
2,016E+11;16;10;31;2145;3;1;1;1;2;108;;A;0;0;971
2,016E+11;16;12;8;1430;1;1;1;3;1;108;;A;;;971
2,016E+11;16;12;16;2015;5;1;1;1;3;108;;A;;;971
2,016E+11;16;12;16;1845;5;1;1;1;6;112;;A;;;971
2,016E+11;16;12;18;1730;1;1;1;1;6;112;;A;;;971
2,016E+11;16;1;2;30;5;1;1;1;3;117;;A;0;0;971
2,016E+11;16;2;9;715;1;2;1;1;6;117;boulevard maritime;A;0;0;971
2,016E+11;16;3;19;1515;1;1;1;1;5;117;;A;0;0;971
2,016E+11;16;5;4;2200;3;1;1;1;5;117;;A;0;0;971
2,016E+11;16;5;6;1615;1;1;1;1;3;117;;A;0;0;971
2,016E+11;16;5;20;1330;1;2;1;1;3;117;général de gaulle;A;0;0;971
2,016E+11;16;5;21;1045;1;1;1;1;7;117;;A;0;0;971
2,016E+11;16;6;25;2215;4;1;1;1;3;117;;A;0;0;971
2,016E+11;16;7;13;700;1;1;1;1;1;117;;A;0;0;971
2,016E+11;16;9;3;1600;1;1;1;1;1;117;;A;0;0;971
2,016E+11;16;11;26;1115;1;2;1;1;3;117;rocade sergent;A;0;0;971
2,016E+11;16;12;18;1330;1;1;1;1;3;117;;A;0;0;971
2,016E+11;16;2;3;715;1;1;1;1;1;119;;A;0;0;971
2,016E+11;16;3;14;1415;1;1;1;1;3;122;;A;0;0;971
2,016E+11;16;3;14;2130;3;1;1;1;7;122;;A;0;0;971
2,016E+11;16;7;23;545;2;2;1;1;1;122;route Rémy Nainsouta;A;0;0;971
2,016E+11;16;7;31;1300;1;1;1;1;1;122;;A;0;0;971
2,016E+11;16;8;14;600;1;1;1;1;6;122;;A;0;0;971
2,016E+11;16;9;25;300;5;2;1;1;6;122;rue remi nainsouta;A;0;0;971
2,016E+11;16;11;20;15;3;1;1;1;7;119;;A;0;0;971
2,016E+11;16;4;15;1945;5;1;1;1;3;125;;A;0;0;971
2,016E+11;16;4;20;1800;1;2;1;1;3;125;RN4, plage raisins clair;A;0;0;971
2,016E+11;16;5;8;1100;1;1;1;1;3;125;;A;0;0;971
2,016E+11;16;5;22;1745;1;1;1;1;5;125;;A;0;0;971
2,016E+11;16;6;28;2300;3;1;1;1;6;125;;A;0;0;971
2,016E+11;16;10;29;1100;1;1;1;1;2;125;;A;0;0;971
2,016E+11;16;12;18;2300;5;2;1;1;6;125;route de Bragelogne;A;0;0;971
2,016E+11;16;2;1;630;1;2;1;1;6;126;Bd Hégésippe Ibéné;A;0;0;971
2,016E+11;16;2;2;2300;5;1;1;1;7;128;;A;0;0;971
2,016E+11;16;2;6;1645;1;1;1;1;3;128;;A;0;0;971
2,016E+11;16;2;9;100;3;1;1;1;7;126;;A;0;0;971
2,016E+11;16;2;23;600;2;1;1;1;3;126;;A;0;0;971
2,016E+11;16;3;6;1615;3;1;1;1;6;128;;A;0;0;971
2,016E+11;16;4;9;245;3;1;1;2;1;128;;A;0;0;971
2,016E+11;16;6;21;2145;5;1;1;1;1;126;;A;0;0;971
2,016E+11;16;7;13;115;3;1;1;1;6;126;;A;0;0;971
2,016E+11;16;7;16;1130;1;1;1;1;6;126;;A;0;0;971
2,016E+11;16;7;16;1815;1;1;1;1;6;128;;A;0;0;971
2,016E+11;16;9;7;945;1;2;1;1;1;126;route de champvert;A;0;0;971
2,016E+11;16;9;23;715;1;1;1;1;3;126;;A;0;0;971
2,016E+11;16;10;13;1845;2;1;1;1;1;126;;A;0;0;971
2,016E+11;16;1;30;345;3;1;1;1;6;116;;A;0;0;971
2,016E+11;16;2;3;1415;1;1;1;1;7;116;;A;0;0;971
2,016E+11;16;3;5;1300;1;2;1;1;1;116;RN5 bosredon;A;0;0;971
2,016E+11;16;3;13;615;1;1;1;2;3;116;;A;0;0;971
2,016E+11;16;5;28;1800;1;2;1;1;3;116;Route du moule;A;0;0;971
2,016E+11;16;7;22;615;1;1;1;1;2;116;;A;0;0;971
2,016E+11;16;7;24;1430;1;2;1;1;6;116;Espérance;A;0;0;971
2,016E+11;16;8;10;830;1;2;1;1;1;116;chemin de Rousseau;A;0;0;971
2,016E+11;16;10;9;700;1;1;1;2;2;116;;A;0;0;971
2,016E+11;16;10;16;600;2;1;1;1;2;116;;A;0;0;971
2,016E+11;16;11;3;2230;3;1;1;2;6;116;;A;0;0;971
2,016E+11;16;11;14;1130;1;2;1;1;6;116;marieulle;A;0;0;971
2,016E+11;16;11;28;500;3;1;1;8;6;116;;A;0;0;971
2,016E+11;16;12;13;2045;3;1;1;1;1;116;;A;0;0;971
2,016E+11;16;12;24;130;3;1;1;2;6;116;;A;0;0;971
2,016E+11;16;1;28;2130;3;1;1;1;1;305;;G;0;0;973
2,016E+11;16;3;10;2030;3;1;1;1;7;305;;G;0;0;973
2,016E+11;16;4;8;1700;1;2;1;1;3;305;03 allée des marguerites;G;0;0;973
2,016E+11;16;5;4;1930;3;1;1;1;1;305;;G;0;0;973
2,016E+11;16;5;24;1030;1;1;1;1;6;305;;G;0;0;973
2,016E+11;16;5;25;700;1;1;1;1;6;305;;G;0;0;973
2,016E+11;16;7;27;2045;5;2;1;1;1;305;rue du bois joli;G;0;0;973
2,016E+11;16;8;26;1930;3;1;1;1;6;305;;G;0;0;973
2,016E+11;16;9;29;1215;1;1;1;1;3;305;;G;0;0;973
2,016E+11;16;10;5;2245;3;1;1;1;2;313;;G;0;0;973
2,016E+11;16;11;6;1445;1;1;1;1;3;305;;G;0;0;973
2,016E+11;16;11;27;100;3;1;1;1;7;305;;G;0;0;973
2,016E+11;16;12;3;2115;3;1;1;1;1;305;;G;0;0;973
2,016E+11;16;12;5;845;2;1;6;1;6;305;;G;0;0;973
2,016E+11;16;12;11;1000;3;1;1;1;7;305;;G;0;0;973
2,016E+11;16;12;13;815;1;1;1;3;7;305;;G;0;0;973
2,016E+11;16;1;7;1730;1;1;1;1;1;304;;G;0;0;973
2,016E+11;16;1;13;1315;5;2;1;1;3;304;avenue de pariacabo;G;0;0;973
2,016E+11;16;2;5;1530;1;1;1;1;3;304;;G;;;973
2,016E+11;16;2;5;1100;1;2;2;1;6;304;RUE DES CAVALIERS;G;0;0;973
2,016E+11;16;2;25;1415;1;1;1;1;3;304;;G;0;0;973
2,016E+11;16;3;4;1645;1;1;1;1;2;304;;G;0;0;973
2,016E+11;16;3;10;1630;1;2;2;1;1;304;;G;0;0;973
2,016E+11;16;3;23;745;1;2;3;1;3;304;11 AVENUE DE FRANCE;G;0;0;973
2,016E+11;16;4;20;700;1;1;1;1;1;304;;G;0;0;973
2,016E+11;16;4;30;1900;2;1;1;1;3;304;;G;0;0;973
2,016E+11;16;5;17;530;2;1;1;1;6;304;;G;0;0;973
2,016E+11;16;5;21;630;1;2;1;1;6;304;RUE CALI;G;0;0;973
2,016E+11;16;6;25;1530;1;2;1;1;6;304;avenue polycarpe;G;0;0;973
2,016E+11;16;7;22;2145;3;1;1;1;1;304;;G;0;0;973
2,016E+11;16;8;4;1345;1;1;1;1;2;304;;G;0;0;973
2,016E+11;16;8;18;1815;1;2;1;1;2;304;avenue de Pariacabo;G;0;0;973
2,016E+11;16;8;29;1130;1;2;1;1;3;304;avenue jean séraphin;G;0;0;973
2,016E+11;16;9;20;1515;1;2;1;1;1;304;Avenue de PARIACABO;G;0;0;973
2,016E+11;16;10;8;2230;5;1;1;1;3;304;;G;0;0;973
2,016E+11;16;11;14;645;1;2;1;1;3;304;Rue Maurice Ravel;G;0;0;973
2,016E+11;16;11;17;2045;5;2;2;1;3;304;rue jules seraphin;G;;;973
2,016E+11;16;12;17;2045;3;1;1;1;6;304;;G;0;0;973
2,016E+11;16;4;18;1515;1;1;1;1;1;312;;G;0;0;973
2,016E+11;16;5;22;2100;3;1;1;1;2;312;;G;0;0;973
2,016E+11;16;7;9;2000;3;1;1;1;7;312;;G;0;0;973
2,016E+11;16;12;5;1630;1;1;1;1;7;312;;G;0;0;973
2,016E+11;16;12;9;1145;1;2;1;1;6;312;rue du calvaire;G;0;0;973
2,016E+11;16;11;25;2245;3;1;1;1;7;303;;G;0;0;973
2,016E+11;16;1;1;230;3;2;1;3;7;301;rue louis firmano;G;0;0;973
2,016E+11;16;7;28;1015;1;1;2;1;1;301;;M;0;0;973
2,016E+11;16;6;11;745;1;1;1;1;3;301;;G;0;0;973
2,016E+11;16;6;17;2215;5;2;1;1;6;308;rue joseph Léandre;G;0;0;973
2,016E+11;16;11;13;100;5;2;1;1;3;308;Rue Pierre Ceron;M;0;0;973
2,016E+11;16;12;29;1115;1;2;1;1;6;308;rue joseph Leandre;G;0;0;973
2,016E+11;16;3;2;1630;1;1;1;1;6;310;;M;0;0;973
2,016E+11;16;4;17;1215;1;1;1;3;3;310;;M;0;0;973
2,016E+11;16;8;14;1000;1;1;1;1;7;310;;M;0;0;973
2,016E+11;16;10;6;900;1;1;1;1;7;310;;M;0;0;973
2,016E+11;16;1;22;915;1;2;1;1;6;311;57 av Christophe Colomb;G;0;0;973
2,016E+11;16;1;27;1300;1;2;1;1;1;311;rue jeanne garre;G;0;0;973
2,016E+11;16;2;26;1330;1;1;1;3;2;311;;G;0;0;973
2,016E+11;16;3;7;1630;1;2;1;1;2;311;3048 av C COLOMB;G;0;0;973
2,016E+11;16;3;9;945;1;2;1;1;3;311;route de Balaté;G;0;0;973
2,016E+11;16;3;29;700;1;2;1;1;1;311;rue du LTC TOURTET;G;0;0;973
2,016E+11;16;3;30;815;2;2;1;3;1;311;AV GASTON MONNERVILLE;G;0;0;973
2,016E+11;16;5;7;1515;1;1;1;1;3;311;;G;0;0;973
2,016E+11;16;7;7;945;1;2;1;1;6;311;5 rue Diderot;G;0;0;973
2,016E+11;16;7;10;800;1;1;1;1;6;311;;G;0;0;973
2,016E+11;16;7;21;1230;1;1;1;1;7;311;;G;0;0;973
2,016E+11;16;7;24;530;2;1;1;1;6;311;;G;0;0;973
2,016E+11;16;8;11;45;3;1;1;1;6;311;;G;0;0;973
2,016E+11;16;8;21;1700;1;2;1;1;3;311;;G;0;0;973
2,016E+11;16;8;27;1800;1;2;1;1;2;311;Avenue Hector RIVIEREZ;G;0;0;973
2,016E+11;16;9;3;1645;1;1;1;1;6;311;;G;0;0;973
2,016E+11;16;9;13;830;1;1;1;1;6;311;;G;0;0;973
2,016E+11;16;11;22;745;1;2;1;1;6;311;avenue Paul Castaing;G;0;0;973
2,016E+11;16;12;7;2115;5;2;9;1;3;311;Route de saint maurice;G;0;0;973
2,016E+11;16;12;10;1630;1;2;1;2;6;311;route de St Maurice;G;0;0;973
2,016E+11;16;12;22;815;1;2;1;1;1;311;RUE SYMPHORIEN;G;0;0;973
2,016E+11;16;12;23;2000;3;1;1;1;6;311;;G;0;0;973
2,016E+11;16;12;25;2100;3;1;1;1;1;311;;G;0;0;973
2,016E+11;16;1;25;545;3;1;1;1;3;306;;G;0;0;973
2,016E+11;16;6;4;2030;3;1;1;1;6;306;;G;0;0;973
2,016E+11;16;8;24;1645;3;1;1;1;2;306;;G;0;0;973
2,016E+11;16;8;31;1500;1;1;1;1;6;306;;G;0;0;973
2,016E+11;16;9;9;2000;3;1;1;1;5;306;;G;0;0;973
2,016E+11;16;10;21;1430;1;1;1;3;1;306;;G;0;0;973
2,016E+11;16;11;30;1930;3;2;1;1;6;361;avenue du 31 décembre 88;G;0;0;973
2,016E+11;16;12;16;1700;1;1;1;2;6;306;;G;0;0;973
2,016E+11;16;2;21;100;3;1;1;1;6;408;;R;0;0;974
2,016E+11;16;2;27;2330;3;1;1;1;4;408;;R;0;0;974
2,016E+11;16;3;4;1415;1;1;1;1;3;408;;R;0;0;974
2,016E+11;16;4;11;745;1;2;1;1;6;408;RUE THERESIEN CADET;R;0;0;974
2,016E+11;16;5;29;330;3;1;1;1;1;408;;R;;;974
2,016E+11;16;7;10;545;2;2;1;1;7;408;96 rue Raymond Mondon;R;0;0;974
2,016E+11;16;7;20;2145;3;1;1;1;4;408;;R;0;0;974
2,016E+11;16;8;7;1745;2;2;1;2;1;408;chemin des lataniers;R;0;0;974
2,016E+11;16;11;9;1200;1;2;1;1;6;408;rue jean albany;R;;;974
2,016E+11;16;12;8;1145;1;2;1;1;2;408;RN 1;R;0;0;974
2,016E+11;16;12;28;230;5;1;1;1;7;408;;R;;;974
2,016E+11;16;3;29;1930;5;1;1;1;2;418;;R;0;0;974
2,016E+11;16;3;31;1915;3;1;1;1;6;418;;R;;;974
2,016E+11;16;4;7;2115;3;1;1;1;7;418;;R;0;0;974
2,016E+11;16;6;19;645;1;1;1;8;3;418;;R;0;0;974
2,016E+11;16;8;29;1900;3;1;1;1;6;418;;R;0;0;974
2,016E+11;16;2;3;45;1;1;1;1;3;410;;R;;;974
2,016E+11;16;2;3;830;1;2;1;1;6;410;;R;;;974
2,016E+11;16;3;5;1145;1;2;1;1;6;410;Rue Hubert de Lisle;R;0;0;974
2,016E+11;16;3;19;1900;5;2;1;1;6;410;RN2 SAINTE ANNE;R;0;0;974
2,016E+11;16;3;21;1245;1;2;1;1;5;410;ROUTE NATIONALE 2;R;0;0;974
2,016E+11;16;4;24;1000;1;1;1;1;2;410;;R;0;0;974
2,016E+11;16;5;6;1830;1;2;1;1;6;410;8 rue sully brunet;R;0;0;974
2,016E+11;16;5;29;1230;1;2;1;1;3;410;RN.3;R;0;0;974
2,016E+11;16;7;31;1115;1;2;1;1;3;410;Chemin Gallias - RN2;R;0;0;974
2,016E+11;16;8;21;2200;4;2;6;1;6;410;RN 2 STE ANNE;R;0;0;974
2,016E+11;16;9;17;2030;3;1;1;1;6;410;;R;0;0;974
2,016E+11;16;12;13;645;1;1;1;1;3;410;;R;0;0;974
2,016E+11;16;3;30;2345;3;1;1;2;7;402;;R;;;974
2,016E+11;16;6;12;1315;1;1;1;1;7;402;;R;;;974
2,016E+11;16;7;31;615;1;1;1;1;1;402;;R;;;974
2,016E+11;16;10;19;2330;3;1;1;1;6;402;;R;0;0;974
2,016E+11;16;2;21;1445;1;1;1;1;1;419;;R;0;0;974
2,016E+11;16;5;14;830;1;2;1;1;6;419;192 ROUTE NATIONALE 2;R;0;0;974
2,016E+11;16;7;10;1600;1;1;1;1;1;419;;R;0;0;974
2,016E+11;16;9;3;715;1;1;1;1;1;419;;R;0;0;974
2,016E+11;16;4;16;1630;1;2;1;1;6;421;route du téléphérique;R;0;0;974
2,016E+11;16;10;10;2045;5;2;1;1;6;421;rue du Père Castagnan;R;0;0;974
2,016E+11;16;10;27;1715;1;1;1;1;6;421;;R;0;0;974
2,016E+11;16;6;26;830;1;2;1;1;3;406;;R;0;0;974
2,016E+11;16;9;14;1715;1;1;1;1;1;406;;R;;;974
2,016E+11;16;1;1;1545;1;1;1;2;2;415;;R;0;0;974
2,016E+11;16;1;27;1145;1;2;1;1;3;415;rue saint louis;R;2100414;5527866;974
2,016E+11;16;2;18;1915;3;1;1;1;6;415;;R;0;0;974
2,016E+11;16;2;23;1615;1;1;1;1;3;415;;R;0;0;974
2,016E+11;16;3;24;800;1;1;1;1;3;415;;R;0;0;974
2,016E+11;16;4;16;845;1;1;1;1;3;415;;R;0;0;974
2,016E+11;16;4;25;730;1;1;1;1;3;415;;R;0;0;974
2,016E+11;16;6;14;1630;1;1;2;1;3;415;;R;;;974
2,016E+11;16;6;27;1630;1;1;1;1;5;415;;R;0;0;974
2,016E+11;16;7;9;1945;3;1;1;1;5;415;;R;0;0;974
2,016E+11;16;8;6;1430;1;1;1;2;1;415;;R;;;974
2,016E+11;16;9;3;1430;1;2;6;1;7;415;;R;0;0;974
2,016E+11;16;9;15;1800;2;2;1;1;6;415;rue chaussée royale;R;0;0;974
2,016E+11;16;9;22;1000;1;2;1;1;7;415;5 rue Guillochet;R;0;0;974
2,016E+11;16;10;7;815;1;1;1;1;3;415;;R;;;974
2,016E+11;16;10;12;2115;3;1;1;1;6;415;;R;0;0;974
2,016E+11;16;11;4;2345;5;2;1;1;6;415;Quai Gilbert;R;0;0;974
2,016E+11;16;11;19;1900;5;2;1;2;3;415;RUE GENERAL DE GAULLE;R;0;0;974
2,016E+11;16;12;3;145;5;1;1;1;7;415;;R;0;0;974
2,016E+11;16;12;3;115;4;2;6;1;7;415;ROND POINT DE L ETANG;R;0;0;974
2,016E+11;16;12;8;1030;1;1;1;7;1;415;;R;0;0;974
2,016E+11;16;12;11;1100;1;1;1;1;6;415;;R;0;0;974
2,016E+11;16;12;21;1015;1;1;1;1;7;415;;R;;;974
2,016E+11;16;1;14;2330;3;1;1;1;6;415;;R;0;0;974
2,016E+11;16;3;21;700;1;1;1;1;1;415;;R;0;0;974
2,016E+11;16;3;25;1915;5;1;1;1;7;415;;R;0;0;974
2,016E+11;16;5;7;1645;1;1;1;1;6;415;;R;;;974
2,016E+11;16;5;27;1700;1;1;1;1;6;415;;R;0;0;974
2,016E+11;16;6;1;645;1;1;6;1;1;415;;R;;;974
2,016E+11;16;7;1;2200;3;1;1;1;6;415;;R;;;974
2,016E+11;16;7;15;30;3;2;1;1;1;415;RN1A;R;;;974
2,016E+11;16;7;25;2345;3;1;1;1;6;415;;R;0;0;974
2,016E+11;16;7;27;1245;1;1;1;1;4;415;;R;;;974
2,016E+11;16;8;7;1145;1;2;1;1;3;415;ROUTE DE TROU D'EAU;R;0;0;974
2,016E+11;16;8;10;1730;1;2;1;1;3;415;RUE GENERAL DE GAULLE;R;0;0;974
2,016E+11;16;8;20;1700;1;1;1;1;1;415;;R;;;974
2,016E+11;16;8;21;630;2;1;1;1;1;415;;R;;;974
2,016E+11;16;2;22;1815;1;1;1;1;5;415;;R;;;974
2,016E+11;16;4;1;2045;5;1;1;1;6;415;;R;;;974
2,016E+11;16;10;17;1600;1;1;1;1;7;415;;R;0;0;974
2,016E+11;16;12;15;2045;3;1;1;1;6;415;;R;0;0;974
2,016E+11;16;12;26;1945;3;1;1;2;6;423;;R;;;974
2,016E+11;16;12;30;2100;3;1;1;1;3;415;;R;0;0;974
2,016E+11;16;3;29;1415;1;1;1;1;7;423;;R;;;974
2,016E+11;16;4;28;615;1;2;1;1;1;423;9 rue du gal de gaulle;R;0;0;974
2,016E+11;16;5;22;1545;1;1;1;6;5;423;;R;;;974
2,016E+11;16;6;3;2345;3;1;1;1;6;423;;R;;;974
2,016E+11;16;6;11;1215;1;1;1;1;7;423;;R;;;974
2,016E+11;16;7;14;630;2;1;1;9;1;405;;R;;;974
2,016E+11;16;8;29;745;1;1;3;1;3;404;;R;;;974
2,016E+11;16;11;25;1630;1;2;1;1;6;422;Rue Montaigne;R;0;0;974
2,016E+11;16;11;28;430;3;1;1;1;1;412;;R;0;0;974
2,016E+11;16;12;28;1400;1;2;1;1;1;424;chemin Matarum;R;;;974
2,016E+11;16;4;7;2330;3;2;1;2;1;414;180 avenue princiaple;R;0;0;974
2,016E+11;16;7;31;1545;1;1;9;1;3;414;;R;;;974
2,016E+11;16;8;14;1615;1;1;1;1;5;414;;R;0;0;974
2,016E+11;16;3;12;1130;1;1;1;1;6;424;;R;0;0;974
2,016E+11;16;7;17;1545;1;2;1;1;6;424;11 BISCHEMIN CREVE COEUR;R;0;0;974
2,016E+11;16;8;7;345;4;2;1;1;6;403;164 - CD 26 - LE SERRE;R;;;974
2,016E+11;16;12;6;645;1;1;1;1;1;403;;R;0;0;974
2,016E+11;16;2;22;930;1;2;1;1;2;449;rue Antony Payet;R;0;0;974
2,016E+11;16;3;9;1600;1;1;1;8;3;449;;R;0;0;974
2,016E+11;16;4;9;1700;1;1;1;1;3;449;;R;0;0;974
2,016E+11;16;8;1;1445;1;1;1;1;7;412;;R;0;0;974
2,016E+11;16;10;28;1545;1;1;1;5;6;449;;R;0;0;974
2,016E+11;16;12;9;1930;3;1;1;5;6;449;;R;0;0;974
2,016E+11;16;12;18;530;2;1;1;1;6;422;;R;0;0;974
2,016E+11;16;2;6;1115;1;2;1;1;6;412;23 rue leconte de lisle;R;;;974
2,016E+11;16;3;16;1600;1;2;1;3;2;412;320 rue raphael babet;R;0;0;974
2,016E+11;16;5;6;2215;5;2;1;1;3;412;RUE HIPPOLYTE FOUCQUE;R;0;0;974
2,016E+11;16;5;8;1815;1;1;1;8;6;412;;R;0;0;974
2,016E+11;16;6;10;1145;1;2;1;1;6;412;116 rue marcel pagnol;R;;;974
2,016E+11;16;6;19;1845;3;1;1;8;6;405;;R;0;0;974
2,016E+11;16;7;30;1745;1;2;1;1;5;412;RUE MAXIME PAYET;R;0;0;974
2,016E+11;16;10;12;745;1;1;1;1;1;405;;R;0;0;974
2,016E+11;16;11;13;1030;1;1;1;1;6;405;;R;0;0;974
2,016E+11;16;12;12;700;1;2;1;1;2;412;405, Rue Raphaël Babet 9;R;;;974
2,016E+11;16;1;14;300;2;2;1;1;7;422;;R;0;0;974
2,016E+11;16;2;6;1730;1;1;1;2;1;422;;R;0;0;974
2,016E+11;16;4;6;930;1;2;1;1;3;422;chemin neuf;R;0;0;974
2,016E+11;16;5;3;1030;1;1;1;3;1;422;;R;;;974
2,016E+11;16;1;16;1315;1;2;1;1;6;611;RN3;Y;0;0;976
2,016E+11;16;7;7;1700;1;2;1;1;6;610;;M;0;0;976
2,016E+11;16;8;11;645;1;1;1;1;3;610;;M;0;0;976
2,016E+11;16;8;17;1430;1;2;1;1;1;607;route nationale 3;M;0;0;976
2,016E+11;16;9;8;1245;1;1;1;1;1;607;;M;0;0;976
2,016E+11;16;10;17;1930;3;1;1;1;1;607;;M;0;0;976
2,016E+11;16;10;18;1300;1;2;1;1;3;610;RN1;M;0;0;976
2,016E+11;16;12;9;530;1;2;1;1;7;607;RN2 TSARARANO;M;0;0;976
2,016E+11;16;2;23;700;1;2;1;1;6;615;;Y;0;0;976
2,016E+11;16;5;26;830;1;2;1;1;6;608;route de moya;M;0;0;976
2,016E+11;16;6;2;1500;1;2;9;1;1;608;boulevard des crabes;M;0;0;976