Num_Acc;an;mois;jour;hrmn;lum;agg;int;atm;col;com;adr;gps;lat;long;dep
2,016E+11;16;7;16;2230;4;2;1;1;1;608;Rue du Commerce;M;0;0;976
2,016E+11;16;8;12;1800;5;2;1;1;1;615;Route nationale;M;0;0;976
2,016E+11;16;8;26;1045;1;2;1;1;6;608;;M;0;0;976
2,016E+11;16;9;9;1330;1;2;1;7;3;615;20 route nationale 4;M;0;0;976
2,016E+11;16;9;20;900;1;2;1;1;6;608;rue Mangamagari;M;0;0;976
2,016E+11;16;1;16;900;1;2;1;1;6;616;sortie de Combani;Y;0;0;976
2,016E+11;16;2;28;930;1;2;1;1;5;616;;Y;0;0;976
2,016E+11;16;4;20;700;1;2;1;1;6;617;Q. MFILAONI;M;0;0;976
2,016E+11;16;6;27;1630;1;1;1;1;1;617;;M;0;0;976
2,016E+11;16;7;17;1615;1;2;1;1;2;617;CCD 1 face collège;M;0;0;976
2,016E+11;16;9;3;1845;3;2;1;1;6;616;CCD5 Tahiti Plage;M;0;0;976
2,016E+11;16;10;5;1230;1;1;1;1;6;617;;M;0;0;976
2,016E+11;16;1;3;730;2;1;1;1;3;103;;A;0;0;971
2,016E+11;16;2;27;1615;1;1;1;1;6;103;;A;0;0;971
2,016E+11;16;2;29;800;1;1;1;1;2;103;;A;0;0;971
2,016E+11;16;3;21;1830;1;1;1;1;6;103;;A;0;0;971
2,016E+11;16;3;28;315;5;1;1;1;7;103;;A;0;0;971
2,016E+11;16;3;29;2030;5;1;1;1;1;103;;A;0;0;971
2,016E+11;16;4;22;515;1;1;1;1;6;103;;A;0;0;971
2,016E+11;16;5;25;1230;1;1;1;1;7;103;;A;0;0;971
2,016E+11;16;6;18;1445;1;1;1;1;1;103;;A;0;0;971
2,016E+11;16;6;24;2030;5;1;1;1;1;103;;A;0;0;971
2,016E+11;16;7;8;1715;1;1;1;1;1;103;;A;0;0;971
2,016E+11;16;7;28;1845;1;1;1;1;2;103;;A;0;0;971
2,016E+11;16;7;29;2315;3;1;1;1;1;103;;A;0;0;971
2,016E+11;16;8;3;1930;3;2;1;2;1;103;RN2 dalcia;A;0;0;971
2,016E+11;16;8;3;1115;1;2;1;1;2;103;rue thomas edisson;A;0;0;971
2,016E+11;16;8;21;1745;2;2;6;1;3;103;rue sheikboudou;A;0;0;971
2,016E+11;16;9;2;1630;1;1;1;1;6;103;;A;0;0;971
2,016E+11;16;9;15;715;1;2;6;1;1;103;Rond point de Beausoleil;A;0;0;971
2,016E+11;16;10;6;730;1;1;1;1;6;103;;A;0;0;971
2,016E+11;16;10;25;1745;5;2;1;1;3;103;rue henri becquerel;A;0;0;971
2,016E+11;16;12;21;1445;1;1;1;1;2;103;;A;0;0;971
2,016E+11;16;9;13;645;1;1;1;1;3;602;;M;0;0;976
2,016E+11;16;3;18;745;1;1;1;1;3;603;Mganambani;M;0;0;976
2,016E+11;16;3;18;500;2;1;1;1;1;603;;M;0;0;976
2,016E+11;16;3;31;1330;1;2;1;1;3;606;route de chirongui;M;0;0;976
2,016E+11;16;6;10;1830;5;1;1;1;6;603;;M;0;0;976
2,016E+11;16;6;17;530;2;1;1;1;2;606;;M;0;0;976
2,016E+11;16;8;3;445;2;1;1;1;1;604;;M;0;0;976
2,016E+11;16;10;9;2030;3;1;1;1;1;609;;M;0;0;976
2,016E+11;16;2;12;1115;1;2;1;1;3;309;ROUTE DE REMIRE;G;0;0;973
2,016E+11;16;3;15;1300;1;2;1;1;1;309;Route de Rémire;G;0;0;973
2,016E+11;16;5;20;500;3;1;1;1;6;309;;G;0;0;973
2,016E+11;16;5;17;1445;1;2;1;1;2;309;RD2 ROUTE DE REMIRE;G;0;0;973
2,016E+11;16;6;2;1630;1;1;1;1;2;309;;G;0;0;973
2,016E+11;16;6;11;645;1;2;1;1;6;309;route de remire;G;0;0;973
2,016E+11;16;6;14;1015;1;2;1;1;1;309;avenue edmar lama;G;0;0;973
2,016E+11;16;7;3;1515;1;2;1;1;3;309;Route de dégrad RN3;G;0;0;973
2,016E+11;16;7;10;1845;5;1;1;1;2;309;;G;0;0;973
2,016E+11;16;7;16;545;2;1;1;1;1;309;;G;0;0;973
2,016E+11;16;7;25;1615;1;2;1;1;3;309;AV. STE RITA - RUE GALOT;G;0;0;973
2,016E+11;16;9;10;2315;3;2;1;1;1;309;Route nationale 3;G;0;0;973
2,016E+11;16;9;11;1915;2;1;1;1;3;309;;G;0;0;973
2,016E+11;16;9;19;1315;1;1;1;1;3;309;;G;0;0;973
2,016E+11;16;9;21;1445;1;2;1;1;3;309;Rue bois d'inde;G;0;0;973
2,016E+11;16;9;30;715;1;2;1;1;6;309;route de Rémire;G;0;0;973
2,016E+11;16;10;1;2130;5;2;1;1;3;309;ROUTE DE REMIRE;G;0;0;973
2,016E+11;16;10;6;30;3;2;1;1;1;309;Route de DEGRAD DES CANE;G;0;0;973
2,016E+11;16;10;10;700;1;1;1;1;2;309;;G;0;0;973
2,016E+11;16;10;10;1945;5;2;1;1;3;309;PK 9, route de Rémire;G;0;0;973
2,016E+11;16;11;26;315;5;1;1;1;7;309;;G;0;0;973
2,016E+11;16;11;27;2045;5;2;1;1;7;309;;G;0;0;973
2,016E+11;16;12;2;945;1;1;1;2;1;309;;G;0;0;973
2,016E+11;16;12;1;715;1;2;1;1;3;309;route de remire;G;0;0;973
2,016E+11;16;12;3;2145;5;2;1;1;7;309;route de Rémire;G;0;0;973
2,016E+11;16;12;7;745;1;2;1;1;1;309;route de montjoly;G;0;0;973
2,016E+11;16;12;14;700;1;1;1;8;6;309;;G;0;0;973
2,016E+11;16;12;23;1900;4;2;1;2;6;309;RD 1 Route de Montjoly;G;0;0;973
2,016E+11;16;12;25;230;5;2;1;2;7;309;route de suzini;G;0;0;973
2,016E+11;16;1;25;1830;2;1;1;1;1;413;;R;;;974
2,016E+11;16;1;26;2200;3;1;1;1;1;413;;R;2117484;5529767;974
2,016E+11;16;2;16;930;1;1;1;1;1;413;;R;;;974
2,016E+11;16;5;16;1430;3;1;1;1;6;413;;R;;;974
2,016E+11;16;5;29;1045;1;1;1;1;3;413;;R;0;0;974
2,016E+11;16;7;30;1600;1;2;1;1;6;413;D3 Notre Dame des champs;R;0;0;974
2,016E+11;16;9;8;715;1;2;1;1;3;413;10 rue andrien Lacourgue;R;0;0;974
2,016E+11;16;10;15;1330;1;1;1;1;6;413;;R;0;0;974
2,016E+11;16;11;6;1;3;1;1;1;5;413;;R;0;0;974
2,016E+11;16;11;13;745;1;1;1;1;7;413;;R;;;974
2,016E+11;16;12;12;45;3;2;1;1;6;413;215 cd13;R;0;0;974
2,016E+11;16;12;16;1915;3;1;3;1;1;413;;R;;;974
2,016E+11;16;7;28;1000;1;1;1;1;6;422;;R;0;0;974
2,016E+11;16;8;22;1315;1;2;1;1;1;422;RN 3;R;0;0;974
2,016E+11;16;1;9;700;1;1;1;7;5;307;;G;0;0;973
2,016E+11;16;1;16;1330;1;2;6;1;7;307;Rond point Califourchon;G;0;0;973
2,016E+11;16;1;18;1530;1;2;1;1;6;307;;G;0;0;973
2,016E+11;16;1;27;2200;5;2;1;1;6;307;rue J-Jacques Dessalines;G;0;0;973
2,016E+11;16;2;9;15;5;1;1;1;6;307;;G;0;0;973
2,016E+11;16;12;15;1715;5;2;2;1;1;307;RUE DE LA DISTILLERIE;G;0;0;973
2,016E+11;16;2;16;1630;1;2;1;1;3;307;RN2;G;0;0;973
2,016E+11;16;3;6;1730;1;2;1;1;1;307;;G;0;0;973
2,016E+11;16;3;12;1645;1;2;1;2;1;307;RN2;G;0;0;973
2,016E+11;16;4;29;2000;1;1;1;1;6;307;;G;0;0;973
2,016E+11;16;5;23;1645;1;2;1;1;6;307;RUE DE LA DISTILLERIE;G;0;0;973
2,016E+11;16;5;28;2115;5;2;3;1;1;307;RN2 PK 05;G;0;0;973
2,016E+11;16;6;20;1815;1;2;1;1;6;307;rue des caraibes;G;0;0;973
2,016E+11;16;6;29;45;5;2;1;1;6;307;;G;0;0;973
2,016E+11;16;7;4;2345;5;2;1;2;1;307;pk 1 RN 2;G;0;0;973
2,016E+11;16;7;8;1545;1;1;1;1;2;307;;G;0;0;973
2,016E+11;16;7;9;800;1;2;1;1;2;307;RN 2 - PK 2;G;0;0;973
2,016E+11;16;7;13;1915;3;1;1;1;6;307;;G;0;0;973
2,016E+11;16;9;1;1545;1;2;1;1;2;307;RN2 - PK1;G;0;0;973
2,016E+11;16;10;10;2145;3;2;1;1;6;307;Chemin Morthium;G;0;0;973
2,016E+11;16;10;11;1630;1;1;1;1;6;307;;G;0;0;973
2,016E+11;16;10;16;830;1;1;1;1;6;307;;G;0;0;973
2,016E+11;16;10;16;300;3;2;1;1;6;307;chemin de la levée;G;0;0;973
2,016E+11;16;11;28;1915;3;2;1;1;1;307;Zone Industrielle Terca;G;0;0;973
2,016E+11;16;12;16;545;2;2;1;2;1;307;;G;0;0;973
2,016E+11;16;12;15;1445;1;2;3;1;3;307;RUE DES IMMORTELLES;G;0;0;973
2,016E+11;16;12;16;1715;1;2;1;1;3;307;RN4 PK5;G;0;0;973
2,016E+11;16;12;17;1915;5;2;1;1;6;307;ancienne distillerie,RN2;G;0;0;973
2,016E+11;16;12;23;1600;1;1;1;2;5;307;;G;0;0;973
2,016E+11;16;12;27;930;1;1;1;1;6;307;;G;0;0;973
2,016E+11;16;1;5;2245;5;2;1;1;6;415;route hubert Delisle-CD3;R;2103911;5530541;974
2,016E+11;16;1;11;1545;1;2;1;1;4;415;CD6- Rue Barquissau;R;0;0;974
2,016E+11;16;2;29;1600;1;2;1;1;3;415;hubert de l'isle;R;;;974
2,016E+11;16;2;24;1600;1;2;9;2;3;415;rue claude de sigoyer;R;;;974
2,016E+11;16;4;17;30;3;1;1;1;1;415;;R;;;974
2,016E+11;16;5;11;1215;1;1;1;1;2;415;;R;0;0;974
2,016E+11;16;5;27;1930;5;2;1;1;3;415;avenue des martins;R;;;974
2,016E+11;16;5;28;1100;1;1;1;1;7;415;;R;;;974
2,016E+11;16;5;30;1900;5;2;1;1;3;415;rue raphael barquisseau;R;;;974
2,016E+11;16;8;9;900;1;2;1;1;2;415;RD6 JOSEPH HUBERT;R;;;974
2,016E+11;16;9;4;500;3;1;9;1;7;415;;R;;;974
2,016E+11;16;9;11;715;1;2;1;1;3;415;CHEMIN LEBON;R;;;974
2,016E+11;16;10;9;1030;1;2;1;1;6;415;rue raphaël Barquisseau;R;0;0;974
2,016E+11;16;12;4;600;1;2;1;1;7;415;Rue Florimont;R;;;974
2,016E+11;16;12;5;615;1;2;3;1;2;415;Avenue Juluis Benard;R;0;0;974
2,016E+11;16;12;10;2200;5;2;1;1;6;415;Route départementale 6 D;R;;;974
2,016E+11;16;12;14;1445;1;2;1;1;6;415;rue grande terre;R;;;974
2,016E+11;16;7;31;1845;3;1;1;1;3;415;;R;;;974
2,016E+11;16;10;3;1500;1;2;6;1;6;229;RN 2 giratoire bateliere;A;0;0;972
2,016E+11;16;9;8;1830;2;1;1;7;1;401;;R;;;974
2,016E+11;16;10;2;1600;1;2;1;7;2;404;Avenue Raymond Barre;R;0;0;974
2,016E+11;16;12;23;915;1;2;1;1;1;401;45 avenue du général de;R;0;0;974
2,016E+11;16;4;1;1130;1;1;1;1;7;413;;R;;;974
2,016E+11;16;4;15;400;3;1;1;1;2;413;;R;;;974
2,016E+11;16;5;17;1130;1;2;1;1;2;413;rue du général de gaulle;R;0;0;974
2,016E+11;16;6;9;1015;1;1;1;1;2;413;;R;0;0;974
2,016E+11;16;8;5;1200;1;1;9;1;7;413;;R;0;0;974
2,016E+11;16;8;14;600;1;1;1;1;5;413;;R;0;0;974
2,016E+11;16;9;2;1915;5;2;1;1;1;413;44 rue pierre DEGUIGNE;R;;;974
2,016E+11;16;12;9;1730;1;2;1;1;7;413;205 chemin piton cd 13;R;0;0;974
2,016E+11;16;6;28;1115;1;2;1;1;3;418;route Odon;R;0;0;974
2,016E+11;16;7;5;1900;5;1;1;1;2;418;;R;0;0;974
2,016E+11;16;7;30;1100;1;1;1;1;2;418;;R;0;0;974
2,016E+11;16;8;3;2045;3;1;1;1;6;418;;R;0;0;974
2,016E+11;16;8;8;1630;1;1;1;1;2;420;;R;0;0;974
2,016E+11;16;9;5;1700;1;1;1;1;7;418;;R;;;974
2,016E+11;16;9;28;1430;1;1;1;7;1;418;;R;0;0;974
2,016E+11;16;10;22;1530;3;1;1;2;5;420;;R;0;0;974
2,016E+11;16;1;27;1000;1;2;1;1;3;414;"GPS:21°16'2""S 55°26'37""E";R;2126722;5544361;974
2,016E+11;16;3;19;1800;2;1;1;1;2;414;;R;;;974
2,016E+11;16;3;28;2030;5;2;1;1;1;414;ROUTE DE CILAOS;R;;;974
2,016E+11;16;4;15;1415;1;2;1;1;1;414;rue père rené payet;R;0;0;974
2,016E+11;16;5;26;1645;1;2;1;1;6;414;41 RUE LEONUS BENARD;R;0;0;974
2,016E+11;16;8;20;1530;1;2;1;1;1;414;rue auguste larre;R;;;974
2,016E+11;16;9;4;1230;1;1;1;1;3;414;;R;0;0;974
2,016E+11;16;9;15;1430;5;2;2;1;3;414;rues garriga / lambert;R;0;0;974
2,016E+11;16;11;6;1600;1;2;1;1;1;414;rue bellevue;R;0;0;974
2,016E+11;16;12;3;1915;2;2;1;2;6;414;181, avenue Raymond verg;R;0;0;974
2,016E+11;16;12;16;345;3;2;1;1;6;414;;R;0;0;974
2,016E+11;16;6;4;2315;5;2;6;2;1;229;rond point lumina sophie;A;0;0;972
2,016E+11;16;12;19;515;5;1;6;4;7;229;;A;0;0;972
2,016E+11;16;5;6;1830;5;2;1;1;7;225;Rue Gabriel Péri;A;0;0;972
2,016E+11;16;10;1;1745;5;2;1;1;3;218;avenue edgard nestoret;A;0;0;972
2,016E+11;16;12;17;2015;5;2;1;1;6;204;RN 2;A;0;0;972
2,016E+11;16;3;6;1900;3;1;9;1;1;227;;A;0;0;972
2,016E+11;16;3;13;1815;1;1;1;1;3;227;;A;0;0;972
2,016E+11;16;7;14;600;1;1;9;1;1;227;;A;0;0;972
2,016E+11;16;10;7;2345;3;2;1;2;1;220;Avenue Juanakeara (RN 8);A;0;0;972
2,016E+11;16;10;10;1945;3;2;1;1;1;227;quartier epinay;A;0;0;972
2,016E+11;16;11;7;1315;1;2;1;1;1;217;Boulevard Allègre;A;0;0;972
2,016E+11;16;11;20;1245;1;1;1;1;1;217;;A;0;0;972
2,016E+11;16;12;17;2130;4;1;1;1;6;227;;A;0;0;972
2,016E+11;16;5;30;1515;1;1;1;1;1;232;;A;0;0;972
2,016E+11;16;6;26;1630;1;1;1;1;1;210;;A;0;0;972
2,016E+11;16;7;21;2215;5;2;1;1;5;232;Rue Victor Hugo;A;0;0;972
2,016E+11;16;10;20;1915;5;2;1;1;6;210;rue vHomère CLEMENT;A;0;0;972
2,016E+11;16;11;17;1900;3;1;1;1;1;210;;A;0;0;972
2,016E+11;16;11;21;2015;5;1;1;3;3;210;;A;0;0;972
2,016E+11;16;12;4;1630;2;1;1;1;6;210;;A;0;0;972
2,016E+11;16;1;3;1815;3;2;1;1;6;231;rue impératriceJoséphine;A;0;0;972
2,016E+11;16;1;23;45;3;1;1;1;4;206;;A;;;972
2,016E+11;16;2;3;1630;1;1;1;1;5;221;;A;0;0;972
2,016E+11;16;6;23;645;2;2;1;1;6;206;MORNE BLANC;A;0;0;972
2,016E+11;16;7;29;230;5;2;1;1;6;231;RUE DES BOUGAINVILLIERS;A;0;0;972
2,016E+11;16;8;14;1345;1;1;1;1;6;231;;A;0;0;972
2,016E+11;16;11;11;1900;3;1;1;1;7;231;;A;0;0;972
2,016E+11;16;12;3;615;2;2;1;2;6;202;1 BIS RUE DES ALIZES;A;0;0;972
2,016E+11;16;12;9;1600;1;1;1;1;3;231;;A;0;0;972
2,016E+11;16;7;27;1630;1;1;3;1;1;207;;A;0;0;972
2,016E+11;16;8;15;1515;1;1;1;1;6;207;;A;0;0;972
2,016E+11;16;1;9;2130;3;1;1;1;1;203;;A;0;0;972
2,016E+11;16;10;1;915;1;2;1;1;6;216;48 rue principale;A;0;0;972
2,016E+11;16;12;17;1745;5;2;1;1;6;203;Tapis Vert;A;0;0;972
2,016E+11;16;12;28;2000;5;1;1;1;1;216;;A;0;0;972
2,016E+11;16;2;29;2015;3;2;1;1;3;222;RN1;A;0;0;972
2,016E+11;16;3;18;2045;5;1;1;1;1;222;;A;0;0;972
2,016E+11;16;4;22;1930;3;1;1;1;1;222;;A;0;0;972
2,016E+11;16;6;10;1545;1;1;1;1;1;222;;A;0;0;972
2,016E+11;16;7;31;630;1;2;1;2;6;222;four à chaux;A;0;0;972
2,016E+11;16;8;29;1345;1;1;1;1;1;222;;A;0;0;972
2,016E+11;16;11;14;2330;3;1;1;1;1;212;;A;0;0;972
2,016E+11;16;10;13;1115;1;1;1;1;3;404;;R;0;0;974
2,016E+11;16;11;20;2215;5;2;1;1;1;401;av du Général de GAULLE;R;0;0;974
2,016E+11;16;9;11;1930;3;2;1;1;6;412;rue M et A LEBLOND;R;0;0;974
2,016E+11;16;2;29;515;2;2;1;1;6;422;rue emile zola;R;0;0;974
2,016E+11;16;3;22;715;1;1;9;1;3;422;;R;;;974
2,016E+11;16;7;8;1445;1;2;3;1;3;422;chemin Clémencin Payet;R;0;0;974
2,016E+11;16;10;4;300;5;2;1;1;6;422;4 rue georges pompidou;R;0;0;974
2,016E+11;16;11;6;30;5;2;1;1;6;422;RN3;R;0;0;974
2,016E+11;16;11;28;1745;1;2;1;1;6;353;route Emmanuel Tolinga;G;0;0;973
2,016E+11;16;12;29;2230;5;2;1;2;6;353;rue lucien vochel;G;0;0;973
2,016E+11;16;1;16;125;5;2;1;1;2;105;BD GERTY ARCHIMEDE;;;;971
2,016E+11;16;1;19;1200;1;2;1;1;1;105;907, CIRCONVALLATION (CH;;;;971
2,016E+11;16;2;9;1050;1;2;1;1;6;105;41, LARDENOY (RUE DE );;;;971
2,016E+11;16;2;12;800;1;2;1;1;6;105;GASTON FEUILLARD(AVENUE);;;;971
2,016E+11;16;2;6;40;5;2;1;1;3;105;BD GERTY ARCHIMEDE;;;;971
2,016E+11;16;2;20;2230;4;2;3;1;3;105;GASTON FEUILLARD(AVENUE);;;;971
2,016E+11;16;2;12;1930;5;2;3;1;3;105;4, FELIX EBOUE (BOULVARD;;;;971
2,016E+11;16;3;24;2130;5;2;6;3;3;105;BD GERTY ARCHIMEDE;;;;971
2,016E+11;16;5;7;830;1;1;1;1;3;105;CIRCONVALLATION (CH. DE;;;;971
2,016E+11;16;6;11;1813;1;2;6;1;6;105;BOLOGNE (ROUTE DE);;;;971
2,016E+11;16;7;12;1455;1;2;2;1;6;105;SCHOECHER (RUE);;;;971
2,016E+11;16;7;1;2125;5;2;1;1;6;105;BD GERTY ARCHIMEDE;;;;971
2,016E+11;16;7;30;625;1;1;1;1;3;105;GASTON FEUILLARD(AVENUE);;;;971
2,016E+11;16;9;22;725;1;1;1;1;6;105;MALLIAN  (RUE);;;;971
2,016E+11;16;10;7;1330;1;2;1;1;6;105;62, COURS NOLIVOS ( RUE;;;;971
2,016E+11;16;11;30;2230;5;2;1;2;3;105;BD GERTY ARCHIMEDE;;;;971
2,016E+11;16;12;2;1645;1;2;1;1;1;105;95, HOCHIMINH  (RUE);;;;971
2,016E+11;16;12;4;10;5;2;1;9;3;105;BD GERTY ARCHIMEDE;;;;971
2,016E+11;16;12;6;1405;1;2;1;1;1;105;NR, COURS NOLIVOS ( RUE;;;;971
2,016E+11;16;1;2;1330;1;2;3;1;2;107;DELGRES ( BOULEVARD );A;;;971
2,016E+11;16;2;5;1115;1;2;1;1;2;107;PAUL LACAVE ( AVENUE );;;;971
2,016E+11;16;1;31;1510;1;2;1;1;6;107;PAUL LACAVE ( AVENUE );A;0;0;971
2,016E+11;16;2;18;1908;4;2;1;1;6;107;DELGRES ( BOULEVARD );A;0;0;971
2,016E+11;16;2;19;1805;2;2;3;1;2;107;ANATOLE CELESTE ( RUE );A;1602437;6133466;971
2,016E+11;16;3;5;1755;1;2;1;1;1;107;23, AUGUSTE STE LUCE (RU;;;;971
2,016E+11;16;3;8;600;2;2;3;1;3;107;PAUL LACAVE ( AVENUE );A;1604275;6156501;971
2,016E+11;16;3;10;1900;5;2;3;1;3;107;PAUL LACAVE ( AVENUE );;;;971
2,016E+11;16;3;13;955;1;2;1;1;3;107;DUMANOIR ( ALLEE );A;1603940;6156659;971
2,016E+11;16;4;19;1700;1;2;1;1;6;107;PAUL LACAVE ( AVENUE );;;;971
2,016E+11;16;4;28;755;1;2;1;1;2;107;DELGRES ( BOULEVARD );A;1602540;6133484;971
2,016E+11;16;5;14;2320;5;2;1;1;7;107;GERMAIN ST RUF (AVENUE );;;;971
2,016E+11;16;5;24;1330;1;2;1;1;3;107;FLAMBOYANTS ( ALLEE DES;;;;971
2,016E+11;16;7;5;2220;5;2;1;1;1;107;DUMANOIR ( ALLEE );A;1603363;6156877;971
2,016E+11;16;7;25;1640;1;1;1;1;6;107;MARQUISAT ( ROUTE DE );A;;;971
2,016E+11;16;8;7;145;5;2;9;1;3;107;MARQUISAT ( ROUTE DE );;;;971
2,016E+11;16;8;14;2155;5;2;1;1;1;107;GERMAIN ST RUF (AVENUE );A;;;971
2,016E+11;16;8;27;1800;2;2;5;2;3;107;AUGUSTE STE LUCE (RUE);;;;971
2,016E+11;16;9;17;1220;1;2;1;1;3;107;DUMANOIR ( ALLEE );;;;971
2,016E+11;16;10;6;1650;1;2;1;1;6;107;GERMAIN ST RUF (AVENUE );;;;971
2,016E+11;16;10;6;2055;5;2;3;1;3;107;15, PAUL LACAVE ( AVENUE;;;;971
2,016E+11;16;10;31;545;2;2;3;1;6;107;MARQUISAT ( ROUTE DE );;;;971
2,016E+11;16;11;13;1152;1;1;1;1;3;107;DUMANOIR ( ALLEE );;;;971
2,016E+11;16;11;25;2045;3;2;1;1;7;107;DUMANOIR ( ALLEE );;;;971
2,016E+11;16;12;4;505;5;2;4;1;6;107;PAUL LACAVE ( AVENUE );;;;971
2,016E+11;16;12;4;1735;5;2;3;1;3;107;DUMANOIR ( ALLEE );A;;;971
2,016E+11;16;12;4;1105;1;2;1;1;6;107;37, PAUL LACAVE ( AVENUE;;;;971
2,016E+11;16;12;12;100;5;2;1;1;6;107;77, USINE (RUE DE L');A;1604904;6156621;971
2,016E+11;16;12;18;1830;5;2;3;1;6;107;DELGRES ( BOULEVARD );;;;971
2,016E+11;16;1;1;530;4;1;1;1;2;113;RN4, GRAND BAIE ( RN4);A;0;0;971
2,016E+11;16;1;2;2320;5;2;1;1;3;101;00, MORNE VERGAIN;A;0;0;971
2,016E+11;16;1;1;1830;3;1;1;1;5;113;RN4-ROND POINT SAINT FEL;;;;971
2,016E+11;16;12;29;2200;4;1;1;1;7;113;4, GRAND BAIE ( RN4);;;;971
2,016E+11;16;1;6;2050;5;2;1;1;3;120;00, QUAI LEFEVRE;A;0;0;971
2,016E+11;16;1;19;1530;1;1;4;1;3;101;RD, ROUTE DE BOULIQUI;A;0;0;971
2,016E+11;16;1;20;710;1;1;1;1;6;101;RN5, MORNE VERGAIN;A;0;0;971
2,016E+11;16;1;22;1053;1;2;1;1;7;101;RN11, AEROPORT POLE CARA;A;0;0;971
2,016E+11;16;1;16;1144;1;1;1;1;6;120;00, UNIVERSITE FOUILLOLE;A;0;0;971
2,016E+11;16;2;4;1415;1;2;1;1;6;101;00, LAFOND;A;1623901;6152785;971
2,016E+11;16;2;6;2040;5;2;1;1;3;101;RN5, Fr‚d‚ric JALTON;A;0;0;971
2,016E+11;16;2;7;515;2;1;1;1;6;113;4, RN4 - SECTION RIVIERA;A;0;0;971
2,016E+11;16;12;22;1813;5;1;1;1;1;113;Section Port Blanc;;;;971
2,016E+11;16;2;8;105;5;1;1;1;1;101;RD, CENTRE HOSPITALIER;A;0;0;971
2,016E+11;16;1;8;630;2;1;1;1;1;113;RD, Section Port Blanc;A;0;0;971
2,016E+11;16;2;12;2222;5;1;1;1;6;101;RD, ROUTE DE BOISVINS;A;0;0;971
2,016E+11;16;2;13;2056;5;2;1;1;6;101;CARAQUE;A;0;0;971
2,016E+11;16;2;18;845;1;2;6;2;3;101;00, MIQUEL;;;;971
2,016E+11;16;2;19;2340;5;2;1;1;6;101;RN5, VIEUX BOURG;A;0;0;971
2,016E+11;16;2;24;630;1;1;2;1;1;113;RN4, SECTION PLIANE;A;0;0;971
2,016E+11;16;2;25;1837;5;2;1;1;5;101;28, NEREE;A;1616114;6130126;971
2,016E+11;16;2;28;1945;4;2;1;1;6;101;RN5, Fr‚d‚ric JALTON;A;0;0;971
2,016E+11;16;3;6;1030;1;1;1;1;4;101;RN11;;;;971
2,016E+11;16;3;7;750;1;2;1;1;6;101;00, LES CHICANES;;;;971
2,016E+11;16;3;4;930;1;1;1;1;3;101;129, PETIT PEROU;A;;;971
2,016E+11;16;3;7;855;1;2;1;1;6;120;RD, UNIVERSITE FOUILLOLE;;;;971
2,016E+11;16;3;11;1455;1;1;1;1;6;101;00, CARAQUE;;;;971
2,016E+11;16;3;14;2156;5;2;1;1;6;101;00, Rue Hubert FAROUIL;;;;971
2,016E+11;16;3;16;1110;1;1;3;3;6;113;00, AMEDE CLARA;;;;971
2,016E+11;16;3;17;1600;1;2;2;1;3;120;RD, CHANZY (BOULEVARD);;;;971
2,016E+11;16;3;19;905;1;1;2;1;5;101;00, PALAIS ROYAL;;;;971
2,016E+11;16;3;19;1900;5;2;1;1;3;101;RN5, Fr‚d‚ric JALTON;;;;971
2,016E+11;16;3;20;310;5;2;1;1;6;120;RD, BD LEGITIMUS;;;;971
2,016E+11;16;4;2;250;5;2;3;2;6;120;0, MARINA (ZONE COMMERCI;;;;971
2,016E+11;16;4;7;1040;1;2;1;2;3;101;0, PETIT PEROU;;;;971
2,016E+11;16;4;9;545;1;1;1;1;5;113;4, RN4 - SECTION RIVIERA;A;1613073;6130067;971
2,016E+11;16;4;8;1620;1;1;1;1;2;120;129, BAIMBRIDGE (ROUTE D;A;1614539;6131345;971
2,016E+11;16;4;23;337;3;2;1;1;6;101;5, RN05;;;;971
2,016E+11;16;4;27;1525;1;2;1;1;3;101;126, Fr‚d‚ric JALTON;;;;971
2,016E+11;16;4;29;2200;5;2;3;1;1;113;4, RN4 - SECTION RIVIERA;;;;971
2,016E+11;16;5;1;255;5;1;1;1;1;113;4, RN4 - SECTION RIVIERA;;;;971
2,016E+11;16;5;3;725;1;1;1;1;1;101;102, ROUTE DE BOISVINS;A;1615535;6128486;971
2,016E+11;16;5;13;830;1;2;1;1;1;120;00, ZONE INDUSTRIELLE DE;;;;971
2,016E+11;16;5;7;1800;1;1;1;1;2;101;1, RN1 ROCADE DE CHAUVEL;A;1615143;6132163;971
2,016E+11;16;5;16;35;5;1;1;1;3;113;1735, RN4 - SECTION RIVI;;;;971
2,016E+11;16;5;17;1410;1;1;1;1;4;101;1, RN1 ROCADE DE CHAUVEL;;;;971
2,016E+11;16;5;22;1920;5;2;1;1;7;113;4, SECTION MARE-GAILLARD;;;;971
2,016E+11;16;5;31;1425;1;1;1;1;3;113;4, RN4 - SECTION RIVIERA;A;1612306;6128044;971
2,016E+11;16;6;1;1705;1;2;1;1;7;120;103, CHANZY (BOULEVARD);A;1614280;6132094;971
2,016E+11;16;6;3;2215;5;2;1;2;3;120;65, NOZIERES;;;;971
2,016E+11;16;6;4;2230;5;1;1;1;2;113;4, GRAND BAIE ( RN4);;;;971
2,016E+11;16;6;8;2046;3;1;1;1;6;101;11, RN11;;;;971
2,016E+11;16;6;8;1700;1;2;1;1;7;101;129, BOULEVARD DES HEROS;;;;971
2,016E+11;16;6;11;200;5;2;4;2;3;101;00, STADE;;;;971
2,016E+11;16;6;11;2304;3;1;1;1;3;113;4, PETIT HAVRE (SECTEUR);;;;971
2,016E+11;16;6;12;447;3;1;1;1;7;101;1, RN1 ROCADE DE CHAUVEL;;;;971
2,016E+11;16;6;13;2320;5;1;1;1;4;113;4, RN4 - SECTION RIVIERA;;;;971
2,016E+11;16;6;14;1930;4;2;1;1;6;101;RN5, RN5-BOISRIPEAUX;;;;971
2,016E+11;16;6;14;1400;1;2;1;1;7;101;0, TERASSON;;;;971
2,016E+11;16;6;27;740;1;2;1;1;7;120;103, HANNE (BOULEVARD);;;;971
2,016E+11;16;6;28;1520;1;1;1;1;1;113;4, RN4 - SECTION RIVIERA;;;;971
2,016E+11;16;6;27;1825;2;1;1;1;1;113;00, BEAUMANOIR (SECTEUR);;;;971
2,016E+11;16;7;5;650;1;2;6;1;3;120;00, CIRFE MIQUEL;;;;971
2,016E+11;16;7;2;2010;5;2;2;1;1;120;28, ACHILLE RENE BOISNEU;;;;971
2,016E+11;16;7;6;1100;1;2;3;1;3;101;126, Fr‚d‚ric JALTON;;;;971
2,016E+11;16;7;9;1910;5;2;1;1;6;101;00, BORICAUD  (SECTION);A;;;971
2,016E+11;16;7;12;740;1;2;6;1;6;120;126, HALL DES SPORTS;;;;971