Num_Acc;an;mois;jour;hrmn;lum;agg;int;atm;col;com;adr;gps;lat;long;dep
2,016E+11;16;7;17;610;2;1;1;1;6;113;4, RN4 - SECTION RIVIERA;;;;971
2,016E+11;16;7;23;1015;1;1;1;1;1;113;00, SECTION PLIANE;;;;971
2,016E+11;16;7;23;1535;1;2;1;2;2;113;00, SECTION PLIANE;;;;971
2,016E+11;16;7;26;2015;3;1;3;1;3;101;129, PAGES;;;;971
2,016E+11;16;7;27;1850;5;2;4;1;1;113;00, Section Port Blanc;;;;971
2,016E+11;16;7;29;1530;1;2;1;1;1;120;103, CHANZY (BOULEVARD);;;;971
2,016E+11;16;8;3;630;1;1;1;1;5;101;1, RN1 ROCADE DE CHAUVEL;;;;971
2,016E+11;16;8;8;1830;2;2;1;1;7;101;102, ROUTE DE BOISVINS;;;;971
2,016E+11;16;8;13;1815;5;2;3;1;6;113;119, GENERAL DE GAULLE (;;;;971
2,016E+11;16;8;21;800;1;1;1;1;2;113;1656, RN4 - SECTION RIVI;;;;971
2,016E+11;16;6;5;700;1;1;1;1;7;113;RD, SECTION COCOYER;;;;971
2,016E+11;16;8;24;2230;5;1;1;1;4;113;4, GRAND BAIE ( RN4);;;;971
2,016E+11;16;8;29;915;1;1;1;1;3;113;00, BEAUMANOIR (SECTEUR);;;;971
2,016E+11;16;9;2;2010;4;1;1;1;2;101;1, RN1 ROCADE DE CHAUVEL;;;;971
2,016E+11;16;9;9;2030;5;1;1;1;3;113;00, SECTION PLIANE;;;;971
2,016E+11;16;9;18;1645;1;2;1;1;6;113;14, MONTAUBAN (SECTEUR);;;;971
2,016E+11;16;9;21;1720;1;1;1;1;3;113;457, RN4 - SECTION RIVIE;;;;971
2,016E+11;16;7;29;2310;5;2;1;1;7;120;103, HANNE (BOULEVARD);;;;971
2,016E+11;16;8;29;2350;5;1;1;2;7;101;00, TONNELLE;;;;971
2,016E+11;16;9;29;1530;1;2;3;1;5;101;129, BOULEVARD DES HEROS;;;;971
2,016E+11;16;9;30;1830;3;1;1;1;6;101;5, PETIT PEROU;;;;971
2,016E+11;16;9;30;2115;5;2;1;1;6;113;4, Morne Salines;;;;971
2,016E+11;16;10;7;2015;5;1;1;1;7;101;126, MAIRIE;;;;971
2,016E+11;16;10;18;810;1;1;1;1;3;120;00, UNIVERSITE FOUILLOLE;;;;971
2,016E+11;16;10;21;1505;1;2;3;1;7;101;103, CENTRE HOSPITALIER;;;;971
2,016E+11;16;10;26;935;1;2;1;1;7;101;28, BOISRIPEAUX;;;;971
2,016E+11;16;10;25;1030;1;1;1;1;6;101;5, RN05;;;;971
2,016E+11;16;10;30;300;3;1;1;1;2;113;4, RN4 - SECTION RIVIERA;;;;971
2,016E+11;16;11;3;1330;1;1;1;1;2;113;4, RN4-ROND POINT SAINT;A;1620777;6146088;971
2,016E+11;16;11;8;953;1;1;3;1;3;101;119, PETIT PEROU;;;;971
2,016E+11;16;11;14;1640;1;1;3;1;5;101;102, ROUTE DE BOISVINS;;;;971
2,016E+11;16;11;16;1930;3;1;1;3;7;113;SECTION LEROUX;;;;971
2,016E+11;16;11;17;1800;2;1;1;1;2;113;4, GRAND BAIE ( RN4);;;;971
2,016E+11;16;11;19;1;4;2;1;1;3;101;103, LAFOND;;;;971
2,016E+11;16;11;30;1620;1;2;1;1;7;113;217, SECTION MARE-GAILLA;;;;971
2,016E+11;16;12;11;500;3;1;1;1;2;101;5, RN5-BOISRIPEAUX;A;1627916;6150787;971
2,016E+11;16;12;12;1740;2;1;1;1;1;101;PALAIS ROYAL;;;;971
2,016E+11;16;12;18;1850;3;1;1;2;1;101;106, PERRIN (SECTEUR);;;;971
2,016E+11;16;12;20;2140;5;2;9;9;6;120;129, NELSON MANDELA;;;;971
2,016E+11;16;12;23;1635;1;2;1;1;3;120;00, GERTY ARCHIMEDE (RES;;;;971
2,016E+11;16;11;24;1615;1;1;1;1;6;209;4, PARADISIERS (AVENUE D;A;1462014;6103717;972
2,016E+11;16;12;1;1540;1;1;1;1;6;209;3, ROND POINT DU VIET-NA;A;0;0;972
2,016E+11;16;12;2;1100;1;2;1;1;3;209;2, GENERAL DE GAULLE (BL;A;0;0;972
2,016E+11;16;12;3;325;5;2;2;1;3;209;4, FRANCOIS ARAGO (RUE);A;0;0;972
2,016E+11;16;12;3;600;1;1;1;1;7;209;2, RN9;A;0;0;972
2,016E+11;16;12;3;1050;1;2;1;1;6;209;4, LAZARE CARNOT (RUE);;;;972
2,016E+11;16;12;10;955;1;2;1;1;6;209;2, MAURICE BISHOP (AVENU;A;0;0;972
2,016E+11;16;12;10;1040;1;2;1;1;2;209;2, MAURICE BISHOP (AVENU;A;1460754;6105709;972
2,016E+11;16;12;12;1440;1;2;1;1;2;209;2, GENERAL DE GAULLE (BL;A;0;0;972
2,016E+11;16;1;3;1619;1;2;1;1;7;209;2, MAURICE BISHOP (AVENU;A;0;0;972
2,016E+11;16;12;15;1820;2;1;1;1;6;209;2, REDOUTE (ROUTE DE LA);A;1463239;6105407;972
2,016E+11;16;1;15;1710;1;1;1;1;2;209;3, JAMBETTE (ROUTE DE);A;0;0;972
2,016E+11;16;1;18;2010;5;2;1;1;3;209;4, SALVATOR ALLENDE (AVE;A;0;0;972
2,016E+11;16;1;20;645;1;2;1;1;5;209;2, GENERAL DE GAULLE (BL;A;0;0;972
2,016E+11;16;12;17;810;1;1;1;1;1;209;2, BALATA (ROUTE DE);A;0;0;972
2,016E+11;16;1;20;1955;5;2;3;1;6;209;4, MONTREDON ( Rue C‚cil;A;0;0;972
2,016E+11;16;12;17;1750;1;2;1;1;6;209;3, CHEVALIER DE SAINTE-M;A;0;0;972
2,016E+11;16;1;21;955;1;2;1;1;6;209;3, CLAIRIERE (RUE DE LA);A;0;0;972
2,016E+11;16;12;23;1420;1;1;1;1;6;209;3, CHATEAUBOEUF (ROUTE D;A;0;0;972
2,016E+11;16;1;22;740;1;2;1;1;6;209;3, CHEVALIER SAINTE-MART;A;0;0;972
2,016E+11;16;1;23;2155;5;2;1;1;1;209;2, BALATA (ROUTE DE);A;0;0;972
2,016E+11;16;1;23;2345;5;2;1;1;7;209;3, PROFESSEUR RAYMOND GA;A;0;0;972
2,016E+11;16;12;30;1715;1;2;1;1;6;209;2, GENERAL DE GAULLE (BL;A;0;0;972
2,016E+11;16;1;24;1355;1;2;3;1;3;209;4, HENRICK VILETTE (RUE);A;0;0;972
2,016E+11;16;12;31;2038;5;2;1;1;6;209;3, JEAN JAURES (AVENUE);A;1460837;6106995;972
2,016E+11;16;1;25;745;1;2;1;1;6;209;3, RD 41 (ROCADE);A;0;0;972
2,016E+11;16;1;26;1150;1;1;1;1;1;209;2, REDOUTE (ROUTE DE LA);A;0;0;972
2,016E+11;16;1;27;1100;1;2;1;1;6;209;3, PROFESSEUR RAYMOND GA;A;0;0;972
2,016E+11;16;1;29;2055;5;2;1;1;6;209;3, ENTRAIDE (ROUTE DE L';A;0;0;972
2,016E+11;16;2;2;1825;2;2;1;1;6;209;3, ABBE LAVIGNE (AVENUE);A;0;0;972
2,016E+11;16;2;4;820;1;2;2;1;3;209;4, LEOPOLD SEDAR SENGOR;A;0;0;972
2,016E+11;16;2;8;1405;1;2;1;1;6;209;4, MONTESQUIEU (RUE);A;0;0;972
2,016E+11;16;2;8;1030;1;2;1;1;6;209;comm, ISAMBERT (RUE);A;0;0;972
2,016E+11;16;2;13;1435;1;2;1;1;6;209;com, ABBE LECORNU (RUE);A;0;0;972
2,016E+11;16;2;14;920;1;2;1;8;7;209;3, RD 41 (ROCADE);A;0;0;972
2,016E+11;16;2;18;1034;1;2;1;8;6;209;2, FRANCOIS MITTERAND (B;A;0;0;972
2,016E+11;16;2;18;1215;1;2;1;1;6;209;1, AUTOROUTE (A1);A;0;0;972
2,016E+11;16;2;19;925;1;2;1;1;6;209;2, GENERAL DE GAULLE (BL;A;0;0;972
2,016E+11;16;2;29;935;1;2;1;1;1;209;2, BALATA (ROUTE DE);A;1437278;6104208;972
2,016E+11;16;2;26;1225;1;2;1;1;6;209;3, SOLEIL LEVANT (BOULEV;A;0;0;972
2,016E+11;16;3;1;1445;1;2;1;1;6;209;1, AUTOROUTE (A1);A;0;0;972
2,016E+11;16;3;2;1215;1;2;2;1;6;209;comm, CALEBASSIERS (RUE;A;0;0;972
2,016E+11;16;3;2;645;1;2;1;1;6;209;2, MAURICE BISHOP (AVENU;A;0;0;972
2,016E+11;16;3;6;2230;5;2;2;1;3;209;2, GENERAL DE GAULLE (BL;A;0;0;972
2,016E+11;16;3;10;1200;1;2;1;1;6;209;3, RAVINE VILAINE (CHEMI;A;1438012;6103347;972
2,016E+11;16;3;12;10;5;2;1;1;7;209;Comm, GLACIERE (RUE DE L;A;0;0;972
2,016E+11;16;3;15;1725;1;2;1;1;6;209;3, CHATEAUBOEUF (ROUTE D;A;0;0;972
2,016E+11;16;3;16;800;1;2;1;1;6;209;3, RD 41 (ROCADE);A;0;0;972
2,016E+11;16;3;16;1511;1;2;1;1;7;209;3, CHATEAUBOEUF (ROUTE D;A;0;0;972
2,016E+11;16;3;20;1155;1;2;1;1;7;209;2, GENERAL DE GAULLE (BL;A;0;0;972
2,016E+11;16;3;25;2030;5;2;1;1;7;209;3, PASTEUR (AVENUE);A;0;0;972
2,016E+11;16;3;26;1420;1;2;1;1;7;209;4, SALVATOR ALLENDE (AVE;A;0;0;972
2,016E+11;16;5;18;1015;1;2;1;1;2;209;2, GENERAL DE GAULLE (BL;A;0;0;972
2,016E+11;16;4;1;1100;1;2;1;1;6;209;2, MAURICE BISHOP (AVENU;A;0;0;972
2,016E+11;16;4;4;35;3;2;1;1;7;209;1, AUTOROUTE (A1);A;0;0;972
2,016E+11;16;5;14;520;2;2;1;1;6;209;4, MARIE-THERESE GERTRUD;A;0;0;972
2,016E+11;16;5;30;630;1;2;1;1;6;209;3, CHATEAUBOEUF (ROUTE D;A;0;0;972
2,016E+11;16;5;4;1300;1;2;1;1;2;209;3, RD 41 (ROCADE);A;0;0;972
2,016E+11;16;4;16;1931;5;2;1;1;6;209;4, LOUIS DOMERGUE (AVENU;A;0;0;972
2,016E+11;16;4;17;1319;1;2;1;1;6;209;3, RD 41 (ROCADE);A;0;0;972
2,016E+11;16;6;3;1805;1;2;1;1;6;209;4, CENTRE (BOULEVARD DU);A;0;0;972
2,016E+11;16;6;17;1410;1;2;1;1;1;209;4, LEOPOLD BISSOL (BOULE;A;0;0;972
2,016E+11;16;6;25;445;2;1;1;1;2;209;1, AUTOROUTE (A1);A;0;0;972
2,016E+11;16;5;15;645;1;2;1;1;7;209;3, RD 41 (ROCADE);;;;972
2,016E+11;16;5;19;2120;5;2;1;1;5;209;3, CHATEAUBOEUF (ROUTE D;A;0;0;972
2,016E+11;16;5;24;1909;5;2;1;1;5;209;MAURICE BISHOP (AVENUE);A;0;0;972
2,016E+11;16;7;1;1530;1;2;9;1;3;209;4, DORSALE (RUE DE LA );A;0;0;972
2,016E+11;16;7;14;455;3;1;1;1;2;209;1, AUTOROUTE (A1);A;0;0;972
2,016E+11;16;7;15;1610;1;1;1;1;3;209;4, HUBERT RENE GAMESS (B;A;0;0;972
2,016E+11;16;7;17;2015;3;1;1;1;6;209;2, RN9;;;;972
2,016E+11;16;7;22;710;1;1;2;1;3;209;2, RN9;;;;972
2,016E+11;16;6;3;800;1;1;1;1;6;209;2, MAURICE BISHOP (AVENU;A;0;0;972
2,016E+11;16;6;4;810;1;2;1;1;7;209;2, RD 41 (ROCADE);A;0;0;972
2,016E+11;16;6;10;1604;1;2;1;1;6;209;2, MAURICE BISHOP (AVENU;A;0;0;972
2,016E+11;16;6;11;210;5;2;2;1;3;209;2, MAURICE BISHOP (AVENU;A;0;0;972
2,016E+11;16;6;18;530;2;1;1;1;7;209;2, BALATA (ROUTE DE);A;0;0;972
2,016E+11;16;6;19;940;1;1;1;1;6;209;3, RD 41 (ROCADE);A;0;0;972
2,016E+11;16;6;19;1640;1;1;1;1;7;209;3, RD 41 (ROCADE);A;0;0;972
2,016E+11;16;6;24;2135;5;1;1;1;6;209;1, AUTOROUTE (A1);A;0;0;972
2,016E+11;16;7;6;730;1;2;1;1;6;209;4, ALLEGRE (BOULEVARD);A;0;0;972
2,016E+11;16;7;10;1845;5;1;2;1;6;209;3, SOLEIL LEVANT (BOULEV;A;0;0;972
2,016E+11;16;7;26;1110;1;2;3;1;3;209;2, MAURICE BISHOP (AVENU;A;0;0;972
2,016E+11;16;7;26;1205;1;2;2;1;3;209;4, JUDES TURIAF (AVENUE;;;;972
2,016E+11;16;9;22;817;1;2;1;1;6;209;3, VICTOR LAMON (AVENUE);A;1460679;6105677;972
2,016E+11;16;8;3;1955;1;2;2;1;3;209;4, ISAMBERT (RUE);A;0;0;972
2,016E+11;16;8;5;1944;5;1;1;1;6;209;3, RD 41 (ROCADE);A;0;0;972
2,016E+11;16;8;7;1410;1;2;2;1;3;209;4, VICTOR SEVERE (RUE);A;0;0;972
2,016E+11;16;8;12;2304;5;1;1;1;6;209;3, DIDIER (ROUTE DE);A;1462761;6107947;972
2,016E+11;16;8;25;1255;1;1;2;1;6;209;3, SOLEIL LEVANT (BOULEV;A;0;0;972
2,016E+11;16;8;30;1200;1;2;1;1;7;209;2, MAURICE BISHOP (AVENU;A;0;0;972
2,016E+11;16;9;2;1450;1;2;9;1;6;209;2, MAURICE BISHOP (AVENU;A;1460380;6106142;972
2,016E+11;16;9;4;1215;1;2;1;1;6;209;4, OSMAN NADEAU (CHEMIN);A;1463087;6106173;972
2,016E+11;16;9;10;2120;5;1;1;1;2;209;1, AUTOROUTE (A1);A;1461818;6103809;972
2,016E+11;16;9;24;410;5;2;1;8;7;209;3, RD 41 (ROCADE);A;0;0;972
2,016E+11;16;9;30;2310;5;2;1;1;1;209;2, MAURICE BISHOP (AVENU;A;0;0;972
2,016E+11;16;10;11;725;1;1;1;1;6;209;4, VENELLE (IMPASSE DE L;A;0;0;972
2,016E+11;16;11;6;2130;5;1;1;1;1;209;3, PROFESSEUR RAYMOND GA;A;;;972
2,016E+11;16;9;30;900;1;1;1;1;6;209;2, BALATA (ROUTE DE);A;0;0;972
2,016E+11;16;11;9;1850;5;1;1;1;6;209;3, SOLEIL LEVANT (BOULEV;A;1462591;6103914;972
2,016E+11;16;10;10;2204;5;2;1;1;6;209;4, ERNEST DEPROGE (RUE);A;0;0;972
2,016E+11;16;10;11;1215;1;1;1;1;6;209;3, RD 41 (ROCADE);;;;972
2,016E+11;16;10;12;1610;1;2;1;1;6;209;4, 22 MAI 1848 (RUE);A;0;0;972
2,016E+11;16;10;15;135;5;2;1;1;6;209;2, MAURICE BISHOP (AVENU;A;1460869;6105607;972
2,016E+11;16;10;20;804;1;1;1;1;6;209;3, PROFESSEUR RAYMOND GA;A;0;0;972
2,016E+11;16;10;22;2019;5;2;1;1;1;209;2, ROBERT ATTULY (BOULEV;A;0;0;972
2,016E+11;16;10;23;1815;5;1;1;8;6;209;2, BALATA (ROUTE DE);A;0;0;972
2,016E+11;16;10;30;2015;5;2;1;1;6;209;3, ALFASSA (BOULEVARD);A;1460319;6107006;972
2,016E+11;16;10;31;1640;1;2;1;1;6;209;4, EAUX DECOUPEES (CHEMI;A;;;972
2,016E+11;16;11;5;1855;5;2;1;1;6;209;2, GENERAL DE GAULLE (BL;A;1460700;6106718;972
2,016E+11;16;11;7;920;1;2;1;1;6;209;4, ALLEGRE (BOULEVARD);A;1460711;6107258;972
2,016E+11;16;11;10;1030;1;1;3;1;3;209;3, MOUTTE (ROUTE DE);A;;;972
2,016E+11;16;11;11;1815;5;1;1;1;5;209;2, BALATA (ROUTE DE);A;1462916;6107231;972
2,016E+11;16;11;12;305;5;2;1;8;1;209;3, CHATEAUBOEUF (ROUTE D;A;1461957;6104377;972
2,016E+11;16;11;13;1115;1;2;1;1;6;209;3, HAMEAUX (AVENUE DES);A;1462032;6105092;972
2,016E+11;16;11;14;1635;1;2;1;1;6;209;2, ROBERT ATTULY (BOULEV;A;1460269;6107635;972
2,016E+11;16;11;22;2100;4;1;1;1;6;213;ROUTE NATIONALE 5;;;;972
2,016E+11;16;11;26;2105;5;1;1;1;4;213;AUTOROUTE A1;;;;972
2,016E+11;16;11;27;130;3;1;1;1;3;213;AUTOROUTE A1;;;;972
2,016E+11;16;12;10;1425;1;1;1;1;4;213;AUTOROUTE A1;A;1460712;6100441;972
2,016E+11;16;12;14;645;1;1;1;1;3;213;AUTOROUTE A1;A;;;972
2,016E+11;16;12;14;1650;1;1;6;1;3;213;AEROPORT (ROND POINT DE;A;1459830;6100134;972
2,016E+11;16;12;15;1555;1;1;1;1;3;213;ROUTE DEPARTEMENTALE 15;A;1462620;6100795;972
2,016E+11;16;12;16;2220;5;1;1;1;7;213;AUTOROUTE A1;A;1461821;6102776;972
2,016E+11;16;12;21;520;5;1;1;1;1;213;ROUTE DEPARTEMENTALE 15;A;1462530;6100727;972
2,016E+11;16;12;21;825;1;1;1;1;3;213;ROUTE DEPARTEMENTALE 15;A;0;0;972
2,016E+11;16;12;24;1530;1;1;1;1;6;213;MORNE PITAULT (ROUTE DE);A;0;0;972
2,016E+11;16;1;1;1745;2;1;1;1;1;213;ROUTE DEPARTEMENTALE 13;;;;972
2,016E+11;16;1;3;1335;1;1;1;1;6;213;AUTOROUTE A1;;;;972
2,016E+11;16;1;5;850;1;1;1;3;6;213;ROUTE DEPARTEMENTALE 15;;;;972
2,016E+11;16;1;6;1652;1;1;9;1;7;213;Z I LA LEZARDE;;;;972
2,016E+11;16;1;17;1945;3;1;1;1;1;213;ROUTE DEPARTEMENTALE 14;;;;972
2,016E+11;16;1;26;1325;1;1;1;1;1;213;ROUTE DEPARTEMENTALE 3;;;;972
2,016E+11;16;1;1;600;2;1;1;1;2;213;ROUTE NATIONALE 1;;;;972
2,016E+11;16;1;4;750;1;1;1;1;2;213;Z I LA JAMBETTE;;;;972
2,016E+11;16;1;26;2037;1;1;1;1;3;213;ROUTE DEPARTEMENTALE 15;;;;972
2,016E+11;16;2;5;1315;1;1;1;1;1;213;ROUTE DEPARTEMENTALE 14;;;;972
2,016E+11;16;2;5;2310;5;1;1;1;2;213;AUTOROUTE A1;;;;972
2,016E+11;16;2;23;2115;5;1;1;1;4;213;AUTOROUTE A1;;;;972
2,016E+11;16;2;29;1630;1;2;2;1;3;213;ROUTE DEPARTEMENTALE 3;;;;972
2,016E+11;16;3;9;945;1;1;1;1;2;213;ROUTE DEPARTEMENTALE 15;;;;972
2,016E+11;16;3;9;1345;1;1;1;1;7;213;VIEUX CHEMIN CALIFORNIE;;;;972
2,016E+11;16;3;10;1345;1;1;1;1;3;213;ROUTE DEPARTEMENTALE 15;;;;972
2,016E+11;16;3;12;1430;1;1;1;1;2;213;ROUTE DEPARTEMENTALE 3;;;;972
2,016E+11;16;3;18;650;1;1;1;1;2;213;ROUTE NATIONALE 6;;;;972
2,016E+11;16;4;11;1630;1;1;3;1;3;213;ROUTE DEPARTEMENTALE 14;;;;972
2,016E+11;16;4;17;1120;1;2;1;1;2;213;NELSON MANDELA;;;;972
2,016E+11;16;4;21;5;5;1;1;1;6;213;122, ACAJOU PROLONGEE;;;;972
2,016E+11;16;4;25;30;4;1;1;1;2;213;ROUTE NATIONALE 1;;;;972
2,016E+11;16;4;26;1800;1;1;1;1;3;213;ROUTE DEPARTEMENTALE 14;;;;972
2,016E+11;16;4;27;710;1;2;1;1;6;213;30, NELSON MANDELA;;;;972
2,016E+11;16;4;28;730;1;1;1;1;3;213;1, Z I LA LEZARDE;;;;972
2,016E+11;16;5;8;600;2;1;1;1;3;213;ROUTE DEPARTEMENTALE 3;;;;972
2,016E+11;16;5;9;1530;1;1;1;1;2;213;AUTOROUTE A1;;;;972
2,016E+11;16;5;14;330;4;1;1;1;2;213;AUTOROUTE A1;;;;972
2,016E+11;16;5;14;430;5;1;1;8;2;213;ROUTE DEPARTEMENTALE 14;;;;972
2,016E+11;16;5;20;600;2;1;1;1;7;213;ROUTE DEPARTEMENTALE 15;;;;972
2,016E+11;16;5;24;1130;1;1;1;1;3;213;AUTOROUTE A1;;;;972
2,016E+11;16;5;24;1720;1;1;1;1;2;213;AUTOROUTE A1;;;;972
2,016E+11;16;5;24;2030;5;1;6;1;3;213;ROUTE NATIONALE 1;;;;972
2,016E+11;16;5;29;20;5;1;1;1;6;213;AUTOROUTE A1;;;;972
2,016E+11;16;6;3;1220;1;1;1;1;4;213;ROUTE NATIONALE 1;;;;972
2,016E+11;16;6;10;1815;5;2;1;1;1;213;ROUTE DEPARTEMENTALE 3;;;;972
2,016E+11;16;6;11;145;5;1;1;1;4;213;AUTOROUTE A1;;;;972
2,016E+11;16;6;16;2045;5;1;1;1;2;213;ROUTE NATIONALE 1;;;;972
2,016E+11;16;6;17;1430;1;1;1;1;1;213;ROUTE DEPARTEMENTALE 3;;;;972
2,016E+11;16;6;21;1430;1;1;2;1;3;213;ROUTE NATIONALE 1;;;;972
2,016E+11;16;6;25;145;5;1;1;1;6;213;AUTOROUTE A1;;;;972
2,016E+11;16;7;2;150;5;1;1;1;7;213;BASSE GONDEAU (CHEMIN RU;;;;972
2,016E+11;16;7;7;1450;1;1;1;1;3;213;ROUTE NATIONALE 5;;;;972
2,016E+11;16;7;10;1900;5;1;1;1;2;213;ROUTE NATIONALE 1;;;;972
2,016E+11;16;7;17;530;2;1;1;1;7;213;AUTOROUTE A1;;;;972
2,016E+11;16;7;23;200;5;1;1;2;2;213;AUTOROUTE A1;;;;972
2,016E+11;16;7;26;58;5;1;1;1;2;213;ROUTE NATIONALE 5;;;;972
2,016E+11;16;7;27;4;5;1;6;1;3;213;ROUTE NATIONALE 1;;;;972
2,016E+11;16;7;27;930;1;1;3;1;3;213;AUTOROUTE A1;;;;972
2,016E+11;16;7;30;450;2;1;6;1;1;213;ROUTE NATIONALE 1;;;;972
2,016E+11;16;8;1;1900;5;1;1;1;3;213;ROUTE DEPARTEMENTALE 13;;;;972
2,016E+11;16;8;6;1030;1;2;1;1;6;213;ROUTE DEPARTEMENTALE 15;;;;972
2,016E+11;16;8;7;2204;4;1;1;1;5;213;AUTOROUTE A1;;;;972
2,016E+11;16;8;7;2230;5;1;1;1;7;213;AUTOROUTE A1;;;;972
2,016E+11;16;8;9;1250;1;2;1;1;6;213;ACAJOU PROLONGEE;;;;972
2,016E+11;16;8;11;1400;1;1;1;1;4;213;ROUTE DEPARTEMENTALE 3;;;;972
2,016E+11;16;8;12;1430;1;1;1;1;2;213;ROUTE NATIONALE 5;;;;972
2,016E+11;16;8;19;130;5;1;1;1;6;213;ROUTE NATIONALE 5;;;;972
2,016E+11;16;8;20;610;2;2;3;1;3;213;ROUTE DEPARTEMENTALE 3 B;;;;972
2,016E+11;16;8;20;1500;1;1;1;1;1;213;15, MAIRIE;;;;972
2,016E+11;16;8;26;1700;1;1;1;1;1;213;56, DUCHESNES 1;;;;972
2,016E+11;16;9;3;1856;2;1;1;1;3;213;AUTOROUTE A1;;;;972
2,016E+11;16;10;3;1525;1;1;1;1;5;213;AUTOROUTE A1;;;;972
2,016E+11;16;11;28;2010;3;1;1;3;6;213;ROUTE NATIONALE 1;;;;972
2,016E+11;16;10;26;2020;5;1;1;1;3;213;AUTOROUTE A1;;;;972
2,016E+11;16;10;21;125;5;1;1;1;2;213;AUTOROUTE A1;;;;972
2,016E+11;16;9;12;45;3;1;1;1;3;213;ROUTE DEPARTEMENTALE 3;;;;972
2,016E+11;16;10;15;610;5;1;6;1;6;213;ROUTE NATIONALE 6;;;;972
2,016E+11;16;9;16;1400;1;1;1;1;5;213;ROUTE DEPARTEMENTALE 3;;;;972
2,016E+11;16;9;18;720;1;1;1;1;3;213;ROUTE DEPARTEMENTALE 14;;;;972
2,016E+11;16;9;21;1950;1;1;1;1;1;213;DUCHESNES 1;;;;972
2,016E+11;16;9;22;1450;1;2;1;1;3;213;FLORAINDRE ( RUE DE);;;;972
2,016E+11;16;11;10;1400;1;2;1;1;6;213;6, NELSON MANDELA;;;;972
2,016E+11;16;11;10;2150;3;1;1;1;5;213;ROUTE NATIONALE 5;;;;972
2,016E+11;16;11;12;2020;5;1;1;1;3;213;ROUTE NATIONALE 5;;;;972
2,016E+11;16;11;19;800;1;1;1;1;6;213;ROUTE DEPARTEMENTALE 3;;;;972
2,016E+11;16;11;17;1130;1;1;1;1;6;213;ROUTE DEPARTEMENTALE 15;;;;972
2,016E+11;16;11;20;1220;1;1;1;1;5;213;AUTOROUTE A1;;;;972
2,016E+11;16;1;1;1610;1;2;1;2;7;302;2066, TIGRE (ROUTE DU);G;454363;521929;973
2,016E+11;16;1;1;2110;5;2;3;1;3;302;DIGUE RONJON;G;456012;521949;973
2,016E+11;16;1;4;745;2;2;3;3;7;302;BARRAT (DU DOCTEUR);G;456156;521940;973
2,016E+11;16;1;6;804;1;1;1;1;3;302;2844, MONTABO (ROUTE DE);G;0;0;973
2,016E+11;16;1;8;1500;1;2;1;1;3;302;1453, BADUEL (ROUTE DE);G;455534;521823;973
2,016E+11;16;1;8;1755;1;2;6;1;7;302;CATAYEE (JUSTIN);G;455311;521923;973
2,016E+11;16;1;8;1845;2;2;1;1;6;302;CHATENAY (CITE);G;494240;5231083;973
2,016E+11;16;1;9;1318;1;2;2;1;3;302;43, CATAYEE (JUSTIN);G;494094;5233096;973
2,016E+11;16;1;11;805;1;1;1;1;3;302;10, FLAMBOYANTS (RUE DES;G;492382;5232637;973
2,016E+11;16;1;13;1255;1;2;1;1;3;302;471, BADUEL (ROUTE DE);G;;;973
2,016E+11;16;1;13;2336;5;2;1;1;3;302;MANDELA  (BOULEVARD);G;493767;5234326;973
2,016E+11;16;1;13;1958;2;2;3;1;2;302;1, CABASSOU (CITE);G;0;0;973
2,016E+11;16;1;14;1536;1;2;1;1;2;302;3313, BADUEL (ROUTE DE);G;492779;5229165;973
2,016E+11;16;1;15;1530;1;2;1;1;2;302;FELIX EBOUE(ROCADE);G;493877;5233244;973
2,016E+11;16;1;15;1335;1;2;1;1;3;302;1077, BADUEL (ROUTE DE);G;493386;5231047;973
2,016E+11;16;1;16;605;5;2;1;1;2;302;4160, MONTABO (ROUTE DE);G;455415;521724;973
2,016E+11;16;1;17;1945;5;2;1;1;2;302;2358, BADUEL (ROUTE DE);G;492893;5229986;973
2,016E+11;16;1;18;1215;1;2;1;1;6;302;EAU-LISETTE (CITE);;;;973
2,016E+11;16;1;18;1755;1;1;7;1;3;302;873, BADUEL (ROUTE DE);G;;;973
2,016E+11;16;1;20;1100;1;1;1;1;6;302;GALMOT (ROND-POINT);G;493143;5232967;973
2,016E+11;16;1;20;1626;1;2;1;1;3;302;BADUEL (ROND POINT DE);G;493303;5230963;973
2,016E+11;16;1;20;1554;1;2;1;1;3;302;32, PREVOT (ERNEST);G;456040;5219592;973
2,016E+11;16;1;21;757;1;2;1;1;3;302;BADUEL (ROUTE DE);G;493827;5231644;973
2,016E+11;16;1;22;1300;1;2;1;1;3;302;16, FLAMBOYANTS (RUE DES;G;492227;5232135;973
2,016E+11;16;1;22;2100;5;1;1;1;3;302;MONTABO (ROUTE DE) 1;;;;973
2,016E+11;16;1;27;755;1;2;3;1;7;302;BADUEL (ROUTE DE);G;455442;521759;973
2,016E+11;16;1;27;1030;1;2;1;1;1;302;CABASSOU (ROUTE DE);G;455092;521902;973
2,016E+11;16;1;30;1215;1;2;1;1;2;302;801, BADUEL (ROUTE DE);;;;973
2,016E+11;16;1;30;1640;1;2;1;1;6;302;BROWN Serge (RUE);G;456033;5220064;973
2,016E+11;16;1;31;200;5;2;1;1;7;302;, EAU-LISETTE (CITE);;;;973
2,016E+11;16;2;1;1552;1;1;1;1;7;302;607, RABAN (ROUTE DE);G;455591;5218467;973
2,016E+11;16;2;2;830;1;2;1;2;3;302;MADELEINE (ROUTE DE LA);G;492168;5232254;973
2,016E+11;16;2;7;410;5;2;2;2;3;302;BRASSE (LIEUTENANT);;;;973
2,016E+11;16;2;5;1315;1;1;2;1;3;302;DE GAULLE (AVENUE);;;;973
2,016E+11;16;2;8;1725;1;1;1;2;2;302;1, MANDARINES(RUE DES);;;;973
2,016E+11;16;2;9;1605;1;2;1;1;3;302;1380, MONTABO (ROUTE DE);;;;973
2,016E+11;16;2;10;2215;5;1;1;1;6;302;ROUTE NATIONALE 3;G;;;973
2,016E+11;16;2;11;1843;5;2;1;1;6;302;07, BRUTUS (CITE);G;;;973
2,016E+11;16;2;15;1800;2;1;1;1;6;302;2, PASCALINE (CITE);;;;973
2,016E+11;16;2;16;200;5;1;1;1;7;302;ROUTE NATIONALE 1;;;;973
2,016E+11;16;2;17;1142;1;1;1;1;1;302;959, BADUEL (ROUTE DE);;;;973
2,016E+11;16;2;15;1305;1;2;1;1;3;302;7, MALOUET;G;;;973
2,016E+11;16;2;19;2040;5;2;1;1;5;302;FELIX EBOUE(ROCADE);G;493151;5231266;973
2,016E+11;16;2;22;820;1;2;1;1;2;302;CRIQUE FOUILLEE (ROND PO;;;;973
2,016E+11;16;2;18;1300;1;2;1;1;3;302;REPUBLIQUE (BD DE LA);G;456515;5219193;973
2,016E+11;16;2;22;1205;1;1;1;2;3;302;493, CATAYEE (JUSTIN);;;;973