Num_Acc;an;mois;jour;hrmn;lum;agg;int;atm;col;com;adr;gps;lat;long;dep
2,016E+11;16;10;25;1500;1;2;1;1;3;302;26, BLANC (LOUIS);;;;973
2,016E+11;16;10;26;640;1;2;1;1;3;302;BADUEL (ROUTE DE);;;;973
2,016E+11;16;10;26;935;1;2;3;1;6;302;12, DE GAULLE (AVENUE);;;;973
2,016E+11;16;10;26;1400;1;2;1;1;5;302;34, BLANC (LOUIS);;;;973
2,016E+11;16;10;27;1850;5;2;1;1;2;302;BADUEL (ROUTE DE);;;;973
2,016E+11;16;10;28;1324;1;1;1;1;3;302;BOUDINOT (AUGUSTE) CITE;;;;973
2,016E+11;16;10;28;1515;1;2;2;1;3;302;1, BARTHELEMY (RENE);;;;973
2,016E+11;16;10;29;555;1;2;6;1;1;302;MANDELA  (BOULEVARD);;;;973
2,016E+11;16;10;31;1250;1;2;2;1;3;302;HEDER (AVENUE LEOPOLD);;;;973
2,016E+11;16;11;2;1925;5;2;1;1;7;302;ZEPHIR (ROCADE);;;;973
2,016E+11;16;11;5;850;1;2;2;1;3;302;28, VOLTAIRE(AVENUE);;;;973
2,016E+11;16;11;5;1555;1;2;1;1;2;302;2568, MADELEINE (ROUTE D;;;;973
2,016E+11;16;11;5;1850;2;2;3;1;3;302;1817, MADELEINE (ROUTE;;;;973
2,016E+11;16;11;6;645;1;1;1;1;6;302;222, SAINT ANTOINE (CHEM;;;;973
2,016E+11;16;11;6;1945;5;2;1;1;1;302;MONTABO (ROUTE DE) 1;;;;973
2,016E+11;16;11;8;2045;5;2;1;1;3;302;29, 14 ET 22 JUIN 1962;;;;973
2,016E+11;16;11;9;2210;4;2;2;1;3;302;FELIX EBOUE(ROCADE);;;;973
2,016E+11;16;11;9;1915;5;2;1;1;7;302;, MONTABO (ROUTE DE) 1;;;;973
2,016E+11;16;11;10;1140;1;2;1;1;3;302;700, BADUEL (ROUTE DE);;;;973
2,016E+11;16;11;10;1350;1;2;2;1;3;302;DIGUE RONJON;;;;973
2,016E+11;16;11;11;2050;5;2;1;1;1;302;HAMEAU DES ENCENS (RUE D;;;;973
2,016E+11;16;11;15;1155;1;2;1;1;6;302;LIBERTE (AVENUE DE LA);;;;973
2,016E+11;16;11;15;1615;1;2;1;1;6;302;51, VOLTAIRE(AVENUE);;;;973
2,016E+11;16;11;16;715;1;2;1;1;3;302;, TROUBIRAN (CHEMIN DE);;;;973
2,016E+11;16;11;16;1225;1;1;6;1;1;302;CRIQUE FOUILLEE (ROND PO;;;;973
2,016E+11;16;11;16;1325;1;2;1;1;2;302;BADUEL (ROUTE DE);;;;973
2,016E+11;16;11;17;1120;1;2;3;1;1;302;CESAIRE (CITE);;;;973
2,016E+11;16;11;17;1820;5;2;1;1;3;302;17, CABASSOU (ROUTE DE);;;;973
2,016E+11;16;11;18;812;1;2;1;1;6;302;, BADUEL (ROUTE DE);;;;973
2,016E+11;16;11;18;1050;1;2;1;1;3;302;7, MANDELA  (BOULEVARD);;;;973
2,016E+11;16;11;15;1305;1;2;1;1;6;302;FIEDMOND (RUE);;;;973
2,016E+11;16;11;19;720;1;1;1;1;3;302;5, FLAMBOYANTS (RUE DES);;;;973
2,016E+11;16;11;18;1505;1;2;2;1;1;302;BADUEL (ROUTE DE);;;;973
2,016E+11;16;11;20;1710;1;2;1;1;7;302;BADUEL (ROUTE DE);;;;973
2,016E+11;16;11;21;20;4;2;2;1;3;302;EBOUE (ROCADE FELIX);;;;973
2,016E+11;16;11;21;1255;1;1;1;1;3;302;MARINGOUINS (ROND-POINT);;;;973
2,016E+11;16;11;21;2130;4;2;1;1;6;302;FELIX EBOUE(ROCADE);;;;973
2,016E+11;16;11;22;725;1;1;1;1;3;302;ROUTE NATIONALE 3;;;;973
2,016E+11;16;11;23;605;2;2;1;1;6;302;18, HENRI QUINTRIE(RUE);;;;973
2,016E+11;16;11;23;1015;1;2;1;1;3;302;14, 14 ET 22 JUIN 1962;;;;973
2,016E+11;16;11;25;745;1;2;1;1;2;302;REPUBLIQUE (BD DE LA);;;;973
2,016E+11;16;11;24;1329;1;2;1;1;3;302;23, MONNERVILLE (AVENUE;;;;973
2,016E+11;16;11;28;50;5;2;2;1;3;302;EBOUE (ROCADE FELIX);;;;973
2,016E+11;16;11;28;1200;1;2;1;1;3;302;603, CATAYEE (JUSTIN);;;;973
2,016E+11;16;11;29;800;1;2;9;1;3;302;BECKER (LIEUTENANT);;;;973
2,016E+11;16;11;30;703;1;2;1;1;2;302;1636, MONTABO (ROUTE DE);;;;973
2,016E+11;16;10;28;2230;5;1;4;1;1;302;BONHOMME (CITE);;;;973
2,016E+11;16;12;2;1000;1;2;1;1;3;302;BADUEL (ROUTE DE);;;;973
2,016E+11;16;12;3;2350;1;1;1;1;2;302;ROUTE NATIONALE 1;G;;;973
2,016E+11;16;12;3;2000;5;2;1;1;3;302;ZEPHIR (ROCADE);;;;973
2,016E+11;16;12;4;1720;1;2;2;1;3;302;HENRI ( Docteur );;;;973
2,016E+11;16;12;6;700;1;2;1;1;2;302;953, CABASSOU (ROUTE DE);;;;973
2,016E+11;16;12;7;810;1;2;1;1;6;302;SOURCE DE BADUEL (CHEMIN;;;;973
2,016E+11;16;12;7;1157;1;2;1;1;2;302;14 ET 22 JUIN 1962;;;;973
2,016E+11;16;12;7;1223;1;2;1;1;2;302;MADELEINE (ROUTE DE LA);;;;973
2,016E+11;16;12;8;2045;3;2;1;1;3;302;CONSTANT CHLORE(RUE);;;;973
2,016E+11;16;12;7;2130;5;2;1;1;6;302;MADELEINE (ROUTE DE LA);;;;973
2,016E+11;16;12;9;1920;5;2;9;1;3;302;431, CATAYEE (JUSTIN);;;;973
2,016E+11;16;12;9;2055;5;2;1;1;6;302;BARRAT (DU DOCTEUR);;;;973
2,016E+11;16;12;10;1225;1;2;1;2;3;302;1436, FELIX EBOUE(ROCADE;;;;973
2,016E+11;16;12;12;1630;1;2;1;1;1;302;, BADUEL (ROUTE DE);;;;973
2,016E+11;16;12;13;1210;1;1;1;1;3;302;1436, BADUEL (ROUTE DE);;;;973
2,016E+11;16;12;14;1305;1;2;1;1;3;302;REPUBLIQUE (BD DE LA);;;;973
2,016E+11;16;12;16;920;1;2;1;1;7;302;POLYCARPE (VERMONT);;;;973
2,016E+11;16;12;16;1900;5;1;1;1;3;302;3312, BADUEL (ROUTE DE);;;;973
2,016E+11;16;12;16;1330;1;2;1;1;3;302;1783, MADELEINE (ROUTE D;;;;973
2,016E+11;16;12;17;1435;1;1;1;1;3;302;MONTABO (ROUTE DE) 2;;;;973
2,016E+11;16;12;19;828;1;2;1;1;3;302;25, DIGUE RONJON;;;;973
2,016E+11;16;12;19;1050;1;2;1;1;6;302;11, MOLE;;;;973
2,016E+11;16;12;19;1259;1;1;1;1;6;302;151, CABASSOU (ROUTE DE);;;;973
2,016E+11;16;12;19;2139;5;2;2;8;3;302;MANDELA  (BOULEVARD);;;;973
2,016E+11;16;12;20;1815;1;2;1;1;3;302;62, BADUEL (ROUTE DE);;;;973
2,016E+11;16;12;22;920;1;2;1;1;3;302;MADELEINE (ROUTE DE LA);;;;973
2,016E+11;16;12;24;835;1;1;1;2;2;302;2068, MADELEINE (ROUTE D;;;;973
2,016E+11;16;12;24;2255;5;1;1;3;3;302;MADELEINE (ROUTE DE LA);G;492483;5232336;973
2,016E+11;16;12;25;1935;3;2;1;1;6;302;CRIQUE FOUILLEE (ROND PO;;;;973
2,016E+11;16;12;27;2140;5;2;2;1;3;302;BADUEL (ROUTE DE);G;493927;5231838;973
2,016E+11;16;12;30;1038;1;2;1;1;6;302;801, BADUEL (ROUTE DE);;;;973
2,016E+11;16;12;30;1220;1;1;3;1;3;302;2109, MADELEINE (ROUTE D;;;;973
2,016E+11;16;1;4;2145;5;2;1;1;7;407;18, COMMUNE DE PARIS (AV;R;;;974
2,016E+11;16;10;22;140;3;2;3;1;3;407;CANNES(RUE);R;2094330;5529308;974
2,016E+11;16;1;8;1630;1;1;1;1;7;407;SACRE COEUR (RD POINT) -;R;0;0;974
2,016E+11;16;12;30;2255;3;2;1;1;3;407;CARPAYE(AVENUE);R;2094475;5529799;974
2,016E+11;16;1;9;20;5;2;1;1;7;407;SIMON PERNIC (RUE);R;;;974
2,016E+11;16;12;31;2110;5;2;1;1;6;407;VERGES(AVENUE);;;;974
2,016E+11;16;1;26;1800;1;1;1;1;1;407;SUAREZ ANDRE(RUE);R;0;0;974
2,016E+11;16;12;31;2310;5;2;1;1;3;407;13, CHARLES FOURIER (RUE;R;2095191;5530862;974
2,016E+11;16;2;10;1115;1;1;1;3;1;407;RUE PIERRE BROSSOLETTE;R;;;974
2,016E+11;16;2;11;1210;1;1;1;1;2;407;VOIE DE LIAISON PORTUAIR;R;;;974
2,016E+11;16;2;13;1945;5;2;1;1;6;407;19 MARS 1946(AVENUE DU);R;;;974
2,016E+11;16;2;18;2006;5;2;2;1;3;407;19 MARS 1946(AVENUE DU);R;;;974
2,016E+11;16;2;26;2100;5;2;2;1;3;407;JACQUES DUCLOS (RUE) - R;R;;;974
2,016E+11;16;2;26;2130;5;1;1;1;7;407;ROND POINT DES DANSEUSES;R;;;974
2,016E+11;16;3;3;1800;1;1;1;1;3;407;VOIE DE LIAISON PORTUAIR;R;;;974
2,016E+11;16;3;8;1644;1;1;1;1;3;407;MONPELLIER (RUE);R;;;974
2,016E+11;16;3;11;2010;5;2;1;1;6;407;DAYOT(RUE);;;;974
2,016E+11;16;3;16;745;1;2;1;1;1;407;MASCAREIGNES(BOULEVARD);R;;;974
2,016E+11;16;3;24;1000;1;1;1;1;2;407;ROND POINT ROSE DES VENT;R;;;974
2,016E+11;16;4;1;2030;5;2;1;1;1;407;GUADELOUPE(RUE);R;;;974
2,016E+11;16;4;6;1445;1;1;1;1;6;407;ROUTE DU SACRE COEUR;R;;;974
2,016E+11;16;4;9;655;1;1;1;1;6;407;VOIE DE LIAISON PORTUAIR;R;;;974
2,016E+11;16;4;9;2020;5;2;1;1;1;407;FERRY (RUE);R;;;974
2,016E+11;16;4;14;1120;1;1;1;1;6;407;ROUTE DU SACRE COEUR;R;;;974
2,016E+11;16;4;15;1355;1;1;1;1;6;407;36, ROUTE DU SACRE COEUR;R;;;974
2,016E+11;16;4;16;50;5;1;1;1;2;407;JACQUES DUCLOS (RUE) - R;R;;;974
2,016E+11;16;4;19;945;1;2;7;1;6;407;CHERBOURG(RUE);;;;974
2,016E+11;16;4;21;1735;2;1;1;1;3;407;MARINE(BOULEVARD);R;;;974
2,016E+11;16;4;22;745;1;2;1;1;3;407;COMMUNE DE PARIS (AVENUE;R;;;974
2,016E+11;16;4;21;2120;5;2;1;1;2;407;POLITZER(AVENUE);R;;;974
2,016E+11;16;4;25;1330;1;2;1;1;6;407;BOUVET (AVENUE);R;;;974
2,016E+11;16;4;30;2235;5;1;1;1;7;407;ARAGON LOUIS(AVENUE);R;;;974
2,016E+11;16;5;7;2230;3;1;1;1;2;407;ROUTE NATIONALE Nø 1;;;;974
2,016E+11;16;5;8;1830;5;1;1;1;5;407;19 MARS 1946(AVENUE DU);R;;;974
2,016E+11;16;5;7;2305;3;1;1;1;5;407;ROUTE NATIONALE Nø 1;;;;974
2,016E+11;16;5;14;640;1;1;1;1;6;407;ROUTE NATIONALE Nø 1;R;;;974
2,016E+11;16;5;17;105;3;1;1;1;6;407;ROUTE NATIONALE Nø 1;R;;;974
2,016E+11;16;5;28;555;5;2;1;1;1;407;COMMUNE DE PARIS  AVENUE;R;;;974
2,016E+11;16;6;7;1420;1;1;6;1;3;407;ANGLAIS (CHE DES) - RIVI;R;;;974
2,016E+11;16;6;18;2030;3;2;1;1;3;407;CARPAYE(AVENUE);R;;;974
2,016E+11;16;7;1;1310;1;2;2;1;3;407;CARPAYE(AVENUE);R;;;974
2,016E+11;16;7;5;1700;1;1;1;1;2;407;ROUTE NATIONALE Nø 1;R;;;974
2,016E+11;16;7;13;635;2;1;1;1;2;407;MASCAREIGNES(BOULEVARD);R;;;974
2,016E+11;16;7;20;750;1;2;1;1;2;407;SAND GEORGES(RUE);R;;;974
2,016E+11;16;7;21;805;1;1;1;1;3;407;ANGLAIS (CHE DES) - RIVI;R;;;974
2,016E+11;16;7;26;1100;1;2;2;1;3;407;MONDON (AVENUE);R;;;974
2,016E+11;16;7;27;1515;1;1;1;1;2;407;SACRE COEUR (RD POINT) –;R;;;974
2,016E+11;16;7;28;1845;3;1;1;1;3;407;28 NOVEMBRE 1942(AVENUE);R;;;974
2,016E+11;16;7;31;2140;3;2;1;1;7;407;VOIE DE LIAISON PORTUAIR;R;;;974
2,016E+11;16;8;2;1405;1;2;1;1;6;407;SACRE COEUR (RD POINT) –;R;;;974
2,016E+11;16;8;5;1837;3;2;1;2;4;407;COMPAGNIE DES INDES (BD;R;;;974
2,016E+11;16;8;7;1800;2;1;3;1;3;407;DE GAULLE(RUE);R;;;974
2,016E+11;16;8;15;605;3;1;3;1;3;407;VERDUN (BOULEVARD);R;;;974
2,016E+11;16;8;19;1555;1;1;1;1;5;407;ROUTE NATIONALE Nø 1;R;;;974
2,016E+11;16;8;19;2000;3;1;1;1;6;407;ROUTE DU SACRE COEUR;R;;;974
2,016E+11;16;8;22;710;1;2;1;1;3;407;ROND POINT DE LA GLACIER;R;;;974
2,016E+11;16;9;7;615;1;2;1;1;3;407;MAHATMA GANDHY - RIV. DE;R;;;974
2,016E+11;16;9;13;1640;1;1;1;1;3;407;ROUTE NATIONALE Nø 1;R;;;974
2,016E+11;16;9;5;1100;1;1;6;1;2;407;ROND POINT ROSE DES VENT;R;;;974
2,016E+11;16;9;21;1814;1;2;1;1;2;407;., 14 JUILLET 1789(AVENU;R;2093181;5529711;974
2,016E+11;16;9;22;1750;1;2;1;1;2;407;82, ROMERO(AVENUE);;;;974
2,016E+11;16;9;25;1950;5;2;2;1;3;407;LEO LAGRANGE (RUE);R;2094569;5529137;974
2,016E+11;16;9;25;620;1;2;1;1;7;407;ALLENDE(RUE);;;;974
2,016E+11;16;9;29;1715;1;2;1;1;1;407;SINOPE CHRISTIAN(RUE);;;;974
2,016E+11;16;10;2;1840;1;2;2;1;6;407;CARPAYE(AVENUE);R;2094544;5529831;974
2,016E+11;16;9;30;2100;1;1;1;1;6;407;JACQUES DUCLOS (RUE) - R;;;;974
2,016E+11;16;10;5;1800;1;2;1;1;2;407;42, CARPAYE(AVENUE);;;;974
2,016E+11;16;10;11;1940;5;2;1;1;6;407;COMMUNE DE PARIS (AVENUE;;;;974
2,016E+11;16;10;16;1910;5;2;1;1;6;407;4, HAVRE(RUE);;;;974
2,016E+11;16;10;27;1400;1;2;1;1;3;407;4, ANGLAIS (CHE DES) - R;;;;974
2,016E+11;16;10;27;1745;1;1;1;1;7;407;ROUTE NATIONALE Nø 1;;;;974
2,016E+11;16;11;4;1930;3;1;1;1;1;407;ROUTE NATIONALE Nø 1;R;2095892;5530826;974
2,016E+11;16;11;4;815;1;2;1;1;3;407;ROUTE DU SACRE COEUR;;;;974
2,016E+11;16;11;5;500;5;2;1;1;1;407;SANS SOUCIS(RUE);;;;974
2,016E+11;16;11;7;2035;5;2;1;1;3;407;CARPAYE(AVENUE);R;;;974
2,016E+11;16;11;13;555;1;2;2;1;3;407;VERDUN (BOULEVARD);;;;974
2,016E+11;16;11;15;610;1;1;1;1;1;407;JULES VERNE (RUE);;;;974
2,016E+11;16;11;10;2220;5;1;1;1;6;407;LABOUDONNAIS M (RUE);;;;974
2,016E+11;16;11;11;2100;5;1;1;1;7;407;MARTINIQUE(RUE);;;;974
2,016E+11;16;11;23;1815;2;2;1;1;3;407;DE GAULLE(RUE);R;2094173;5529626;974
2,016E+11;16;11;23;1620;1;2;1;1;6;407;JASPERS KARL (ALLEE);R;;;974
2,016E+11;16;11;24;1450;1;2;1;1;6;407;MAHY FRANCOIS (RUE);R;2093781;5529137;974
2,016E+11;16;11;24;1630;1;2;1;1;6;407;CARPAYE(AVENUE);R;2094562;5529832;974
2,016E+11;16;11;30;1640;1;1;6;1;2;407;MARINE(BOULEVARD);R;;;974
2,016E+11;16;12;7;2130;5;1;1;1;3;407;VERGES(AVENUE);;;;974
2,016E+11;16;12;8;805;1;2;1;1;3;407;GARROS (RUE);R;;;974
2,016E+11;16;12;10;1240;1;1;6;1;2;407;ROND POINT CITE RN4;R;;;974
2,016E+11;16;12;13;1050;1;1;1;1;6;407;ROUTE NATIONALE Nø 1;R;2095505;5591222;974
2,016E+11;16;12;19;1045;1;1;1;1;2;407;SACRE COEUR (RD POINT) -;;;;974
2,016E+11;16;12;22;1250;1;1;1;1;2;407;ROUTE NATIONALE Nø 1;R;2095363;5531484;974
2,016E+11;16;12;22;1500;1;1;1;1;1;407;MANDELA NELSON(RUE);R;2094640;5530295;974
2,016E+11;16;12;25;315;1;1;1;1;3;407;VERDUN (BOULEVARD);R;;;974
2,016E+11;16;12;29;1615;1;2;1;1;7;407;CARPAYE(AVENUE);R;2094491;5529803;974
2,016E+11;16;12;27;1330;1;2;3;1;3;407;VERDUN (BOULEVARD);;;;974
2,016E+11;16;1;21;1930;5;2;1;1;1;409;7, PENTE SASSY (chemin d;R;0;0;974
2,016E+11;16;12;8;2040;3;1;1;1;6;409;ROCADE SUD(RUE);R;;;974
2,016E+11;16;2;5;2020;3;1;1;3;1;409;00, RN2 DIRECTION ST BEN;R;0;0;974
2,016E+11;16;3;2;1205;1;2;1;1;6;409;2421, LAGOURGUE(CHEMIN);R;;;974
2,016E+11;16;3;12;1700;1;2;9;1;3;409;00, MASCAREIGNES (Avenue;;;;974
2,016E+11;16;3;13;2100;3;2;1;1;1;409;00, PENTE SASSY (chemin;;;;974
2,016E+11;16;5;3;1750;2;2;1;1;3;409;121, PENTE SASSY (chemin;;;;974
2,016E+11;16;5;16;1530;1;2;1;1;3;409;21, ZELMAR(ALLEE);;;;974
2,016E+11;16;5;16;2100;3;1;1;2;1;409;00, RN2 DIRECTION ST BEN;;;;974
2,016E+11;16;5;16;915;1;1;1;8;6;409;00, RN2 SENS STE SUZANNE;;;;974
2,016E+11;16;7;9;1720;1;2;1;1;1;409;2005, LAGOURGUE(CHEMIN);;;;974
2,016E+11;16;7;23;1725;2;2;2;8;3;409;00, BOIS ROUGE (chemin d;R;;;974
2,016E+11;16;8;26;750;1;2;1;1;6;409;467, CAMBUSTON (rue de);;;;974
2,016E+11;16;8;20;1515;1;1;1;1;6;409;800, ROCADE SUD(RUE);;;;974
2,016E+11;16;9;1;1300;1;1;1;1;1;409;1777, Grand Canal ( chem;;;;974
2,016E+11;16;9;6;2120;3;2;1;1;6;409;00, RN2 SENS STE SUZANNE;;;;974
2,016E+11;16;8;18;2300;5;2;1;1;2;409;00, ILE DE FRANCE(AVENUE;R;;;974
2,016E+11;16;9;11;1845;2;2;1;1;2;409;1275, DE BOURBON(AVENUE);;;;974
2,016E+11;16;10;23;2050;5;2;1;1;3;409;300, DU LYCEE(RUE);;;;974
2,016E+11;16;11;6;2000;5;1;1;1;3;409;CHAMP BORNE (ROUTE DE);;;;974
2,016E+11;16;11;10;1950;5;2;1;1;6;409;355, ROCADE SUD(RUE);;;;974
2,016E+11;16;11;19;1230;1;2;1;1;3;409;161, CRESSONNIERE (rue d;;;;974
2,016E+11;16;9;24;2233;5;2;1;1;2;409;1129, ILE DE FRANCE(AVEN;R;;;974
2,016E+11;16;11;28;1525;1;2;1;1;2;409;153, LACAUSSADE(RUE);;;;974
2,016E+11;16;12;10;1300;1;2;1;1;6;409;469, DE LA GARE(RUE);;;;974
2,016E+11;16;12;11;2015;3;2;1;1;6;409;Salazie (route de);;;;974
2,016E+11;16;12;21;720;1;2;1;1;1;409;141, CRESSONNIERE (rue d;;;;974
2,016E+11;16;12;24;2000;3;1;1;1;3;409;00, MASCAREIGNES (Avenue;R;;;974
2,016E+11;16;1;22;2000;5;1;1;1;2;411;JAURES (BOULEVARD JEAN);R;;;974
2,016E+11;16;1;25;710;1;1;9;1;3;411;LITTORAL (ROUTE 2 DU);R;;;974
2,016E+11;16;1;29;1620;1;2;1;1;6;411;152, DODU 2 (RUE JULIETT;R;;;974
2,016E+11;16;2;7;1805;1;2;3;1;3;411;LECONTE DE LISLE (AVENUE;R;;;974
2,016E+11;16;2;18;145;5;1;1;1;2;411;2, QUATRE VOIES GILLOT (;R;2053076;5528274;974
2,016E+11;16;2;27;215;5;2;2;3;6;411;RAMBAUD (LEOPOLD);R;2088596;5547632;974
2,016E+11;16;3;1;710;1;1;3;1;3;411;KARTING (DU);R;;;974
2,016E+11;16;3;7;1400;1;2;3;1;6;411;PAGNOL (RUE MARCEL);R;;;974
2,016E+11;16;3;24;1500;1;2;1;1;6;411;9, BOIS DE NEFLES (ROUTE;R;;;974
2,016E+11;16;4;5;1610;1;1;1;1;6;411;MONTAGNE (ROUTE DE LA);R;2088822;5544034;974
2,016E+11;16;4;7;130;3;2;1;1;6;411;9, CHAUDRON  (BLD 1 DU);R;;;974
2,016E+11;16;4;11;700;2;2;1;1;6;411;1, MACE (ROUTE GABRIEL);R;;;974
2,016E+11;16;4;21;920;1;2;1;1;6;411;129, MONTHYON (RUE);R;;;974
2,016E+11;16;4;22;900;1;2;2;1;6;411;1, DANCING (RUELLE DU);R;;;974
2,016E+11;16;4;22;1730;1;2;1;1;6;411;36, BRASSENS (AVENUE GEO;R;;;974
2,016E+11;16;3;12;1905;5;2;2;1;1;411;PARIS (RUE DE);R;;;974
2,016E+11;16;4;28;1525;1;2;1;1;6;411;73, VILLENEUVE (RUE ALEX;R;;;974
2,016E+11;16;4;27;2027;5;1;1;1;6;411;JAURES (BOULEVARD JEAN);R;;;974
2,016E+11;16;5;2;1810;5;2;2;1;5;411;LATTRE DE TASSIGNY (AVEN;R;;;974
2,016E+11;16;5;3;738;1;2;2;1;6;411;HAUTBOIS (CHEMIN);R;;;974
2,016E+11;16;5;10;1920;5;2;1;1;3;411;52, LATTRE DE TASSIGNY (;R;;;974
2,016E+11;16;2;29;1100;1;1;1;1;6;411;123, TESSAN (RUE);R;;;974
2,016E+11;16;5;12;1945;5;2;2;2;3;411;78, LECONTE DE LISLE (AV;R;;;974
2,016E+11;16;5;17;1400;1;2;3;1;3;411;16, DEUX CANONS (DES);R;2088787;5547418;974
2,016E+11;16;5;18;840;1;2;1;1;7;411;34, CASCADE (CHEMIN DE L;R;;;974
2,016E+11;16;5;18;1830;5;2;3;1;3;411;45, LECONTE DE LISLE (AV;R;2089263;5548341;974
2,016E+11;16;4;27;1500;1;1;3;1;3;411;110, NEUF (CHEMIN);R;;;974
2,016E+11;16;5;31;1700;1;2;1;1;6;411;28, PROVIDENCE (BOULEVAR;R;;;974
2,016E+11;16;6;7;425;5;2;1;1;2;411;JAURES (BOULEVARD JEAN);R;;;974
2,016E+11;16;6;4;520;5;2;1;1;1;411;MACE (BOULEVARD GABRIEL);R;;;974
2,016E+11;16;6;16;1225;1;2;1;1;5;411;52, LANCASTEL (BOULEVARD;R;;;974
2,016E+11;16;6;17;2345;5;2;1;1;3;411;12, LATTRE DE TASSIGNY (;R;;;974
2,016E+11;16;6;18;1610;1;2;1;1;1;411;107, MACE (ROUTE GABRIEL;R;;;974
2,016E+11;16;6;23;805;1;1;1;2;1;411;BRULE (ROUTE DU);R;;;974
2,016E+11;16;6;29;730;1;2;1;1;3;411;42, BRASSENS (AVENUE GEO;R;;;974
2,016E+11;16;6;30;1345;1;2;2;1;3;411;160, LECLERC (DU MARECHA;R;;;974
2,016E+11;16;7;1;2330;5;2;1;1;7;411;4, LATTRE DE TASSIGNY (A;R;;;974
2,016E+11;16;7;2;1800;5;2;3;1;2;411;JAURES (BOULEVARD JEAN);;;;974
2,016E+11;16;6;29;1802;2;2;4;1;3;411;MACE (BOULEVARD GABRIEL);R;;;974
2,016E+11;16;7;6;1810;5;2;3;1;1;411;1, MALARTIC (RUE);R;;;974
2,016E+11;16;7;9;130;5;2;2;1;3;411;RAMBAUD (LEOPOLD);R;;;974
2,016E+11;16;7;15;1036;1;2;1;1;2;411;57, BERTIN;;;;974
2,016E+11;16;8;10;1350;1;2;1;1;3;411;80, MONTHYON (RUE);;;;974
2,016E+11;16;8;11;2115;5;2;1;1;7;411;JAURES (BOULEVARD JEAN);R;;;974
2,016E+11;16;8;14;1745;2;2;2;1;3;411;149, AUBER (RUE JULES);R;2088282;5545432;974
2,016E+11;16;8;14;2210;5;2;2;1;3;411;JAURES (BLD 1 JEAN);R;;;974
2,016E+11;16;8;26;1122;1;2;2;1;1;411;NOTRE DAME DE LA TRINITE;;;;974
2,016E+11;16;9;1;2050;5;2;2;1;1;411;34, NICE (RUE DE);R;;;974
2,016E+11;16;9;2;2345;5;1;1;1;2;411;QUATRE VOIES GILLOT (ROU;R;;;974
2,016E+11;16;9;2;1910;3;1;3;1;3;411;167, BOIS DE NEFLES (ROU;;;;974
2,016E+11;16;9;4;1145;1;2;2;1;3;411;WAGNER (AVENUE RICHARD);R;;;974
2,016E+11;16;10;5;755;1;1;1;1;3;411;LITTORAL (ROUTE 1 DU);R;;;974
2,016E+11;16;9;25;1120;1;1;1;1;2;411;LITTORAL (ROUTE 1 DU);R;;;974
2,016E+11;16;10;7;605;2;2;1;2;6;411;104, LECONTE DE LISLE (A;R;;;974
2,016E+11;16;10;8;1320;1;1;1;8;6;411;2, LANCASTEL (BOULEVARD);R;;;974
2,016E+11;16;10;12;1003;1;1;2;1;3;411;30, PARIS (RUE DE);R;;;974
2,016E+11;16;10;15;1800;1;2;1;1;4;411;JAURES (BOULEVARD JEAN);R;;;974
2,016E+11;16;10;27;1030;1;1;1;1;2;411;11, CHAUDRON (BLD 2 DU);R;;;974
2,016E+11;16;11;28;1830;1;1;1;1;1;411;33, VIGIE (CHEMIN DE LA);R;;;974
2,016E+11;16;11;30;1550;1;2;3;1;1;411;175, GAULLE (DU GENERAL;R;;;974
2,016E+11;16;12;2;1425;1;2;1;1;3;411;183, BOIS DE NEFLES (ROU;R;;;974
2,016E+11;16;12;7;25;5;1;1;1;7;411;RN2/111;R;;;974
2,016E+11;16;12;9;405;5;2;1;1;6;411;2, JAURES (BOULEVARD JEA;R;;;974
2,016E+11;16;12;10;1945;5;2;1;1;2;411;2, RN2/043;R;;;974
2,016E+11;16;12;25;155;5;2;1;1;2;411;17, PAYET (RUE ROGER);R;;;974
2,016E+11;16;1;2;1650;1;2;1;1;6;416;10, FIL (CHEMIN DE);R;;;974
2,016E+11;16;1;5;2250;3;2;1;1;6;416;20, ANCIENNE RN 1;R;;;974
2,016E+11;16;1;5;850;1;1;1;1;6;416;237, AUBEPINES (CHEMINS;R;;;974
2,016E+11;16;1;10;1520;1;1;1;1;2;416;RN2 (1);R;;;974
2,016E+11;16;1;19;815;1;2;1;1;3;416;32, ENTRE DEUX (CHEMIN);R;;;974
2,016E+11;16;1;23;1830;1;1;1;8;6;416;RN1 (ROUTE NATIONALE);R;;;974
2,016E+11;16;1;28;1740;1;1;1;1;2;416;RN3 (1);R;;;974
2,016E+11;16;1;28;610;2;1;1;1;3;416;RN3 (1);R;;;974
2,016E+11;16;2;1;1340;1;2;1;1;3;416;90, LEBLOND 1 (RUE MARIU;R;;;974
2,016E+11;16;11;11;1530;1;2;1;1;6;416;30, GAULLE (RUE DU GENER;R;;;974
2,016E+11;16;11;4;1100;1;1;1;1;6;416;694, STEPHANE (CHEMIN);;;;974
2,016E+11;16;2;15;1650;1;2;1;1;5;416;5, POUDRIERE(RUE DE LA);R;;;974
2,016E+11;16;2;15;1605;1;2;1;1;6;416;15, LIGNE CAMBRAI;R;;;974
2,016E+11;16;12;13;1205;1;2;1;1;3;416;MAHY (RUE FRANCOIS DE);;;;974
2,016E+11;16;3;1;725;1;2;1;1;6;416;06, BABET (RUE AUGUSTE);R;;;974
2,016E+11;16;3;3;615;1;2;1;1;7;416;110, LORION(RUE LUC);R;;;974
2,016E+11;16;3;3;935;1;2;1;1;6;416;65, D28 LIGNE DES BAMBOU;R;;;974
2,016E+11;16;3;6;835;1;2;2;1;3;416;11, FOUR A CHAUX 1 (RUE;R;;;974
2,016E+11;16;3;4;910;1;2;2;1;6;416;20, LORION(RUE LUC);R;;;974
2,016E+11;16;3;4;845;1;2;1;2;7;416;10, AUGUSTIN ARCHAMBAUD(;R;;;974
2,016E+11;16;3;12;125;5;2;1;1;7;416;ANCIENNE RN 1;R;;;974
2,016E+11;16;3;12;600;2;2;3;1;6;416;30, LIGNE PARADIS(ROUTE;R;;;974
2,016E+11;16;3;16;1527;1;1;1;2;7;416;RN3 (2);R;;;974
2,016E+11;16;3;19;1015;1;2;1;1;3;416;202 A, DES ASSISES(CHEMI;R;;;974
2,016E+11;16;1;23;2030;3;1;1;2;2;416;RN1 (ROUTE NATIONALE);R;;;974
2,016E+11;16;2;4;800;1;1;1;1;4;416;RN3 (1);R;;;974
2,016E+11;16;2;10;1830;2;2;1;2;6;416;104, TOBY LES HAUTS(CHEM;R;;;974
2,016E+11;16;1;3;1050;1;1;1;1;6;416;25, OLIVINES (RUE DES);R;0;0;974
2,016E+11;16;3;28;320;3;1;1;1;6;416;RN1 (ROUTE NATIONALE);R;;;974